timestamp,month,hour,weekday,day_type,irradiance_w_m2,solar_generation_kw,cloud_cover_pct,temperature_c,wind_speed_m_s,home_demand_kw,ev_demand_kw,total_demand_kw,balance_kw,status,grid_price_inr_per_kwh,p2p_sell_price_inr,p2p_buy_price_inr,bescom_feed_in_inr
2024-01-01 00:00,1,0,0,weekday,0,0,25.6,17.9,3.4,6.63,0.0,6.63,-6.63,DEFICIT,4.05,3.15,3.44,2.25
2024-01-01 01:00,1,1,0,weekday,0,0,27.2,18.4,2.9,6.1,0.0,6.1,-6.1,DEFICIT,4.41,3.33,3.74,2.25
2024-01-01 02:00,1,2,0,weekday,0,0,20.4,15.7,3.0,5.39,0.0,5.39,-5.39,DEFICIT,4.13,3.19,3.51,2.25
2024-01-01 03:00,1,3,0,weekday,0,0,30.4,16.2,3.5,5,0.0,5.0,-5.0,BALANCED,4.33,3.29,3.68,2.25
2024-01-01 04:00,1,4,0,weekday,0,0,26.3,17.6,3.0,5,2.38,7.38,-7.38,DEFICIT,4.54,3.39,3.86,2.25
2024-01-01 05:00,1,5,0,weekday,0,0,37.4,16.1,3.4,5.03,0.0,5.03,-5.03,DEFICIT,4.71,3.48,4.0,2.25
2024-01-01 06:00,1,6,0,weekday,33.2,3.37,27.3,17.6,2.8,15.45,0,15.45,-12.08,DEFICIT,5.73,3.99,4.87,2.25
2024-01-01 07:00,1,7,0,weekday,130.7,13.25,29.9,18.2,3.0,21.68,0.0,21.68,-8.42,DEFICIT,6.03,4.14,5.13,2.25
2024-01-01 08:00,1,8,0,weekday,276.4,28.03,30.8,21.5,3.9,15.96,0.0,15.96,12.07,SURPLUS,6.09,4.17,5.17,2.25
2024-01-01 09:00,1,9,0,weekday,335.0,33.97,26.1,22.3,2.5,11.52,0.0,11.52,22.46,SURPLUS,5.36,3.81,4.56,2.25
2024-01-01 10:00,1,10,0,weekday,482.9,48.96,33.3,23.6,3.7,8.5,0,8.5,40.46,SURPLUS,3.9,3.08,3.32,2.25
2024-01-01 11:00,1,11,0,weekday,621.5,63.02,14.1,24.1,2.8,8.4,0,8.4,54.61,SURPLUS,3.55,2.9,3.02,2.25
2024-01-01 12:00,1,12,0,weekday,628.3,63.45,24.0,26.0,1.7,10.81,0,10.81,52.63,SURPLUS,3.91,3.08,3.32,2.25
2024-01-01 13:00,1,13,0,weekday,598.5,60.23,34.3,26.9,2.6,9.63,0,9.63,50.6,SURPLUS,3.52,2.89,2.99,2.25
2024-01-01 14:00,1,14,0,weekday,508.3,51.29,34.3,26.2,4.7,8.9,0,8.9,42.4,SURPLUS,4.27,3.26,3.63,2.25
2024-01-01 15:00,1,15,0,weekday,471.1,47.63,10.4,25.7,2.9,10.92,0,10.92,36.71,SURPLUS,3.81,3.03,3.24,2.25
2024-01-01 16:00,1,16,0,weekday,295.5,29.96,11.5,24.3,5.0,11.72,0,11.72,18.24,SURPLUS,6.66,4.45,5.66,2.25
2024-01-01 17:00,1,17,0,weekday,143.4,14.54,13.2,21.7,2.3,16.06,0,16.06,-1.52,BALANCED,6.67,4.46,5.67,2.25
2024-01-01 18:00,1,18,0,weekday,33.8,3.42,18.9,25.4,3.7,21.31,11.21,32.53,-29.11,DEFICIT,7.36,4.8,6.25,2.25
2024-01-01 19:00,1,19,0,weekday,0,0,29.9,19.9,2.2,32.0,0.0,32.0,-32.0,DEFICIT,7.02,4.63,5.97,2.25
2024-01-01 20:00,1,20,0,weekday,0,0,26.8,19.6,2.9,20.06,9.13,29.19,-29.19,DEFICIT,6.97,4.61,5.92,2.25
2024-01-01 21:00,1,21,0,weekday,0,0,15.7,19.4,2.6,23.01,9.42,32.43,-32.43,DEFICIT,6.65,4.45,5.65,2.25
2024-01-01 22:00,1,22,0,weekday,0,0,33.6,17.4,1.6,15.48,12.33,27.81,-27.81,DEFICIT,4.54,3.4,3.86,2.25
2024-01-01 23:00,1,23,0,weekday,0,0,21.6,20.0,2.5,9.47,0,9.47,-9.47,DEFICIT,4.61,3.43,3.92,2.25
2024-01-02 00:00,1,0,1,weekday,0,0,37.3,17.4,1.9,7.16,2.85,10.01,-10.01,DEFICIT,4.6,3.42,3.91,2.25
2024-01-02 01:00,1,1,1,weekday,0,0,38.0,20.1,2.0,5.11,4.93,10.03,-10.03,DEFICIT,4.55,3.4,3.87,2.25
2024-01-02 02:00,1,2,1,weekday,0,0,16.5,17.8,3.2,5,0.0,5.0,-5.0,BALANCED,4.6,3.42,3.91,2.25
2024-01-02 03:00,1,3,1,weekday,0,0,9.9,16.3,3.2,5,2.59,7.59,-7.59,DEFICIT,4.64,3.44,3.94,2.25
2024-01-02 04:00,1,4,1,weekday,0,0,26.4,18.0,2.6,5,0.0,5.0,-5.0,BALANCED,3.95,3.1,3.36,2.25
2024-01-02 05:00,1,5,1,weekday,0,0,24.1,19.6,4.6,5.13,0.0,5.13,-5.13,DEFICIT,4.29,3.27,3.65,2.25
2024-01-02 06:00,1,6,1,weekday,29.9,3.03,23.6,17.3,1.1,17.73,0,17.73,-14.7,DEFICIT,5.75,4.0,4.89,2.25
2024-01-02 07:00,1,7,1,weekday,121.9,12.36,24.3,17.7,5.3,18.39,8.98,27.37,-15.01,DEFICIT,5.57,3.91,4.74,2.25
2024-01-02 08:00,1,8,1,weekday,271.5,27.53,17.2,19.1,2.8,15.56,14.34,29.9,-2.38,BALANCED,5.91,4.08,5.02,2.25
2024-01-02 09:00,1,9,1,weekday,331.9,33.66,21.1,22.8,3.2,12.07,0.0,12.07,21.59,SURPLUS,6.16,4.21,5.24,2.25
2024-01-02 10:00,1,10,1,weekday,446.4,45.27,20.9,22.8,3.8,10.08,0,10.08,35.19,SURPLUS,3.56,2.91,3.03,2.25
2024-01-02 11:00,1,11,1,weekday,531.7,53.92,33.8,24.0,2.6,10.08,0,10.08,43.84,SURPLUS,4.09,3.17,3.48,2.25
2024-01-02 12:00,1,12,1,weekday,644.7,65.37,26.8,21.9,3.5,10.68,0,10.68,54.69,SURPLUS,3.52,2.89,2.99,2.25
2024-01-02 13:00,1,13,1,weekday,524.7,52.73,27.8,27.2,2.8,10.18,0,10.18,42.55,SURPLUS,3.73,2.99,3.17,2.25
2024-01-02 14:00,1,14,1,weekday,499.5,50.39,28.5,26.2,2.2,9.84,0,9.84,40.55,SURPLUS,3.52,2.89,2.99,2.25
2024-01-02 15:00,1,15,1,weekday,470.4,47.45,12.7,26.3,2.8,9.07,0,9.07,38.37,SURPLUS,3.93,3.09,3.34,2.25
2024-01-02 16:00,1,16,1,weekday,263.4,26.65,17.6,25.5,4.6,10.81,0,10.81,15.84,SURPLUS,6.94,4.59,5.9,2.25
2024-01-02 17:00,1,17,1,weekday,137.8,13.98,29.0,24.0,2.2,13.2,0,13.2,0.78,BALANCED,6.57,4.41,5.59,2.25
2024-01-02 18:00,1,18,1,weekday,29.7,3.01,20.5,22.6,1.8,19.62,0.0,19.62,-16.61,DEFICIT,6.86,4.55,5.83,2.25
2024-01-02 19:00,1,19,1,weekday,0,0,23.1,19.1,4.1,24.16,0.0,24.16,-24.16,DEFICIT,6.7,4.47,5.69,2.25
2024-01-02 20:00,1,20,1,weekday,0,0,20.0,22.4,2.9,24.69,17.41,42.1,-42.1,DEFICIT,6.89,4.57,5.86,2.25
2024-01-02 21:00,1,21,1,weekday,0,0,18.0,20.3,4.4,19.86,13.31,33.17,-33.17,DEFICIT,6.23,4.24,5.29,2.25
2024-01-02 22:00,1,22,1,weekday,0,0,27.9,19.2,3.1,10.69,21.71,32.4,-32.4,DEFICIT,4.5,3.37,3.82,2.25
2024-01-02 23:00,1,23,1,weekday,0,0,24.5,15.3,3.3,9.58,0,9.58,-9.58,DEFICIT,4.32,3.29,3.67,2.25
2024-01-03 00:00,1,0,2,weekday,0,0,36.2,18.7,2.2,5.86,0.0,5.86,-5.86,DEFICIT,4.74,3.49,4.02,2.25
2024-01-03 01:00,1,1,2,weekday,0,0,20.1,17.9,3.9,5,0.0,5.0,-5.0,BALANCED,4.74,3.5,4.03,2.25
2024-01-03 02:00,1,2,2,weekday,0,0,30.8,16.5,1.3,5,3.25,8.25,-8.25,DEFICIT,4.93,3.59,4.19,2.25
2024-01-03 03:00,1,3,2,weekday,0,0,8.1,19.3,2.6,5,4.48,9.48,-9.48,DEFICIT,4.65,3.45,3.95,2.25
2024-01-03 04:00,1,4,2,weekday,0,0,40.0,15.4,3.1,5,2.23,7.23,-7.23,DEFICIT,4.89,3.57,4.16,2.25
2024-01-03 05:00,1,5,2,weekday,0,0,19.6,15.6,3.0,5,0.0,5.0,-5.0,BALANCED,4.3,3.27,3.65,2.25
2024-01-03 06:00,1,6,2,weekday,28.5,2.89,21.2,17.7,3.7,13.94,0,13.94,-11.05,DEFICIT,5.71,3.98,4.85,2.25
2024-01-03 07:00,1,7,2,weekday,92.0,9.33,15.0,18.5,3.9,21.41,8.1,29.5,-20.18,DEFICIT,5.72,3.98,4.86,2.25
2024-01-03 08:00,1,8,2,weekday,215.1,21.81,16.1,22.1,2.4,14.87,7.57,22.44,-0.63,BALANCED,5.96,4.1,5.06,2.25
2024-01-03 09:00,1,9,2,weekday,377.9,38.32,30.8,20.4,3.3,11.98,15.04,27.02,11.31,SURPLUS,6.05,4.15,5.14,2.25
2024-01-03 10:00,1,10,2,weekday,457.8,46.42,26.1,21.4,2.3,8.53,0,8.53,37.89,SURPLUS,3.61,2.93,3.06,2.25
2024-01-03 11:00,1,11,2,weekday,550.5,55.82,24.5,21.0,2.9,8.85,0,8.85,46.97,SURPLUS,4.11,3.18,3.49,2.25
2024-01-03 12:00,1,12,2,weekday,615.5,62.41,16.3,24.3,4.0,9.11,0,9.11,53.3,SURPLUS,3.7,2.98,3.15,2.25
2024-01-03 13:00,1,13,2,weekday,529.3,53.5,23.3,25.8,3.4,11.36,0,11.36,42.14,SURPLUS,3.87,3.06,3.29,2.25
2024-01-03 14:00,1,14,2,weekday,469.0,47.56,27.4,24.4,3.9,10.76,0,10.76,36.8,SURPLUS,3.58,2.91,3.04,2.25
2024-01-03 15:00,1,15,2,weekday,382.2,38.66,21.0,25.6,3.4,8.45,0,8.45,30.21,SURPLUS,4.05,3.15,3.44,2.25
2024-01-03 16:00,1,16,2,weekday,277.8,28.02,39.6,26.4,3.1,12.04,0,12.04,15.98,SURPLUS,6.8,4.53,5.78,2.25
2024-01-03 17:00,1,17,2,weekday,149.1,15.12,25.5,21.1,1.6,11.95,0,11.95,3.17,BALANCED,6.19,4.22,5.26,2.25
2024-01-03 18:00,1,18,2,weekday,26.1,2.65,14.7,23.8,2.6,20.17,20.87,41.04,-38.39,DEFICIT,6.79,4.52,5.77,2.25
2024-01-03 19:00,1,19,2,weekday,0,0,23.5,19.5,3.4,23.88,17.89,41.78,-41.78,DEFICIT,6.41,4.33,5.45,2.25
2024-01-03 20:00,1,20,2,weekday,0,0,27.0,20.1,2.7,26.04,20.82,46.87,-46.87,DEFICIT,6.95,4.6,5.91,2.25
2024-01-03 21:00,1,21,2,weekday,0,0,20.4,20.1,3.1,19.23,16.97,36.2,-36.2,DEFICIT,7.1,4.68,6.04,2.25
2024-01-03 22:00,1,22,2,weekday,0,0,26.6,18.3,1.3,14.83,0.0,14.83,-14.83,DEFICIT,4.53,3.39,3.85,2.25
2024-01-03 23:00,1,23,2,weekday,0,0,31.3,17.2,2.8,9.44,0,9.44,-9.44,DEFICIT,3.91,3.08,3.33,2.25
2024-01-04 00:00,1,0,3,weekday,0,0,34.2,17.7,1.8,6.34,0.0,6.34,-6.34,DEFICIT,4.37,3.31,3.72,2.25
2024-01-04 01:00,1,1,3,weekday,0,0,35.1,16.2,2.1,5,0.0,5.0,-5.0,BALANCED,5.24,3.74,4.45,2.25
2024-01-04 02:00,1,2,3,weekday,0,0,17.3,15.2,2.4,5,0.0,5.0,-5.0,BALANCED,4.26,3.25,3.62,2.25
2024-01-04 03:00,1,3,3,weekday,0,0,41.1,17.8,3.5,5,0.0,5.0,-5.0,BALANCED,4.18,3.21,3.55,2.25
2024-01-04 04:00,1,4,3,weekday,0,0,30.9,19.1,4.7,5,2.17,7.17,-7.17,DEFICIT,4.77,3.51,4.05,2.25
2024-01-04 05:00,1,5,3,weekday,0,0,25.9,10.4,2.1,6.0,0.0,6.0,-6.0,DEFICIT,4.69,3.47,3.99,2.25
2024-01-04 06:00,1,6,3,weekday,41.6,4.22,31.8,18.6,3.6,16.33,0,16.33,-12.11,DEFICIT,5.61,3.93,4.77,2.25
2024-01-04 07:00,1,7,3,weekday,149.0,15.11,18.3,18.4,3.3,22.53,0.0,22.53,-7.42,DEFICIT,5.93,4.09,5.04,2.25
2024-01-04 08:00,1,8,3,weekday,340.7,34.55,22.5,17.7,1.2,14.5,12.71,27.21,7.34,SURPLUS,5.77,4.01,4.91,2.25
2024-01-04 09:00,1,9,3,weekday,475.7,48.24,20.8,21.4,3.9,11.84,0.0,11.84,36.39,SURPLUS,5.72,3.99,4.86,2.25
2024-01-04 10:00,1,10,3,weekday,654.1,66.33,28.8,21.0,3.8,9.97,0,9.97,56.36,SURPLUS,4.11,3.18,3.5,2.25
2024-01-04 11:00,1,11,3,weekday,784.0,79.49,31.8,22.6,1.7,10.91,0,10.91,68.59,SURPLUS,3.63,2.94,3.09,2.25
2024-01-04 12:00,1,12,3,weekday,856.3,86.47,39.9,26.0,2.6,9.54,0,9.54,76.94,SURPLUS,4.25,3.25,3.62,2.25
2024-01-04 13:00,1,13,3,weekday,750.4,76.1,34.5,23.0,2.7,9.71,0,9.71,66.39,SURPLUS,3.82,3.03,3.25,2.25
2024-01-04 14:00,1,14,3,weekday,823.8,83.23,39.9,25.9,3.4,8.18,0,8.18,75.05,SURPLUS,3.67,2.96,3.12,2.25
2024-01-04 15:00,1,15,3,weekday,515.5,52.27,31.5,24.4,2.5,10.28,0,10.28,42.0,SURPLUS,3.79,3.02,3.22,2.25
2024-01-04 16:00,1,16,3,weekday,405.6,41.13,21.9,22.2,2.3,11.58,0,11.58,29.54,SURPLUS,6.88,4.57,5.85,2.25
2024-01-04 17:00,1,17,3,weekday,196.6,19.93,36.9,22.1,2.9,17.94,0,17.94,1.99,BALANCED,6.72,4.49,5.71,2.25
2024-01-04 18:00,1,18,3,weekday,38.7,3.93,32.0,23.4,2.3,23.79,16.21,39.99,-36.07,DEFICIT,6.49,4.37,5.52,2.25
2024-01-04 19:00,1,19,3,weekday,0,0,34.2,20.9,2.1,26.23,13.54,39.76,-39.76,DEFICIT,6.57,4.41,5.59,2.25
2024-01-04 20:00,1,20,3,weekday,0,0,27.5,20.0,2.7,18.24,6.55,24.79,-24.79,DEFICIT,6.78,4.52,5.77,2.25
2024-01-04 21:00,1,21,3,weekday,0,0,22.9,18.5,2.1,14.47,7.13,21.6,-21.6,DEFICIT,6.32,4.28,5.37,2.25
2024-01-04 22:00,1,22,3,weekday,0,0,39.6,18.4,2.7,12.75,0.0,12.75,-12.75,DEFICIT,4.06,3.16,3.45,2.25
2024-01-04 23:00,1,23,3,weekday,0,0,45.7,17.9,3.9,7.49,0,7.49,-7.49,DEFICIT,4.53,3.39,3.85,2.25
2024-01-05 00:00,1,0,4,weekday,0,0,15.8,17.4,3.0,8.23,2.5,10.73,-10.73,DEFICIT,4.73,3.49,4.02,2.25
2024-01-05 01:00,1,1,4,weekday,0,0,24.3,19.3,1.7,5,0.0,5.0,-5.0,BALANCED,4.26,3.26,3.62,2.25
2024-01-05 02:00,1,2,4,weekday,0,0,24.6,16.7,2.8,5,0.0,5.0,-5.0,BALANCED,4.09,3.17,3.48,2.25
2024-01-05 03:00,1,3,4,weekday,0,0,32.5,14.3,2.5,5,3.17,8.17,-8.17,DEFICIT,4.2,3.23,3.57,2.25
2024-01-05 04:00,1,4,4,weekday,0,0,19.4,15.1,0.9,5,0.0,5.0,-5.0,BALANCED,4.7,3.47,3.99,2.25
2024-01-05 05:00,1,5,4,weekday,0,0,23.4,17.0,3.7,5.38,3.12,8.5,-8.5,DEFICIT,4.55,3.4,3.87,2.25
2024-01-05 06:00,1,6,4,weekday,28.5,2.89,10.3,17.2,2.1,11.67,0,11.67,-8.78,DEFICIT,5.9,4.07,5.01,2.25
2024-01-05 07:00,1,7,4,weekday,81.3,8.25,2.9,17.3,1.9,21.28,0.0,21.28,-13.04,DEFICIT,5.85,4.05,4.98,2.25
2024-01-05 08:00,1,8,4,weekday,187.4,19.01,24.6,21.3,2.8,14.02,6.68,20.7,-1.7,BALANCED,5.55,3.9,4.72,2.25
2024-01-05 09:00,1,9,4,weekday,298.0,30.22,22.4,21.2,2.0,10.45,0.0,10.45,19.77,SURPLUS,5.76,4.01,4.9,2.25
2024-01-05 10:00,1,10,4,weekday,352.7,35.76,19.6,24.3,2.1,7.74,0,7.74,28.02,SURPLUS,3.75,3.0,3.19,2.25
2024-01-05 11:00,1,11,4,weekday,462.5,46.9,3.9,24.5,1.6,8.66,0,8.66,38.24,SURPLUS,3.96,3.11,3.37,2.25
2024-01-05 12:00,1,12,4,weekday,550.8,55.86,21.0,24.1,4.4,10.72,0,10.72,45.14,SURPLUS,4.11,3.18,3.49,2.25
2024-01-05 13:00,1,13,4,weekday,388.3,39.37,20.2,24.2,3.2,10.64,0,10.64,28.74,SURPLUS,3.96,3.11,3.37,2.25
2024-01-05 14:00,1,14,4,weekday,444.8,45.11,19.0,24.0,2.0,10.33,0,10.33,34.78,SURPLUS,3.93,3.09,3.34,2.25
2024-01-05 15:00,1,15,4,weekday,332.2,33.59,22.7,25.7,3.6,8.18,0,8.18,25.41,SURPLUS,3.81,3.03,3.24,2.25
2024-01-05 16:00,1,16,4,weekday,227.4,22.98,12.2,25.8,4.5,12.57,0,12.57,10.41,SURPLUS,6.55,4.4,5.57,2.25
2024-01-05 17:00,1,17,4,weekday,104.3,10.57,19.6,23.2,2.8,16.96,0,16.96,-6.39,DEFICIT,6.65,4.45,5.66,2.25
2024-01-05 18:00,1,18,4,weekday,29.4,2.98,18.9,21.8,1.8,19.84,7.21,27.05,-24.07,DEFICIT,7.11,4.68,6.04,2.25
2024-01-05 19:00,1,19,4,weekday,0,0,23.0,21.3,4.3,31.78,8.24,40.02,-40.02,DEFICIT,7.28,4.76,6.18,2.25
2024-01-05 20:00,1,20,4,weekday,0,0,11.3,19.8,2.6,28.7,13.68,42.38,-42.38,DEFICIT,6.52,4.39,5.54,2.25
2024-01-05 21:00,1,21,4,weekday,0,0,29.0,19.2,2.4,21.52,19.5,41.02,-41.02,DEFICIT,6.39,4.32,5.43,2.25
2024-01-05 22:00,1,22,4,weekday,0,0,14.8,20.0,2.9,12.4,0.0,12.4,-12.4,DEFICIT,4.38,3.32,3.72,2.25
2024-01-05 23:00,1,23,4,weekday,0,0,29.9,20.6,2.8,10.09,0,10.09,-10.09,DEFICIT,4.8,3.52,4.08,2.25
2024-01-06 00:00,1,0,5,weekend,0,0,14.1,19.8,2.6,7.5,0.0,7.5,-7.5,DEFICIT,4.67,3.46,3.97,2.25
2024-01-06 01:00,1,1,5,weekend,0,0,36.4,18.0,4.1,6.45,3.45,9.9,-9.9,DEFICIT,4.21,3.23,3.58,2.25
2024-01-06 02:00,1,2,5,weekend,0,0,31.9,14.8,2.7,6.2,5.14,11.34,-11.34,DEFICIT,4.58,3.42,3.89,2.25
2024-01-06 03:00,1,3,5,weekend,0,0,16.5,17.8,1.9,5,0.0,5.0,-5.0,BALANCED,4.4,3.33,3.74,2.25
2024-01-06 04:00,1,4,5,weekend,0,0,1.9,15.8,3.2,5,0.0,5.0,-5.0,BALANCED,4.89,3.57,4.16,2.25
2024-01-06 05:00,1,5,5,weekend,0,0,9.9,18.5,2.3,6.54,5.15,11.7,-11.7,DEFICIT,4.61,3.43,3.92,2.25
2024-01-06 06:00,1,6,5,weekend,28.0,2.84,7.3,15.4,4.1,16.94,0,16.94,-14.1,DEFICIT,5.68,3.96,4.82,2.25
2024-01-06 07:00,1,7,5,weekend,101.7,10.31,8.4,17.2,1.6,24.39,0.0,24.39,-14.08,DEFICIT,5.87,4.06,4.99,2.25
2024-01-06 08:00,1,8,5,weekend,198.0,20.08,23.7,20.1,1.8,18.06,0.0,18.06,2.02,BALANCED,6.33,4.29,5.38,2.25
2024-01-06 09:00,1,9,5,weekend,347.8,35.27,16.5,21.4,3.2,11.99,16.42,28.42,6.85,SURPLUS,5.37,3.81,4.56,2.25
2024-01-06 10:00,1,10,5,weekend,447.2,45.35,15.2,24.6,2.6,12.13,0,12.13,33.22,SURPLUS,4.45,3.35,3.78,2.25
2024-01-06 11:00,1,11,5,weekend,556.4,56.31,20.0,25.5,4.0,10.42,0,10.42,45.9,SURPLUS,3.55,2.9,3.02,2.25
2024-01-06 12:00,1,12,5,weekend,566.9,56.76,20.5,28.1,4.1,13.1,0,13.1,43.65,SURPLUS,3.64,2.95,3.09,2.25
2024-01-06 13:00,1,13,5,weekend,556.3,56.28,18.9,25.6,3.8,10.7,0,10.7,45.58,SURPLUS,4.4,3.32,3.74,2.25
2024-01-06 14:00,1,14,5,weekend,460.2,46.31,0,26.9,4.7,9.86,0,9.86,36.45,SURPLUS,4.12,3.19,3.5,2.25
2024-01-06 15:00,1,15,5,weekend,307.6,31.08,14.8,25.9,3.6,10.95,0,10.95,20.13,SURPLUS,3.88,3.07,3.3,2.25
2024-01-06 16:00,1,16,5,weekend,264.7,26.84,6.9,24.8,3.1,13.21,0,13.21,13.63,SURPLUS,7.15,4.7,6.07,2.25
2024-01-06 17:00,1,17,5,weekend,130.4,13.15,24.0,26.3,3.5,18.9,0,18.9,-5.74,DEFICIT,7.25,4.75,6.16,2.25
2024-01-06 18:00,1,18,5,weekend,31.4,3.19,27.9,21.5,3.2,30.64,16.84,47.48,-44.29,DEFICIT,7.28,4.77,6.19,2.25
2024-01-06 19:00,1,19,5,weekend,0,0,21.9,19.7,4.3,25.32,19.85,45.17,-45.17,DEFICIT,6.86,4.56,5.83,2.25
2024-01-06 20:00,1,20,5,weekend,0,0,23.2,19.6,2.8,25.8,21.64,47.44,-47.44,DEFICIT,6.9,4.57,5.86,2.25
2024-01-06 21:00,1,21,5,weekend,0,0,22.9,18.4,2.7,19.3,17.43,36.73,-36.73,DEFICIT,6.72,4.49,5.72,2.25
2024-01-06 22:00,1,22,5,weekend,0,0,5.5,20.8,3.3,16.15,0.0,16.15,-16.15,DEFICIT,4.75,3.5,4.04,2.25
2024-01-06 23:00,1,23,5,weekend,0,0,13.7,18.2,2.1,10.01,0,10.01,-10.01,DEFICIT,4.25,3.25,3.61,2.25
2024-01-07 00:00,1,0,6,weekend,0,0,26.3,16.1,3.0,10.21,0.0,10.21,-10.21,DEFICIT,4.73,3.49,4.02,2.25
2024-01-07 01:00,1,1,6,weekend,0,0,21.7,18.3,1.7,6.44,4.16,10.6,-10.6,DEFICIT,4.41,3.33,3.75,2.25
2024-01-07 02:00,1,2,6,weekend,0,0,16.0,14.1,1.5,5,2.21,7.21,-7.21,DEFICIT,4.03,3.14,3.42,2.25
2024-01-07 03:00,1,3,6,weekend,0,0,30.8,15.6,4.3,5,0.0,5.0,-5.0,BALANCED,4.07,3.16,3.46,2.25
2024-01-07 04:00,1,4,6,weekend,0,0,22.8,18.9,2.6,5,2.42,7.42,-7.42,DEFICIT,5.28,3.76,4.49,2.25
2024-01-07 05:00,1,5,6,weekend,0,0,35.6,17.2,3.1,6.14,2.95,9.09,-9.09,DEFICIT,4.77,3.51,4.06,2.25
2024-01-07 06:00,1,6,6,weekend,32.4,3.28,28.0,20.0,2.9,18.13,0,18.13,-14.84,DEFICIT,5.98,4.12,5.09,2.25
2024-01-07 07:00,1,7,6,weekend,102.9,10.44,36.0,21.1,4.4,23.24,0.0,23.24,-12.8,DEFICIT,5.28,3.77,4.49,2.25
2024-01-07 08:00,1,8,6,weekend,221.1,22.41,32.5,23.0,3.3,19.81,0.0,19.81,2.6,BALANCED,6.03,4.14,5.13,2.25
2024-01-07 09:00,1,9,6,weekend,352.1,35.7,28.2,23.3,3.0,12.65,18.58,31.23,4.48,BALANCED,5.66,3.95,4.81,2.25
2024-01-07 10:00,1,10,6,weekend,469.1,47.57,21.8,19.6,4.1,11.32,0,11.32,36.25,SURPLUS,4.04,3.15,3.44,2.25
2024-01-07 11:00,1,11,6,weekend,515.1,52.23,27.6,20.5,3.6,11.27,0,11.27,40.96,SURPLUS,3.43,2.84,2.91,2.25
2024-01-07 12:00,1,12,6,weekend,645.9,65.49,23.3,21.9,3.7,12.58,0,12.58,52.92,SURPLUS,3.71,2.98,3.16,2.25
2024-01-07 13:00,1,13,6,weekend,562.5,56.96,33.5,25.4,2.5,11.42,0,11.42,45.53,SURPLUS,4.17,3.21,3.54,2.25
2024-01-07 14:00,1,14,6,weekend,493.1,50.0,25.4,24.2,4.6,11.79,0,11.79,38.21,SURPLUS,4.06,3.16,3.45,2.25
2024-01-07 15:00,1,15,6,weekend,355.8,35.94,9.6,26.0,3.6,12.99,0,12.99,22.95,SURPLUS,3.84,3.04,3.26,2.25
2024-01-07 16:00,1,16,6,weekend,291.1,29.51,24.7,23.2,4.2,14.72,0,14.72,14.79,SURPLUS,6.65,4.45,5.65,2.25
2024-01-07 17:00,1,17,6,weekend,123.9,12.53,37.1,25.7,4.2,19.96,0,19.96,-7.43,DEFICIT,6.91,4.58,5.88,2.25
2024-01-07 18:00,1,18,6,weekend,30.8,3.12,7.7,22.0,1.8,25.04,18.37,43.41,-40.29,DEFICIT,6.28,4.27,5.34,2.25
2024-01-07 19:00,1,19,6,weekend,0,0,32.3,22.8,2.5,31.75,17.6,49.35,-49.35,DEFICIT,6.75,4.5,5.74,2.25
2024-01-07 20:00,1,20,6,weekend,0,0,32.9,19.0,3.1,31.74,10.16,41.9,-41.9,DEFICIT,6.57,4.41,5.59,2.25
2024-01-07 21:00,1,21,6,weekend,0,0,29.3,21.2,3.2,21.96,0.0,21.96,-21.96,DEFICIT,7.11,4.68,6.05,2.25
2024-01-07 22:00,1,22,6,weekend,0,0,14.2,17.9,3.4,15.66,21.14,36.8,-36.8,DEFICIT,4.39,3.32,3.73,2.25
2024-01-07 23:00,1,23,6,weekend,0,0,31.8,19.5,3.7,12.42,0,12.42,-12.42,DEFICIT,4.71,3.48,4.0,2.25
2024-01-08 00:00,1,0,0,weekday,0,0,22.8,18.1,2.7,6.34,4.63,10.96,-10.96,DEFICIT,4.55,3.4,3.87,2.25
2024-01-08 01:00,1,1,0,weekday,0,0,20.3,18.0,3.0,5.46,0.0,5.46,-5.46,DEFICIT,4.62,3.43,3.93,2.25
2024-01-08 02:00,1,2,0,weekday,0,0,22.6,17.4,3.1,5,0.0,5.0,-5.0,BALANCED,4.31,3.28,3.66,2.25
2024-01-08 03:00,1,3,0,weekday,0,0,36.0,17.9,2.6,5,3.94,8.94,-8.94,DEFICIT,4.42,3.34,3.76,2.25
2024-01-08 04:00,1,4,0,weekday,0,0,33.1,17.5,2.8,5,0.0,5.0,-5.0,BALANCED,5.19,3.72,4.41,2.25
2024-01-08 05:00,1,5,0,weekday,0,0,34.4,16.5,2.0,5.38,0.0,5.38,-5.38,DEFICIT,4.4,3.32,3.74,2.25
2024-01-08 06:00,1,6,0,weekday,34.1,3.46,15.1,19.1,4.2,16.05,0,16.05,-12.59,DEFICIT,5.86,4.05,4.98,2.25
2024-01-08 07:00,1,7,0,weekday,135.7,13.76,20.1,21.8,1.9,18.93,11.06,29.99,-16.24,DEFICIT,5.15,3.7,4.38,2.25
2024-01-08 08:00,1,8,0,weekday,318.6,32.31,44.8,22.4,1.6,16.72,3.98,20.7,11.61,SURPLUS,5.93,4.09,5.04,2.25
2024-01-08 09:00,1,9,0,weekday,413.8,41.96,22.5,20.6,2.3,11.3,5.01,16.31,25.65,SURPLUS,5.82,4.04,4.95,2.25
2024-01-08 10:00,1,10,0,weekday,567.1,57.51,20.4,22.0,3.3,10.92,0,10.92,46.58,SURPLUS,3.35,2.8,2.85,2.25
2024-01-08 11:00,1,11,0,weekday,802.7,81.39,24.1,23.7,3.3,9.83,0,9.83,71.56,SURPLUS,3.88,3.06,3.3,2.25
2024-01-08 12:00,1,12,0,weekday,781.3,79.15,24.5,25.2,4.6,10.29,0,10.29,68.87,SURPLUS,3.42,2.84,2.91,2.25
2024-01-08 13:00,1,13,0,weekday,729.6,73.98,21.9,23.7,4.4,9.22,0,9.22,64.77,SURPLUS,4.06,3.16,3.45,2.25
2024-01-08 14:00,1,14,0,weekday,611.9,61.43,26.4,27.5,2.4,9.79,0,9.79,51.64,SURPLUS,3.44,2.84,2.92,2.25
2024-01-08 15:00,1,15,0,weekday,436.7,44.29,23.7,24.5,4.3,10.71,0,10.71,33.57,SURPLUS,4.08,3.16,3.47,2.25
2024-01-08 16:00,1,16,0,weekday,343.9,34.87,38.9,24.2,3.8,12.01,0,12.01,22.86,SURPLUS,6.55,4.4,5.57,2.25
2024-01-08 17:00,1,17,0,weekday,157.9,16.01,18.1,20.4,2.8,15.65,0,15.65,0.36,BALANCED,7.13,4.69,6.06,2.25
2024-01-08 18:00,1,18,0,weekday,35.4,3.59,37.8,23.0,0.8,22.77,12.14,34.91,-31.32,DEFICIT,7.02,4.64,5.97,2.25
2024-01-08 19:00,1,19,0,weekday,0,0,28.4,20.4,1.9,27.8,21.9,49.7,-49.7,DEFICIT,7.0,4.63,5.95,2.25
2024-01-08 20:00,1,20,0,weekday,0,0,28.8,18.2,1.6,28.25,15.5,43.74,-43.74,DEFICIT,6.59,4.42,5.6,2.25
2024-01-08 21:00,1,21,0,weekday,0,0,33.3,21.4,1.7,19.56,14.13,33.69,-33.69,DEFICIT,6.85,4.55,5.83,2.25
2024-01-08 22:00,1,22,0,weekday,0,0,18.9,18.8,4.2,11.91,11.9,23.81,-23.81,DEFICIT,4.15,3.2,3.53,2.25
2024-01-08 23:00,1,23,0,weekday,0,0,26.2,15.8,3.9,9.14,0,9.14,-9.14,DEFICIT,4.37,3.31,3.71,2.25
2024-01-09 00:00,1,0,1,weekday,0,0,16.0,17.6,2.4,6.55,0.0,6.55,-6.55,DEFICIT,4.64,3.44,3.94,2.25
2024-01-09 01:00,1,1,1,weekday,0,0,30.3,16.4,2.5,5.63,0.0,5.63,-5.63,DEFICIT,4.52,3.38,3.84,2.25
2024-01-09 02:00,1,2,1,weekday,0,0,31.4,16.2,2.8,5,0.0,5.0,-5.0,BALANCED,5.01,3.63,4.26,2.25
2024-01-09 03:00,1,3,1,weekday,0,0,19.0,18.2,2.4,5,0.0,5.0,-5.0,BALANCED,4.57,3.41,3.89,2.25
2024-01-09 04:00,1,4,1,weekday,0,0,31.1,13.8,3.5,5,0.0,5.0,-5.0,BALANCED,4.74,3.49,4.03,2.25
2024-01-09 05:00,1,5,1,weekday,0,0,18.2,14.8,2.9,5,0.0,5.0,-5.0,BALANCED,4.62,3.44,3.93,2.25
2024-01-09 06:00,1,6,1,weekday,30.2,3.06,17.7,18.4,5.0,13.38,0,13.38,-10.32,DEFICIT,5.56,3.91,4.73,2.25
2024-01-09 07:00,1,7,1,weekday,120.5,12.22,30.9,17.8,4.2,19.36,0.0,19.36,-7.14,DEFICIT,6.13,4.19,5.21,2.25
2024-01-09 08:00,1,8,1,weekday,257.9,26.15,37.8,18.3,2.6,14.23,0.0,14.23,11.92,SURPLUS,5.82,4.03,4.95,2.25
2024-01-09 09:00,1,9,1,weekday,358.0,36.31,21.8,22.9,1.0,11.74,0.0,11.74,24.57,SURPLUS,6.32,4.28,5.37,2.25
2024-01-09 10:00,1,10,1,weekday,451.2,45.76,28.4,21.9,2.2,10.06,0,10.06,35.7,SURPLUS,3.99,3.12,3.39,2.25
2024-01-09 11:00,1,11,1,weekday,623.5,63.22,27.6,23.9,2.6,8.57,0,8.57,54.65,SURPLUS,3.85,3.05,3.27,2.25
2024-01-09 12:00,1,12,1,weekday,671.0,67.58,19.8,26.7,4.1,9.16,0,9.16,58.42,SURPLUS,3.39,2.82,2.88,2.25
2024-01-09 13:00,1,13,1,weekday,639.7,64.62,23.5,25.9,3.5,10.77,0,10.77,53.85,SURPLUS,4.18,3.22,3.56,2.25
2024-01-09 14:00,1,14,1,weekday,518.9,52.61,30.7,23.9,3.4,9.88,0,9.88,42.74,SURPLUS,3.83,3.04,3.26,2.25
2024-01-09 15:00,1,15,1,weekday,477.3,48.34,22.3,25.3,3.9,9.18,0,9.18,39.16,SURPLUS,3.39,2.82,2.88,2.25
2024-01-09 16:00,1,16,1,weekday,289.1,29.32,18.5,22.6,3.3,12.15,0,12.15,17.17,SURPLUS,6.57,4.41,5.58,2.25
2024-01-09 17:00,1,17,1,weekday,157.1,15.93,35.3,24.6,2.1,15.89,0,15.89,0.04,BALANCED,7.16,4.71,6.09,2.25
2024-01-09 18:00,1,18,1,weekday,32.0,3.25,15.1,22.6,4.4,23.42,0.0,23.42,-20.17,DEFICIT,7.03,4.64,5.97,2.25
2024-01-09 19:00,1,19,1,weekday,0,0,40.8,21.1,2.9,24.4,0.0,24.4,-24.4,DEFICIT,7.2,4.73,6.12,2.25
2024-01-09 20:00,1,20,1,weekday,0,0,19.6,20.1,3.8,25.0,10.07,35.07,-35.07,DEFICIT,6.46,4.36,5.49,2.25
2024-01-09 21:00,1,21,1,weekday,0,0,21.7,15.8,2.9,20.77,11.41,32.18,-32.18,DEFICIT,7.16,4.7,6.08,2.25
2024-01-09 22:00,1,22,1,weekday,0,0,40.3,20.0,3.3,12.66,16.67,29.33,-29.33,DEFICIT,4.87,3.56,4.14,2.25
2024-01-09 23:00,1,23,1,weekday,0,0,26.5,18.6,4.1,9.72,0,9.72,-9.72,DEFICIT,4.76,3.51,4.05,2.25
2024-01-10 00:00,1,0,2,weekday,0,0,28.1,15.2,3.2,5.76,5.23,10.99,-10.99,DEFICIT,4.96,3.61,4.22,2.25
2024-01-10 01:00,1,1,2,weekday,0,0,44.3,14.6,1.9,5.39,4.9,10.29,-10.29,DEFICIT,4.48,3.37,3.81,2.25
2024-01-10 02:00,1,2,2,weekday,0,0,18.3,16.6,1.9,5,0.0,5.0,-5.0,BALANCED,4.43,3.34,3.76,2.25
2024-01-10 03:00,1,3,2,weekday,0,0,38.5,16.2,2.7,5,3.33,8.33,-8.33,DEFICIT,5.08,3.67,4.32,2.25
2024-01-10 04:00,1,4,2,weekday,0,0,13.1,17.3,5.1,5,0.0,5.0,-5.0,BALANCED,5.33,3.79,4.53,2.25
2024-01-10 05:00,1,5,2,weekday,0,0,24.4,15.8,3.2,5,0.0,5.0,-5.0,BALANCED,4.09,3.17,3.48,2.25
2024-01-10 06:00,1,6,2,weekday,33.9,3.44,28.1,18.2,2.9,13.38,0,13.38,-9.94,DEFICIT,5.51,3.88,4.69,2.25
2024-01-10 07:00,1,7,2,weekday,143.0,14.5,20.0,17.4,3.5,19.52,0.0,19.52,-5.02,DEFICIT,5.5,3.88,4.68,2.25
2024-01-10 08:00,1,8,2,weekday,278.1,28.2,22.5,20.0,3.8,17.83,14.57,32.4,-4.2,BALANCED,5.93,4.09,5.04,2.25
2024-01-10 09:00,1,9,2,weekday,421.9,42.79,15.1,22.6,3.0,12.18,9.68,21.86,20.92,SURPLUS,5.88,4.06,5.0,2.25
2024-01-10 10:00,1,10,2,weekday,593.1,60.14,38.6,24.3,4.3,9.37,0,9.37,50.78,SURPLUS,4.66,3.46,3.96,2.25
2024-01-10 11:00,1,11,2,weekday,650.9,66.01,16.5,23.0,2.2,9.16,0,9.16,56.85,SURPLUS,3.75,3.0,3.18,2.25
2024-01-10 12:00,1,12,2,weekday,776.0,78.68,15.4,24.6,3.8,11.64,0,11.64,67.04,SURPLUS,3.94,3.1,3.35,2.25
2024-01-10 13:00,1,13,2,weekday,867.4,87.61,21.7,26.0,2.5,10.24,0,10.24,77.37,SURPLUS,3.5,2.87,2.97,2.25
2024-01-10 14:00,1,14,2,weekday,585.2,58.86,27.0,27.0,3.6,9.17,0,9.17,49.7,SURPLUS,3.42,2.83,2.91,2.25
2024-01-10 15:00,1,15,2,weekday,519.5,52.68,28.5,24.2,2.3,10.92,0,10.92,41.76,SURPLUS,3.98,3.12,3.39,2.25
2024-01-10 16:00,1,16,2,weekday,350.8,35.4,31.4,26.2,2.9,12.01,0,12.01,23.39,SURPLUS,6.98,4.62,5.93,2.25
2024-01-10 17:00,1,17,2,weekday,148.9,15.1,20.2,21.5,3.5,17.49,0,17.49,-2.4,BALANCED,7.18,4.72,6.11,2.25
2024-01-10 18:00,1,18,2,weekday,33.0,3.35,26.6,20.9,3.8,27.36,7.4,34.76,-31.42,DEFICIT,7.39,4.82,6.28,2.25
2024-01-10 19:00,1,19,2,weekday,0,0,33.6,20.0,2.3,24.61,8.94,33.54,-33.54,DEFICIT,6.52,4.38,5.54,2.25
2024-01-10 20:00,1,20,2,weekday,0,0,27.8,19.7,2.1,21.66,6.44,28.1,-28.1,DEFICIT,6.34,4.3,5.39,2.25
2024-01-10 21:00,1,21,2,weekday,0,0,20.7,17.4,4.3,22.42,0.0,22.42,-22.42,DEFICIT,6.95,4.6,5.91,2.25
2024-01-10 22:00,1,22,2,weekday,0,0,22.0,18.0,2.0,11.56,17.8,29.36,-29.36,DEFICIT,5.12,3.68,4.35,2.25
2024-01-10 23:00,1,23,2,weekday,0,0,19.2,19.3,2.5,9.17,0,9.17,-9.17,DEFICIT,4.71,3.48,4.01,2.25
2024-01-11 00:00,1,0,3,weekday,0,0,18.3,16.8,3.2,7.09,2.81,9.91,-9.91,DEFICIT,4.76,3.51,4.05,2.25
2024-01-11 01:00,1,1,3,weekday,0,0,25.7,16.7,2.5,5,5.51,10.51,-10.51,DEFICIT,4.7,3.47,3.99,2.25
2024-01-11 02:00,1,2,3,weekday,0,0,23.5,18.3,2.5,5,0.0,5.0,-5.0,BALANCED,4.55,3.4,3.87,2.25
2024-01-11 03:00,1,3,3,weekday,0,0,36.0,20.1,3.3,5,0.0,5.0,-5.0,BALANCED,4.94,3.59,4.2,2.25
2024-01-11 04:00,1,4,3,weekday,0,0,31.7,15.5,3.2,5,3.84,8.84,-8.84,DEFICIT,4.49,3.37,3.82,2.25
2024-01-11 05:00,1,5,3,weekday,0,0,34.3,18.0,2.2,5.48,2.27,7.75,-7.75,DEFICIT,4.42,3.34,3.76,2.25
2024-01-11 06:00,1,6,3,weekday,40.8,4.14,17.3,18.9,2.8,14.95,0,14.95,-10.81,DEFICIT,5.93,4.09,5.04,2.25
2024-01-11 07:00,1,7,3,weekday,136.5,13.84,34.9,19.1,2.6,20.49,0.0,20.49,-6.65,DEFICIT,5.93,4.09,5.04,2.25
2024-01-11 08:00,1,8,3,weekday,307.4,31.17,31.5,22.3,2.9,14.81,0.0,14.81,16.36,SURPLUS,6.04,4.14,5.13,2.25
2024-01-11 09:00,1,9,3,weekday,447.2,45.35,26.4,24.1,2.5,11.19,14.3,25.49,19.86,SURPLUS,5.96,4.1,5.06,2.25
2024-01-11 10:00,1,10,3,weekday,583.0,59.12,35.1,22.4,1.7,9.74,0,9.74,49.38,SURPLUS,3.53,2.89,3.0,2.25
2024-01-11 11:00,1,11,3,weekday,674.7,68.41,24.1,23.5,4.1,9.31,0,9.31,59.1,SURPLUS,3.72,2.98,3.16,2.25
2024-01-11 12:00,1,12,3,weekday,789.4,79.7,18.6,26.1,3.2,9.86,0,9.86,69.84,SURPLUS,3.92,3.08,3.33,2.25
2024-01-11 13:00,1,13,3,weekday,652.3,66.14,7.4,23.8,1.9,9.29,0,9.29,56.85,SURPLUS,3.73,2.99,3.17,2.25
2024-01-11 14:00,1,14,3,weekday,532.5,53.37,28.8,27.9,5.0,9.06,0,9.06,44.31,SURPLUS,3.86,3.06,3.28,2.25
2024-01-11 15:00,1,15,3,weekday,430.3,43.57,16.8,25.3,4.0,11.47,0,11.47,32.1,SURPLUS,3.38,2.81,2.87,2.25
2024-01-11 16:00,1,16,3,weekday,297.5,30.03,36.9,26.1,5.7,12.66,0,12.66,17.37,SURPLUS,6.85,4.55,5.82,2.25
2024-01-11 17:00,1,17,3,weekday,164.1,16.64,31.5,23.4,2.5,14.57,0,14.57,2.07,BALANCED,6.91,4.58,5.87,2.25
2024-01-11 18:00,1,18,3,weekday,30.4,3.08,17.9,23.9,3.2,23.3,8.58,31.88,-28.81,DEFICIT,7.14,4.7,6.07,2.25
2024-01-11 19:00,1,19,3,weekday,0,0,15.6,21.2,4.2,23.64,18.43,42.08,-42.08,DEFICIT,6.89,4.57,5.86,2.25
2024-01-11 20:00,1,20,3,weekday,0,0,21.0,21.7,3.0,22.38,13.11,35.49,-35.49,DEFICIT,6.81,4.53,5.79,2.25
2024-01-11 21:00,1,21,3,weekday,0,0,33.4,21.6,4.9,18.34,9.3,27.64,-27.64,DEFICIT,7.04,4.64,5.98,2.25
2024-01-11 22:00,1,22,3,weekday,0,0,30.6,17.5,1.1,12.26,14.17,26.43,-26.43,DEFICIT,4.16,3.21,3.54,2.25
2024-01-11 23:00,1,23,3,weekday,0,0,36.3,17.9,2.3,8.49,0,8.49,-8.49,DEFICIT,4.93,3.59,4.19,2.25
2024-01-12 00:00,1,0,4,weekday,0,0,31.8,18.5,2.7,7.58,2.85,10.43,-10.43,DEFICIT,4.3,3.27,3.65,2.25
2024-01-12 01:00,1,1,4,weekday,0,0,23.1,18.3,2.2,5.21,0.0,5.21,-5.21,DEFICIT,4.31,3.28,3.66,2.25
2024-01-12 02:00,1,2,4,weekday,0,0,24.0,16.6,1.9,5,3.26,8.26,-8.26,DEFICIT,4.42,3.34,3.76,2.25
2024-01-12 03:00,1,3,4,weekday,0,0,30.8,14.5,4.1,5,0.0,5.0,-5.0,BALANCED,5.07,3.66,4.31,2.25
2024-01-12 04:00,1,4,4,weekday,0,0,23.4,15.3,2.9,5,0.0,5.0,-5.0,BALANCED,4.44,3.35,3.77,2.25
2024-01-12 05:00,1,5,4,weekday,0,0,34.3,18.4,1.5,5.18,0.0,5.18,-5.18,DEFICIT,4.78,3.52,4.06,2.25
2024-01-12 06:00,1,6,4,weekday,40.6,4.12,42.2,19.2,3.6,14.74,0,14.74,-10.63,DEFICIT,5.1,3.67,4.33,2.25
2024-01-12 07:00,1,7,4,weekday,128.1,12.98,21.8,22.5,2.9,19.95,0.0,19.95,-6.96,DEFICIT,5.63,3.94,4.79,2.25
2024-01-12 08:00,1,8,4,weekday,289.3,29.33,18.5,19.5,3.1,15.56,10.8,26.36,2.97,BALANCED,5.9,4.07,5.01,2.25
2024-01-12 09:00,1,9,4,weekday,383.0,38.83,14.6,21.9,2.8,10.56,9.39,19.95,18.88,SURPLUS,5.34,3.8,4.54,2.25
2024-01-12 10:00,1,10,4,weekday,521.2,52.85,40.2,24.5,4.0,8.34,0,8.34,44.51,SURPLUS,3.67,2.96,3.12,2.25
2024-01-12 11:00,1,11,4,weekday,648.8,65.79,21.6,23.7,3.2,10.04,0,10.04,55.75,SURPLUS,3.8,3.03,3.23,2.25
2024-01-12 12:00,1,12,4,weekday,751.6,76.08,39.4,25.4,4.1,10.48,0,10.48,65.6,SURPLUS,3.79,3.02,3.22,2.25
2024-01-12 13:00,1,13,4,weekday,664.2,67.35,16.0,24.4,3.8,10.4,0,10.4,56.95,SURPLUS,3.69,2.97,3.14,2.25
2024-01-12 14:00,1,14,4,weekday,624.6,63.33,25.8,23.0,3.1,8.62,0,8.62,54.71,SURPLUS,4.29,3.27,3.65,2.25
2024-01-12 15:00,1,15,4,weekday,515.0,52.2,36.7,25.1,3.5,10.74,0,10.74,41.46,SURPLUS,4.08,3.17,3.47,2.25
2024-01-12 16:00,1,16,4,weekday,353.1,35.8,21.0,23.5,2.3,11.67,0,11.67,24.14,SURPLUS,6.37,4.31,5.41,2.25
2024-01-12 17:00,1,17,4,weekday,151.4,15.35,32.0,23.9,2.8,12.84,0,12.84,2.51,BALANCED,7.08,4.67,6.02,2.25
2024-01-12 18:00,1,18,4,weekday,36.9,3.74,23.0,22.0,2.5,22.5,8.65,31.15,-27.41,DEFICIT,6.96,4.6,5.91,2.25
2024-01-12 19:00,1,19,4,weekday,0,0,24.8,22.3,2.7,27.83,0.0,27.83,-27.83,DEFICIT,7.18,4.72,6.1,2.25
2024-01-12 20:00,1,20,4,weekday,0,0,29.6,19.7,3.4,26.01,0.0,26.01,-26.01,DEFICIT,6.68,4.46,5.68,2.25
2024-01-12 21:00,1,21,4,weekday,0,0,34.8,18.6,2.9,20.11,0.0,20.11,-20.11,DEFICIT,6.8,4.53,5.78,2.25
2024-01-12 22:00,1,22,4,weekday,0,0,31.1,18.9,4.7,13.31,0.0,13.31,-13.31,DEFICIT,4.26,3.25,3.62,2.25
2024-01-12 23:00,1,23,4,weekday,0,0,30.6,18.9,3.2,8.44,0,8.44,-8.44,DEFICIT,4.12,3.19,3.5,2.25
2024-01-13 00:00,1,0,5,weekend,0,0,40.8,17.9,2.2,8.37,0.0,8.37,-8.37,DEFICIT,4.35,3.3,3.7,2.25
2024-01-13 01:00,1,1,5,weekend,0,0,25.5,16.7,2.4,5.71,0.0,5.71,-5.71,DEFICIT,4.38,3.31,3.72,2.25
2024-01-13 02:00,1,2,5,weekend,0,0,49.0,17.7,2.6,5.62,4.46,10.08,-10.08,DEFICIT,3.67,2.96,3.12,2.25
2024-01-13 03:00,1,3,5,weekend,0,0,31.3,14.9,3.1,5,2.64,7.64,-7.64,DEFICIT,4.73,3.49,4.02,2.25
2024-01-13 04:00,1,4,5,weekend,0,0,34.2,19.3,2.6,5,0.0,5.0,-5.0,BALANCED,4.15,3.2,3.53,2.25
2024-01-13 05:00,1,5,5,weekend,0,0,38.4,18.5,1.7,6.48,0.0,6.48,-6.48,DEFICIT,4.81,3.53,4.09,2.25
2024-01-13 06:00,1,6,5,weekend,42.9,4.35,27.6,15.3,2.9,16.06,0,16.06,-11.72,DEFICIT,6.02,4.13,5.12,2.25
2024-01-13 07:00,1,7,5,weekend,150.4,15.25,25.6,20.9,1.6,21.3,5.12,26.42,-11.17,DEFICIT,6.42,4.34,5.46,2.25
2024-01-13 08:00,1,8,5,weekend,266.1,26.99,29.8,19.2,2.6,20.86,0.0,20.86,6.13,SURPLUS,5.49,3.87,4.66,2.25
2024-01-13 09:00,1,9,5,weekend,505.7,51.13,27.6,25.7,2.1,10.44,8.66,19.1,32.03,SURPLUS,5.59,3.92,4.75,2.25
2024-01-13 10:00,1,10,5,weekend,677.2,68.66,40.0,24.0,2.8,11.58,0,11.58,57.09,SURPLUS,3.9,3.08,3.32,2.25
2024-01-13 11:00,1,11,5,weekend,743.5,75.39,31.5,23.7,2.1,11.39,0,11.39,64.0,SURPLUS,3.51,2.88,2.98,2.25
2024-01-13 12:00,1,12,5,weekend,824.9,83.59,38.1,25.2,4.3,13.0,0,13.0,70.6,SURPLUS,3.54,2.9,3.01,2.25
2024-01-13 13:00,1,13,5,weekend,852.6,86.13,28.6,25.9,2.4,12.85,0,12.85,73.28,SURPLUS,3.91,3.08,3.33,2.25
2024-01-13 14:00,1,14,5,weekend,691.9,69.63,20.9,26.9,3.0,10.14,0,10.14,59.49,SURPLUS,3.97,3.11,3.37,2.25
2024-01-13 15:00,1,15,5,weekend,636.0,64.49,47.4,24.6,3.5,12.47,0,12.47,52.02,SURPLUS,3.77,3.01,3.21,2.25
2024-01-13 16:00,1,16,5,weekend,326.9,33.15,13.2,24.8,2.9,11.85,0,11.85,21.29,SURPLUS,6.62,4.44,5.63,2.25
2024-01-13 17:00,1,17,5,weekend,190.8,19.35,36.8,23.2,1.7,19.09,0,19.09,0.26,BALANCED,6.7,4.47,5.69,2.25
2024-01-13 18:00,1,18,5,weekend,44.8,4.54,24.9,23.4,3.2,22.27,21.06,43.33,-38.79,DEFICIT,6.59,4.42,5.6,2.25
2024-01-13 19:00,1,19,5,weekend,0,0,28.8,22.3,2.6,32.34,14.25,46.59,-46.59,DEFICIT,6.99,4.62,5.94,2.25
2024-01-13 20:00,1,20,5,weekend,0,0,39.4,20.6,2.3,26.91,13.83,40.74,-40.74,DEFICIT,7.14,4.69,6.07,2.25
2024-01-13 21:00,1,21,5,weekend,0,0,28.1,16.2,2.1,23.51,6.27,29.78,-29.78,DEFICIT,7.27,4.76,6.18,2.25
2024-01-13 22:00,1,22,5,weekend,0,0,32.5,18.3,4.7,12.43,0.0,12.43,-12.43,DEFICIT,4.56,3.41,3.88,2.25
2024-01-13 23:00,1,23,5,weekend,0,0,35.0,18.2,2.6,11.4,0,11.4,-11.4,DEFICIT,4.51,3.38,3.83,2.25
2024-01-14 00:00,1,0,6,weekend,0,0,29.0,17.8,3.3,7.46,4.41,11.87,-11.87,DEFICIT,4.53,3.39,3.85,2.25
2024-01-14 01:00,1,1,6,weekend,0,0,26.7,19.5,2.7,6.24,3.98,10.21,-10.21,DEFICIT,4.42,3.33,3.76,2.25
2024-01-14 02:00,1,2,6,weekend,0,0,23.0,18.9,2.0,5.88,0.0,5.88,-5.88,DEFICIT,4.43,3.34,3.77,2.25
2024-01-14 03:00,1,3,6,weekend,0,0,36.9,16.8,2.8,5.07,2.38,7.44,-7.44,DEFICIT,4.82,3.54,4.1,2.25
2024-01-14 04:00,1,4,6,weekend,0,0,26.3,16.1,4.0,5,0.0,5.0,-5.0,BALANCED,5.04,3.64,4.28,2.25
2024-01-14 05:00,1,5,6,weekend,0,0,15.2,18.3,3.5,6.51,2.3,8.81,-8.81,DEFICIT,4.68,3.47,3.98,2.25
2024-01-14 06:00,1,6,6,weekend,31.8,3.22,23.4,16.1,3.0,14.84,0,14.84,-11.62,DEFICIT,5.88,4.07,5.0,2.25
2024-01-14 07:00,1,7,6,weekend,111.0,11.25,23.0,18.8,3.2,27.69,10.77,38.46,-27.21,DEFICIT,6.2,4.23,5.27,2.25
2024-01-14 08:00,1,8,6,weekend,227.6,23.08,33.2,20.3,2.5,17.55,3.42,20.97,2.1,BALANCED,5.84,4.05,4.97,2.25
2024-01-14 09:00,1,9,6,weekend,383.7,38.9,10.0,23.4,3.4,11.9,0.0,11.9,27.0,SURPLUS,6.06,4.16,5.15,2.25
2024-01-14 10:00,1,10,6,weekend,446.4,45.27,21.4,21.8,2.7,8.9,0,8.9,36.37,SURPLUS,3.75,3.0,3.19,2.25
2024-01-14 11:00,1,11,6,weekend,566.0,57.39,16.0,24.2,3.3,11.26,0,11.26,46.13,SURPLUS,4.16,3.21,3.54,2.25
2024-01-14 12:00,1,12,6,weekend,666.0,67.53,16.3,23.7,4.2,12.14,0,12.14,55.39,SURPLUS,3.45,2.85,2.93,2.25
2024-01-14 13:00,1,13,6,weekend,539.5,54.71,25.2,24.7,2.5,11.36,0,11.36,43.35,SURPLUS,3.96,3.1,3.36,2.25
2024-01-14 14:00,1,14,6,weekend,570.8,57.88,32.8,24.3,3.2,11.59,0,11.59,46.3,SURPLUS,4.01,3.13,3.41,2.25
2024-01-14 15:00,1,15,6,weekend,423.8,42.98,33.0,23.8,3.9,12.7,0,12.7,30.28,SURPLUS,3.72,2.98,3.16,2.25
2024-01-14 16:00,1,16,6,weekend,293.1,29.57,20.4,26.2,3.4,13.25,0,13.25,16.32,SURPLUS,7.07,4.66,6.01,2.25
2024-01-14 17:00,1,17,6,weekend,145.7,14.77,20.0,22.0,3.1,19.01,0,19.01,-4.24,BALANCED,6.42,4.33,5.46,2.25
2024-01-14 18:00,1,18,6,weekend,30.6,3.1,7.8,22.8,3.6,26.46,0.0,26.46,-23.36,DEFICIT,5.92,4.09,5.04,2.25
2024-01-14 19:00,1,19,6,weekend,0,0,26.2,19.5,3.8,30.14,14.31,44.45,-44.45,DEFICIT,6.63,4.44,5.64,2.25
2024-01-14 20:00,1,20,6,weekend,0,0,25.9,19.7,2.0,28.95,19.61,48.56,-48.56,DEFICIT,6.34,4.29,5.39,2.25
2024-01-14 21:00,1,21,6,weekend,0,0,24.0,22.5,1.9,19.84,7.18,27.01,-27.01,DEFICIT,6.58,4.41,5.59,2.25
2024-01-14 22:00,1,22,6,weekend,0,0,23.5,20.5,1.7,13.53,15.84,29.37,-29.37,DEFICIT,3.99,3.12,3.39,2.25
2024-01-14 23:00,1,23,6,weekend,0,0,19.5,19.9,1.9,10.35,0,10.35,-10.35,DEFICIT,4.89,3.57,4.15,2.25
2024-01-15 00:00,1,0,0,weekday,0,0,28.4,16.6,3.5,6.25,5.49,11.74,-11.74,DEFICIT,4.94,3.6,4.2,2.25
2024-01-15 01:00,1,1,0,weekday,0,0,17.9,18.0,2.5,6.3,2.5,8.79,-8.79,DEFICIT,4.13,3.19,3.51,2.25
2024-01-15 02:00,1,2,0,weekday,0,0,13.2,16.4,2.5,5,5.4,10.4,-10.4,DEFICIT,4.27,3.26,3.63,2.25
2024-01-15 03:00,1,3,0,weekday,0,0,38.7,17.4,2.9,5,4.46,9.46,-9.46,DEFICIT,4.66,3.46,3.96,2.25
2024-01-15 04:00,1,4,0,weekday,0,0,24.8,17.5,3.3,5,5.57,10.57,-10.57,DEFICIT,4.64,3.44,3.94,2.25
2024-01-15 05:00,1,5,0,weekday,0,0,25.9,15.2,1.0,5.32,4.0,9.32,-9.32,DEFICIT,4.57,3.41,3.89,2.25
2024-01-15 06:00,1,6,0,weekday,28.4,2.88,16.5,19.2,2.6,14.29,0,14.29,-11.42,DEFICIT,5.85,4.05,4.97,2.25
2024-01-15 07:00,1,7,0,weekday,97.4,9.88,31.7,17.9,5.0,21.73,21.49,43.21,-33.34,DEFICIT,5.54,3.89,4.71,2.25
2024-01-15 08:00,1,8,0,weekday,261.6,26.53,24.8,21.2,3.0,18.74,0.0,18.74,7.79,SURPLUS,5.4,3.82,4.59,2.25
2024-01-15 09:00,1,9,0,weekday,386.0,39.14,17.6,20.7,2.7,10.94,0.0,10.94,28.2,SURPLUS,5.91,4.08,5.02,2.25
2024-01-15 10:00,1,10,0,weekday,469.9,47.64,11.3,24.4,2.4,10.1,0,10.1,37.54,SURPLUS,3.88,3.06,3.3,2.25
2024-01-15 11:00,1,11,0,weekday,509.9,51.7,25.6,23.8,2.6,8.38,0,8.38,43.32,SURPLUS,3.88,3.07,3.3,2.25
2024-01-15 12:00,1,12,0,weekday,618.4,62.67,20.9,25.1,3.1,11.17,0,11.17,51.5,SURPLUS,4.01,3.13,3.41,2.25
2024-01-15 13:00,1,13,0,weekday,479.7,48.52,13.0,25.6,2.5,9.91,0,9.91,38.61,SURPLUS,3.5,2.88,2.98,2.25
2024-01-15 14:00,1,14,0,weekday,522.1,52.55,11.8,26.8,3.9,10.67,0,10.67,41.89,SURPLUS,3.41,2.83,2.9,2.25
2024-01-15 15:00,1,15,0,weekday,429.8,43.24,16.7,26.9,3.3,10.24,0,10.24,33.0,SURPLUS,3.85,3.05,3.28,2.25
2024-01-15 16:00,1,16,0,weekday,292.9,29.7,8.9,23.9,1.8,11.07,0,11.07,18.63,SURPLUS,6.52,4.39,5.54,2.25
2024-01-15 17:00,1,17,0,weekday,132.3,13.42,26.3,23.9,2.4,14.47,0,14.47,-1.05,BALANCED,7.05,4.65,6.0,2.25
2024-01-15 18:00,1,18,0,weekday,30.2,3.06,27.7,21.1,3.4,24.22,17.79,42.01,-38.95,DEFICIT,6.98,4.62,5.94,2.25
2024-01-15 19:00,1,19,0,weekday,0,0,21.6,19.0,3.9,28.09,0.0,28.09,-28.09,DEFICIT,6.88,4.57,5.85,2.25
2024-01-15 20:00,1,20,0,weekday,0,0,30.0,21.3,3.3,26.03,8.66,34.69,-34.69,DEFICIT,6.49,4.37,5.52,2.25
2024-01-15 21:00,1,21,0,weekday,0,0,7.4,20.5,2.4,19.85,8.19,28.04,-28.04,DEFICIT,6.72,4.49,5.71,2.25
2024-01-15 22:00,1,22,0,weekday,0,0,30.2,20.0,2.5,13.56,21.47,35.03,-35.03,DEFICIT,4.3,3.28,3.66,2.25
2024-01-15 23:00,1,23,0,weekday,0,0,17.2,18.8,3.5,8.85,0,8.85,-8.85,DEFICIT,4.25,3.25,3.61,2.25
2024-01-16 00:00,1,0,1,weekday,0,0,12.2,18.3,3.0,5.62,0.0,5.62,-5.62,DEFICIT,4.29,3.27,3.64,2.25
2024-01-16 01:00,1,1,1,weekday,0,0,26.5,17.4,3.2,5.89,4.02,9.91,-9.91,DEFICIT,4.61,3.43,3.92,2.25
2024-01-16 02:00,1,2,1,weekday,0,0,19.0,17.7,1.3,5,0.0,5.0,-5.0,BALANCED,4.91,3.58,4.18,2.25
2024-01-16 03:00,1,3,1,weekday,0,0,18.7,15.7,1.6,5,0.0,5.0,-5.0,BALANCED,4.83,3.54,4.1,2.25
2024-01-16 04:00,1,4,1,weekday,0,0,8.1,16.5,4.0,5,0.0,5.0,-5.0,BALANCED,4.86,3.55,4.13,2.25
2024-01-16 05:00,1,5,1,weekday,0,0,4.5,16.5,3.5,5,2.68,7.68,-7.68,DEFICIT,4.63,3.44,3.94,2.25
2024-01-16 06:00,1,6,1,weekday,21.4,2.17,17.9,17.8,2.4,15.74,0,15.74,-13.56,DEFICIT,5.54,3.9,4.71,2.25
2024-01-16 07:00,1,7,1,weekday,72.8,7.38,8.8,18.8,2.6,24.09,0.0,24.09,-16.72,DEFICIT,5.8,4.03,4.93,2.25
2024-01-16 08:00,1,8,1,weekday,143.4,14.54,17.5,21.8,2.1,14.03,0.0,14.03,0.51,BALANCED,5.66,3.96,4.81,2.25
2024-01-16 09:00,1,9,1,weekday,203.8,20.66,3.2,22.4,1.8,10.83,8.13,18.97,1.69,BALANCED,5.72,3.98,4.86,2.25
2024-01-16 10:00,1,10,1,weekday,328.0,33.26,2.0,23.9,1.7,10.29,0,10.29,22.96,SURPLUS,3.59,2.92,3.05,2.25
2024-01-16 11:00,1,11,1,weekday,320.1,32.46,17.8,22.5,1.4,8.47,0,8.47,23.99,SURPLUS,3.88,3.06,3.29,2.25
2024-01-16 12:00,1,12,1,weekday,399.4,40.13,13.2,27.3,2.8,8.76,0,8.76,31.36,SURPLUS,3.89,3.07,3.3,2.25
2024-01-16 13:00,1,13,1,weekday,360.5,36.06,12.2,28.4,2.5,10.23,0,10.23,25.82,SURPLUS,3.72,2.99,3.16,2.25
2024-01-16 14:00,1,14,1,weekday,370.5,37.09,26.6,28.2,3.8,7.46,0,7.46,29.62,SURPLUS,3.81,3.03,3.24,2.25
2024-01-16 15:00,1,15,1,weekday,260.8,26.45,4.3,23.7,5.6,10.44,0,10.44,16.0,SURPLUS,3.98,3.12,3.38,2.25
2024-01-16 16:00,1,16,1,weekday,198.8,20.05,14.7,26.3,5.5,12.01,0,12.01,8.04,SURPLUS,6.99,4.62,5.94,2.25
2024-01-16 17:00,1,17,1,weekday,86.3,8.73,3.6,25.9,3.4,16.95,0,16.95,-8.23,DEFICIT,7.19,4.72,6.11,2.25
2024-01-16 18:00,1,18,1,weekday,21.8,2.21,13.1,21.9,1.9,20.22,7.86,28.08,-25.87,DEFICIT,6.91,4.58,5.88,2.25
2024-01-16 19:00,1,19,1,weekday,0,0,17.4,21.6,3.1,24.15,11.1,35.25,-35.25,DEFICIT,6.6,4.42,5.61,2.25
2024-01-16 20:00,1,20,1,weekday,0,0,2.8,19.3,3.6,23.98,8.13,32.11,-32.11,DEFICIT,6.82,4.53,5.79,2.25
2024-01-16 21:00,1,21,1,weekday,0,0,18.0,20.3,2.4,17.73,19.51,37.24,-37.24,DEFICIT,6.99,4.62,5.94,2.25
2024-01-16 22:00,1,22,1,weekday,0,0,12.4,19.2,3.2,13.39,0.0,13.39,-13.39,DEFICIT,4.64,3.45,3.95,2.25
2024-01-16 23:00,1,23,1,weekday,0,0,19.8,19.9,4.1,10.54,0,10.54,-10.54,DEFICIT,4.3,3.27,3.65,2.25
2024-01-17 00:00,1,0,2,weekday,0,0,26.5,18.6,2.5,7.49,5.47,12.96,-12.96,DEFICIT,4.84,3.54,4.11,2.25
2024-01-17 01:00,1,1,2,weekday,0,0,27.0,17.4,2.7,5.59,4.83,10.42,-10.42,DEFICIT,4.29,3.27,3.64,2.25
2024-01-17 02:00,1,2,2,weekday,0,0,19.3,14.5,2.2,5,3.13,8.13,-8.13,DEFICIT,4.46,3.36,3.79,2.25
2024-01-17 03:00,1,3,2,weekday,0,0,28.7,19.7,3.7,5,0.0,5.0,-5.0,BALANCED,4.43,3.34,3.76,2.25
2024-01-17 04:00,1,4,2,weekday,0,0,24.0,16.1,2.7,5,5.11,10.11,-10.11,DEFICIT,4.7,3.48,4.0,2.25
2024-01-17 05:00,1,5,2,weekday,0,0,19.8,15.4,2.2,5,0.0,5.0,-5.0,BALANCED,4.71,3.48,4.01,2.25
2024-01-17 06:00,1,6,2,weekday,29.1,2.95,21.6,18.2,3.0,13.07,0,13.07,-10.12,DEFICIT,5.56,3.9,4.72,2.25
2024-01-17 07:00,1,7,2,weekday,95.0,9.64,27.2,17.2,3.7,21.38,0.0,21.38,-11.74,DEFICIT,5.67,3.96,4.82,2.25
2024-01-17 08:00,1,8,2,weekday,234.5,23.78,34.8,21.5,2.0,15.75,0.0,15.75,8.03,SURPLUS,5.11,3.68,4.35,2.25
2024-01-17 09:00,1,9,2,weekday,353.6,35.85,26.9,22.3,3.2,10.5,0.0,10.5,25.35,SURPLUS,5.77,4.01,4.91,2.25
2024-01-17 10:00,1,10,2,weekday,384.0,38.93,29.5,24.9,2.7,8.86,0,8.86,30.07,SURPLUS,4.15,3.2,3.53,2.25
2024-01-17 11:00,1,11,2,weekday,506.5,51.36,8.4,24.7,3.0,9.82,0,9.82,41.54,SURPLUS,3.85,3.05,3.27,2.25
2024-01-17 12:00,1,12,2,weekday,531.5,53.43,11.9,27.1,5.1,11.1,0,11.1,42.33,SURPLUS,3.78,3.02,3.22,2.25
2024-01-17 13:00,1,13,2,weekday,553.8,56.1,10.7,25.2,4.3,10.73,0,10.73,45.37,SURPLUS,3.57,2.91,3.04,2.25
2024-01-17 14:00,1,14,2,weekday,498.3,50.53,17.8,24.9,3.3,9.84,0,9.84,40.69,SURPLUS,3.37,2.81,2.86,2.25
2024-01-17 15:00,1,15,2,weekday,347.2,35.07,30.4,25.9,5.2,10.76,0,10.76,24.31,SURPLUS,3.81,3.03,3.24,2.25
2024-01-17 16:00,1,16,2,weekday,278.0,28.19,24.0,24.1,5.1,11.08,0,11.08,17.11,SURPLUS,6.17,4.21,5.25,2.25
2024-01-17 17:00,1,17,2,weekday,117.5,11.91,12.6,23.6,2.4,17.62,0,17.62,-5.71,DEFICIT,6.76,4.5,5.74,2.25
2024-01-17 18:00,1,18,2,weekday,26.6,2.69,24.5,23.5,1.1,22.76,6.73,29.49,-26.8,DEFICIT,6.71,4.48,5.7,2.25
2024-01-17 19:00,1,19,2,weekday,0,0,9.7,21.2,3.8,29.93,14.6,44.54,-44.54,DEFICIT,6.41,4.33,5.45,2.25
2024-01-17 20:00,1,20,2,weekday,0,0,22.7,20.0,3.1,27.13,19.14,46.27,-46.27,DEFICIT,6.81,4.53,5.79,2.25
2024-01-17 21:00,1,21,2,weekday,0,0,50.5,21.1,2.3,19.29,6.33,25.62,-25.62,DEFICIT,6.32,4.28,5.37,2.25
2024-01-17 22:00,1,22,2,weekday,0,0,22.3,19.5,1.7,12.93,0.0,12.93,-12.93,DEFICIT,4.94,3.59,4.2,2.25
2024-01-17 23:00,1,23,2,weekday,0,0,30.5,18.7,1.8,10.32,0,10.32,-10.32,DEFICIT,4.72,3.49,4.02,2.25
2024-01-18 00:00,1,0,3,weekday,0,0,53.4,19.9,3.8,6.64,0.0,6.64,-6.64,DEFICIT,4.37,3.31,3.72,2.25
2024-01-18 01:00,1,1,3,weekday,0,0,26.6,15.4,1.3,6.42,0.0,6.42,-6.42,DEFICIT,4.07,3.16,3.46,2.25
2024-01-18 02:00,1,2,3,weekday,0,0,19.7,17.1,3.5,5.49,0.0,5.49,-5.49,DEFICIT,4.67,3.46,3.97,2.25
2024-01-18 03:00,1,3,3,weekday,0,0,35.0,16.6,3.2,5,3.21,8.21,-8.21,DEFICIT,4.48,3.37,3.81,2.25
2024-01-18 04:00,1,4,3,weekday,0,0,32.2,17.1,4.1,5,0.0,5.0,-5.0,BALANCED,4.41,3.33,3.75,2.25
2024-01-18 05:00,1,5,3,weekday,0,0,31.8,16.4,1.9,6.09,3.18,9.27,-9.27,DEFICIT,4.49,3.37,3.81,2.25
2024-01-18 06:00,1,6,3,weekday,36.0,3.65,35.7,19.0,3.4,12.74,0,12.74,-9.09,DEFICIT,6.35,4.3,5.4,2.25
2024-01-18 07:00,1,7,3,weekday,129.3,13.11,28.6,18.9,2.8,22.03,0.0,22.03,-8.91,DEFICIT,5.74,4.0,4.88,2.25
2024-01-18 08:00,1,8,3,weekday,327.2,33.18,27.1,22.2,1.5,16.9,0.0,16.9,16.28,SURPLUS,6.23,4.24,5.29,2.25
2024-01-18 09:00,1,9,3,weekday,435.5,44.16,27.5,22.6,2.9,9.99,0.0,9.99,34.17,SURPLUS,5.51,3.88,4.68,2.25
2024-01-18 10:00,1,10,3,weekday,583.7,59.19,17.2,22.0,2.7,11.12,0,11.12,48.07,SURPLUS,3.91,3.08,3.32,2.25
2024-01-18 11:00,1,11,3,weekday,639.3,64.69,20.6,25.5,4.0,10.87,0,10.87,53.81,SURPLUS,3.93,3.09,3.34,2.25
2024-01-18 12:00,1,12,3,weekday,648.5,65.28,27.9,26.8,4.0,11.96,0,11.96,53.32,SURPLUS,3.93,3.09,3.34,2.25
2024-01-18 13:00,1,13,3,weekday,610.1,61.13,27.8,27.9,3.7,10.83,0,10.83,50.3,SURPLUS,3.89,3.07,3.31,2.25
2024-01-18 14:00,1,14,3,weekday,601.5,60.63,24.1,26.5,2.8,8.92,0,8.92,51.71,SURPLUS,3.71,2.98,3.16,2.25
2024-01-18 15:00,1,15,3,weekday,485.5,49.19,24.7,25.2,3.3,10.75,0,10.75,38.44,SURPLUS,3.99,3.12,3.4,2.25
2024-01-18 16:00,1,16,3,weekday,360.7,36.57,23.7,22.6,3.9,10.05,0,10.05,26.52,SURPLUS,7.32,4.79,6.22,2.25
2024-01-18 17:00,1,17,3,weekday,150.9,15.3,33.3,22.5,1.0,16.45,0,16.45,-1.16,BALANCED,6.5,4.38,5.53,2.25
2024-01-18 18:00,1,18,3,weekday,34.6,3.5,31.9,22.8,3.1,27.59,11.64,39.23,-35.73,DEFICIT,7.17,4.71,6.09,2.25
2024-01-18 19:00,1,19,3,weekday,0,0,31.4,21.1,0,28.07,6.97,35.03,-35.03,DEFICIT,6.78,4.51,5.76,2.25
2024-01-18 20:00,1,20,3,weekday,0,0,11.8,21.6,5.3,26.96,8.67,35.62,-35.62,DEFICIT,7.1,4.67,6.03,2.25
2024-01-18 21:00,1,21,3,weekday,0,0,50.8,19.5,1.8,19.43,19.87,39.3,-39.3,DEFICIT,7.0,4.62,5.95,2.25
2024-01-18 22:00,1,22,3,weekday,0,0,11.3,18.1,4.0,13.79,8.6,22.39,-22.39,DEFICIT,4.84,3.54,4.11,2.25
2024-01-18 23:00,1,23,3,weekday,0,0,34.9,22.8,2.2,9.0,0,9.0,-9.0,DEFICIT,4.82,3.54,4.1,2.25
2024-01-19 00:00,1,0,4,weekday,0,0,33.6,18.8,3.8,8.21,0.0,8.21,-8.21,DEFICIT,4.5,3.38,3.83,2.25
2024-01-19 01:00,1,1,4,weekday,0,0,35.9,17.2,3.3,5,0.0,5.0,-5.0,BALANCED,3.93,3.09,3.34,2.25
2024-01-19 02:00,1,2,4,weekday,0,0,34.1,15.5,1.3,5.62,4.57,10.19,-10.19,DEFICIT,3.91,3.08,3.33,2.25
2024-01-19 03:00,1,3,4,weekday,0,0,22.7,15.7,2.4,5,0.0,5.0,-5.0,BALANCED,4.1,3.18,3.49,2.25
2024-01-19 04:00,1,4,4,weekday,0,0,24.8,17.3,2.9,5,2.88,7.88,-7.88,DEFICIT,4.13,3.19,3.51,2.25
2024-01-19 05:00,1,5,4,weekday,0,0,29.1,15.9,2.4,6.14,0.0,6.14,-6.14,DEFICIT,4.97,3.61,4.22,2.25
2024-01-19 06:00,1,6,4,weekday,39.1,3.97,21.9,15.1,2.9,12.87,0,12.87,-8.91,DEFICIT,5.91,4.08,5.02,2.25
2024-01-19 07:00,1,7,4,weekday,149.6,15.17,18.6,19.9,2.6,19.41,8.77,28.18,-13.01,DEFICIT,5.79,4.02,4.92,2.25
2024-01-19 08:00,1,8,4,weekday,279.4,28.34,28.3,21.6,3.1,15.65,6.74,22.39,5.94,SURPLUS,5.78,4.01,4.91,2.25
2024-01-19 09:00,1,9,4,weekday,480.6,48.73,31.4,23.3,2.8,10.77,13.35,24.12,24.61,SURPLUS,5.64,3.95,4.8,2.25
2024-01-19 10:00,1,10,4,weekday,623.8,63.25,37.3,20.5,2.3,10.13,0,10.13,53.12,SURPLUS,4.05,3.15,3.44,2.25
2024-01-19 11:00,1,11,4,weekday,629.7,63.85,22.5,22.0,2.9,10.42,0,10.42,53.44,SURPLUS,3.82,3.04,3.25,2.25
2024-01-19 12:00,1,12,4,weekday,765.9,77.24,29.6,26.4,4.1,11.34,0,11.34,65.9,SURPLUS,3.94,3.09,3.35,2.25
2024-01-19 13:00,1,13,4,weekday,719.6,71.83,37.5,28.9,4.2,10.08,0,10.08,61.76,SURPLUS,4.43,3.34,3.77,2.25
2024-01-19 14:00,1,14,4,weekday,630.8,63.77,20.7,25.8,2.6,8.34,0,8.34,55.43,SURPLUS,3.71,2.98,3.15,2.25
2024-01-19 15:00,1,15,4,weekday,513.4,52.06,47.7,23.7,2.3,10.9,0,10.9,41.15,SURPLUS,4.13,3.19,3.51,2.25
2024-01-19 16:00,1,16,4,weekday,335.9,34.06,23.1,24.0,4.2,12.77,0,12.77,21.29,SURPLUS,6.47,4.36,5.5,2.25
2024-01-19 17:00,1,17,4,weekday,167.0,16.94,29.1,23.8,4.1,17.68,0,17.68,-0.75,BALANCED,6.56,4.4,5.57,2.25
2024-01-19 18:00,1,18,4,weekday,36.5,3.71,32.0,23.0,1.4,18.04,20.28,38.32,-34.61,DEFICIT,6.69,4.47,5.69,2.25
2024-01-19 19:00,1,19,4,weekday,0,0,20.0,22.6,2.9,29.68,7.54,37.22,-37.22,DEFICIT,7.0,4.63,5.95,2.25
2024-01-19 20:00,1,20,4,weekday,0,0,35.2,19.5,3.6,24.89,13.49,38.38,-38.38,DEFICIT,6.79,4.52,5.77,2.25
2024-01-19 21:00,1,21,4,weekday,0,0,31.9,20.2,1.6,20.28,21.68,41.96,-41.96,DEFICIT,6.94,4.6,5.9,2.25
2024-01-19 22:00,1,22,4,weekday,0,0,26.3,17.6,3.6,11.34,21.62,32.96,-32.96,DEFICIT,4.23,3.24,3.59,2.25
2024-01-19 23:00,1,23,4,weekday,0,0,26.5,15.5,2.5,9.11,0,9.11,-9.11,DEFICIT,4.79,3.52,4.07,2.25
2024-01-20 00:00,1,0,5,weekend,0,0,19.9,17.9,2.4,5.74,0.0,5.74,-5.74,DEFICIT,4.13,3.19,3.51,2.25
2024-01-20 01:00,1,1,5,weekend,0,0,23.7,17.7,4.9,6.01,0.0,6.01,-6.01,DEFICIT,3.71,2.98,3.15,2.25
2024-01-20 02:00,1,2,5,weekend,0,0,3.4,19.3,3.9,5,3.22,8.22,-8.22,DEFICIT,4.09,3.17,3.48,2.25
2024-01-20 03:00,1,3,5,weekend,0,0,14.2,16.3,3.7,5,5.1,10.1,-10.1,DEFICIT,3.84,3.04,3.26,2.25
2024-01-20 04:00,1,4,5,weekend,0,0,41.0,16.1,2.9,5,0.0,5.0,-5.0,BALANCED,4.23,3.24,3.59,2.25
2024-01-20 05:00,1,5,5,weekend,0,0,37.2,17.9,2.9,5,0.0,5.0,-5.0,BALANCED,4.7,3.47,3.99,2.25
2024-01-20 06:00,1,6,5,weekend,36.6,3.71,24.4,16.4,2.1,17.87,0,17.87,-14.16,DEFICIT,5.39,3.82,4.58,2.25
2024-01-20 07:00,1,7,5,weekend,128.1,12.99,27.5,20.4,3.5,25.65,7.2,32.85,-19.86,DEFICIT,6.01,4.13,5.11,2.25
2024-01-20 08:00,1,8,5,weekend,255.6,25.91,39.2,20.9,4.3,16.64,0.0,16.64,9.27,SURPLUS,5.87,4.06,4.99,2.25
2024-01-20 09:00,1,9,5,weekend,381.6,38.7,12.8,23.8,1.9,9.31,0.0,9.31,29.39,SURPLUS,6.12,4.19,5.2,2.25
2024-01-20 10:00,1,10,5,weekend,542.1,54.97,20.4,23.7,1.8,11.59,0,11.59,43.39,SURPLUS,3.88,3.06,3.3,2.25
2024-01-20 11:00,1,11,5,weekend,681.5,69.02,14.3,25.3,2.9,8.64,0,8.64,60.38,SURPLUS,3.96,3.1,3.36,2.25
2024-01-20 12:00,1,12,5,weekend,643.6,65.03,31.8,25.9,2.8,12.32,0,12.32,52.71,SURPLUS,4.17,3.21,3.54,2.25
2024-01-20 13:00,1,13,5,weekend,581.0,58.52,27.0,26.7,4.3,9.8,0,9.8,48.73,SURPLUS,3.8,3.03,3.23,2.25
2024-01-20 14:00,1,14,5,weekend,629.0,62.96,19.9,28.2,3.1,12.8,0,12.8,50.16,SURPLUS,3.37,2.81,2.87,2.25
2024-01-20 15:00,1,15,5,weekend,456.5,46.11,27.4,26.0,2.5,12.87,0,12.87,33.24,SURPLUS,4.07,3.16,3.46,2.25
2024-01-20 16:00,1,16,5,weekend,363.3,36.84,22.2,23.5,4.4,16.42,0,16.42,20.42,SURPLUS,6.8,4.52,5.78,2.25
2024-01-20 17:00,1,17,5,weekend,136.1,13.8,33.7,23.4,3.3,20.59,0,20.59,-6.79,DEFICIT,7.38,4.81,6.27,2.25
2024-01-20 18:00,1,18,5,weekend,34.0,3.45,16.4,20.8,2.7,28.92,0.0,28.92,-25.47,DEFICIT,7.24,4.75,6.16,2.25
2024-01-20 19:00,1,19,5,weekend,0,0,24.4,20.7,2.9,33.45,6.89,40.34,-40.34,DEFICIT,7.28,4.76,6.19,2.25
2024-01-20 20:00,1,20,5,weekend,0,0,22.2,20.6,3.9,26.97,20.85,47.82,-47.82,DEFICIT,7.0,4.62,5.95,2.25
2024-01-20 21:00,1,21,5,weekend,0,0,30.0,18.4,3.5,18.62,0.0,18.62,-18.62,DEFICIT,6.75,4.5,5.73,2.25
2024-01-20 22:00,1,22,5,weekend,0,0,28.5,23.1,3.3,13.76,14.28,28.05,-28.05,DEFICIT,4.58,3.42,3.9,2.25
2024-01-20 23:00,1,23,5,weekend,0,0,40.0,19.0,2.7,11.35,0,11.35,-11.35,DEFICIT,4.32,3.29,3.67,2.25
2024-01-21 00:00,1,0,6,weekend,0,0,22.6,15.1,3.2,7.88,4.41,12.29,-12.29,DEFICIT,3.86,3.05,3.28,2.25
2024-01-21 01:00,1,1,6,weekend,0,0,12.4,16.7,1.3,5,5.27,10.27,-10.27,DEFICIT,4.1,3.17,3.48,2.25
2024-01-21 02:00,1,2,6,weekend,0,0,1.5,18.6,1.5,5.76,0.0,5.76,-5.76,DEFICIT,4.25,3.25,3.61,2.25
2024-01-21 03:00,1,3,6,weekend,0,0,17.0,15.6,3.5,5,5.06,10.06,-10.06,DEFICIT,4.83,3.54,4.11,2.25
2024-01-21 04:00,1,4,6,weekend,0,0,25.5,13.9,3.1,5,0.0,5.0,-5.0,BALANCED,4.67,3.46,3.97,2.25
2024-01-21 05:00,1,5,6,weekend,0,0,17.1,18.5,2.9,6.61,3.57,10.18,-10.18,DEFICIT,4.72,3.48,4.01,2.25
2024-01-21 06:00,1,6,6,weekend,28.1,2.85,17.2,16.3,3.0,17.36,0,17.36,-14.52,DEFICIT,5.54,3.89,4.71,2.25
2024-01-21 07:00,1,7,6,weekend,98.0,9.94,15.6,18.0,2.9,24.26,14.76,39.02,-29.08,DEFICIT,5.28,3.77,4.49,2.25
2024-01-21 08:00,1,8,6,weekend,243.4,24.68,42.1,23.4,1.5,23.1,8.81,31.9,-7.22,DEFICIT,5.92,4.09,5.03,2.25
2024-01-21 09:00,1,9,6,weekend,329.6,33.42,25.3,23.4,3.5,12.26,0.0,12.26,21.16,SURPLUS,5.73,3.99,4.87,2.25
2024-01-21 10:00,1,10,6,weekend,522.7,53.0,33.7,24.4,1.4,10.93,0,10.93,42.07,SURPLUS,4.15,3.2,3.53,2.25
2024-01-21 11:00,1,11,6,weekend,575.2,58.33,15.8,23.2,3.6,10.58,0,10.58,47.75,SURPLUS,3.99,3.12,3.4,2.25
2024-01-21 12:00,1,12,6,weekend,598.3,60.67,22.8,25.0,2.6,14.45,0,14.45,46.21,SURPLUS,3.96,3.11,3.37,2.25
2024-01-21 13:00,1,13,6,weekend,624.2,63.3,17.5,24.9,3.1,10.72,0,10.72,52.58,SURPLUS,4.0,3.13,3.4,2.25
2024-01-21 14:00,1,14,6,weekend,512.2,51.85,19.2,25.4,3.7,9.99,0,9.99,41.85,SURPLUS,3.68,2.96,3.13,2.25
2024-01-21 15:00,1,15,6,weekend,432.1,43.81,17.7,24.6,5.8,9.24,0,9.24,34.57,SURPLUS,3.44,2.85,2.93,2.25
2024-01-21 16:00,1,16,6,weekend,304.2,30.84,25.8,24.1,5.4,12.9,0,12.9,17.94,SURPLUS,6.62,4.44,5.63,2.25
2024-01-21 17:00,1,17,6,weekend,134.3,13.62,17.6,23.6,2.7,16.07,0,16.07,-2.45,BALANCED,6.94,4.59,5.9,2.25
2024-01-21 18:00,1,18,6,weekend,31.5,3.2,20.0,22.0,3.2,24.83,0.0,24.83,-21.64,DEFICIT,6.94,4.59,5.9,2.25
2024-01-21 19:00,1,19,6,weekend,0,0,25.3,21.4,2.6,33.38,0.0,33.38,-33.38,DEFICIT,7.02,4.63,5.96,2.25
2024-01-21 20:00,1,20,6,weekend,0,0,24.7,19.3,2.4,24.1,15.63,39.73,-39.73,DEFICIT,7.09,4.67,6.03,2.25
2024-01-21 21:00,1,21,6,weekend,0,0,15.1,20.8,1.9,17.58,0.0,17.58,-17.58,DEFICIT,7.11,4.68,6.05,2.25
2024-01-21 22:00,1,22,6,weekend,0,0,14.8,19.6,1.7,13.75,7.47,21.21,-21.21,DEFICIT,4.35,3.3,3.7,2.25
2024-01-21 23:00,1,23,6,weekend,0,0,7.2,19.2,2.3,10.34,0,10.34,-10.34,DEFICIT,4.18,3.22,3.55,2.25
2024-01-22 00:00,1,0,0,weekday,0,0,30.9,18.4,3.0,6.01,0.0,6.01,-6.01,DEFICIT,4.34,3.3,3.69,2.25
2024-01-22 01:00,1,1,0,weekday,0,0,33.4,19.8,3.8,5,5.56,10.56,-10.56,DEFICIT,4.4,3.33,3.74,2.25
2024-01-22 02:00,1,2,0,weekday,0,0,31.6,18.8,3.1,5.22,3.59,8.81,-8.81,DEFICIT,4.56,3.41,3.88,2.25
2024-01-22 03:00,1,3,0,weekday,0,0,38.0,18.9,2.9,5,0.0,5.0,-5.0,BALANCED,4.64,3.44,3.94,2.25
2024-01-22 04:00,1,4,0,weekday,0,0,17.3,17.7,3.2,5,2.74,7.74,-7.74,DEFICIT,4.41,3.33,3.75,2.25
2024-01-22 05:00,1,5,0,weekday,0,0,39.6,13.6,2.7,5.9,4.9,10.8,-10.8,DEFICIT,4.18,3.22,3.55,2.25
2024-01-22 06:00,1,6,0,weekday,30.1,3.05,33.1,19.5,4.6,16.04,0,16.04,-12.99,DEFICIT,5.97,4.11,5.07,2.25
2024-01-22 07:00,1,7,0,weekday,131.0,13.28,17.3,16.9,2.6,18.99,18.6,37.59,-24.31,DEFICIT,5.34,3.8,4.54,2.25
2024-01-22 08:00,1,8,0,weekday,231.9,23.52,16.3,22.5,3.5,14.95,8.34,23.29,0.23,BALANCED,5.72,3.99,4.86,2.25
2024-01-22 09:00,1,9,0,weekday,399.6,40.52,32.0,22.1,2.5,9.19,0.0,9.19,31.33,SURPLUS,5.67,3.96,4.82,2.25
2024-01-22 10:00,1,10,0,weekday,496.7,50.37,23.3,20.9,3.8,10.18,0,10.18,40.19,SURPLUS,3.8,3.03,3.23,2.25
2024-01-22 11:00,1,11,0,weekday,671.8,68.12,18.0,23.5,3.3,8.38,0,8.38,59.74,SURPLUS,3.9,3.08,3.32,2.25
2024-01-22 12:00,1,12,0,weekday,678.7,68.82,21.4,24.7,4.5,9.03,0,9.03,59.79,SURPLUS,3.88,3.07,3.3,2.25
2024-01-22 13:00,1,13,0,weekday,631.2,64.01,25.4,24.6,3.7,10.14,0,10.14,53.86,SURPLUS,3.87,3.06,3.29,2.25
2024-01-22 14:00,1,14,0,weekday,620.8,62.88,28.4,25.3,1.7,9.83,0,9.83,53.05,SURPLUS,3.24,2.74,2.75,2.25
2024-01-22 15:00,1,15,0,weekday,464.4,47.09,26.4,25.0,2.0,10.23,0,10.23,36.86,SURPLUS,4.05,3.15,3.44,2.25
2024-01-22 16:00,1,16,0,weekday,321.2,32.57,25.0,24.7,4.5,12.97,0,12.97,19.6,SURPLUS,6.61,4.43,5.62,2.25
2024-01-22 17:00,1,17,0,weekday,142.7,14.47,24.8,22.7,1.9,12.63,0,12.63,1.83,BALANCED,6.73,4.49,5.72,2.25
2024-01-22 18:00,1,18,0,weekday,34.7,3.52,33.8,22.5,1.8,21.65,18.88,40.54,-37.02,DEFICIT,6.58,4.42,5.6,2.25
2024-01-22 19:00,1,19,0,weekday,0,0,37.2,22.4,3.5,29.37,17.02,46.39,-46.39,DEFICIT,6.8,4.53,5.78,2.25
2024-01-22 20:00,1,20,0,weekday,0,0,30.3,19.7,3.5,22.47,12.18,34.64,-34.64,DEFICIT,6.65,4.45,5.65,2.25
2024-01-22 21:00,1,21,0,weekday,0,0,34.8,19.1,2.5,15.64,12.19,27.82,-27.82,DEFICIT,6.94,4.59,5.9,2.25
2024-01-22 22:00,1,22,0,weekday,0,0,37.0,16.3,3.4,11.9,16.03,27.93,-27.93,DEFICIT,4.2,3.22,3.57,2.25
2024-01-22 23:00,1,23,0,weekday,0,0,28.3,17.8,2.8,9.29,0,9.29,-9.29,DEFICIT,4.12,3.19,3.5,2.25
2024-01-23 00:00,1,0,1,weekday,0,0,31.6,19.0,2.2,7.58,0.0,7.58,-7.58,DEFICIT,4.25,3.25,3.62,2.25
2024-01-23 01:00,1,1,1,weekday,0,0,24.9,18.7,1.5,5,3.57,8.57,-8.57,DEFICIT,4.14,3.2,3.52,2.25
2024-01-23 02:00,1,2,1,weekday,0,0,19.3,15.7,3.6,5,0.0,5.0,-5.0,BALANCED,4.71,3.48,4.0,2.25
2024-01-23 03:00,1,3,1,weekday,0,0,9.2,14.2,1.3,5,4.59,9.59,-9.59,DEFICIT,4.89,3.57,4.16,2.25
2024-01-23 04:00,1,4,1,weekday,0,0,22.6,15.7,3.9,5,0.0,5.0,-5.0,BALANCED,4.77,3.51,4.05,2.25
2024-01-23 05:00,1,5,1,weekday,0,0,2.9,14.5,1.6,5.35,4.59,9.94,-9.94,DEFICIT,4.53,3.39,3.85,2.25
2024-01-23 06:00,1,6,1,weekday,21.2,2.15,7.9,14.6,2.5,12.63,0,12.63,-10.48,DEFICIT,6.09,4.17,5.18,2.25
2024-01-23 07:00,1,7,1,weekday,79.9,8.1,11.6,20.3,3.2,20.22,8.84,29.05,-20.96,DEFICIT,5.7,3.98,4.85,2.25
2024-01-23 08:00,1,8,1,weekday,171.2,17.36,12.7,20.7,2.7,17.3,0.0,17.3,0.05,BALANCED,5.66,3.95,4.81,2.25
2024-01-23 09:00,1,9,1,weekday,309.3,31.36,20.4,24.9,4.1,12.04,0.0,12.04,19.33,SURPLUS,5.6,3.92,4.76,2.25
2024-01-23 10:00,1,10,1,weekday,360.4,36.55,3.4,23.8,2.5,10.75,0,10.75,25.8,SURPLUS,4.07,3.16,3.46,2.25
2024-01-23 11:00,1,11,1,weekday,419.4,41.99,11.6,28.1,2.4,10.5,0,10.5,31.49,SURPLUS,4.03,3.14,3.42,2.25
2024-01-23 12:00,1,12,1,weekday,474.9,48.15,7.9,23.3,4.6,9.27,0,9.27,38.89,SURPLUS,4.2,3.22,3.57,2.25
2024-01-23 13:00,1,13,1,weekday,419.3,42.52,6.7,24.2,2.1,9.8,0,9.8,32.72,SURPLUS,3.93,3.09,3.34,2.25
2024-01-23 14:00,1,14,1,weekday,308.5,31.17,22.2,25.9,3.1,8.85,0,8.85,22.32,SURPLUS,3.97,3.11,3.37,2.25
2024-01-23 15:00,1,15,1,weekday,333.4,33.8,23.3,24.6,2.9,10.02,0,10.02,23.79,SURPLUS,3.6,2.93,3.06,2.25
2024-01-23 16:00,1,16,1,weekday,206.1,20.9,28.4,23.6,3.7,12.66,0,12.66,8.24,SURPLUS,6.76,4.5,5.74,2.25
2024-01-23 17:00,1,17,1,weekday,106.4,10.76,12.9,25.6,2.3,14.52,0,14.52,-3.76,BALANCED,6.55,4.4,5.56,2.25
2024-01-23 18:00,1,18,1,weekday,22.8,2.32,10.6,22.5,2.9,24.25,0.0,24.25,-21.94,DEFICIT,7.0,4.63,5.95,2.25
2024-01-23 19:00,1,19,1,weekday,0,0,13.1,22.8,3.2,29.8,14.97,44.77,-44.77,DEFICIT,6.5,4.38,5.53,2.25
2024-01-23 20:00,1,20,1,weekday,0,0,32.3,20.7,0.1,22.61,0.0,22.61,-22.61,DEFICIT,6.67,4.46,5.67,2.25
2024-01-23 21:00,1,21,1,weekday,0,0,8.0,20.6,1.4,18.82,15.2,34.01,-34.01,DEFICIT,6.89,4.57,5.85,2.25
2024-01-23 22:00,1,22,1,weekday,0,0,15.4,19.4,2.7,15.58,0.0,15.58,-15.58,DEFICIT,4.63,3.44,3.93,2.25
2024-01-23 23:00,1,23,1,weekday,0,0,22.0,17.4,2.0,11.33,0,11.33,-11.33,DEFICIT,4.67,3.46,3.97,2.25
2024-01-24 00:00,1,0,2,weekday,0,0,35.0,19.9,2.6,7.52,0.0,7.52,-7.52,DEFICIT,4.4,3.32,3.74,2.25
2024-01-24 01:00,1,1,2,weekday,0,0,41.4,18.2,3.1,6.17,0.0,6.17,-6.17,DEFICIT,4.79,3.52,4.07,2.25
2024-01-24 02:00,1,2,2,weekday,0,0,30.0,14.5,1.9,5,0.0,5.0,-5.0,BALANCED,4.39,3.32,3.73,2.25
2024-01-24 03:00,1,3,2,weekday,0,0,28.2,16.6,3.2,5,4.05,9.05,-9.05,DEFICIT,4.31,3.28,3.66,2.25
2024-01-24 04:00,1,4,2,weekday,0,0,30.0,16.0,3.6,5,0.0,5.0,-5.0,BALANCED,4.27,3.26,3.63,2.25
2024-01-24 05:00,1,5,2,weekday,0,0,31.0,16.8,2.7,5.18,0.0,5.18,-5.18,DEFICIT,5.12,3.68,4.35,2.25
2024-01-24 06:00,1,6,2,weekday,40.5,4.11,36.4,19.8,2.7,15.36,0,15.36,-11.26,DEFICIT,5.83,4.04,4.96,2.25
2024-01-24 07:00,1,7,2,weekday,123.4,12.51,34.9,17.5,1.8,20.54,0.0,20.54,-8.03,DEFICIT,5.97,4.11,5.07,2.25
2024-01-24 08:00,1,8,2,weekday,242.3,24.57,38.5,20.1,2.3,19.32,10.67,30.0,-5.42,DEFICIT,6.41,4.33,5.45,2.25
2024-01-24 09:00,1,9,2,weekday,439.6,44.58,29.5,22.5,2.1,10.27,0.0,10.27,34.31,SURPLUS,5.79,4.02,4.92,2.25
2024-01-24 10:00,1,10,2,weekday,483.4,49.02,34.5,22.3,2.2,8.5,0,8.5,40.51,SURPLUS,3.91,3.08,3.33,2.25
2024-01-24 11:00,1,11,2,weekday,722.5,73.26,23.1,24.7,3.4,10.93,0,10.93,62.33,SURPLUS,4.15,3.2,3.53,2.25
2024-01-24 12:00,1,12,2,weekday,655.7,65.26,17.0,29.6,2.2,11.07,0,11.07,54.2,SURPLUS,3.77,3.01,3.21,2.25
2024-01-24 13:00,1,13,2,weekday,732.5,73.48,35.1,27.7,2.5,10.28,0,10.28,63.21,SURPLUS,4.1,3.18,3.49,2.25
2024-01-24 14:00,1,14,2,weekday,666.3,66.78,34.2,27.9,4.0,8.92,0,8.92,57.86,SURPLUS,3.4,2.83,2.89,2.25
2024-01-24 15:00,1,15,2,weekday,503.6,51.06,37.6,25.0,2.5,9.81,0,9.81,41.24,SURPLUS,3.67,2.96,3.12,2.25
2024-01-24 16:00,1,16,2,weekday,363.3,36.72,27.8,25.8,3.6,14.03,0,14.03,22.68,SURPLUS,6.27,4.26,5.33,2.25
2024-01-24 17:00,1,17,2,weekday,174.7,17.7,37.4,25.3,3.4,14.86,0,14.86,2.83,BALANCED,6.64,4.44,5.64,2.25
2024-01-24 18:00,1,18,2,weekday,39.5,4.0,26.1,21.3,1.6,20.1,10.4,30.5,-26.5,DEFICIT,6.96,4.61,5.92,2.25
2024-01-24 19:00,1,19,2,weekday,0,0,21.4,23.5,1.9,30.92,0.0,30.92,-30.92,DEFICIT,6.43,4.34,5.47,2.25
2024-01-24 20:00,1,20,2,weekday,0,0,23.9,17.9,2.9,24.81,16.98,41.79,-41.79,DEFICIT,7.14,4.69,6.07,2.25
2024-01-24 21:00,1,21,2,weekday,0,0,31.6,19.7,2.0,19.34,12.47,31.81,-31.81,DEFICIT,7.31,4.78,6.21,2.25
2024-01-24 22:00,1,22,2,weekday,0,0,30.4,18.5,2.7,13.57,10.16,23.74,-23.74,DEFICIT,4.64,3.45,3.95,2.25
2024-01-24 23:00,1,23,2,weekday,0,0,35.3,16.8,3.6,8.84,0,8.84,-8.84,DEFICIT,4.56,3.41,3.88,2.25
2024-01-25 00:00,1,0,3,weekday,0,0,49.9,17.5,2.5,6.08,0.0,6.08,-6.08,DEFICIT,4.53,3.39,3.85,2.25
2024-01-25 01:00,1,1,3,weekday,0,0,43.3,17.8,2.9,6.16,3.46,9.62,-9.62,DEFICIT,5.04,3.64,4.28,2.25
2024-01-25 02:00,1,2,3,weekday,0,0,48.3,15.7,3.1,5.85,5.02,10.87,-10.87,DEFICIT,4.98,3.61,4.23,2.25
2024-01-25 03:00,1,3,3,weekday,0,0,47.1,16.5,3.3,5,4.16,9.16,-9.16,DEFICIT,4.6,3.42,3.91,2.25
2024-01-25 04:00,1,4,3,weekday,0,0,36.9,16.1,4.9,5,3.8,8.8,-8.8,DEFICIT,4.8,3.53,4.08,2.25
2024-01-25 05:00,1,5,3,weekday,0,0,38.3,14.7,2.4,5.37,0.0,5.37,-5.37,DEFICIT,4.26,3.25,3.62,2.25
2024-01-25 06:00,1,6,3,weekday,45.4,4.6,37.5,18.2,1.6,13.14,0,13.14,-8.54,DEFICIT,5.64,3.94,4.79,2.25
2024-01-25 07:00,1,7,3,weekday,152.9,15.5,37.1,18.8,2.4,18.09,0.0,18.09,-2.59,BALANCED,5.61,3.93,4.77,2.25
2024-01-25 08:00,1,8,3,weekday,358.1,36.31,41.4,22.1,3.4,17.56,0.0,17.56,18.75,SURPLUS,5.79,4.02,4.92,2.25
2024-01-25 09:00,1,9,3,weekday,556.4,56.42,30.9,24.2,2.7,10.66,10.59,21.25,35.16,SURPLUS,5.89,4.07,5.0,2.25
2024-01-25 10:00,1,10,3,weekday,788.5,79.95,35.3,21.5,3.0,10.35,0,10.35,69.61,SURPLUS,4.05,3.15,3.44,2.25
2024-01-25 11:00,1,11,3,weekday,909.7,92.24,22.6,24.4,2.3,9.36,0,9.36,82.88,SURPLUS,3.53,2.89,3.0,2.25
2024-01-25 12:00,1,12,3,weekday,761.5,77.21,32.0,24.7,3.0,11.14,0,11.14,66.07,SURPLUS,4.16,3.21,3.54,2.25
2024-01-25 13:00,1,13,3,weekday,876.4,87.94,27.1,27.6,4.0,8.97,0,8.97,78.97,SURPLUS,4.08,3.17,3.47,2.25
2024-01-25 14:00,1,14,3,weekday,864.7,87.68,24.1,23.7,1.8,9.09,0,9.09,78.59,SURPLUS,4.17,3.21,3.54,2.25
2024-01-25 15:00,1,15,3,weekday,632.2,63.53,27.9,27.2,5.6,10.22,0,10.22,53.31,SURPLUS,3.66,2.96,3.11,2.25
2024-01-25 16:00,1,16,3,weekday,379.5,38.48,41.5,22.0,3.0,10.87,0,10.87,27.61,SURPLUS,7.12,4.68,6.05,2.25
2024-01-25 17:00,1,17,3,weekday,194.0,19.67,26.3,23.9,3.4,12.8,0,12.8,6.87,SURPLUS,7.0,4.63,5.95,2.25
2024-01-25 18:00,1,18,3,weekday,41.6,4.22,36.5,21.2,3.0,17.84,0.0,17.84,-13.62,DEFICIT,7.02,4.63,5.97,2.25
2024-01-25 19:00,1,19,3,weekday,0,0,41.8,20.1,4.0,27.72,0.0,27.72,-27.72,DEFICIT,6.42,4.33,5.46,2.25
2024-01-25 20:00,1,20,3,weekday,0,0,40.9,19.5,3.1,21.83,0.0,21.83,-21.83,DEFICIT,6.67,4.46,5.67,2.25
2024-01-25 21:00,1,21,3,weekday,0,0,42.2,18.8,2.1,17.79,19.3,37.1,-37.1,DEFICIT,6.98,4.62,5.93,2.25
2024-01-25 22:00,1,22,3,weekday,0,0,44.3,17.0,2.0,13.57,13.79,27.36,-27.36,DEFICIT,4.4,3.33,3.74,2.25
2024-01-25 23:00,1,23,3,weekday,0,0,33.5,20.0,1.5,10.24,0,10.24,-10.24,DEFICIT,4.15,3.2,3.53,2.25
2024-01-26 00:00,1,0,4,weekday,0,0,25.9,16.6,2.3,6.86,4.9,11.77,-11.77,DEFICIT,4.8,3.52,4.08,2.25
2024-01-26 01:00,1,1,4,weekday,0,0,19.4,16.0,3.6,5.54,0.0,5.54,-5.54,DEFICIT,4.65,3.45,3.95,2.25
2024-01-26 02:00,1,2,4,weekday,0,0,24.6,15.7,2.6,5,0.0,5.0,-5.0,BALANCED,4.79,3.52,4.07,2.25
2024-01-26 03:00,1,3,4,weekday,0,0,24.0,18.1,2.4,5,0.0,5.0,-5.0,BALANCED,4.68,3.47,3.98,2.25
2024-01-26 04:00,1,4,4,weekday,0,0,22.4,14.6,3.0,5,2.78,7.78,-7.78,DEFICIT,4.05,3.15,3.44,2.25
2024-01-26 05:00,1,5,4,weekday,0,0,18.1,17.1,2.4,5,0.0,5.0,-5.0,BALANCED,4.04,3.15,3.43,2.25
2024-01-26 06:00,1,6,4,weekday,27.7,2.8,28.2,18.7,1.8,16.07,0,16.07,-13.26,DEFICIT,5.63,3.94,4.79,2.25
2024-01-26 07:00,1,7,4,weekday,125.1,12.69,26.1,21.5,3.7,18.9,5.98,24.88,-12.19,DEFICIT,5.89,4.07,5.0,2.25
2024-01-26 08:00,1,8,4,weekday,243.0,24.64,22.9,22.3,2.7,16.2,0.0,16.2,8.44,SURPLUS,5.89,4.07,5.01,2.25
2024-01-26 09:00,1,9,4,weekday,399.0,40.46,43.6,21.2,3.5,8.2,8.65,16.84,23.62,SURPLUS,6.18,4.21,5.25,2.25
2024-01-26 10:00,1,10,4,weekday,515.0,52.22,11.5,23.5,3.7,9.15,0,9.15,43.07,SURPLUS,3.41,2.83,2.9,2.25
2024-01-26 11:00,1,11,4,weekday,637.1,64.6,25.6,24.9,3.8,9.95,0,9.95,54.66,SURPLUS,4.25,3.25,3.61,2.25
2024-01-26 12:00,1,12,4,weekday,672.0,68.04,31.8,25.4,4.5,10.38,0,10.38,57.66,SURPLUS,4.37,3.31,3.71,2.25
2024-01-26 13:00,1,13,4,weekday,647.1,65.43,28.4,25.7,2.5,8.52,0,8.52,56.91,SURPLUS,4.42,3.33,3.75,2.25
2024-01-26 14:00,1,14,4,weekday,600.6,60.9,26.0,24.8,4.0,8.94,0,8.94,51.96,SURPLUS,4.23,3.24,3.6,2.25
2024-01-26 15:00,1,15,4,weekday,421.4,42.35,19.9,27.2,3.8,11.79,0,11.79,30.57,SURPLUS,3.94,3.1,3.35,2.25
2024-01-26 16:00,1,16,4,weekday,291.9,29.59,30.7,25.0,2.9,11.61,0,11.61,17.99,SURPLUS,7.33,4.79,6.23,2.25
2024-01-26 17:00,1,17,4,weekday,165.1,16.74,14.4,22.7,1.8,14.32,0,14.32,2.42,BALANCED,6.71,4.48,5.71,2.25
2024-01-26 18:00,1,18,4,weekday,33.5,3.4,26.1,20.1,0.5,23.14,16.4,39.54,-36.14,DEFICIT,7.46,4.86,6.34,2.25
2024-01-26 19:00,1,19,4,weekday,0,0,26.3,20.9,3.4,26.06,16.26,42.32,-42.32,DEFICIT,6.75,4.5,5.74,2.25
2024-01-26 20:00,1,20,4,weekday,0,0,25.0,18.5,1.8,26.45,8.01,34.46,-34.46,DEFICIT,7.06,4.66,6.0,2.25
2024-01-26 21:00,1,21,4,weekday,0,0,27.0,20.9,2.9,17.95,0.0,17.95,-17.95,DEFICIT,6.54,4.39,5.56,2.25
2024-01-26 22:00,1,22,4,weekday,0,0,23.4,18.3,2.2,13.13,21.54,34.67,-34.67,DEFICIT,4.39,3.32,3.74,2.25
2024-01-26 23:00,1,23,4,weekday,0,0,20.0,19.5,3.2,9.41,0,9.41,-9.41,DEFICIT,4.21,3.23,3.58,2.25
2024-01-27 00:00,1,0,5,weekend,0,0,1.3,19.2,1.8,7.17,4.91,12.08,-12.08,DEFICIT,3.99,3.12,3.39,2.25
2024-01-27 01:00,1,1,5,weekend,0,0,16.0,14.9,3.3,7.22,0.0,7.22,-7.22,DEFICIT,4.81,3.53,4.09,2.25
2024-01-27 02:00,1,2,5,weekend,0,0,32.6,17.3,4.1,5.09,4.85,9.94,-9.94,DEFICIT,4.23,3.24,3.59,2.25
2024-01-27 03:00,1,3,5,weekend,0,0,31.2,16.1,2.1,5,0.0,5.0,-5.0,BALANCED,4.63,3.44,3.94,2.25
2024-01-27 04:00,1,4,5,weekend,0,0,15.4,14.9,2.2,5,3.3,8.3,-8.3,DEFICIT,4.74,3.5,4.03,2.25
2024-01-27 05:00,1,5,5,weekend,0,0,25.3,15.5,2.3,5.41,0.0,5.41,-5.41,DEFICIT,4.44,3.35,3.78,2.25
2024-01-27 06:00,1,6,5,weekend,28.2,2.86,18.5,15.1,2.5,17.21,0,17.21,-14.35,DEFICIT,5.55,3.9,4.71,2.25
2024-01-27 07:00,1,7,5,weekend,89.3,9.06,15.1,22.1,1.6,19.05,16.32,35.37,-26.31,DEFICIT,5.27,3.76,4.48,2.25
2024-01-27 08:00,1,8,5,weekend,186.7,18.94,21.5,21.5,2.9,20.13,8.77,28.9,-9.96,DEFICIT,5.56,3.91,4.73,2.25
2024-01-27 09:00,1,9,5,weekend,290.6,29.47,10.4,24.2,4.0,11.58,12.98,24.56,4.91,BALANCED,5.83,4.04,4.95,2.25
2024-01-27 10:00,1,10,5,weekend,417.6,42.35,7.8,22.9,4.0,10.19,0,10.19,32.15,SURPLUS,3.96,3.1,3.37,2.25
2024-01-27 11:00,1,11,5,weekend,496.2,50.32,21.2,24.6,3.5,9.87,0,9.87,40.45,SURPLUS,4.1,3.17,3.48,2.25
2024-01-27 12:00,1,12,5,weekend,534.1,54.1,16.1,25.3,3.3,13.07,0,13.07,41.03,SURPLUS,3.45,2.85,2.93,2.25
2024-01-27 13:00,1,13,5,weekend,431.8,43.74,25.1,25.3,3.1,13.34,0,13.34,30.39,SURPLUS,4.19,3.22,3.56,2.25
2024-01-27 14:00,1,14,5,weekend,480.7,48.09,21.6,28.4,3.9,10.07,0,10.07,38.01,SURPLUS,2.99,2.62,2.55,2.25
2024-01-27 15:00,1,15,5,weekend,353.7,35.87,17.8,24.5,1.0,12.79,0,12.79,23.08,SURPLUS,3.74,2.99,3.18,2.25
2024-01-27 16:00,1,16,5,weekend,226.0,22.91,12.9,23.0,2.5,12.55,0,12.55,10.37,SURPLUS,6.38,4.31,5.42,2.25
2024-01-27 17:00,1,17,5,weekend,114.0,11.56,26.3,23.2,1.4,17.7,0,17.7,-6.14,DEFICIT,6.53,4.39,5.55,2.25
2024-01-27 18:00,1,18,5,weekend,27.1,2.75,26.2,22.1,4.3,26.25,7.39,33.64,-30.9,DEFICIT,6.76,4.51,5.75,2.25
2024-01-27 19:00,1,19,5,weekend,0,0,38.5,21.2,1.9,30.47,19.78,50.24,-50.24,DEFICIT,6.81,4.53,5.78,2.25
2024-01-27 20:00,1,20,5,weekend,0,0,13.2,18.0,2.3,27.26,15.34,42.6,-42.6,DEFICIT,7.05,4.65,6.0,2.25
2024-01-27 21:00,1,21,5,weekend,0,0,15.4,21.8,3.3,21.43,8.34,29.77,-29.77,DEFICIT,7.11,4.68,6.05,2.25
2024-01-27 22:00,1,22,5,weekend,0,0,10.9,19.8,2.6,14.29,15.54,29.83,-29.83,DEFICIT,4.62,3.43,3.92,2.25
2024-01-27 23:00,1,23,5,weekend,0,0,18.6,17.9,3.9,10.17,0,10.17,-10.17,DEFICIT,4.34,3.29,3.69,2.25
2024-01-28 00:00,1,0,6,weekend,0,0,26.9,17.5,2.8,7.24,0.0,7.24,-7.24,DEFICIT,4.46,3.35,3.79,2.25
2024-01-28 01:00,1,1,6,weekend,0,0,30.4,18.8,3.1,6.19,0.0,6.19,-6.19,DEFICIT,4.36,3.3,3.7,2.25
2024-01-28 02:00,1,2,6,weekend,0,0,32.9,18.3,0.1,5,2.38,7.38,-7.38,DEFICIT,4.62,3.44,3.93,2.25
2024-01-28 03:00,1,3,6,weekend,0,0,19.8,16.7,2.7,5.09,2.74,7.83,-7.83,DEFICIT,4.68,3.47,3.98,2.25
2024-01-28 04:00,1,4,6,weekend,0,0,23.4,15.8,2.9,5.36,4.8,10.16,-10.16,DEFICIT,4.42,3.34,3.76,2.25
2024-01-28 05:00,1,5,6,weekend,0,0,28.9,14.4,3.7,6.32,0.0,6.32,-6.32,DEFICIT,4.84,3.54,4.11,2.25
2024-01-28 06:00,1,6,6,weekend,29.7,3.01,15.8,17.2,2.3,19.13,0,19.13,-16.12,DEFICIT,6.48,4.37,5.51,2.25
2024-01-28 07:00,1,7,6,weekend,113.2,11.48,21.3,18.1,2.5,21.98,0.0,21.98,-10.51,DEFICIT,5.83,4.04,4.96,2.25
2024-01-28 08:00,1,8,6,weekend,236.4,23.97,16.9,19.8,3.1,19.82,0.0,19.82,4.15,BALANCED,5.83,4.04,4.96,2.25
2024-01-28 09:00,1,9,6,weekend,420.7,42.66,16.1,20.2,2.6,11.69,0.0,11.69,30.97,SURPLUS,5.34,3.8,4.54,2.25
2024-01-28 10:00,1,10,6,weekend,467.4,47.39,40.1,21.1,2.8,10.43,0,10.43,36.96,SURPLUS,3.69,2.97,3.14,2.25
2024-01-28 11:00,1,11,6,weekend,571.3,57.93,21.2,23.5,2.1,10.88,0,10.88,47.05,SURPLUS,3.4,2.82,2.89,2.25
2024-01-28 12:00,1,12,6,weekend,574.5,58.25,35.9,23.4,3.3,12.1,0,12.1,46.15,SURPLUS,3.45,2.85,2.94,2.25
2024-01-28 13:00,1,13,6,weekend,620.0,62.69,24.4,25.7,3.0,10.29,0,10.29,52.4,SURPLUS,3.46,2.86,2.94,2.25
2024-01-28 14:00,1,14,6,weekend,479.2,48.59,18.0,24.5,2.9,11.89,0,11.89,36.7,SURPLUS,4.07,3.16,3.46,2.25
2024-01-28 15:00,1,15,6,weekend,358.4,36.15,18.5,26.3,2.3,11.49,0,11.49,24.67,SURPLUS,3.96,3.1,3.36,2.25
2024-01-28 16:00,1,16,6,weekend,245.2,24.86,26.0,22.2,1.8,13.81,0,13.81,11.05,SURPLUS,7.11,4.68,6.04,2.25
2024-01-28 17:00,1,17,6,weekend,122.0,12.37,30.5,22.3,2.7,19.13,0,19.13,-6.76,DEFICIT,7.34,4.8,6.24,2.25
2024-01-28 18:00,1,18,6,weekend,29.1,2.95,33.4,23.0,2.8,24.74,14.55,39.28,-36.34,DEFICIT,6.71,4.48,5.7,2.25
2024-01-28 19:00,1,19,6,weekend,0,0,21.4,20.6,2.8,31.71,0.0,31.71,-31.71,DEFICIT,6.66,4.46,5.66,2.25
2024-01-28 20:00,1,20,6,weekend,0,0,24.7,19.5,1.4,25.51,16.78,42.29,-42.29,DEFICIT,6.73,4.49,5.72,2.25
2024-01-28 21:00,1,21,6,weekend,0,0,17.0,18.6,3.6,26.12,9.11,35.22,-35.22,DEFICIT,7.1,4.67,6.03,2.25
2024-01-28 22:00,1,22,6,weekend,0,0,17.7,21.8,1.7,15.88,17.14,33.02,-33.02,DEFICIT,4.79,3.52,4.07,2.25
2024-01-28 23:00,1,23,6,weekend,0,0,15.8,18.1,3.7,11.19,0,11.19,-11.19,DEFICIT,4.29,3.27,3.65,2.25
2024-01-29 00:00,1,0,0,weekday,0,0,23.6,18.3,4.6,7.01,0.0,7.01,-7.01,DEFICIT,4.47,3.36,3.8,2.25
2024-01-29 01:00,1,1,0,weekday,0,0,39.1,18.4,2.8,6.12,0.0,6.12,-6.12,DEFICIT,4.04,3.14,3.43,2.25
2024-01-29 02:00,1,2,0,weekday,0,0,31.1,16.3,1.8,5,5.19,10.19,-10.19,DEFICIT,4.08,3.17,3.47,2.25
2024-01-29 03:00,1,3,0,weekday,0,0,34.4,17.2,2.2,5,0.0,5.0,-5.0,BALANCED,3.93,3.09,3.34,2.25
2024-01-29 04:00,1,4,0,weekday,0,0,38.3,14.4,2.2,5,4.77,9.77,-9.77,DEFICIT,4.49,3.37,3.82,2.25
2024-01-29 05:00,1,5,0,weekday,0,0,35.5,14.5,2.0,5,0.0,5.0,-5.0,BALANCED,4.03,3.14,3.42,2.25
2024-01-29 06:00,1,6,0,weekday,35.5,3.6,34.1,16.7,2.8,14.76,0,14.76,-11.16,DEFICIT,6.04,4.14,5.13,2.25
2024-01-29 07:00,1,7,0,weekday,135.1,13.7,27.8,20.0,2.9,19.99,0.0,19.99,-6.29,DEFICIT,5.6,3.92,4.76,2.25
2024-01-29 08:00,1,8,0,weekday,316.7,32.12,22.1,23.3,3.6,15.17,0.0,15.17,16.94,SURPLUS,5.63,3.94,4.79,2.25
2024-01-29 09:00,1,9,0,weekday,434.2,44.03,44.0,21.9,2.8,11.57,4.01,15.57,28.45,SURPLUS,5.26,3.75,4.47,2.25
2024-01-29 10:00,1,10,0,weekday,638.1,64.7,14.5,23.0,2.9,8.84,0,8.84,55.86,SURPLUS,4.01,3.13,3.41,2.25
2024-01-29 11:00,1,11,0,weekday,606.8,61.53,19.3,21.3,2.2,8.95,0,8.95,52.58,SURPLUS,3.75,3.0,3.19,2.25
2024-01-29 12:00,1,12,0,weekday,663.1,67.06,28.6,25.6,3.5,9.76,0,9.76,57.31,SURPLUS,3.93,3.09,3.34,2.25
2024-01-29 13:00,1,13,0,weekday,649.8,65.17,15.4,27.7,3.6,11.67,0,11.67,53.5,SURPLUS,3.76,3.01,3.2,2.25
2024-01-29 14:00,1,14,0,weekday,602.5,60.74,19.6,26.5,3.3,9.65,0,9.65,51.08,SURPLUS,3.63,2.94,3.09,2.25
2024-01-29 15:00,1,15,0,weekday,475.6,48.23,27.2,24.6,4.8,10.72,0,10.72,37.51,SURPLUS,3.55,2.9,3.01,2.25
2024-01-29 16:00,1,16,0,weekday,351.1,35.6,22.0,23.2,3.5,13.07,0,13.07,22.53,SURPLUS,6.67,4.46,5.67,2.25
2024-01-29 17:00,1,17,0,weekday,167.1,16.92,32.5,25.4,3.6,16.61,0,16.61,0.31,BALANCED,7.1,4.68,6.04,2.25
2024-01-29 18:00,1,18,0,weekday,38.8,3.93,23.1,22.3,3.5,25.01,15.35,40.36,-36.43,DEFICIT,6.45,4.35,5.49,2.25
2024-01-29 19:00,1,19,0,weekday,0,0,39.8,20.4,2.8,26.95,14.56,41.51,-41.51,DEFICIT,7.04,4.64,5.98,2.25
2024-01-29 20:00,1,20,0,weekday,0,0,28.5,20.8,2.4,21.93,13.1,35.03,-35.03,DEFICIT,6.55,4.4,5.57,2.25
2024-01-29 21:00,1,21,0,weekday,0,0,30.6,21.5,2.3,16.75,17.86,34.61,-34.61,DEFICIT,7.25,4.75,6.16,2.25
2024-01-29 22:00,1,22,0,weekday,0,0,36.7,16.0,2.9,15.46,9.67,25.12,-25.12,DEFICIT,4.59,3.42,3.9,2.25
2024-01-29 23:00,1,23,0,weekday,0,0,48.4,18.1,3.5,11.09,0,11.09,-11.09,DEFICIT,4.23,3.24,3.6,2.25
2024-01-30 00:00,1,0,1,weekday,0,0,26.6,18.0,2.4,6.58,0.0,6.58,-6.58,DEFICIT,4.52,3.38,3.84,2.25
2024-01-30 01:00,1,1,1,weekday,0,0,37.8,18.1,2.8,5,0.0,5.0,-5.0,BALANCED,4.36,3.3,3.7,2.25
2024-01-30 02:00,1,2,1,weekday,0,0,36.1,15.9,2.3,5,0.0,5.0,-5.0,BALANCED,4.61,3.43,3.91,2.25
2024-01-30 03:00,1,3,1,weekday,0,0,26.2,16.3,2.7,5,4.41,9.41,-9.41,DEFICIT,4.16,3.2,3.53,2.25
2024-01-30 04:00,1,4,1,weekday,0,0,25.5,13.7,3.1,5,2.91,7.91,-7.91,DEFICIT,5.1,3.67,4.33,2.25
2024-01-30 05:00,1,5,1,weekday,0,0,42.9,13.7,3.4,5.64,0.0,5.64,-5.64,DEFICIT,4.17,3.21,3.54,2.25
2024-01-30 06:00,1,6,1,weekday,34.5,3.49,24.7,18.0,2.8,16.58,0,16.58,-13.09,DEFICIT,5.65,3.95,4.8,2.25
2024-01-30 07:00,1,7,1,weekday,132.7,13.46,31.6,20.0,2.1,22.4,0.0,22.4,-8.95,DEFICIT,6.04,4.14,5.13,2.25
2024-01-30 08:00,1,8,1,weekday,259.8,26.34,27.8,21.8,0.1,20.79,0.0,20.79,5.55,SURPLUS,6.0,4.13,5.1,2.25
2024-01-30 09:00,1,9,1,weekday,392.7,39.82,32.1,21.4,3.6,12.06,0.0,12.06,27.76,SURPLUS,5.52,3.88,4.69,2.25
2024-01-30 10:00,1,10,1,weekday,517.8,52.5,35.5,22.4,2.4,9.56,0,9.56,42.95,SURPLUS,3.57,2.91,3.04,2.25
2024-01-30 11:00,1,11,1,weekday,579.6,58.77,20.5,23.8,3.6,10.49,0,10.49,48.28,SURPLUS,4.33,3.29,3.68,2.25
2024-01-30 12:00,1,12,1,weekday,617.6,62.62,32.9,22.2,3.5,9.18,0,9.18,53.44,SURPLUS,3.64,2.94,3.09,2.25
2024-01-30 13:00,1,13,1,weekday,642.9,64.56,29.5,27.4,3.2,9.56,0,9.56,55.0,SURPLUS,3.89,3.07,3.31,2.25
2024-01-30 14:00,1,14,1,weekday,543.9,54.61,26.7,27.5,5.8,8.99,0,8.99,45.61,SURPLUS,3.64,2.94,3.09,2.25
2024-01-30 15:00,1,15,1,weekday,504.2,50.79,15.2,26.6,3.3,9.62,0,9.62,41.17,SURPLUS,3.86,3.06,3.28,2.25
2024-01-30 16:00,1,16,1,weekday,322.5,32.17,29.3,29.0,2.4,10.98,0,10.98,21.19,SURPLUS,6.49,4.37,5.52,2.25
2024-01-30 17:00,1,17,1,weekday,141.1,14.31,27.3,23.7,4.0,17.45,0,17.45,-3.15,BALANCED,7.19,4.72,6.11,2.25
2024-01-30 18:00,1,18,1,weekday,38.5,3.9,27.7,20.1,3.1,24.89,12.51,37.4,-33.51,DEFICIT,6.83,4.54,5.8,2.25
2024-01-30 19:00,1,19,1,weekday,0,0,28.1,21.6,2.7,26.51,9.67,36.17,-36.17,DEFICIT,7.11,4.68,6.04,2.25
2024-01-30 20:00,1,20,1,weekday,0,0,35.4,23.3,4.4,23.73,18.57,42.3,-42.3,DEFICIT,7.22,4.74,6.14,2.25
2024-01-30 21:00,1,21,1,weekday,0,0,15.6,17.4,3.4,16.07,15.34,31.4,-31.4,DEFICIT,6.45,4.35,5.48,2.25
2024-01-30 22:00,1,22,1,weekday,0,0,24.1,21.0,1.7,12.99,0.0,12.99,-12.99,DEFICIT,3.96,3.11,3.37,2.25
2024-01-30 23:00,1,23,1,weekday,0,0,53.5,19.5,3.5,8.46,0,8.46,-8.46,DEFICIT,4.46,3.36,3.79,2.25
2024-01-31 00:00,1,0,2,weekday,0,0,15.4,16.3,2.7,7.24,5.2,12.44,-12.44,DEFICIT,4.58,3.41,3.89,2.25
2024-01-31 01:00,1,1,2,weekday,0,0,20.2,17.9,3.1,5.76,0.0,5.76,-5.76,DEFICIT,4.78,3.51,4.06,2.25
2024-01-31 02:00,1,2,2,weekday,0,0,24.6,16.2,2.5,5,0.0,5.0,-5.0,BALANCED,4.5,3.37,3.82,2.25
2024-01-31 03:00,1,3,2,weekday,0,0,28.3,16.5,1.2,5,0.0,5.0,-5.0,BALANCED,4.72,3.49,4.02,2.25
2024-01-31 04:00,1,4,2,weekday,0,0,19.2,17.2,1.8,5,0.0,5.0,-5.0,BALANCED,4.92,3.58,4.18,2.25
2024-01-31 05:00,1,5,2,weekday,0,0,29.1,15.3,2.0,5.29,0.0,5.29,-5.29,DEFICIT,4.12,3.19,3.51,2.25
2024-01-31 06:00,1,6,2,weekday,35.9,3.64,18.8,19.3,2.6,14.06,0,14.06,-10.41,DEFICIT,5.93,4.09,5.04,2.25
2024-01-31 07:00,1,7,2,weekday,114.0,11.56,16.1,18.8,2.3,23.35,11.05,34.39,-22.84,DEFICIT,6.07,4.16,5.16,2.25
2024-01-31 08:00,1,8,2,weekday,288.6,29.26,24.1,20.8,2.8,15.86,19.77,35.63,-6.37,DEFICIT,5.77,4.01,4.9,2.25
2024-01-31 09:00,1,9,2,weekday,380.4,38.57,20.3,23.0,2.0,10.09,13.4,23.5,15.07,SURPLUS,5.77,4.01,4.91,2.25
2024-01-31 10:00,1,10,2,weekday,510.0,51.71,19.9,24.1,1.8,8.14,0,8.14,43.57,SURPLUS,3.85,3.05,3.27,2.25
2024-01-31 11:00,1,11,2,weekday,634.6,64.22,26.8,25.5,2.9,9.59,0,9.59,54.63,SURPLUS,3.44,2.85,2.92,2.25
2024-01-31 12:00,1,12,2,weekday,623.7,63.24,27.2,24.9,5.7,12.9,0,12.9,50.34,SURPLUS,3.93,3.09,3.34,2.25
2024-01-31 13:00,1,13,2,weekday,659.2,66.84,13.7,24.5,2.3,9.63,0,9.63,57.21,SURPLUS,4.29,3.27,3.64,2.25
2024-01-31 14:00,1,14,2,weekday,524.0,52.93,25.9,25.9,3.5,8.57,0,8.57,44.36,SURPLUS,4.24,3.25,3.61,2.25
2024-01-31 15:00,1,15,2,weekday,389.3,39.34,8.9,25.9,4.4,10.66,0,10.66,28.68,SURPLUS,4.23,3.24,3.59,2.25
2024-01-31 16:00,1,16,2,weekday,328.3,33.29,31.5,24.0,3.5,12.88,0,12.88,20.41,SURPLUS,7.16,4.71,6.09,2.25
2024-01-31 17:00,1,17,2,weekday,150.0,15.18,23.0,25.5,3.9,17.46,0,17.46,-2.29,BALANCED,6.38,4.32,5.42,2.25
2024-01-31 18:00,1,18,2,weekday,30.0,3.05,16.1,21.8,3.2,21.38,21.2,42.58,-39.53,DEFICIT,6.54,4.39,5.56,2.25
2024-01-31 19:00,1,19,2,weekday,0,0,25.5,20.0,1.9,28.84,9.4,38.23,-38.23,DEFICIT,6.22,4.23,5.29,2.25
2024-01-31 20:00,1,20,2,weekday,0,0,26.6,20.3,3.9,24.68,0.0,24.68,-24.68,DEFICIT,6.91,4.58,5.87,2.25
2024-01-31 21:00,1,21,2,weekday,0,0,24.6,21.7,2.9,16.8,5.56,22.36,-22.36,DEFICIT,7.24,4.75,6.15,2.25
2024-01-31 22:00,1,22,2,weekday,0,0,32.9,19.6,3.0,12.31,19.44,31.75,-31.75,DEFICIT,4.7,3.48,4.0,2.25
2024-01-31 23:00,1,23,2,weekday,0,0,18.4,19.6,3.4,11.12,0,11.12,-11.12,DEFICIT,4.36,3.3,3.71,2.25
2024-02-01 00:00,2,0,3,weekday,0,0,33.7,22.8,2.8,6.53,0.0,6.53,-6.53,DEFICIT,4.51,3.38,3.84,2.25
2024-02-01 01:00,2,1,3,weekday,0,0,13.5,17.4,2.5,5.26,5.35,10.61,-10.61,DEFICIT,4.84,3.55,4.12,2.25
2024-02-01 02:00,2,2,3,weekday,0,0,14.5,19.7,2.7,5,4.9,9.9,-9.9,DEFICIT,4.48,3.37,3.81,2.25
2024-02-01 03:00,2,3,3,weekday,0,0,20.8,19.7,3.8,5,0.0,5.0,-5.0,BALANCED,4.24,3.24,3.6,2.25
2024-02-01 04:00,2,4,3,weekday,0,0,31.1,19.7,4.1,5,4.57,9.57,-9.57,DEFICIT,4.64,3.44,3.94,2.25
2024-02-01 05:00,2,5,3,weekday,0,0,27.5,18.5,2.4,5.69,0.0,5.69,-5.69,DEFICIT,4.62,3.44,3.93,2.25
2024-02-01 06:00,2,6,3,weekday,41.6,4.21,22.5,18.7,3.0,15.06,0,15.06,-10.84,DEFICIT,5.84,4.04,4.96,2.25
2024-02-01 07:00,2,7,3,weekday,164.5,16.68,22.7,18.4,3.6,19.48,10.41,29.9,-13.22,DEFICIT,5.76,4.0,4.9,2.25
2024-02-01 08:00,2,8,3,weekday,303.4,30.76,18.9,22.7,4.2,13.95,0.0,13.95,16.81,SURPLUS,6.09,4.17,5.18,2.25
2024-02-01 09:00,2,9,3,weekday,522.0,52.93,20.3,24.6,3.1,11.04,0.0,11.04,41.89,SURPLUS,5.91,4.08,5.02,2.25
2024-02-01 10:00,2,10,3,weekday,673.0,68.15,10.1,25.4,4.5,9.62,0,9.62,58.53,SURPLUS,3.67,2.96,3.12,2.25
2024-02-01 11:00,2,11,3,weekday,779.1,78.53,29.5,26.5,1.9,9.07,0,9.07,69.46,SURPLUS,3.69,2.97,3.13,2.25
2024-02-01 12:00,2,12,3,weekday,834.4,83.76,26.6,27.5,5.0,10.38,0,10.38,73.37,SURPLUS,4.1,3.18,3.49,2.25
2024-02-01 13:00,2,13,3,weekday,890.2,89.74,21.3,26.5,5.5,9.56,0,9.56,80.18,SURPLUS,3.64,2.94,3.09,2.25
2024-02-01 14:00,2,14,3,weekday,708.9,71.34,38.9,26.9,3.5,9.32,0,9.32,62.02,SURPLUS,4.44,3.34,3.77,2.25
2024-02-01 15:00,2,15,3,weekday,592.6,59.13,25.7,29.0,4.7,10.73,0,10.73,48.4,SURPLUS,3.62,2.94,3.08,2.25
2024-02-01 16:00,2,16,3,weekday,333.5,33.81,14.4,25.0,3.0,12.46,0,12.46,21.35,SURPLUS,6.7,4.48,5.7,2.25
2024-02-01 17:00,2,17,3,weekday,203.5,20.57,8.7,25.7,4.8,17.84,0,17.84,2.73,BALANCED,6.84,4.54,5.81,2.25
2024-02-01 18:00,2,18,3,weekday,39.6,4.0,31.2,26.4,3.1,21.84,18.53,40.37,-36.38,DEFICIT,6.72,4.48,5.71,2.25
2024-02-01 19:00,2,19,3,weekday,0,0,26.2,21.5,3.8,29.24,15.31,44.56,-44.56,DEFICIT,6.48,4.37,5.51,2.25
2024-02-01 20:00,2,20,3,weekday,0,0,14.3,21.4,3.6,19.31,16.36,35.68,-35.68,DEFICIT,6.93,4.59,5.89,2.25
2024-02-01 21:00,2,21,3,weekday,0,0,10.3,21.9,3.4,18.45,8.29,26.74,-26.74,DEFICIT,7.07,4.66,6.01,2.25
2024-02-01 22:00,2,22,3,weekday,0,0,32.7,19.1,4.0,14.49,0.0,14.49,-14.49,DEFICIT,4.2,3.23,3.57,2.25
2024-02-01 23:00,2,23,3,weekday,0,0,16.1,20.3,3.8,6.97,0,6.97,-6.97,DEFICIT,4.26,3.25,3.62,2.25
2024-02-02 00:00,2,0,4,weekday,0,0,22.4,21.0,2.2,6.87,4.01,10.87,-10.87,DEFICIT,4.19,3.22,3.56,2.25
2024-02-02 01:00,2,1,4,weekday,0,0,30.0,19.8,4.8,5.95,2.5,8.45,-8.45,DEFICIT,4.28,3.27,3.64,2.25
2024-02-02 02:00,2,2,4,weekday,0,0,25.4,18.3,3.7,5,0.0,5.0,-5.0,BALANCED,4.79,3.52,4.07,2.25
2024-02-02 03:00,2,3,4,weekday,0,0,9.8,16.3,2.7,5,0.0,5.0,-5.0,BALANCED,4.76,3.5,4.04,2.25
2024-02-02 04:00,2,4,4,weekday,0,0,27.6,15.5,2.6,5,0.0,5.0,-5.0,BALANCED,4.5,3.38,3.83,2.25
2024-02-02 05:00,2,5,4,weekday,0,0,28.9,18.1,2.7,5.49,3.15,8.64,-8.64,DEFICIT,4.62,3.44,3.93,2.25
2024-02-02 06:00,2,6,4,weekday,27.9,2.83,7.4,22.7,2.8,11.56,0,11.56,-8.73,DEFICIT,6.2,4.22,5.27,2.25
2024-02-02 07:00,2,7,4,weekday,112.8,11.44,10.4,19.7,4.1,16.92,0.0,16.92,-5.48,DEFICIT,5.71,3.98,4.85,2.25
2024-02-02 08:00,2,8,4,weekday,237.8,24.11,2.4,21.8,2.2,18.59,0.0,18.59,5.52,SURPLUS,5.71,3.98,4.85,2.25
2024-02-02 09:00,2,9,4,weekday,337.8,34.26,23.7,23.5,2.5,11.65,0.0,11.65,22.6,SURPLUS,5.91,4.08,5.03,2.25
2024-02-02 10:00,2,10,4,weekday,527.9,52.96,9.6,27.7,4.8,12.08,0,12.08,40.88,SURPLUS,3.72,2.99,3.16,2.25
2024-02-02 11:00,2,11,4,weekday,558.5,56.32,17.2,26.3,3.0,8.33,0,8.33,47.99,SURPLUS,2.96,2.6,2.51,2.25
2024-02-02 12:00,2,12,4,weekday,690.2,68.88,22.4,29.0,2.9,11.34,0,11.34,57.54,SURPLUS,3.9,3.07,3.31,2.25
2024-02-02 13:00,2,13,4,weekday,535.9,53.96,18.9,26.8,2.6,10.13,0,10.13,43.83,SURPLUS,3.53,2.89,3.0,2.25
2024-02-02 14:00,2,14,4,weekday,529.2,52.82,26.6,28.9,2.2,8.54,0,8.54,44.28,SURPLUS,3.83,3.04,3.26,2.25
2024-02-02 15:00,2,15,4,weekday,448.6,45.3,21.9,26.0,2.1,12.3,0,12.3,33.01,SURPLUS,3.37,2.81,2.87,2.25
2024-02-02 16:00,2,16,4,weekday,269.1,26.97,22.6,27.9,3.6,11.46,0,11.46,15.51,SURPLUS,6.7,4.47,5.69,2.25
2024-02-02 17:00,2,17,4,weekday,107.2,10.73,15.2,28.2,2.9,16.25,0,16.25,-5.53,DEFICIT,6.9,4.57,5.86,2.25
2024-02-02 18:00,2,18,4,weekday,30.8,3.13,18.9,21.7,3.5,22.6,17.74,40.34,-37.21,DEFICIT,7.11,4.68,6.04,2.25
2024-02-02 19:00,2,19,4,weekday,0,0,27.0,22.0,3.3,29.77,15.63,45.4,-45.4,DEFICIT,6.58,4.42,5.59,2.25
2024-02-02 20:00,2,20,4,weekday,0,0,14.7,24.7,3.1,24.8,19.0,43.79,-43.79,DEFICIT,6.7,4.48,5.7,2.25
2024-02-02 21:00,2,21,4,weekday,0,0,13.5,21.4,3.3,24.23,0.0,24.23,-24.23,DEFICIT,7.09,4.67,6.03,2.25
2024-02-02 22:00,2,22,4,weekday,0,0,23.0,22.6,3.6,12.56,8.89,21.44,-21.44,DEFICIT,4.46,3.36,3.79,2.25
2024-02-02 23:00,2,23,4,weekday,0,0,17.7,21.7,2.1,10.7,0,10.7,-10.7,DEFICIT,4.24,3.24,3.6,2.25
2024-02-03 00:00,2,0,5,weekend,0,0,25.5,18.9,4.4,7.76,0.0,7.76,-7.76,DEFICIT,4.69,3.47,3.99,2.25
2024-02-03 01:00,2,1,5,weekend,0,0,21.4,20.3,3.6,6.03,4.73,10.77,-10.77,DEFICIT,4.25,3.25,3.61,2.25
2024-02-03 02:00,2,2,5,weekend,0,0,12.3,19.9,2.1,5.92,2.29,8.21,-8.21,DEFICIT,4.84,3.55,4.12,2.25
2024-02-03 03:00,2,3,5,weekend,0,0,33.9,18.3,4.0,5,3.15,8.15,-8.15,DEFICIT,4.49,3.37,3.81,2.25
2024-02-03 04:00,2,4,5,weekend,0,0,11.5,15.9,3.0,5,0.0,5.0,-5.0,BALANCED,4.17,3.21,3.55,2.25
2024-02-03 05:00,2,5,5,weekend,0,0,21.8,17.5,3.4,5.6,5.47,11.06,-11.06,DEFICIT,4.46,3.36,3.79,2.25
2024-02-03 06:00,2,6,5,weekend,32.4,3.28,11.8,21.5,4.0,16.49,0,16.49,-13.21,DEFICIT,6.32,4.28,5.37,2.25
2024-02-03 07:00,2,7,5,weekend,109.8,11.13,22.8,20.5,4.2,25.11,13.7,38.82,-27.68,DEFICIT,5.7,3.97,4.84,2.25
2024-02-03 08:00,2,8,5,weekend,238.0,24.13,5.3,21.4,2.0,18.18,0.0,18.18,5.95,SURPLUS,5.84,4.04,4.96,2.25
2024-02-03 09:00,2,9,5,weekend,383.9,38.84,20.8,25.5,2.0,12.05,4.99,17.04,21.8,SURPLUS,5.76,4.0,4.9,2.25
2024-02-03 10:00,2,10,5,weekend,542.3,54.82,17.9,25.8,4.3,10.21,0,10.21,44.61,SURPLUS,4.18,3.21,3.55,2.25
2024-02-03 11:00,2,11,5,weekend,505.9,51.3,7.8,24.6,4.3,12.27,0,12.27,39.03,SURPLUS,4.1,3.18,3.49,2.25
2024-02-03 12:00,2,12,5,weekend,717.7,71.71,11.3,28.7,5.8,11.81,0,11.81,59.89,SURPLUS,3.72,2.99,3.16,2.25
2024-02-03 13:00,2,13,5,weekend,592.1,60.04,21.3,24.2,2.4,9.7,0,9.7,50.34,SURPLUS,3.75,3.0,3.19,2.25
2024-02-03 14:00,2,14,5,weekend,587.5,58.33,9.6,30.2,3.6,11.38,0,11.38,46.94,SURPLUS,4.26,3.26,3.62,2.25
2024-02-03 15:00,2,15,5,weekend,456.6,46.0,22.2,26.6,6.1,12.81,0,12.81,33.19,SURPLUS,3.77,3.01,3.2,2.25
2024-02-03 16:00,2,16,5,weekend,323.2,32.77,18.4,23.2,3.4,13.34,0,13.34,19.43,SURPLUS,6.63,4.44,5.64,2.25
2024-02-03 17:00,2,17,5,weekend,145.8,14.74,11.8,25.7,2.1,15.32,0,15.32,-0.58,BALANCED,6.77,4.51,5.75,2.25
2024-02-03 18:00,2,18,5,weekend,31.9,3.22,22.0,25.9,3.2,29.1,12.64,41.74,-38.52,DEFICIT,6.36,4.3,5.4,2.25
2024-02-03 19:00,2,19,5,weekend,0,0,15.9,20.4,2.7,28.81,0.0,28.81,-28.81,DEFICIT,6.18,4.22,5.25,2.25
2024-02-03 20:00,2,20,5,weekend,0,0,15.7,23.7,1.8,29.89,0.0,29.89,-29.89,DEFICIT,7.54,4.9,6.41,2.25
2024-02-03 21:00,2,21,5,weekend,0,0,22.9,21.7,2.4,17.01,14.67,31.67,-31.67,DEFICIT,6.51,4.38,5.54,2.25
2024-02-03 22:00,2,22,5,weekend,0,0,21.7,20.9,4.4,15.4,16.88,32.28,-32.28,DEFICIT,4.62,3.43,3.93,2.25
2024-02-03 23:00,2,23,5,weekend,0,0,5.9,20.5,3.5,10.4,0,10.4,-10.4,DEFICIT,4.35,3.3,3.7,2.25
2024-02-04 00:00,2,0,6,weekend,0,0,31.7,20.5,4.4,8.59,3.8,12.39,-12.39,DEFICIT,4.24,3.25,3.61,2.25
2024-02-04 01:00,2,1,6,weekend,0,0,21.6,20.8,3.3,6.33,0.0,6.33,-6.33,DEFICIT,4.21,3.23,3.58,2.25
2024-02-04 02:00,2,2,6,weekend,0,0,36.5,18.1,3.6,5.31,5.48,10.8,-10.8,DEFICIT,4.85,3.55,4.12,2.25
2024-02-04 03:00,2,3,6,weekend,0,0,28.0,20.0,2.5,5.26,2.51,7.78,-7.78,DEFICIT,4.66,3.45,3.96,2.25
2024-02-04 04:00,2,4,6,weekend,0,0,15.6,16.3,3.5,5,0.0,5.0,-5.0,BALANCED,4.38,3.31,3.72,2.25
2024-02-04 05:00,2,5,6,weekend,0,0,28.3,19.4,2.7,5.6,0.0,5.6,-5.6,DEFICIT,4.47,3.36,3.8,2.25
2024-02-04 06:00,2,6,6,weekend,46.6,4.72,11.9,17.4,3.4,16.29,0,16.29,-11.57,DEFICIT,5.36,3.81,4.56,2.25
2024-02-04 07:00,2,7,6,weekend,152.9,15.5,30.5,23.6,4.0,25.21,0.0,25.21,-9.7,DEFICIT,5.88,4.06,5.0,2.25
2024-02-04 08:00,2,8,6,weekend,382.6,38.79,13.5,23.9,2.9,19.07,0.0,19.07,19.72,SURPLUS,6.0,4.13,5.1,2.25
2024-02-04 09:00,2,9,6,weekend,539.4,54.69,26.2,25.0,3.8,12.73,9.19,21.92,32.77,SURPLUS,5.68,3.96,4.83,2.25
2024-02-04 10:00,2,10,6,weekend,760.0,77.01,35.3,25.2,4.1,12.23,0,12.23,64.78,SURPLUS,3.6,2.93,3.06,2.25
2024-02-04 11:00,2,11,6,weekend,816.4,81.86,38.5,27.8,3.3,10.87,0,10.87,70.99,SURPLUS,4.22,3.24,3.59,2.25
2024-02-04 12:00,2,12,6,weekend,888.6,89.71,21.1,26.1,3.2,10.3,0,10.3,79.42,SURPLUS,3.65,2.95,3.1,2.25
2024-02-04 13:00,2,13,6,weekend,899.9,90.03,29.8,28.3,3.2,12.0,0,12.0,78.03,SURPLUS,4.01,3.13,3.41,2.25
2024-02-04 14:00,2,14,6,weekend,856.2,86.43,17.5,26.1,3.5,10.51,0,10.51,75.92,SURPLUS,3.92,3.08,3.33,2.25
2024-02-04 15:00,2,15,6,weekend,575.2,58.1,29.8,25.9,4.8,14.95,0,14.95,43.15,SURPLUS,4.21,3.23,3.58,2.25
2024-02-04 16:00,2,16,6,weekend,416.8,41.51,6.9,29.5,2.8,13.82,0,13.82,27.68,SURPLUS,6.66,4.45,5.66,2.25
2024-02-04 17:00,2,17,6,weekend,199.0,20.08,26.1,26.3,4.1,21.41,0,21.41,-1.33,BALANCED,7.1,4.67,6.03,2.25
2024-02-04 18:00,2,18,6,weekend,44.7,4.52,40.0,25.9,3.9,27.08,7.89,34.97,-30.45,DEFICIT,6.53,4.39,5.55,2.25
2024-02-04 19:00,2,19,6,weekend,0,0,27.4,25.4,3.0,30.46,6.37,36.83,-36.83,DEFICIT,6.12,4.18,5.2,2.25
2024-02-04 20:00,2,20,6,weekend,0,0,29.0,23.9,3.7,28.67,17.52,46.19,-46.19,DEFICIT,6.71,4.48,5.7,2.25
2024-02-04 21:00,2,21,6,weekend,0,0,24.1,22.5,2.6,21.96,0.0,21.96,-21.96,DEFICIT,6.54,4.39,5.56,2.25
2024-02-04 22:00,2,22,6,weekend,0,0,30.0,20.2,3.4,15.06,11.6,26.66,-26.66,DEFICIT,4.31,3.28,3.66,2.25
2024-02-04 23:00,2,23,6,weekend,0,0,23.4,21.0,2.9,9.97,0,9.97,-9.97,DEFICIT,4.74,3.49,4.03,2.25
2024-02-05 00:00,2,0,0,weekday,0,0,22.9,21.4,3.9,7.57,2.58,10.14,-10.14,DEFICIT,4.58,3.41,3.89,2.25
2024-02-05 01:00,2,1,0,weekday,0,0,16.7,20.6,3.5,5.8,4.21,10.02,-10.02,DEFICIT,4.61,3.43,3.91,2.25
2024-02-05 02:00,2,2,0,weekday,0,0,20.0,17.0,2.9,5.77,0.0,5.77,-5.77,DEFICIT,4.39,3.32,3.73,2.25
2024-02-05 03:00,2,3,0,weekday,0,0,21.6,15.6,3.4,5,3.08,8.08,-8.08,DEFICIT,4.44,3.34,3.77,2.25
2024-02-05 04:00,2,4,0,weekday,0,0,23.9,16.0,3.9,5,0.0,5.0,-5.0,BALANCED,4.2,3.22,3.57,2.25
2024-02-05 05:00,2,5,0,weekday,0,0,18.8,19.9,5.6,5.82,0.0,5.82,-5.82,DEFICIT,4.07,3.16,3.46,2.25
2024-02-05 06:00,2,6,0,weekday,44.8,4.54,18.2,19.4,2.9,14.79,0,14.79,-10.25,DEFICIT,5.81,4.03,4.94,2.25
2024-02-05 07:00,2,7,0,weekday,129.7,13.15,24.7,20.2,2.8,21.3,0.0,21.3,-8.14,DEFICIT,5.71,3.98,4.86,2.25
2024-02-05 08:00,2,8,0,weekday,299.2,30.34,24.3,20.7,1.3,13.9,18.49,32.38,-2.04,BALANCED,6.02,4.13,5.11,2.25
2024-02-05 09:00,2,9,0,weekday,448.9,45.52,14.2,24.5,2.1,11.08,0.0,11.08,34.44,SURPLUS,5.67,3.96,4.82,2.25
2024-02-05 10:00,2,10,0,weekday,582.1,59.02,34.4,24.4,2.8,8.17,0,8.17,50.85,SURPLUS,3.62,2.93,3.08,2.25
2024-02-05 11:00,2,11,0,weekday,737.1,74.66,11.4,25.3,2.2,11.27,0,11.27,63.39,SURPLUS,3.14,2.7,2.67,2.25
2024-02-05 12:00,2,12,0,weekday,808.2,81.37,23.6,26.8,3.0,11.55,0,11.55,69.82,SURPLUS,4.08,3.16,3.47,2.25
2024-02-05 13:00,2,13,0,weekday,795.6,80.29,11.6,26.2,2.3,9.55,0,9.55,70.74,SURPLUS,3.97,3.11,3.38,2.25
2024-02-05 14:00,2,14,0,weekday,710.9,71.79,18.8,26.0,3.7,7.83,0,7.83,63.96,SURPLUS,4.12,3.19,3.5,2.25
2024-02-05 15:00,2,15,0,weekday,485.8,48.74,8.1,27.7,3.0,12.17,0,12.17,36.57,SURPLUS,3.49,2.87,2.96,2.25
2024-02-05 16:00,2,16,0,weekday,369.0,36.97,24.2,28.0,2.8,12.5,0,12.5,24.47,SURPLUS,6.96,4.61,5.92,2.25
2024-02-05 17:00,2,17,0,weekday,166.4,16.88,18.6,22.9,3.9,15.07,0,15.07,1.81,BALANCED,6.5,4.37,5.52,2.25
2024-02-05 18:00,2,18,0,weekday,44.7,4.53,0.9,22.7,3.6,21.84,11.96,33.8,-29.26,DEFICIT,6.65,4.45,5.66,2.25
2024-02-05 19:00,2,19,0,weekday,0,0,26.9,23.7,3.1,27.52,8.23,35.75,-35.75,DEFICIT,6.93,4.59,5.89,2.25
2024-02-05 20:00,2,20,0,weekday,0,0,16.9,23.4,2.7,22.72,8.11,30.83,-30.83,DEFICIT,6.37,4.31,5.41,2.25
2024-02-05 21:00,2,21,0,weekday,0,0,28.9,22.8,3.3,22.15,15.53,37.68,-37.68,DEFICIT,6.87,4.56,5.84,2.25
2024-02-05 22:00,2,22,0,weekday,0,0,33.4,19.9,2.7,15.02,16.04,31.06,-31.06,DEFICIT,3.92,3.08,3.33,2.25
2024-02-05 23:00,2,23,0,weekday,0,0,18.9,19.3,4.5,9.53,0,9.53,-9.53,DEFICIT,4.79,3.52,4.07,2.25
2024-02-06 00:00,2,0,1,weekday,0,0,23.4,22.9,3.7,7.61,0.0,7.61,-7.61,DEFICIT,4.39,3.32,3.73,2.25
2024-02-06 01:00,2,1,1,weekday,0,0,40.5,18.7,3.9,5,0.0,5.0,-5.0,BALANCED,5.21,3.73,4.43,2.25
2024-02-06 02:00,2,2,1,weekday,0,0,11.8,22.3,2.8,5,0.0,5.0,-5.0,BALANCED,4.65,3.45,3.95,2.25
2024-02-06 03:00,2,3,1,weekday,0,0,18.9,19.4,1.1,5,2.53,7.53,-7.53,DEFICIT,5.19,3.72,4.41,2.25
2024-02-06 04:00,2,4,1,weekday,0,0,21.7,18.9,1.3,5,4.37,9.37,-9.37,DEFICIT,4.42,3.34,3.76,2.25
2024-02-06 05:00,2,5,1,weekday,0,0,35.8,17.7,4.5,5.2,0.0,5.2,-5.2,DEFICIT,4.41,3.33,3.75,2.25
2024-02-06 06:00,2,6,1,weekday,27.6,2.8,21.0,19.2,3.0,14.82,0,14.82,-12.02,DEFICIT,5.73,3.99,4.87,2.25
2024-02-06 07:00,2,7,1,weekday,116.8,11.84,19.4,23.2,3.3,22.0,3.72,25.72,-13.88,DEFICIT,5.55,3.9,4.72,2.25
2024-02-06 08:00,2,8,1,weekday,234.7,23.8,36.2,23.2,3.2,16.45,17.03,33.48,-9.68,DEFICIT,6.59,4.42,5.6,2.25
2024-02-06 09:00,2,9,1,weekday,367.8,37.3,23.4,22.7,2.4,9.96,0.0,9.96,27.33,SURPLUS,5.69,3.97,4.84,2.25
2024-02-06 10:00,2,10,1,weekday,543.0,54.85,11.6,26.0,2.7,9.95,0,9.95,44.9,SURPLUS,3.31,2.78,2.81,2.25
2024-02-06 11:00,2,11,1,weekday,728.7,73.43,15.3,26.6,3.1,8.39,0,8.39,65.04,SURPLUS,4.34,3.3,3.69,2.25
2024-02-06 12:00,2,12,1,weekday,668.3,67.37,31.8,26.4,4.8,10.53,0,10.53,56.84,SURPLUS,3.93,3.09,3.34,2.25
2024-02-06 13:00,2,13,1,weekday,622.2,62.57,15.9,27.1,4.1,11.32,0,11.32,51.25,SURPLUS,4.39,3.32,3.73,2.25
2024-02-06 14:00,2,14,1,weekday,455.8,45.0,25.9,31.6,3.9,8.99,0,8.99,36.01,SURPLUS,3.24,2.74,2.75,2.25
2024-02-06 15:00,2,15,1,weekday,479.1,48.4,22.9,26.0,3.4,8.54,0,8.54,39.85,SURPLUS,3.93,3.09,3.34,2.25
2024-02-06 16:00,2,16,1,weekday,314.6,31.87,24.6,25.2,5.6,12.68,0,12.68,19.19,SURPLUS,6.93,4.59,5.89,2.25
2024-02-06 17:00,2,17,1,weekday,139.3,14.13,14.5,24.0,3.3,16.13,0,16.13,-2.0,BALANCED,6.74,4.5,5.73,2.25
2024-02-06 18:00,2,18,1,weekday,40.3,4.09,9.9,25.0,2.2,18.86,12.97,31.83,-27.74,DEFICIT,7.16,4.7,6.09,2.25
2024-02-06 19:00,2,19,1,weekday,0,0,32.9,21.9,3.4,19.73,17.39,37.12,-37.12,DEFICIT,6.83,4.54,5.81,2.25
2024-02-06 20:00,2,20,1,weekday,0,0,13.0,19.3,2.6,22.19,0.0,22.19,-22.19,DEFICIT,6.79,4.52,5.77,2.25
2024-02-06 21:00,2,21,1,weekday,0,0,18.8,21.3,4.3,20.07,7.47,27.53,-27.53,DEFICIT,7.07,4.66,6.01,2.25
2024-02-06 22:00,2,22,1,weekday,0,0,21.9,22.4,1.9,10.9,0.0,10.9,-10.9,DEFICIT,3.81,3.03,3.24,2.25
2024-02-06 23:00,2,23,1,weekday,0,0,5.9,19.9,3.1,9.57,0,9.57,-9.57,DEFICIT,4.62,3.44,3.93,2.25
2024-02-07 00:00,2,0,2,weekday,0,0,32.5,18.2,2.1,6.49,2.44,8.92,-8.92,DEFICIT,4.27,3.26,3.63,2.25
2024-02-07 01:00,2,1,2,weekday,0,0,14.9,17.2,4.2,5.42,4.83,10.25,-10.25,DEFICIT,3.92,3.09,3.34,2.25
2024-02-07 02:00,2,2,2,weekday,0,0,25.0,20.9,3.7,5,0.0,5.0,-5.0,BALANCED,4.49,3.37,3.81,2.25
2024-02-07 03:00,2,3,2,weekday,0,0,20.1,19.2,3.3,5,3.19,8.19,-8.19,DEFICIT,4.14,3.2,3.52,2.25
2024-02-07 04:00,2,4,2,weekday,0,0,30.4,20.5,2.5,5,2.2,7.2,-7.2,DEFICIT,4.23,3.24,3.59,2.25
2024-02-07 05:00,2,5,2,weekday,0,0,16.9,19.0,3.5,5.14,0.0,5.14,-5.14,DEFICIT,4.71,3.48,4.0,2.25
2024-02-07 06:00,2,6,2,weekday,46.5,4.72,26.3,17.3,3.3,14.95,0,14.95,-10.24,DEFICIT,5.48,3.87,4.66,2.25
2024-02-07 07:00,2,7,2,weekday,138.7,14.06,22.1,21.2,2.6,17.86,8.43,26.29,-12.23,DEFICIT,5.8,4.02,4.93,2.25
2024-02-07 08:00,2,8,2,weekday,298.9,30.31,8.5,21.4,3.6,12.56,0.0,12.56,17.74,SURPLUS,5.94,4.09,5.05,2.25
2024-02-07 09:00,2,9,2,weekday,493.3,50.02,20.9,24.9,3.2,9.88,6.01,15.89,34.14,SURPLUS,6.12,4.19,5.2,2.25
2024-02-07 10:00,2,10,2,weekday,530.3,53.77,13.9,23.8,4.5,10.12,0,10.12,43.65,SURPLUS,3.83,3.04,3.26,2.25
2024-02-07 11:00,2,11,2,weekday,634.1,64.22,0,25.3,3.8,10.79,0,10.79,53.44,SURPLUS,4.28,3.27,3.64,2.25
2024-02-07 12:00,2,12,2,weekday,766.6,76.15,11.9,30.1,4.5,9.76,0,9.76,66.39,SURPLUS,3.74,2.99,3.18,2.25
2024-02-07 13:00,2,13,2,weekday,690.5,69.38,16.7,27.3,5.2,7.72,0,7.72,61.66,SURPLUS,3.48,2.86,2.96,2.25
2024-02-07 14:00,2,14,2,weekday,654.1,66.06,27.5,26.0,3.4,10.37,0,10.37,55.7,SURPLUS,3.45,2.85,2.93,2.25
2024-02-07 15:00,2,15,2,weekday,490.8,49.41,25.2,26.8,3.8,9.79,0,9.79,39.62,SURPLUS,3.5,2.88,2.98,2.25
2024-02-07 16:00,2,16,2,weekday,344.8,34.97,23.6,24.2,3.1,9.94,0,9.94,25.02,SURPLUS,6.85,4.55,5.82,2.25
2024-02-07 17:00,2,17,2,weekday,181.7,18.26,19.3,27.2,4.3,13.43,0,13.43,4.83,BALANCED,7.03,4.64,5.98,2.25
2024-02-07 18:00,2,18,2,weekday,31.4,3.18,21.1,23.9,2.7,19.8,15.82,35.61,-32.43,DEFICIT,6.73,4.49,5.72,2.25
2024-02-07 19:00,2,19,2,weekday,0,0,27.1,22.6,3.8,25.8,5.86,31.66,-31.66,DEFICIT,6.73,4.49,5.72,2.25
2024-02-07 20:00,2,20,2,weekday,0,0,21.0,23.4,1.2,20.02,0.0,20.02,-20.02,DEFICIT,6.49,4.37,5.51,2.25
2024-02-07 21:00,2,21,2,weekday,0,0,23.4,22.4,1.8,16.17,14.92,31.09,-31.09,DEFICIT,6.52,4.39,5.54,2.25
2024-02-07 22:00,2,22,2,weekday,0,0,5.1,19.3,4.2,13.3,9.72,23.02,-23.02,DEFICIT,4.68,3.46,3.98,2.25
2024-02-07 23:00,2,23,2,weekday,0,0,10.9,21.3,3.2,9.68,0,9.68,-9.68,DEFICIT,4.6,3.43,3.91,2.25
2024-02-08 00:00,2,0,3,weekday,0,0,14.6,20.3,1.3,5.96,0.0,5.96,-5.96,DEFICIT,4.8,3.53,4.08,2.25
2024-02-08 01:00,2,1,3,weekday,0,0,14.5,17.8,2.7,5,4.87,9.87,-9.87,DEFICIT,4.63,3.44,3.94,2.25
2024-02-08 02:00,2,2,3,weekday,0,0,17.7,21.2,3.2,5,0.0,5.0,-5.0,BALANCED,4.99,3.62,4.25,2.25
2024-02-08 03:00,2,3,3,weekday,0,0,25.6,20.2,3.9,5,5.09,10.09,-10.09,DEFICIT,4.42,3.34,3.76,2.25
2024-02-08 04:00,2,4,3,weekday,0,0,29.2,18.5,4.3,5,0.0,5.0,-5.0,BALANCED,3.89,3.07,3.3,2.25
2024-02-08 05:00,2,5,3,weekday,0,0,33.4,20.2,2.8,5.39,4.41,9.8,-9.8,DEFICIT,4.35,3.3,3.69,2.25
2024-02-08 06:00,2,6,3,weekday,37.4,3.79,24.1,16.7,2.4,14.71,0,14.71,-10.91,DEFICIT,5.0,3.63,4.25,2.25
2024-02-08 07:00,2,7,3,weekday,150.0,15.21,16.8,20.1,3.9,19.89,0.0,19.89,-4.68,BALANCED,6.0,4.12,5.1,2.25
2024-02-08 08:00,2,8,3,weekday,331.8,33.64,11.9,23.3,3.3,13.86,8.1,21.96,11.68,SURPLUS,5.64,3.95,4.8,2.25
2024-02-08 09:00,2,9,3,weekday,509.8,51.69,31.2,22.8,3.2,12.29,0.0,12.29,39.4,SURPLUS,6.03,4.14,5.13,2.25
2024-02-08 10:00,2,10,3,weekday,663.1,67.24,23.1,24.9,2.8,10.33,0,10.33,56.91,SURPLUS,4.05,3.15,3.45,2.25
2024-02-08 11:00,2,11,3,weekday,701.6,70.56,18.1,27.1,2.8,8.22,0,8.22,62.34,SURPLUS,4.09,3.17,3.48,2.25
2024-02-08 12:00,2,12,3,weekday,821.8,83.13,28.4,25.6,4.0,10.28,0,10.28,72.85,SURPLUS,3.68,2.96,3.13,2.25
2024-02-08 13:00,2,13,3,weekday,735.4,74.56,21.5,25.0,3.1,11.4,0,11.4,63.16,SURPLUS,3.59,2.92,3.05,2.25
2024-02-08 14:00,2,14,3,weekday,722.6,73.21,22.1,25.2,4.3,7.65,0,7.65,65.56,SURPLUS,3.56,2.9,3.03,2.25
2024-02-08 15:00,2,15,3,weekday,530.0,52.15,29.6,32.4,3.3,10.63,0,10.63,41.53,SURPLUS,3.79,3.02,3.22,2.25
2024-02-08 16:00,2,16,3,weekday,359.3,36.15,18.8,27.0,3.7,12.47,0,12.47,23.68,SURPLUS,6.91,4.58,5.87,2.25
2024-02-08 17:00,2,17,3,weekday,166.4,16.78,35.6,26.3,2.8,15.0,0,15.0,1.79,BALANCED,6.91,4.58,5.87,2.25
2024-02-08 18:00,2,18,3,weekday,38.1,3.86,20.4,23.1,2.3,24.67,18.39,43.05,-39.19,DEFICIT,6.21,4.23,5.28,2.25
2024-02-08 19:00,2,19,3,weekday,0,0,17.3,22.2,2.5,28.08,13.95,42.03,-42.03,DEFICIT,7.13,4.69,6.06,2.25
2024-02-08 20:00,2,20,3,weekday,0,0,12.9,20.3,4.2,19.96,0.0,19.96,-19.96,DEFICIT,6.69,4.47,5.69,2.25
2024-02-08 21:00,2,21,3,weekday,0,0,31.1,22.2,4.2,18.17,20.46,38.63,-38.63,DEFICIT,7.1,4.68,6.04,2.25
2024-02-08 22:00,2,22,3,weekday,0,0,17.9,22.9,3.6,12.55,18.11,30.66,-30.66,DEFICIT,4.48,3.37,3.81,2.25
2024-02-08 23:00,2,23,3,weekday,0,0,20.7,22.6,3.4,9.65,0,9.65,-9.65,DEFICIT,4.71,3.48,4.0,2.25
2024-02-09 00:00,2,0,4,weekday,0,0,16.9,18.6,2.9,6.6,0.0,6.6,-6.6,DEFICIT,4.43,3.34,3.77,2.25
2024-02-09 01:00,2,1,4,weekday,0,0,27.4,22.2,3.0,6.04,0.0,6.04,-6.04,DEFICIT,4.44,3.35,3.77,2.25
2024-02-09 02:00,2,2,4,weekday,0,0,27.0,19.1,2.9,5,5.24,10.24,-10.24,DEFICIT,4.14,3.2,3.52,2.25
2024-02-09 03:00,2,3,4,weekday,0,0,10.2,17.1,2.0,5,0.0,5.0,-5.0,BALANCED,4.18,3.22,3.55,2.25
2024-02-09 04:00,2,4,4,weekday,0,0,33.4,17.6,4.0,5,3.84,8.84,-8.84,DEFICIT,4.25,3.25,3.61,2.25
2024-02-09 05:00,2,5,4,weekday,0,0,30.7,20.3,3.3,5,4.92,9.92,-9.92,DEFICIT,4.47,3.36,3.8,2.25
2024-02-09 06:00,2,6,4,weekday,34.9,3.54,26.3,19.7,3.3,15.92,0,15.92,-12.38,DEFICIT,5.3,3.77,4.5,2.25
2024-02-09 07:00,2,7,4,weekday,168.0,17.04,26.0,22.8,3.1,19.2,13.91,33.11,-16.07,DEFICIT,5.81,4.03,4.93,2.25
2024-02-09 08:00,2,8,4,weekday,347.5,35.23,18.2,22.8,2.4,16.35,3.46,19.81,15.42,SURPLUS,6.2,4.23,5.27,2.25
2024-02-09 09:00,2,9,4,weekday,487.0,49.32,12.7,25.3,4.3,10.14,0.0,10.14,39.17,SURPLUS,5.48,3.86,4.66,2.25
2024-02-09 10:00,2,10,4,weekday,720.7,73.08,6.1,24.1,2.8,8.33,0,8.33,64.75,SURPLUS,3.83,3.04,3.25,2.25
2024-02-09 11:00,2,11,4,weekday,858.4,85.33,23.6,29.9,4.8,8.47,0,8.47,76.85,SURPLUS,3.58,2.91,3.04,2.25
2024-02-09 12:00,2,12,4,weekday,1012.1,101.74,15.9,27.2,4.2,10.25,0,10.25,91.49,SURPLUS,3.56,2.9,3.02,2.25
2024-02-09 13:00,2,13,4,weekday,837.4,83.75,12.0,28.4,4.0,9.41,0,9.41,74.34,SURPLUS,4.26,3.25,3.62,2.25
2024-02-09 14:00,2,14,4,weekday,751.6,76.02,23.3,25.7,4.6,9.02,0,9.02,66.99,SURPLUS,3.21,2.73,2.73,2.25
2024-02-09 15:00,2,15,4,weekday,605.2,60.56,25.4,28.3,3.8,10.58,0,10.58,49.98,SURPLUS,3.37,2.81,2.87,2.25
2024-02-09 16:00,2,16,4,weekday,410.4,41.56,20.5,25.3,3.3,10.16,0,10.16,31.4,SURPLUS,6.68,4.46,5.68,2.25
2024-02-09 17:00,2,17,4,weekday,181.5,18.4,26.6,23.6,3.7,16.13,0,16.13,2.27,BALANCED,6.67,4.46,5.67,2.25
2024-02-09 18:00,2,18,4,weekday,47.2,4.78,26.5,25.0,2.9,19.03,10.16,29.18,-24.4,DEFICIT,6.59,4.42,5.6,2.25
2024-02-09 19:00,2,19,4,weekday,0,0,21.0,20.7,4.0,26.66,19.79,46.45,-46.45,DEFICIT,6.57,4.41,5.58,2.25
2024-02-09 20:00,2,20,4,weekday,0,0,32.7,22.6,3.9,28.66,5.61,34.28,-34.28,DEFICIT,7.18,4.71,6.1,2.25
2024-02-09 21:00,2,21,4,weekday,0,0,20.5,21.9,2.8,20.57,18.71,39.29,-39.29,DEFICIT,6.98,4.61,5.93,2.25
2024-02-09 22:00,2,22,4,weekday,0,0,31.9,21.8,2.6,13.88,0.0,13.88,-13.88,DEFICIT,4.69,3.47,3.98,2.25
2024-02-09 23:00,2,23,4,weekday,0,0,34.6,22.3,3.3,9.71,0,9.71,-9.71,DEFICIT,3.82,3.03,3.25,2.25
2024-02-10 00:00,2,0,5,weekend,0,0,25.9,18.6,3.7,9.05,3.11,12.16,-12.16,DEFICIT,4.32,3.28,3.67,2.25
2024-02-10 01:00,2,1,5,weekend,0,0,25.2,18.8,3.9,5.52,4.64,10.16,-10.16,DEFICIT,4.57,3.41,3.88,2.25
2024-02-10 02:00,2,2,5,weekend,0,0,25.5,20.0,3.0,5.96,5.28,11.24,-11.24,DEFICIT,4.47,3.36,3.8,2.25
2024-02-10 03:00,2,3,5,weekend,0,0,33.9,17.0,3.1,5,0.0,5.0,-5.0,BALANCED,4.8,3.52,4.08,2.25
2024-02-10 04:00,2,4,5,weekend,0,0,26.8,18.2,4.0,5,0.0,5.0,-5.0,BALANCED,4.69,3.47,3.98,2.25
2024-02-10 05:00,2,5,5,weekend,0,0,27.6,19.9,3.4,7.52,0.0,7.52,-7.52,DEFICIT,4.21,3.23,3.58,2.25
2024-02-10 06:00,2,6,5,weekend,43.1,4.37,21.0,21.8,4.3,19.63,0,19.63,-15.26,DEFICIT,5.98,4.12,5.09,2.25
2024-02-10 07:00,2,7,5,weekend,157.4,15.96,30.9,21.9,2.7,25.36,0.0,25.36,-9.4,DEFICIT,5.64,3.94,4.79,2.25
2024-02-10 08:00,2,8,5,weekend,325.4,32.99,24.3,22.9,4.3,21.23,9.06,30.29,2.7,BALANCED,6.02,4.13,5.12,2.25
2024-02-10 09:00,2,9,5,weekend,486.2,49.19,15.0,25.6,3.2,11.39,6.66,18.04,31.15,SURPLUS,6.05,4.15,5.14,2.25
2024-02-10 10:00,2,10,5,weekend,749.3,75.98,23.8,21.4,1.5,9.97,0,9.97,66.01,SURPLUS,3.59,2.92,3.05,2.25
2024-02-10 11:00,2,11,5,weekend,742.6,74.91,25.2,26.3,3.6,11.92,0,11.92,62.99,SURPLUS,3.97,3.11,3.38,2.25
2024-02-10 12:00,2,12,5,weekend,929.9,92.6,34.0,29.5,2.8,12.39,0,12.39,80.2,SURPLUS,4.18,3.22,3.56,2.25
2024-02-10 13:00,2,13,5,weekend,814.4,81.96,23.7,26.9,3.7,11.08,0,11.08,70.87,SURPLUS,3.68,2.97,3.13,2.25
2024-02-10 14:00,2,14,5,weekend,739.1,74.19,37.6,27.5,3.8,8.8,0,8.8,65.39,SURPLUS,3.39,2.82,2.88,2.25
2024-02-10 15:00,2,15,5,weekend,535.6,53.48,50.1,28.8,5.5,11.79,0,11.79,41.69,SURPLUS,4.09,3.17,3.47,2.25
2024-02-10 16:00,2,16,5,weekend,452.0,45.53,32.1,26.6,4.6,14.59,0,14.59,30.94,SURPLUS,6.62,4.43,5.63,2.25
2024-02-10 17:00,2,17,5,weekend,231.9,23.36,28.1,26.6,3.5,18.15,0,18.15,5.21,SURPLUS,6.77,4.51,5.75,2.25
2024-02-10 18:00,2,18,5,weekend,43.9,4.45,25.8,21.8,2.1,26.71,17.54,44.25,-39.8,DEFICIT,7.59,4.92,6.45,2.25
2024-02-10 19:00,2,19,5,weekend,0,0,14.1,23.2,1.6,28.61,6.66,35.27,-35.27,DEFICIT,7.23,4.74,6.15,2.25
2024-02-10 20:00,2,20,5,weekend,0,0,28.5,24.2,3.1,28.63,0.0,28.63,-28.63,DEFICIT,6.69,4.47,5.69,2.25
2024-02-10 21:00,2,21,5,weekend,0,0,24.8,21.2,3.8,21.9,0.0,21.9,-21.9,DEFICIT,6.5,4.37,5.52,2.25
2024-02-10 22:00,2,22,5,weekend,0,0,36.9,22.5,2.9,17.96,6.16,24.12,-24.12,DEFICIT,4.18,3.22,3.55,2.25
2024-02-10 23:00,2,23,5,weekend,0,0,27.4,20.7,2.6,10.58,0,10.58,-10.58,DEFICIT,4.35,3.3,3.7,2.25
2024-02-11 00:00,2,0,6,weekend,0,0,7.5,17.7,3.1,8.38,2.42,10.8,-10.8,DEFICIT,4.27,3.26,3.63,2.25
2024-02-11 01:00,2,1,6,weekend,0,0,20.3,18.3,3.6,6.98,0.0,6.98,-6.98,DEFICIT,4.32,3.28,3.67,2.25
2024-02-11 02:00,2,2,6,weekend,0,0,18.7,20.5,4.4,5.92,0.0,5.92,-5.92,DEFICIT,4.79,3.52,4.07,2.25
2024-02-11 03:00,2,3,6,weekend,0,0,23.4,15.6,2.8,5,0.0,5.0,-5.0,BALANCED,4.43,3.34,3.76,2.25
2024-02-11 04:00,2,4,6,weekend,0,0,7.4,19.5,3.7,5,0.0,5.0,-5.0,BALANCED,4.29,3.27,3.65,2.25
2024-02-11 05:00,2,5,6,weekend,0,0,21.4,17.2,2.9,5.06,2.99,8.06,-8.06,DEFICIT,4.81,3.53,4.09,2.25
2024-02-11 06:00,2,6,6,weekend,30.3,3.07,22.9,21.3,3.4,17.96,0,17.96,-14.89,DEFICIT,5.7,3.98,4.85,2.25
2024-02-11 07:00,2,7,6,weekend,106.3,10.77,10.5,22.0,2.4,21.83,16.21,38.04,-27.26,DEFICIT,5.73,3.99,4.87,2.25
2024-02-11 08:00,2,8,6,weekend,265.4,26.91,11.5,23.3,3.7,21.35,10.01,31.36,-4.45,BALANCED,6.09,4.17,5.18,2.25
2024-02-11 09:00,2,9,6,weekend,356.0,36.1,15.4,24.8,3.6,13.59,19.98,33.57,2.52,BALANCED,6.2,4.22,5.27,2.25
2024-02-11 10:00,2,10,6,weekend,440.6,44.68,16.1,23.0,3.9,10.64,0,10.64,34.04,SURPLUS,3.59,2.92,3.05,2.25
2024-02-11 11:00,2,11,6,weekend,474.2,48.07,19.4,25.1,3.3,10.94,0,10.94,37.13,SURPLUS,3.84,3.05,3.26,2.25
2024-02-11 12:00,2,12,6,weekend,583.7,58.0,12.3,30.0,4.2,14.08,0,14.08,43.92,SURPLUS,3.61,2.93,3.07,2.25
2024-02-11 13:00,2,13,6,weekend,511.4,51.7,5.2,25.7,4.1,12.66,0,12.66,39.04,SURPLUS,3.47,2.86,2.95,2.25
2024-02-11 14:00,2,14,6,weekend,484.0,48.29,15.9,29.0,4.7,12.18,0,12.18,36.11,SURPLUS,4.13,3.19,3.51,2.25
2024-02-11 15:00,2,15,6,weekend,368.3,36.76,7.0,28.9,4.2,13.19,0,13.19,23.58,SURPLUS,3.85,3.05,3.27,2.25
2024-02-11 16:00,2,16,6,weekend,254.4,25.42,15.8,28.7,3.2,10.13,0,10.13,15.29,SURPLUS,7.08,4.67,6.02,2.25
2024-02-11 17:00,2,17,6,weekend,113.7,11.53,9.5,24.0,3.0,20.6,0,20.6,-9.07,DEFICIT,6.4,4.33,5.44,2.25
2024-02-11 18:00,2,18,6,weekend,29.2,2.96,7.4,22.4,3.6,23.47,0.0,23.47,-20.51,DEFICIT,6.57,4.41,5.58,2.25
2024-02-11 19:00,2,19,6,weekend,0,0,32.3,23.7,3.9,27.85,17.85,45.7,-45.7,DEFICIT,6.97,4.61,5.92,2.25
2024-02-11 20:00,2,20,6,weekend,0,0,9.8,21.1,2.8,28.43,8.08,36.52,-36.52,DEFICIT,6.47,4.36,5.5,2.25
2024-02-11 21:00,2,21,6,weekend,0,0,6.4,22.3,2.6,25.35,12.44,37.79,-37.79,DEFICIT,6.52,4.39,5.54,2.25
2024-02-11 22:00,2,22,6,weekend,0,0,28.9,20.5,4.7,14.71,19.76,34.47,-34.47,DEFICIT,4.68,3.46,3.98,2.25
2024-02-11 23:00,2,23,6,weekend,0,0,12.0,17.8,2.7,10.8,0,10.8,-10.8,DEFICIT,4.06,3.15,3.45,2.25
2024-02-12 00:00,2,0,0,weekday,0,0,21.6,20.8,3.0,5,2.92,7.92,-7.92,DEFICIT,4.98,3.62,4.23,2.25
2024-02-12 01:00,2,1,0,weekday,0,0,13.9,14.3,2.8,5.69,0.0,5.69,-5.69,DEFICIT,4.73,3.49,4.02,2.25
2024-02-12 02:00,2,2,0,weekday,0,0,27.1,17.7,2.5,5.09,0.0,5.09,-5.09,DEFICIT,4.64,3.45,3.95,2.25
2024-02-12 03:00,2,3,0,weekday,0,0,24.0,21.2,3.4,5,5.24,10.24,-10.24,DEFICIT,4.87,3.56,4.14,2.25
2024-02-12 04:00,2,4,0,weekday,0,0,21.6,16.0,3.0,5,5.47,10.47,-10.47,DEFICIT,4.73,3.49,4.02,2.25
2024-02-12 05:00,2,5,0,weekday,0,0,2.9,18.7,3.4,5,0.0,5.0,-5.0,BALANCED,4.64,3.44,3.94,2.25
2024-02-12 06:00,2,6,0,weekday,42.8,4.34,10.5,17.5,3.6,14.31,0,14.31,-9.97,DEFICIT,5.72,3.98,4.86,2.25
2024-02-12 07:00,2,7,0,weekday,165.2,16.75,21.8,18.7,4.1,21.84,9.61,31.44,-14.69,DEFICIT,5.94,4.1,5.05,2.25
2024-02-12 08:00,2,8,0,weekday,334.0,33.86,19.7,25.1,4.7,16.24,11.86,28.09,5.76,SURPLUS,5.67,3.96,4.82,2.25
2024-02-12 09:00,2,9,0,weekday,490.9,49.78,31.9,22.4,2.4,11.96,0.0,11.96,37.82,SURPLUS,5.28,3.77,4.49,2.25
2024-02-12 10:00,2,10,0,weekday,643.7,64.97,28.8,26.1,4.7,8.41,0,8.41,56.56,SURPLUS,4.15,3.2,3.52,2.25
2024-02-12 11:00,2,11,0,weekday,757.1,76.77,4.8,24.6,1.9,9.97,0,9.97,66.8,SURPLUS,3.73,2.99,3.17,2.25
2024-02-12 12:00,2,12,0,weekday,767.2,76.75,25.4,28.3,2.5,11.81,0,11.81,64.94,SURPLUS,3.53,2.89,3.0,2.25
2024-02-12 13:00,2,13,0,weekday,830.8,82.26,26.5,30.9,4.6,11.29,0,11.29,70.97,SURPLUS,4.63,3.44,3.94,2.25
2024-02-12 14:00,2,14,0,weekday,673.1,67.15,6.7,29.0,4.8,9.23,0,9.23,57.92,SURPLUS,4.15,3.2,3.53,2.25
2024-02-12 15:00,2,15,0,weekday,505.7,50.4,13.2,29.3,3.5,11.07,0,11.07,39.34,SURPLUS,4.1,3.17,3.48,2.25
2024-02-12 16:00,2,16,0,weekday,323.3,32.66,19.4,25.9,2.7,13.07,0,13.07,19.59,SURPLUS,7.12,4.68,6.05,2.25
2024-02-12 17:00,2,17,0,weekday,172.9,17.53,16.5,24.4,2.4,18.54,0,18.54,-1.02,BALANCED,6.49,4.37,5.52,2.25
2024-02-12 18:00,2,18,0,weekday,37.7,3.82,20.0,24.6,2.4,22.3,8.36,30.66,-26.84,DEFICIT,6.6,4.42,5.61,2.25
2024-02-12 19:00,2,19,0,weekday,0,0,17.6,22.8,3.1,24.79,0.0,24.79,-24.79,DEFICIT,7.16,4.7,6.09,2.25
2024-02-12 20:00,2,20,0,weekday,0,0,14.3,22.7,3.3,28.33,21.86,50.19,-50.19,DEFICIT,6.88,4.57,5.85,2.25
2024-02-12 21:00,2,21,0,weekday,0,0,16.7,21.9,4.0,18.44,0.0,18.44,-18.44,DEFICIT,6.87,4.56,5.84,2.25
2024-02-12 22:00,2,22,0,weekday,0,0,24.2,21.0,2.9,14.26,7.43,21.69,-21.69,DEFICIT,4.39,3.32,3.73,2.25
2024-02-12 23:00,2,23,0,weekday,0,0,21.9,23.2,2.0,9.15,0,9.15,-9.15,DEFICIT,4.15,3.2,3.52,2.25
2024-02-13 00:00,2,0,1,weekday,0,0,9.1,21.4,2.5,6.52,5.0,11.52,-11.52,DEFICIT,4.6,3.43,3.91,2.25
2024-02-13 01:00,2,1,1,weekday,0,0,23.5,20.1,3.9,5,2.37,7.37,-7.37,DEFICIT,4.36,3.31,3.71,2.25
2024-02-13 02:00,2,2,1,weekday,0,0,9.1,17.7,2.7,5.28,5.59,10.87,-10.87,DEFICIT,4.21,3.23,3.58,2.25
2024-02-13 03:00,2,3,1,weekday,0,0,4.0,17.2,3.1,5,0.0,5.0,-5.0,BALANCED,4.83,3.54,4.11,2.25
2024-02-13 04:00,2,4,1,weekday,0,0,30.7,20.1,4.1,5,0.0,5.0,-5.0,BALANCED,4.39,3.32,3.73,2.25
2024-02-13 05:00,2,5,1,weekday,0,0,23.0,19.5,1.5,5,0.0,5.0,-5.0,BALANCED,4.37,3.31,3.72,2.25
2024-02-13 06:00,2,6,1,weekday,39.0,3.95,19.1,19.2,3.6,15.94,0,15.94,-11.99,DEFICIT,6.05,4.15,5.15,2.25
2024-02-13 07:00,2,7,1,weekday,136.7,13.86,21.3,18.5,3.9,22.23,0.0,22.23,-8.37,DEFICIT,5.72,3.98,4.86,2.25
2024-02-13 08:00,2,8,1,weekday,307.6,31.19,32.0,23.6,4.2,16.14,0.0,16.14,15.05,SURPLUS,5.46,3.85,4.64,2.25
2024-02-13 09:00,2,9,1,weekday,465.1,47.16,13.2,21.2,3.4,9.54,0.0,9.54,37.62,SURPLUS,5.47,3.86,4.65,2.25
2024-02-13 10:00,2,10,1,weekday,593.2,60.15,22.8,23.5,3.7,8.78,0,8.78,51.37,SURPLUS,3.94,3.09,3.35,2.25
2024-02-13 11:00,2,11,1,weekday,622.6,63.09,23.2,25.2,2.4,10.11,0,10.11,52.97,SURPLUS,4.41,3.33,3.75,2.25
2024-02-13 12:00,2,12,1,weekday,729.1,73.37,8.6,26.9,4.8,9.48,0,9.48,63.89,SURPLUS,3.32,2.78,2.82,2.25
2024-02-13 13:00,2,13,1,weekday,679.2,68.3,10.2,27.1,4.7,11.12,0,11.12,57.18,SURPLUS,3.95,3.1,3.36,2.25
2024-02-13 14:00,2,14,1,weekday,690.2,69.24,18.8,27.7,3.3,9.14,0,9.14,60.11,SURPLUS,3.17,2.71,2.69,2.25
2024-02-13 15:00,2,15,1,weekday,508.4,50.49,32.9,30.2,3.9,10.38,0,10.38,40.11,SURPLUS,3.85,3.05,3.27,2.25
2024-02-13 16:00,2,16,1,weekday,323.1,32.66,4.0,25.7,2.2,12.84,0,12.84,19.83,SURPLUS,6.56,4.41,5.58,2.25
2024-02-13 17:00,2,17,1,weekday,159.3,15.93,24.5,28.5,4.0,16.36,0,16.36,-0.43,BALANCED,6.29,4.27,5.35,2.25
2024-02-13 18:00,2,18,1,weekday,41.2,4.18,25.7,23.6,3.5,23.51,7.07,30.58,-26.4,DEFICIT,7.01,4.63,5.96,2.25
2024-02-13 19:00,2,19,1,weekday,0,0,33.2,25.4,4.8,26.45,13.0,39.44,-39.44,DEFICIT,6.71,4.48,5.7,2.25
2024-02-13 20:00,2,20,1,weekday,0,0,15.5,21.8,3.6,24.95,13.84,38.78,-38.78,DEFICIT,7.4,4.83,6.29,2.25
2024-02-13 21:00,2,21,1,weekday,0,0,27.7,20.4,3.4,17.66,21.44,39.11,-39.11,DEFICIT,6.67,4.46,5.67,2.25
2024-02-13 22:00,2,22,1,weekday,0,0,29.0,20.9,2.9,13.26,0.0,13.26,-13.26,DEFICIT,4.56,3.41,3.88,2.25
2024-02-13 23:00,2,23,1,weekday,0,0,19.6,23.7,5.2,9.08,0,9.08,-9.08,DEFICIT,4.3,3.27,3.65,2.25
2024-02-14 00:00,2,0,2,weekday,0,0,10.2,19.2,4.0,7.54,0.0,7.54,-7.54,DEFICIT,4.71,3.48,4.01,2.25
2024-02-14 01:00,2,1,2,weekday,0,0,20.7,20.8,3.5,5.72,5.46,11.19,-11.19,DEFICIT,4.42,3.33,3.75,2.25
2024-02-14 02:00,2,2,2,weekday,0,0,20.7,19.0,1.3,5,0.0,5.0,-5.0,BALANCED,4.2,3.22,3.57,2.25
2024-02-14 03:00,2,3,2,weekday,0,0,9.2,20.2,2.0,5,5.6,10.6,-10.6,DEFICIT,4.61,3.43,3.92,2.25
2024-02-14 04:00,2,4,2,weekday,0,0,16.4,17.5,2.7,5,0.0,5.0,-5.0,BALANCED,4.81,3.53,4.09,2.25
2024-02-14 05:00,2,5,2,weekday,0,0,15.4,18.0,3.9,5.9,5.17,11.07,-11.07,DEFICIT,4.59,3.42,3.9,2.25
2024-02-14 06:00,2,6,2,weekday,24.4,2.47,0,20.6,4.3,14.06,0,14.06,-11.59,DEFICIT,6.27,4.26,5.33,2.25
2024-02-14 07:00,2,7,2,weekday,79.0,8.01,23.4,20.8,3.0,21.39,3.42,24.81,-16.79,DEFICIT,5.65,3.95,4.8,2.25
2024-02-14 08:00,2,8,2,weekday,151.3,15.34,11.9,24.3,4.2,14.71,15.16,29.87,-14.53,DEFICIT,5.69,3.97,4.83,2.25
2024-02-14 09:00,2,9,2,weekday,236.2,23.95,13.8,23.6,4.0,9.65,0.0,9.65,14.3,SURPLUS,5.93,4.09,5.04,2.25
2024-02-14 10:00,2,10,2,weekday,320.4,32.1,26.7,28.0,2.4,10.29,0,10.29,21.81,SURPLUS,3.37,2.81,2.86,2.25
2024-02-14 11:00,2,11,2,weekday,451.6,45.29,0,27.7,3.7,10.04,0,10.04,35.25,SURPLUS,3.81,3.03,3.24,2.25
2024-02-14 12:00,2,12,2,weekday,450.8,45.35,0,27.0,3.2,9.21,0,9.21,36.14,SURPLUS,4.0,3.12,3.4,2.25
2024-02-14 13:00,2,13,2,weekday,482.2,48.76,1.4,25.7,4.3,13.01,0,13.01,35.75,SURPLUS,3.88,3.07,3.3,2.25
2024-02-14 14:00,2,14,2,weekday,364.3,36.83,12.3,25.8,3.7,9.33,0,9.33,27.5,SURPLUS,4.23,3.24,3.59,2.25
2024-02-14 15:00,2,15,2,weekday,286.8,28.67,15.9,28.5,3.3,10.2,0,10.2,18.47,SURPLUS,3.97,3.11,3.37,2.25
2024-02-14 16:00,2,16,2,weekday,225.5,22.81,2.1,25.6,4.4,13.52,0,13.52,9.29,SURPLUS,6.8,4.52,5.78,2.25
2024-02-14 17:00,2,17,2,weekday,94.1,9.41,5.4,28.3,4.1,14.34,0,14.34,-4.93,BALANCED,6.71,4.48,5.7,2.25
2024-02-14 18:00,2,18,2,weekday,25.7,2.58,14.8,28.0,2.7,19.99,11.02,31.01,-28.44,DEFICIT,6.4,4.32,5.44,2.25
2024-02-14 19:00,2,19,2,weekday,0,0,3.7,24.1,1.9,24.56,14.01,38.57,-38.57,DEFICIT,7.32,4.78,6.22,2.25
2024-02-14 20:00,2,20,2,weekday,0,0,4.8,21.4,2.3,27.28,5.76,33.04,-33.04,DEFICIT,7.12,4.69,6.05,2.25
2024-02-14 21:00,2,21,2,weekday,0,0,9.7,20.7,3.9,16.83,0.0,16.83,-16.83,DEFICIT,7.33,4.79,6.23,2.25
2024-02-14 22:00,2,22,2,weekday,0,0,25.0,21.4,4.9,12.64,6.4,19.05,-19.05,DEFICIT,4.34,3.3,3.69,2.25
2024-02-14 23:00,2,23,2,weekday,0,0,20.4,22.6,3.7,9.85,0,9.85,-9.85,DEFICIT,4.12,3.19,3.51,2.25
2024-02-15 00:00,2,0,3,weekday,0,0,18.5,19.1,3.6,6.76,0.0,6.76,-6.76,DEFICIT,4.77,3.51,4.06,2.25
2024-02-15 01:00,2,1,3,weekday,0,0,17.8,18.5,4.2,5.69,4.77,10.47,-10.47,DEFICIT,4.22,3.24,3.59,2.25
2024-02-15 02:00,2,2,3,weekday,0,0,21.0,17.7,3.3,5.24,0.0,5.24,-5.24,DEFICIT,4.55,3.4,3.87,2.25
2024-02-15 03:00,2,3,3,weekday,0,0,24.0,21.1,4.2,5,2.33,7.33,-7.33,DEFICIT,4.33,3.29,3.68,2.25
2024-02-15 04:00,2,4,3,weekday,0,0,16.3,16.7,4.0,5,0.0,5.0,-5.0,BALANCED,4.78,3.52,4.07,2.25
2024-02-15 05:00,2,5,3,weekday,0,0,7.6,19.1,2.3,5.54,5.18,10.72,-10.72,DEFICIT,4.3,3.27,3.65,2.25
2024-02-15 06:00,2,6,3,weekday,30.4,3.08,11.5,22.0,2.5,15.14,0,15.14,-12.06,DEFICIT,5.85,4.05,4.97,2.25
2024-02-15 07:00,2,7,3,weekday,119.2,12.08,15.2,20.6,3.3,18.86,0.0,18.86,-6.77,DEFICIT,5.79,4.02,4.92,2.25
2024-02-15 08:00,2,8,3,weekday,263.4,26.71,8.3,22.3,3.3,18.99,0.0,18.99,7.73,SURPLUS,5.49,3.87,4.67,2.25
2024-02-15 09:00,2,9,3,weekday,353.0,35.8,10.7,23.3,2.3,10.07,0.0,10.07,25.73,SURPLUS,5.7,3.98,4.85,2.25
2024-02-15 10:00,2,10,3,weekday,533.2,54.06,17.6,25.0,2.2,8.67,0,8.67,45.4,SURPLUS,4.13,3.19,3.51,2.25
2024-02-15 11:00,2,11,3,weekday,608.3,61.04,3.2,27.6,2.7,9.69,0,9.69,51.35,SURPLUS,4.0,3.13,3.4,2.25
2024-02-15 12:00,2,12,3,weekday,746.3,74.95,9.7,27.4,3.1,9.3,0,9.3,65.65,SURPLUS,4.2,3.23,3.57,2.25
2024-02-15 13:00,2,13,3,weekday,600.3,60.48,26.0,26.6,5.1,9.88,0,9.88,50.6,SURPLUS,3.64,2.95,3.1,2.25
2024-02-15 14:00,2,14,3,weekday,536.8,54.31,20.8,25.6,4.5,9.57,0,9.57,44.74,SURPLUS,4.01,3.13,3.41,2.25
2024-02-15 15:00,2,15,3,weekday,416.4,41.74,27.9,27.9,3.9,11.86,0,11.86,29.88,SURPLUS,4.06,3.15,3.45,2.25
2024-02-15 16:00,2,16,3,weekday,281.8,28.4,11.4,26.5,5.0,15.44,0,15.44,12.97,SURPLUS,6.72,4.49,5.72,2.25
2024-02-15 17:00,2,17,3,weekday,144.1,14.53,17.6,26.3,3.1,17.14,0,17.14,-2.6,BALANCED,6.36,4.31,5.41,2.25
2024-02-15 18:00,2,18,3,weekday,29.8,3.02,17.4,24.5,3.4,24.16,18.91,43.07,-40.05,DEFICIT,6.6,4.42,5.61,2.25
2024-02-15 19:00,2,19,3,weekday,0,0,19.2,24.7,3.4,30.1,0.0,30.1,-30.1,DEFICIT,6.25,4.25,5.31,2.25
2024-02-15 20:00,2,20,3,weekday,0,0,27.4,23.5,3.7,22.71,7.18,29.89,-29.89,DEFICIT,6.83,4.54,5.81,2.25
2024-02-15 21:00,2,21,3,weekday,0,0,8.4,24.3,1.6,25.28,20.66,45.94,-45.94,DEFICIT,6.65,4.45,5.65,2.25
2024-02-15 22:00,2,22,3,weekday,0,0,20.3,21.9,4.5,12.33,8.43,20.76,-20.76,DEFICIT,4.41,3.33,3.75,2.25
2024-02-15 23:00,2,23,3,weekday,0,0,8.2,19.4,3.7,10.8,0,10.8,-10.8,DEFICIT,4.26,3.25,3.62,2.25
2024-02-16 00:00,2,0,4,weekday,0,0,11.5,18.6,3.6,6.73,5.15,11.88,-11.88,DEFICIT,4.92,3.59,4.18,2.25
2024-02-16 01:00,2,1,4,weekday,0,0,0,21.9,3.6,5.13,0.0,5.13,-5.13,DEFICIT,4.61,3.43,3.91,2.25
2024-02-16 02:00,2,2,4,weekday,0,0,16.7,17.1,3.9,5.43,3.85,9.27,-9.27,DEFICIT,4.16,3.21,3.54,2.25
2024-02-16 03:00,2,3,4,weekday,0,0,14.4,17.3,2.3,5,3.76,8.76,-8.76,DEFICIT,4.13,3.19,3.51,2.25
2024-02-16 04:00,2,4,4,weekday,0,0,15.7,17.4,2.1,5,5.12,10.12,-10.12,DEFICIT,5.11,3.68,4.35,2.25
2024-02-16 05:00,2,5,4,weekday,0,0,16.9,17.6,4.0,5,2.99,7.99,-7.99,DEFICIT,4.93,3.59,4.19,2.25
2024-02-16 06:00,2,6,4,weekday,23.6,2.39,20.9,19.1,3.2,15.19,0,15.19,-12.8,DEFICIT,5.53,3.89,4.7,2.25
2024-02-16 07:00,2,7,4,weekday,79.1,8.02,14.2,19.6,2.6,21.89,6.24,28.13,-20.11,DEFICIT,5.89,4.07,5.01,2.25
2024-02-16 08:00,2,8,4,weekday,176.7,17.92,5.7,21.7,4.5,17.64,0.0,17.64,0.27,BALANCED,5.92,4.09,5.03,2.25
2024-02-16 09:00,2,9,4,weekday,252.1,25.56,12.6,24.5,3.4,11.42,5.23,16.64,8.92,SURPLUS,5.78,4.02,4.92,2.25
2024-02-16 10:00,2,10,4,weekday,297.4,30.08,7.3,25.7,2.9,9.09,0,9.09,20.99,SURPLUS,4.09,3.17,3.48,2.25
2024-02-16 11:00,2,11,4,weekday,365.6,37.07,10.0,25.0,3.3,8.64,0,8.64,28.44,SURPLUS,3.22,2.73,2.74,2.25
2024-02-16 12:00,2,12,4,weekday,540.2,53.74,6.7,29.7,3.8,10.57,0,10.57,43.17,SURPLUS,3.29,2.77,2.79,2.25
2024-02-16 13:00,2,13,4,weekday,336.4,33.36,6.8,30.5,4.1,11.82,0,11.82,21.54,SURPLUS,3.85,3.05,3.28,2.25
2024-02-16 14:00,2,14,4,weekday,382.7,38.58,6.4,26.5,2.1,9.73,0,9.73,28.84,SURPLUS,3.73,2.99,3.17,2.25
2024-02-16 15:00,2,15,4,weekday,295.3,29.53,4.6,28.5,4.8,9.83,0,9.83,19.7,SURPLUS,3.26,2.75,2.77,2.25
2024-02-16 16:00,2,16,4,weekday,210.5,21.14,12.4,27.4,4.4,11.35,0,11.35,9.79,SURPLUS,6.77,4.51,5.76,2.25
2024-02-16 17:00,2,17,4,weekday,88.1,8.93,5.3,24.8,3.3,17.79,0,17.79,-8.86,DEFICIT,6.81,4.53,5.79,2.25
2024-02-16 18:00,2,18,4,weekday,19.1,1.94,5.3,23.6,2.3,21.29,0.0,21.29,-19.35,DEFICIT,7.22,4.74,6.14,2.25
2024-02-16 19:00,2,19,4,weekday,0,0,7.3,26.1,4.2,23.92,21.78,45.7,-45.7,DEFICIT,6.55,4.4,5.57,2.25
2024-02-16 20:00,2,20,4,weekday,0,0,20.4,22.5,2.7,23.83,0.0,23.83,-23.83,DEFICIT,7.22,4.73,6.13,2.25
2024-02-16 21:00,2,21,4,weekday,0,0,11.1,21.1,3.7,18.26,11.3,29.56,-29.56,DEFICIT,6.63,4.44,5.64,2.25
2024-02-16 22:00,2,22,4,weekday,0,0,29.5,22.1,2.8,14.02,18.26,32.28,-32.28,DEFICIT,4.59,3.42,3.9,2.25
2024-02-16 23:00,2,23,4,weekday,0,0,7.9,20.8,3.1,10.01,0,10.01,-10.01,DEFICIT,4.26,3.26,3.62,2.25
2024-02-17 00:00,2,0,5,weekend,0,0,14.6,20.7,3.0,9.47,0.0,9.47,-9.47,DEFICIT,4.81,3.53,4.09,2.25
2024-02-17 01:00,2,1,5,weekend,0,0,31.7,20.0,3.0,5.5,4.16,9.65,-9.65,DEFICIT,4.04,3.15,3.44,2.25
2024-02-17 02:00,2,2,5,weekend,0,0,23.3,19.1,3.3,5.68,4.22,9.9,-9.9,DEFICIT,4.59,3.42,3.9,2.25
2024-02-17 03:00,2,3,5,weekend,0,0,30.6,18.6,2.4,5,4.12,9.12,-9.12,DEFICIT,4.48,3.37,3.81,2.25
2024-02-17 04:00,2,4,5,weekend,0,0,29.9,17.2,2.6,5,3.47,8.47,-8.47,DEFICIT,4.05,3.15,3.44,2.25
2024-02-17 05:00,2,5,5,weekend,0,0,9.5,19.9,2.8,6.37,3.7,10.08,-10.08,DEFICIT,4.66,3.46,3.96,2.25
2024-02-17 06:00,2,6,5,weekend,39.4,4.0,18.0,18.2,3.8,16.56,0,16.56,-12.56,DEFICIT,5.96,4.11,5.07,2.25
2024-02-17 07:00,2,7,5,weekend,139.2,14.11,16.5,20.2,4.3,21.36,0.0,21.36,-7.25,DEFICIT,5.37,3.81,4.56,2.25
2024-02-17 08:00,2,8,5,weekend,330.2,33.48,26.6,23.6,3.2,16.33,6.46,22.79,10.69,SURPLUS,5.9,4.08,5.02,2.25
2024-02-17 09:00,2,9,5,weekend,492.3,49.92,21.9,24.4,2.4,10.93,12.47,23.4,26.52,SURPLUS,5.79,4.02,4.92,2.25
2024-02-17 10:00,2,10,5,weekend,532.9,54.03,22.0,24.9,4.5,12.4,0,12.4,41.63,SURPLUS,3.57,2.91,3.03,2.25
2024-02-17 11:00,2,11,5,weekend,833.7,84.35,21.6,25.5,2.6,10.57,0,10.57,73.78,SURPLUS,3.96,3.1,3.36,2.25
2024-02-17 12:00,2,12,5,weekend,799.7,80.01,7.5,28.3,3.9,12.56,0,12.56,67.45,SURPLUS,4.0,3.13,3.4,2.25
2024-02-17 13:00,2,13,5,weekend,800.6,80.81,19.6,26.1,5.3,12.67,0,12.67,68.14,SURPLUS,3.72,2.99,3.17,2.25
2024-02-17 14:00,2,14,5,weekend,637.3,63.99,25.7,27.4,5.2,11.16,0,11.16,52.83,SURPLUS,3.9,3.07,3.31,2.25
2024-02-17 15:00,2,15,5,weekend,590.7,58.93,8.8,29.0,2.9,10.29,0,10.29,48.64,SURPLUS,4.04,3.14,3.43,2.25
2024-02-17 16:00,2,16,5,weekend,347.3,35.02,23.8,26.4,5.5,13.97,0,13.97,21.05,SURPLUS,6.87,4.56,5.84,2.25
2024-02-17 17:00,2,17,5,weekend,145.8,14.78,25.5,24.8,3.9,19.58,0,19.58,-4.8,BALANCED,7.07,4.66,6.01,2.25
2024-02-17 18:00,2,18,5,weekend,40.3,4.09,32.5,24.9,3.5,31.58,9.48,41.07,-36.98,DEFICIT,7.15,4.7,6.07,2.25
2024-02-17 19:00,2,19,5,weekend,0,0,26.3,23.6,2.6,27.86,21.33,49.19,-49.19,DEFICIT,6.5,4.37,5.52,2.25
2024-02-17 20:00,2,20,5,weekend,0,0,27.3,22.9,2.9,29.14,18.19,47.33,-47.33,DEFICIT,7.01,4.63,5.96,2.25
2024-02-17 21:00,2,21,5,weekend,0,0,25.7,21.7,4.4,21.08,0.0,21.08,-21.08,DEFICIT,7.21,4.73,6.13,2.25
2024-02-17 22:00,2,22,5,weekend,0,0,30.1,21.3,1.3,12.87,0.0,12.87,-12.87,DEFICIT,4.67,3.46,3.97,2.25
2024-02-17 23:00,2,23,5,weekend,0,0,17.9,17.3,2.9,11.6,0,11.6,-11.6,DEFICIT,4.65,3.45,3.95,2.25
2024-02-18 00:00,2,0,6,weekend,0,0,30.5,19.0,2.6,8.04,5.52,13.56,-13.56,DEFICIT,4.64,3.44,3.94,2.25
2024-02-18 01:00,2,1,6,weekend,0,0,15.7,19.3,5.0,6.33,3.44,9.76,-9.76,DEFICIT,4.36,3.31,3.71,2.25
2024-02-18 02:00,2,2,6,weekend,0,0,0,18.3,2.0,5.64,0.0,5.64,-5.64,DEFICIT,4.91,3.58,4.18,2.25
2024-02-18 03:00,2,3,6,weekend,0,0,4.9,18.4,3.0,5,3.85,8.85,-8.85,DEFICIT,4.59,3.42,3.9,2.25
2024-02-18 04:00,2,4,6,weekend,0,0,14.6,19.8,2.7,5,4.69,9.69,-9.69,DEFICIT,3.61,2.93,3.07,2.25
2024-02-18 05:00,2,5,6,weekend,0,0,24.0,18.0,2.4,5.36,4.37,9.72,-9.72,DEFICIT,4.48,3.37,3.81,2.25
2024-02-18 06:00,2,6,6,weekend,32.1,3.26,10.7,20.4,3.2,19.1,0,19.1,-15.84,DEFICIT,6.17,4.21,5.24,2.25
2024-02-18 07:00,2,7,6,weekend,106.3,10.78,28.8,21.1,3.0,20.05,14.63,34.68,-23.9,DEFICIT,5.97,4.11,5.08,2.25
2024-02-18 08:00,2,8,6,weekend,264.8,26.85,20.3,24.2,3.5,18.35,0.0,18.35,8.5,SURPLUS,5.93,4.09,5.04,2.25
2024-02-18 09:00,2,9,6,weekend,379.3,38.46,12.3,21.6,3.5,13.76,17.76,31.53,6.93,SURPLUS,5.62,3.93,4.78,2.25
2024-02-18 10:00,2,10,6,weekend,551.2,55.86,21.6,25.1,3.2,11.69,0,11.69,44.17,SURPLUS,3.4,2.82,2.89,2.25
2024-02-18 11:00,2,11,6,weekend,602.3,60.89,30.4,25.7,5.1,12.2,0,12.2,48.69,SURPLUS,3.65,2.95,3.11,2.25
2024-02-18 12:00,2,12,6,weekend,650.0,65.8,20.0,25.4,3.7,10.27,0,10.27,55.52,SURPLUS,4.03,3.14,3.42,2.25
2024-02-18 13:00,2,13,6,weekend,522.9,52.16,17.6,29.1,4.8,10.16,0,10.16,42.0,SURPLUS,4.16,3.2,3.53,2.25
2024-02-18 14:00,2,14,6,weekend,491.7,48.96,27.2,29.5,3.8,12.01,0,12.01,36.95,SURPLUS,3.52,2.89,2.99,2.25
2024-02-18 15:00,2,15,6,weekend,419.8,42.2,14.7,27.1,4.5,12.73,0,12.73,29.47,SURPLUS,3.91,3.08,3.32,2.25
2024-02-18 16:00,2,16,6,weekend,296.5,29.66,17.4,28.4,3.7,12.3,0,12.3,17.36,SURPLUS,7.44,4.84,6.32,2.25
2024-02-18 17:00,2,17,6,weekend,127.1,12.78,15.2,27.0,2.1,18.7,0,18.7,-5.92,DEFICIT,6.54,4.39,5.56,2.25
2024-02-18 18:00,2,18,6,weekend,30.2,3.04,21.0,27.4,2.4,28.49,9.7,38.19,-35.15,DEFICIT,7.3,4.77,6.2,2.25
2024-02-18 19:00,2,19,6,weekend,0,0,18.4,22.4,2.5,29.77,18.66,48.43,-48.43,DEFICIT,6.39,4.32,5.43,2.25
2024-02-18 20:00,2,20,6,weekend,0,0,3.4,20.1,3.1,25.73,0.0,25.73,-25.73,DEFICIT,6.5,4.37,5.52,2.25
2024-02-18 21:00,2,21,6,weekend,0,0,29.9,23.4,3.4,23.38,6.9,30.28,-30.28,DEFICIT,7.13,4.69,6.06,2.25
2024-02-18 22:00,2,22,6,weekend,0,0,6.5,18.1,3.3,15.24,0.0,15.24,-15.24,DEFICIT,4.76,3.51,4.05,2.25
2024-02-18 23:00,2,23,6,weekend,0,0,3.5,19.8,2.3,10.11,0,10.11,-10.11,DEFICIT,4.48,3.36,3.81,2.25
2024-02-19 00:00,2,0,0,weekday,0,0,12.7,21.4,3.9,7.68,4.15,11.83,-11.83,DEFICIT,4.41,3.33,3.75,2.25
2024-02-19 01:00,2,1,0,weekday,0,0,0,19.3,4.6,5,0.0,5.0,-5.0,BALANCED,4.55,3.4,3.86,2.25
2024-02-19 02:00,2,2,0,weekday,0,0,21.1,17.7,4.2,5.27,2.12,7.4,-7.4,DEFICIT,4.37,3.31,3.72,2.25
2024-02-19 03:00,2,3,0,weekday,0,0,21.0,19.5,4.3,5,3.94,8.94,-8.94,DEFICIT,4.22,3.24,3.59,2.25
2024-02-19 04:00,2,4,0,weekday,0,0,16.5,16.4,3.9,5,0.0,5.0,-5.0,BALANCED,4.31,3.28,3.66,2.25
2024-02-19 05:00,2,5,0,weekday,0,0,19.5,20.1,3.3,5.72,0.0,5.72,-5.72,DEFICIT,4.81,3.53,4.08,2.25
2024-02-19 06:00,2,6,0,weekday,26.9,2.73,5.4,20.7,3.5,14.4,0,14.4,-11.67,DEFICIT,5.72,3.98,4.86,2.25
2024-02-19 07:00,2,7,0,weekday,77.9,7.9,13.8,21.8,3.4,20.33,0.0,20.33,-12.44,DEFICIT,5.74,3.99,4.88,2.25
2024-02-19 08:00,2,8,0,weekday,163.1,16.53,16.7,24.9,4.3,16.21,0.0,16.21,0.33,BALANCED,5.76,4.01,4.9,2.25
2024-02-19 09:00,2,9,0,weekday,256.9,26.05,0,20.6,3.3,8.26,18.26,26.51,-0.46,BALANCED,5.58,3.92,4.75,2.25
2024-02-19 10:00,2,10,0,weekday,330.7,33.53,5.0,24.5,3.0,10.04,0,10.04,23.5,SURPLUS,3.61,2.93,3.06,2.25
2024-02-19 11:00,2,11,0,weekday,433.3,43.93,0,23.0,4.2,8.18,0,8.18,35.75,SURPLUS,4.41,3.33,3.75,2.25
2024-02-19 12:00,2,12,0,weekday,444.9,45.12,20.5,24.8,4.0,10.63,0,10.63,34.49,SURPLUS,4.06,3.16,3.45,2.25
2024-02-19 13:00,2,13,0,weekday,450.3,44.75,7.6,30.0,3.8,11.32,0,11.32,33.43,SURPLUS,3.56,2.91,3.03,2.25
2024-02-19 14:00,2,14,0,weekday,309.6,31.28,10.6,25.9,5.2,9.42,0,9.42,21.86,SURPLUS,4.05,3.15,3.44,2.25
2024-02-19 15:00,2,15,0,weekday,281.1,28.43,0,25.6,5.4,9.89,0,9.89,18.55,SURPLUS,3.7,2.98,3.15,2.25
2024-02-19 16:00,2,16,0,weekday,189.1,19.18,12.9,24.2,4.1,11.01,0,11.01,8.17,SURPLUS,7.46,4.86,6.34,2.25
2024-02-19 17:00,2,17,0,weekday,90.6,9.19,13.4,23.4,3.1,15.41,0,15.41,-6.22,DEFICIT,6.49,4.37,5.52,2.25
2024-02-19 18:00,2,18,0,weekday,23.8,2.41,0,23.4,4.2,20.02,0.0,20.02,-17.61,DEFICIT,6.87,4.56,5.84,2.25
2024-02-19 19:00,2,19,0,weekday,0,0,8.1,21.9,2.3,28.0,21.51,49.51,-49.51,DEFICIT,6.67,4.46,5.67,2.25
2024-02-19 20:00,2,20,0,weekday,0,0,14.0,20.2,3.2,25.64,0.0,25.64,-25.64,DEFICIT,6.87,4.56,5.84,2.25
2024-02-19 21:00,2,21,0,weekday,0,0,19.3,21.6,2.9,17.66,18.33,35.99,-35.99,DEFICIT,6.96,4.61,5.92,2.25
2024-02-19 22:00,2,22,0,weekday,0,0,9.3,23.2,2.3,10.81,11.99,22.8,-22.8,DEFICIT,4.28,3.27,3.64,2.25
2024-02-19 23:00,2,23,0,weekday,0,0,25.2,17.8,2.6,8.31,0,8.31,-8.31,DEFICIT,4.25,3.25,3.61,2.25
2024-02-20 00:00,2,0,1,weekday,0,0,15.1,21.8,2.4,6.17,4.93,11.1,-11.1,DEFICIT,4.2,3.22,3.57,2.25
2024-02-20 01:00,2,1,1,weekday,0,0,19.7,19.7,3.5,5.49,0.0,5.49,-5.49,DEFICIT,4.71,3.48,4.01,2.25
2024-02-20 02:00,2,2,1,weekday,0,0,27.7,20.1,1.6,5,0.0,5.0,-5.0,BALANCED,4.49,3.37,3.82,2.25
2024-02-20 03:00,2,3,1,weekday,0,0,23.1,19.1,2.0,5,0.0,5.0,-5.0,BALANCED,4.33,3.29,3.68,2.25
2024-02-20 04:00,2,4,1,weekday,0,0,7.9,17.8,3.8,5,5.03,10.03,-10.03,DEFICIT,4.54,3.4,3.86,2.25
2024-02-20 05:00,2,5,1,weekday,0,0,15.7,16.9,2.8,5.19,0.0,5.19,-5.19,DEFICIT,4.17,3.21,3.54,2.25
2024-02-20 06:00,2,6,1,weekday,33.4,3.38,33.3,23.2,3.0,13.15,0,13.15,-9.76,DEFICIT,5.97,4.11,5.07,2.25
2024-02-20 07:00,2,7,1,weekday,89.8,9.11,6.9,20.7,3.9,19.92,0.0,19.92,-10.82,DEFICIT,6.0,4.12,5.1,2.25
2024-02-20 08:00,2,8,1,weekday,201.9,20.47,0,22.3,3.5,12.98,11.21,24.18,-3.71,BALANCED,6.06,4.16,5.15,2.25
2024-02-20 09:00,2,9,1,weekday,264.3,26.8,15.7,24.3,2.5,11.45,21.85,33.3,-6.5,DEFICIT,5.81,4.03,4.94,2.25
2024-02-20 10:00,2,10,1,weekday,390.3,39.58,13.2,23.9,3.0,8.81,0,8.81,30.77,SURPLUS,3.99,3.12,3.39,2.25
2024-02-20 11:00,2,11,1,weekday,468.8,47.0,24.1,27.8,1.9,8.58,0,8.58,38.42,SURPLUS,4.08,3.16,3.47,2.25
2024-02-20 12:00,2,12,1,weekday,488.3,49.27,15.6,26.2,4.8,12.0,0,12.0,37.27,SURPLUS,3.76,3.0,3.19,2.25
2024-02-20 13:00,2,13,1,weekday,538.9,53.97,27.3,28.1,3.8,10.07,0,10.07,43.9,SURPLUS,3.74,3.0,3.18,2.25
2024-02-20 14:00,2,14,1,weekday,399.7,40.34,0,26.1,5.3,11.24,0,11.24,29.1,SURPLUS,3.28,2.77,2.79,2.25
2024-02-20 15:00,2,15,1,weekday,377.4,37.78,12.7,28.2,4.4,10.1,0,10.1,27.68,SURPLUS,4.6,3.42,3.91,2.25
2024-02-20 16:00,2,16,1,weekday,262.4,26.57,5.6,25.4,5.2,11.76,0,11.76,14.8,SURPLUS,6.74,4.49,5.72,2.25
2024-02-20 17:00,2,17,1,weekday,121.0,12.24,23.6,25.7,2.4,12.41,0,12.41,-0.17,BALANCED,6.63,4.44,5.64,2.25
2024-02-20 18:00,2,18,1,weekday,25.5,2.58,1.0,23.1,2.4,19.5,14.03,33.53,-30.95,DEFICIT,6.64,4.44,5.64,2.25
2024-02-20 19:00,2,19,1,weekday,0,0,18.2,21.9,3.4,22.87,5.63,28.5,-28.5,DEFICIT,6.83,4.54,5.81,2.25
2024-02-20 20:00,2,20,1,weekday,0,0,11.1,20.3,3.0,28.12,7.61,35.73,-35.73,DEFICIT,7.27,4.76,6.18,2.25
2024-02-20 21:00,2,21,1,weekday,0,0,14.5,21.6,3.6,17.44,7.73,25.17,-25.17,DEFICIT,7.22,4.74,6.14,2.25
2024-02-20 22:00,2,22,1,weekday,0,0,8.1,20.6,3.8,11.29,11.7,22.99,-22.99,DEFICIT,4.69,3.47,3.99,2.25
2024-02-20 23:00,2,23,1,weekday,0,0,20.6,19.0,2.1,9.41,0,9.41,-9.41,DEFICIT,4.3,3.27,3.65,2.25
2024-02-21 00:00,2,0,2,weekday,0,0,28.5,19.5,2.3,7.44,2.53,9.97,-9.97,DEFICIT,4.51,3.38,3.83,2.25
2024-02-21 01:00,2,1,2,weekday,0,0,24.4,20.3,3.7,5.96,0.0,5.96,-5.96,DEFICIT,4.68,3.46,3.98,2.25
2024-02-21 02:00,2,2,2,weekday,0,0,25.3,20.0,3.1,5.53,0.0,5.53,-5.53,DEFICIT,4.44,3.34,3.77,2.25
2024-02-21 03:00,2,3,2,weekday,0,0,17.3,20.3,3.4,5,2.59,7.59,-7.59,DEFICIT,4.24,3.25,3.6,2.25
2024-02-21 04:00,2,4,2,weekday,0,0,43.5,18.5,1.8,5,0.0,5.0,-5.0,BALANCED,4.28,3.26,3.64,2.25
2024-02-21 05:00,2,5,2,weekday,0,0,21.1,19.0,4.2,6.19,0.0,6.19,-6.19,DEFICIT,4.33,3.29,3.68,2.25
2024-02-21 06:00,2,6,2,weekday,34.2,3.47,21.9,19.1,3.0,14.36,0,14.36,-10.89,DEFICIT,5.79,4.02,4.92,2.25
2024-02-21 07:00,2,7,2,weekday,137.5,13.94,14.0,22.3,3.7,20.91,21.08,41.99,-28.04,DEFICIT,5.93,4.09,5.04,2.25
2024-02-21 08:00,2,8,2,weekday,280.6,28.45,14.0,21.8,2.4,14.39,7.64,22.03,6.42,SURPLUS,5.58,3.92,4.75,2.25
2024-02-21 09:00,2,9,2,weekday,379.4,38.39,31.4,25.5,2.6,12.47,7.0,19.47,18.92,SURPLUS,5.7,3.98,4.85,2.25
2024-02-21 10:00,2,10,2,weekday,541.8,54.8,21.4,25.6,2.9,9.29,0,9.29,45.51,SURPLUS,3.62,2.93,3.08,2.25
2024-02-21 11:00,2,11,2,weekday,613.6,62.09,24.2,25.5,3.6,8.9,0,8.9,53.19,SURPLUS,4.09,3.17,3.48,2.25
2024-02-21 12:00,2,12,2,weekday,711.8,71.16,17.1,28.5,5.6,12.24,0,12.24,58.92,SURPLUS,4.02,3.13,3.42,2.25
2024-02-21 13:00,2,13,2,weekday,750.6,75.62,32.6,26.6,2.7,10.29,0,10.29,65.33,SURPLUS,3.62,2.93,3.07,2.25
2024-02-21 14:00,2,14,2,weekday,492.3,49.69,15.2,26.2,4.3,9.05,0,9.05,40.64,SURPLUS,4.08,3.17,3.47,2.25
2024-02-21 15:00,2,15,2,weekday,448.4,45.25,29.5,26.2,5.0,9.95,0,9.95,35.3,SURPLUS,3.32,2.78,2.82,2.25
2024-02-21 16:00,2,16,2,weekday,291.0,29.41,19.2,25.8,5.0,12.17,0,12.17,17.24,SURPLUS,6.89,4.57,5.85,2.25
2024-02-21 17:00,2,17,2,weekday,161.2,16.35,27.6,23.8,4.4,16.96,0,16.96,-0.61,BALANCED,7.26,4.76,6.17,2.25
2024-02-21 18:00,2,18,2,weekday,34.7,3.52,29.6,24.1,3.1,21.43,19.78,41.21,-37.69,DEFICIT,6.56,4.4,5.58,2.25
2024-02-21 19:00,2,19,2,weekday,0,0,3.4,23.1,4.0,30.47,17.99,48.46,-48.46,DEFICIT,6.43,4.34,5.46,2.25
2024-02-21 20:00,2,20,2,weekday,0,0,24.1,23.2,3.4,19.54,0.0,19.54,-19.54,DEFICIT,6.81,4.53,5.79,2.25
2024-02-21 21:00,2,21,2,weekday,0,0,17.5,22.3,3.0,17.83,0.0,17.83,-17.83,DEFICIT,7.47,4.86,6.35,2.25
2024-02-21 22:00,2,22,2,weekday,0,0,24.9,19.5,3.1,11.9,0.0,11.9,-11.9,DEFICIT,4.01,3.13,3.41,2.25
2024-02-21 23:00,2,23,2,weekday,0,0,20.2,18.4,1.9,8.94,0,8.94,-8.94,DEFICIT,4.02,3.14,3.42,2.25
2024-02-22 00:00,2,0,3,weekday,0,0,36.5,22.6,2.7,7.31,0.0,7.31,-7.31,DEFICIT,4.25,3.25,3.61,2.25
2024-02-22 01:00,2,1,3,weekday,0,0,19.7,21.8,3.9,5,0.0,5.0,-5.0,BALANCED,4.39,3.32,3.73,2.25
2024-02-22 02:00,2,2,3,weekday,0,0,20.8,19.7,3.4,5,0.0,5.0,-5.0,BALANCED,4.51,3.38,3.83,2.25
2024-02-22 03:00,2,3,3,weekday,0,0,8.7,17.4,4.1,5,3.15,8.15,-8.15,DEFICIT,4.44,3.35,3.78,2.25
2024-02-22 04:00,2,4,3,weekday,0,0,21.5,19.4,2.2,5,0.0,5.0,-5.0,BALANCED,4.75,3.5,4.04,2.25
2024-02-22 05:00,2,5,3,weekday,0,0,12.6,20.9,3.3,5.39,3.25,8.64,-8.64,DEFICIT,4.48,3.37,3.81,2.25
2024-02-22 06:00,2,6,3,weekday,38.8,3.94,17.0,20.3,3.0,15.31,0,15.31,-11.37,DEFICIT,5.67,3.96,4.82,2.25
2024-02-22 07:00,2,7,3,weekday,139.1,14.1,19.9,20.2,3.9,21.77,0.0,21.77,-7.67,DEFICIT,5.8,4.02,4.93,2.25
2024-02-22 08:00,2,8,3,weekday,319.5,32.4,25.7,21.6,4.0,14.86,4.14,19.0,13.41,SURPLUS,5.27,3.76,4.48,2.25
2024-02-22 09:00,2,9,3,weekday,473.1,47.97,26.7,24.8,2.5,11.15,0.0,11.15,36.82,SURPLUS,5.77,4.01,4.9,2.25
2024-02-22 10:00,2,10,3,weekday,626.8,63.56,23.7,23.9,4.4,9.67,0,9.67,53.88,SURPLUS,4.52,3.39,3.84,2.25
2024-02-22 11:00,2,11,3,weekday,663.7,66.81,19.9,26.9,2.3,9.47,0,9.47,57.33,SURPLUS,3.73,2.99,3.17,2.25
2024-02-22 12:00,2,12,3,weekday,742.0,74.6,6.4,27.1,2.6,11.76,0,11.76,62.84,SURPLUS,3.77,3.01,3.21,2.25
2024-02-22 13:00,2,13,3,weekday,623.3,61.9,35.1,30.2,4.0,9.69,0,9.69,52.21,SURPLUS,3.77,3.01,3.21,2.25
2024-02-22 14:00,2,14,3,weekday,639.4,64.08,17.9,27.9,4.3,8.52,0,8.52,55.56,SURPLUS,3.77,3.01,3.2,2.25
2024-02-22 15:00,2,15,3,weekday,498.4,50.26,21.1,26.4,4.7,10.74,0,10.74,39.52,SURPLUS,3.44,2.85,2.93,2.25
2024-02-22 16:00,2,16,3,weekday,316.9,31.86,26.3,27.1,4.4,12.71,0,12.71,19.15,SURPLUS,6.67,4.46,5.67,2.25
2024-02-22 17:00,2,17,3,weekday,150.5,15.26,24.2,24.1,3.3,15.38,0,15.38,-0.11,BALANCED,6.75,4.5,5.74,2.25
2024-02-22 18:00,2,18,3,weekday,34.4,3.48,34.9,25.2,2.9,21.89,0.0,21.89,-18.41,DEFICIT,7.69,4.97,6.53,2.25
2024-02-22 19:00,2,19,3,weekday,0,0,29.9,24.2,2.8,25.98,0.0,25.98,-25.98,DEFICIT,6.71,4.48,5.71,2.25
2024-02-22 20:00,2,20,3,weekday,0,0,20.4,19.8,3.8,23.95,16.27,40.22,-40.22,DEFICIT,6.37,4.31,5.41,2.25
2024-02-22 21:00,2,21,3,weekday,0,0,20.2,21.5,3.8,18.46,13.72,32.18,-32.18,DEFICIT,7.07,4.66,6.01,2.25
2024-02-22 22:00,2,22,3,weekday,0,0,19.2,21.9,4.4,13.43,13.33,26.76,-26.76,DEFICIT,3.85,3.05,3.28,2.25
2024-02-22 23:00,2,23,3,weekday,0,0,26.5,21.2,3.5,10.24,0,10.24,-10.24,DEFICIT,4.41,3.33,3.75,2.25
2024-02-23 00:00,2,0,4,weekday,0,0,31.3,20.7,3.3,7.1,4.7,11.8,-11.8,DEFICIT,4.29,3.27,3.65,2.25
2024-02-23 01:00,2,1,4,weekday,0,0,15.4,17.9,3.2,5.8,2.41,8.21,-8.21,DEFICIT,4.83,3.54,4.11,2.25
2024-02-23 02:00,2,2,4,weekday,0,0,19.3,20.4,3.1,5.82,0.0,5.82,-5.82,DEFICIT,4.38,3.31,3.72,2.25
2024-02-23 03:00,2,3,4,weekday,0,0,22.4,18.0,4.2,5,4.64,9.64,-9.64,DEFICIT,4.7,3.48,4.0,2.25
2024-02-23 04:00,2,4,4,weekday,0,0,20.7,18.3,3.0,5,5.22,10.22,-10.22,DEFICIT,4.85,3.55,4.13,2.25
2024-02-23 05:00,2,5,4,weekday,0,0,5.7,18.8,2.5,5.19,3.67,8.86,-8.86,DEFICIT,4.37,3.31,3.71,2.25
2024-02-23 06:00,2,6,4,weekday,30.3,3.07,22.7,21.0,4.1,14.04,0,14.04,-10.97,DEFICIT,6.2,4.23,5.27,2.25
2024-02-23 07:00,2,7,4,weekday,133.6,13.54,15.3,20.8,4.2,20.87,0.0,20.87,-7.33,DEFICIT,5.44,3.84,4.62,2.25
2024-02-23 08:00,2,8,4,weekday,298.2,30.19,3.7,25.3,3.9,18.43,15.26,33.69,-3.5,BALANCED,5.48,3.87,4.66,2.25
2024-02-23 09:00,2,9,4,weekday,453.6,46.0,19.9,24.1,2.2,10.11,0.0,10.11,35.89,SURPLUS,5.88,4.07,5.0,2.25
2024-02-23 10:00,2,10,4,weekday,521.7,52.9,9.8,24.6,3.0,10.02,0,10.02,42.88,SURPLUS,3.7,2.98,3.15,2.25
2024-02-23 11:00,2,11,4,weekday,606.9,61.21,21.4,26.3,3.2,9.66,0,9.66,51.55,SURPLUS,4.17,3.21,3.55,2.25
2024-02-23 12:00,2,12,4,weekday,828.6,82.95,16.4,28.2,4.2,9.25,0,9.25,73.7,SURPLUS,3.8,3.03,3.23,2.25
2024-02-23 13:00,2,13,4,weekday,798.2,80.12,19.2,27.5,3.1,11.34,0,11.34,68.78,SURPLUS,3.71,2.98,3.16,2.25
2024-02-23 14:00,2,14,4,weekday,614.3,61.65,9.5,27.6,3.7,8.45,0,8.45,53.2,SURPLUS,3.6,2.92,3.06,2.25
2024-02-23 15:00,2,15,4,weekday,453.6,45.04,24.4,30.2,4.1,9.56,0,9.56,35.48,SURPLUS,3.98,3.12,3.39,2.25
2024-02-23 16:00,2,16,4,weekday,325.5,32.55,17.5,28.4,5.5,11.8,0,11.8,20.75,SURPLUS,6.83,4.54,5.8,2.25
2024-02-23 17:00,2,17,4,weekday,154.9,15.67,11.4,25.6,2.3,13.43,0,13.43,2.24,BALANCED,6.55,4.4,5.57,2.25
2024-02-23 18:00,2,18,4,weekday,33.8,3.43,14.1,24.5,3.1,25.82,12.71,38.53,-35.1,DEFICIT,6.86,4.55,5.83,2.25
2024-02-23 19:00,2,19,4,weekday,0,0,9.5,25.5,4.5,28.27,9.99,38.25,-38.25,DEFICIT,6.91,4.58,5.87,2.25
2024-02-23 20:00,2,20,4,weekday,0,0,30.5,23.0,3.7,23.64,11.23,34.87,-34.87,DEFICIT,6.9,4.57,5.86,2.25
2024-02-23 21:00,2,21,4,weekday,0,0,12.6,22.4,3.9,19.46,8.0,27.46,-27.46,DEFICIT,6.85,4.55,5.82,2.25
2024-02-23 22:00,2,22,4,weekday,0,0,14.7,20.2,3.1,12.71,0.0,12.71,-12.71,DEFICIT,4.46,3.35,3.79,2.25
2024-02-23 23:00,2,23,4,weekday,0,0,27.5,20.8,2.0,9.23,0,9.23,-9.23,DEFICIT,4.43,3.34,3.76,2.25
2024-02-24 00:00,2,0,5,weekend,0,0,29.0,20.7,4.1,9.72,0.0,9.72,-9.72,DEFICIT,4.57,3.41,3.88,2.25
2024-02-24 01:00,2,1,5,weekend,0,0,7.8,20.8,3.6,6.35,4.95,11.3,-11.3,DEFICIT,4.38,3.31,3.72,2.25
2024-02-24 02:00,2,2,5,weekend,0,0,22.4,20.7,4.2,5.48,0.0,5.48,-5.48,DEFICIT,4.87,3.56,4.14,2.25
2024-02-24 03:00,2,3,5,weekend,0,0,26.1,19.6,1.7,5,0.0,5.0,-5.0,BALANCED,4.53,3.39,3.85,2.25
2024-02-24 04:00,2,4,5,weekend,0,0,16.4,19.5,3.7,5,4.5,9.5,-9.5,DEFICIT,5.16,3.7,4.39,2.25
2024-02-24 05:00,2,5,5,weekend,0,0,5.2,17.9,0.8,6.27,0.0,6.27,-6.27,DEFICIT,4.77,3.51,4.06,2.25
2024-02-24 06:00,2,6,5,weekend,37.3,3.78,17.4,19.0,4.8,15.22,0,15.22,-11.44,DEFICIT,6.12,4.19,5.21,2.25
2024-02-24 07:00,2,7,5,weekend,127.8,12.96,28.9,21.9,2.2,21.11,0.0,21.11,-8.15,DEFICIT,5.64,3.94,4.79,2.25
2024-02-24 08:00,2,8,5,weekend,259.2,26.29,35.9,21.9,3.1,20.69,10.48,31.17,-4.89,BALANCED,5.98,4.11,5.08,2.25
2024-02-24 09:00,2,9,5,weekend,389.6,39.51,20.3,24.2,3.6,12.07,0.0,12.07,27.44,SURPLUS,5.43,3.84,4.61,2.25
2024-02-24 10:00,2,10,5,weekend,641.6,64.93,11.1,25.5,4.2,11.39,0,11.39,53.54,SURPLUS,4.03,3.14,3.43,2.25
2024-02-24 11:00,2,11,5,weekend,688.6,68.37,34.0,30.2,3.5,11.78,0,11.78,56.59,SURPLUS,3.67,2.96,3.12,2.25
2024-02-24 12:00,2,12,5,weekend,818.8,82.51,12.3,26.6,4.1,11.28,0,11.28,71.23,SURPLUS,3.94,3.1,3.35,2.25
2024-02-24 13:00,2,13,5,weekend,643.0,64.51,28.4,27.6,2.7,11.76,0,11.76,52.75,SURPLUS,3.25,2.75,2.77,2.25
2024-02-24 14:00,2,14,5,weekend,605.1,60.96,27.0,26.6,2.7,11.48,0,11.48,49.48,SURPLUS,3.63,2.94,3.08,2.25
2024-02-24 15:00,2,15,5,weekend,432.9,43.5,14.4,27.3,6.9,11.8,0,11.8,31.7,SURPLUS,4.18,3.22,3.55,2.25
2024-02-24 16:00,2,16,5,weekend,346.1,34.42,15.3,29.9,4.7,14.37,0,14.37,20.05,SURPLUS,7.15,4.7,6.08,2.25
2024-02-24 17:00,2,17,5,weekend,145.5,14.69,14.0,26.1,4.2,21.38,0,21.38,-6.7,DEFICIT,7.45,4.85,6.33,2.25
2024-02-24 18:00,2,18,5,weekend,36.9,3.74,35.0,24.2,3.6,26.74,7.58,34.32,-30.58,DEFICIT,7.57,4.91,6.43,2.25
2024-02-24 19:00,2,19,5,weekend,0,0,13.4,23.7,4.1,30.25,5.67,35.92,-35.92,DEFICIT,6.7,4.47,5.69,2.25
2024-02-24 20:00,2,20,5,weekend,0,0,24.5,21.7,4.1,29.47,12.65,42.12,-42.12,DEFICIT,7.0,4.63,5.95,2.25
2024-02-24 21:00,2,21,5,weekend,0,0,21.9,23.9,2.0,20.93,15.88,36.82,-36.82,DEFICIT,7.09,4.67,6.03,2.25
2024-02-24 22:00,2,22,5,weekend,0,0,21.0,20.9,3.4,15.79,0.0,15.79,-15.79,DEFICIT,4.58,3.42,3.89,2.25
2024-02-24 23:00,2,23,5,weekend,0,0,15.3,21.4,3.7,11.94,0,11.94,-11.94,DEFICIT,4.39,3.32,3.74,2.25
2024-02-25 00:00,2,0,6,weekend,0,0,14.8,19.0,2.9,7.97,5.51,13.48,-13.48,DEFICIT,5.19,3.72,4.41,2.25
2024-02-25 01:00,2,1,6,weekend,0,0,18.0,15.5,3.6,6.48,0.0,6.48,-6.48,DEFICIT,4.7,3.48,4.0,2.25
2024-02-25 02:00,2,2,6,weekend,0,0,6.7,21.4,2.6,5.81,4.38,10.2,-10.2,DEFICIT,4.19,3.22,3.56,2.25
2024-02-25 03:00,2,3,6,weekend,0,0,25.4,17.4,3.9,5,2.78,7.78,-7.78,DEFICIT,4.59,3.42,3.9,2.25
2024-02-25 04:00,2,4,6,weekend,0,0,8.6,18.8,2.3,5.0,0.0,5.0,-5.0,DEFICIT,4.54,3.4,3.86,2.25
2024-02-25 05:00,2,5,6,weekend,0,0,13.3,16.5,2.8,6.9,0.0,6.9,-6.9,DEFICIT,4.84,3.54,4.11,2.25
2024-02-25 06:00,2,6,6,weekend,38.2,3.87,25.6,23.8,3.0,17.04,0,17.04,-13.17,DEFICIT,6.01,4.13,5.11,2.25
2024-02-25 07:00,2,7,6,weekend,135.4,13.73,17.4,23.6,4.1,22.46,9.09,31.55,-17.82,DEFICIT,5.68,3.96,4.83,2.25
2024-02-25 08:00,2,8,6,weekend,216.6,21.97,15.6,22.4,2.1,20.2,0.0,20.2,1.76,BALANCED,5.81,4.03,4.94,2.25
2024-02-25 09:00,2,9,6,weekend,413.1,41.89,10.3,24.6,3.4,12.1,0.0,12.1,29.79,SURPLUS,5.19,3.72,4.41,2.25
2024-02-25 10:00,2,10,6,weekend,586.9,59.02,26.1,27.1,4.3,9.5,0,9.5,49.51,SURPLUS,3.51,2.88,2.98,2.25
2024-02-25 11:00,2,11,6,weekend,591.5,59.22,36.5,28.1,1.9,10.63,0,10.63,48.6,SURPLUS,3.4,2.82,2.89,2.25
2024-02-25 12:00,2,12,6,weekend,615.8,62.28,30.9,25.7,3.4,13.34,0,13.34,48.94,SURPLUS,4.0,3.12,3.4,2.25
2024-02-25 13:00,2,13,6,weekend,642.5,63.95,10.3,29.6,3.3,12.26,0,12.26,51.7,SURPLUS,3.71,2.98,3.15,2.25
2024-02-25 14:00,2,14,6,weekend,582.3,58.03,28.3,29.3,2.1,10.84,0,10.84,47.19,SURPLUS,4.18,3.21,3.55,2.25
2024-02-25 15:00,2,15,6,weekend,530.6,53.8,12.9,23.8,3.9,11.24,0,11.24,42.56,SURPLUS,4.02,3.13,3.41,2.25
2024-02-25 16:00,2,16,6,weekend,338.8,34.02,17.2,27.4,3.7,15.19,0,15.19,18.83,SURPLUS,6.96,4.6,5.92,2.25
2024-02-25 17:00,2,17,6,weekend,163.7,16.55,13.0,25.8,2.6,18.77,0,18.77,-2.22,BALANCED,7.11,4.68,6.04,2.25
2024-02-25 18:00,2,18,6,weekend,33.3,3.38,22.3,24.6,3.0,25.94,15.41,41.35,-37.97,DEFICIT,7.22,4.73,6.13,2.25
2024-02-25 19:00,2,19,6,weekend,0,0,26.2,20.5,3.8,35.15,11.92,47.07,-47.07,DEFICIT,6.19,4.22,5.26,2.25
2024-02-25 20:00,2,20,6,weekend,0,0,25.5,20.7,5.0,21.83,0.0,21.83,-21.83,DEFICIT,6.49,4.37,5.52,2.25
2024-02-25 21:00,2,21,6,weekend,0,0,21.5,19.7,4.7,25.84,15.13,40.98,-40.98,DEFICIT,6.83,4.54,5.8,2.25
2024-02-25 22:00,2,22,6,weekend,0,0,14.3,18.4,3.5,18.54,0.0,18.54,-18.54,DEFICIT,4.14,3.19,3.52,2.25
2024-02-25 23:00,2,23,6,weekend,0,0,22.6,21.0,2.9,11.03,0,11.03,-11.03,DEFICIT,4.63,3.44,3.94,2.25
2024-02-26 00:00,2,0,0,weekday,0,0,20.0,19.7,3.5,7.28,2.84,10.12,-10.12,DEFICIT,4.61,3.43,3.92,2.25
2024-02-26 01:00,2,1,0,weekday,0,0,23.4,19.6,2.2,5.56,2.61,8.17,-8.17,DEFICIT,4.59,3.42,3.9,2.25
2024-02-26 02:00,2,2,0,weekday,0,0,41.1,21.0,3.1,5.65,5.52,11.17,-11.17,DEFICIT,4.71,3.48,4.0,2.25
2024-02-26 03:00,2,3,0,weekday,0,0,32.7,18.8,4.5,5,3.04,8.04,-8.04,DEFICIT,4.42,3.33,3.75,2.25
2024-02-26 04:00,2,4,0,weekday,0,0,34.7,17.9,3.5,5,3.94,8.94,-8.94,DEFICIT,4.95,3.6,4.21,2.25
2024-02-26 05:00,2,5,0,weekday,0,0,21.9,18.0,3.4,5.16,3.3,8.46,-8.46,DEFICIT,4.5,3.38,3.83,2.25
2024-02-26 06:00,2,6,0,weekday,45.0,4.56,31.6,18.7,2.0,15.11,0,15.11,-10.55,DEFICIT,6.05,4.15,5.14,2.25
2024-02-26 07:00,2,7,0,weekday,187.9,19.05,34.6,19.7,3.1,20.32,0.0,20.32,-1.27,BALANCED,5.6,3.92,4.76,2.25
2024-02-26 08:00,2,8,0,weekday,324.5,32.9,45.8,20.6,4.4,15.12,3.41,18.53,14.37,SURPLUS,6.36,4.3,5.4,2.25
2024-02-26 09:00,2,9,0,weekday,486.2,49.3,24.9,22.8,3.5,9.19,7.31,16.5,32.8,SURPLUS,6.13,4.19,5.21,2.25
2024-02-26 10:00,2,10,0,weekday,738.6,74.74,21.3,25.5,1.2,10.18,0,10.18,64.57,SURPLUS,3.97,3.11,3.38,2.25
2024-02-26 11:00,2,11,0,weekday,897.4,90.03,23.8,27.7,2.7,9.24,0,9.24,80.8,SURPLUS,3.6,2.93,3.06,2.25
2024-02-26 12:00,2,12,0,weekday,993.6,98.36,18.6,30.9,3.7,10.66,0,10.66,87.71,SURPLUS,3.82,3.04,3.25,2.25
2024-02-26 13:00,2,13,0,weekday,885.8,88.37,19.2,29.0,4.8,9.04,0,9.04,79.34,SURPLUS,3.6,2.93,3.06,2.25
2024-02-26 14:00,2,14,0,weekday,719.8,72.43,28.8,26.9,2.7,9.1,0,9.1,63.33,SURPLUS,3.81,3.03,3.24,2.25
2024-02-26 15:00,2,15,0,weekday,590.2,59.06,32.4,28.3,4.4,11.43,0,11.43,47.62,SURPLUS,3.52,2.88,2.99,2.25
2024-02-26 16:00,2,16,0,weekday,416.4,41.73,14.8,27.9,3.1,12.46,0,12.46,29.27,SURPLUS,6.3,4.28,5.36,2.25
2024-02-26 17:00,2,17,0,weekday,181.9,18.17,4.3,28.7,3.3,15.4,0,15.4,2.77,BALANCED,6.56,4.4,5.57,2.25
2024-02-26 18:00,2,18,0,weekday,43.0,4.36,29.8,22.6,3.2,17.6,0.0,17.6,-13.24,DEFICIT,6.26,4.25,5.32,2.25
2024-02-26 19:00,2,19,0,weekday,0,0,19.6,23.0,1.8,27.96,12.26,40.21,-40.21,DEFICIT,7.3,4.78,6.21,2.25
2024-02-26 20:00,2,20,0,weekday,0,0,12.0,24.4,2.4,27.63,15.54,43.17,-43.17,DEFICIT,7.0,4.63,5.95,2.25
2024-02-26 21:00,2,21,0,weekday,0,0,27.3,19.5,3.1,17.85,13.94,31.8,-31.8,DEFICIT,6.95,4.6,5.91,2.25
2024-02-26 22:00,2,22,0,weekday,0,0,21.6,20.4,4.6,11.74,5.52,17.26,-17.26,DEFICIT,4.57,3.41,3.88,2.25
2024-02-26 23:00,2,23,0,weekday,0,0,41.3,20.4,3.4,10.01,0,10.01,-10.01,DEFICIT,4.19,3.22,3.57,2.25
2024-02-27 00:00,2,0,1,weekday,0,0,26.7,18.8,4.1,5.94,2.77,8.71,-8.71,DEFICIT,4.66,3.46,3.96,2.25
2024-02-27 01:00,2,1,1,weekday,0,0,9.9,17.9,3.5,5,0.0,5.0,-5.0,BALANCED,4.13,3.19,3.51,2.25
2024-02-27 02:00,2,2,1,weekday,0,0,16.0,20.6,3.6,5.02,0.0,5.02,-5.02,DEFICIT,4.68,3.47,3.98,2.25
2024-02-27 03:00,2,3,1,weekday,0,0,11.4,16.8,3.8,5,5.03,10.03,-10.03,DEFICIT,4.64,3.45,3.95,2.25
2024-02-27 04:00,2,4,1,weekday,0,0,23.3,19.5,3.3,5,0.0,5.0,-5.0,BALANCED,4.54,3.39,3.86,2.25
2024-02-27 05:00,2,5,1,weekday,0,0,4.4,17.7,3.9,5.62,0.0,5.62,-5.62,DEFICIT,4.15,3.2,3.53,2.25
2024-02-27 06:00,2,6,1,weekday,33.6,3.41,30.5,20.4,3.3,15.72,0,15.72,-12.31,DEFICIT,6.06,4.15,5.15,2.25
2024-02-27 07:00,2,7,1,weekday,120.5,12.22,12.5,21.6,3.2,20.79,0.0,20.79,-8.58,DEFICIT,5.5,3.88,4.68,2.25
2024-02-27 08:00,2,8,1,weekday,262.0,26.56,18.0,22.0,2.2,16.66,0.0,16.66,9.9,SURPLUS,5.79,4.02,4.92,2.25
2024-02-27 09:00,2,9,1,weekday,457.4,46.08,27.0,26.7,3.7,10.36,0.0,10.36,35.72,SURPLUS,5.92,4.08,5.03,2.25
2024-02-27 10:00,2,10,1,weekday,588.2,59.48,19.0,25.7,2.9,8.56,0,8.56,50.93,SURPLUS,3.54,2.9,3.01,2.25
2024-02-27 11:00,2,11,1,weekday,802.1,80.86,15.1,26.4,3.7,9.44,0,9.44,71.43,SURPLUS,3.43,2.84,2.91,2.25
2024-02-27 12:00,2,12,1,weekday,717.2,70.95,24.0,31.1,4.9,10.69,0,10.69,60.25,SURPLUS,3.52,2.88,2.99,2.25
2024-02-27 13:00,2,13,1,weekday,666.2,66.49,30.8,28.9,4.4,9.91,0,9.91,56.58,SURPLUS,3.86,3.06,3.28,2.25
2024-02-27 14:00,2,14,1,weekday,617.7,62.07,19.4,27.2,4.2,9.05,0,9.05,53.02,SURPLUS,3.86,3.05,3.28,2.25
2024-02-27 15:00,2,15,1,weekday,522.1,52.29,32.4,28.1,4.5,9.91,0,9.91,42.39,SURPLUS,3.06,2.66,2.6,2.25
2024-02-27 16:00,2,16,1,weekday,345.6,34.98,28.0,25.5,3.4,14.0,0,14.0,20.97,SURPLUS,6.44,4.35,5.47,2.25
2024-02-27 17:00,2,17,1,weekday,165.6,16.79,22.8,24.8,3.8,18.28,0,18.28,-1.49,BALANCED,6.99,4.62,5.94,2.25
2024-02-27 18:00,2,18,1,weekday,36.0,3.65,26.4,22.5,3.3,20.86,10.75,31.61,-27.96,DEFICIT,6.18,4.22,5.25,2.25
2024-02-27 19:00,2,19,1,weekday,0,0,10.0,23.3,3.8,28.36,15.72,44.08,-44.08,DEFICIT,6.42,4.33,5.45,2.25
2024-02-27 20:00,2,20,1,weekday,0,0,18.6,20.8,3.0,23.51,10.39,33.91,-33.91,DEFICIT,7.02,4.64,5.97,2.25
2024-02-27 21:00,2,21,1,weekday,0,0,12.6,21.3,3.8,22.1,15.38,37.48,-37.48,DEFICIT,6.29,4.27,5.34,2.25
2024-02-27 22:00,2,22,1,weekday,0,0,31.3,23.2,2.7,13.8,5.9,19.7,-19.7,DEFICIT,4.34,3.3,3.69,2.25
2024-02-27 23:00,2,23,1,weekday,0,0,22.5,19.4,2.8,9.34,0,9.34,-9.34,DEFICIT,4.54,3.4,3.86,2.25
2024-02-28 00:00,2,0,2,weekday,0,0,23.9,21.6,1.6,6.1,0.0,6.1,-6.1,DEFICIT,4.39,3.32,3.73,2.25
2024-02-28 01:00,2,1,2,weekday,0,0,23.0,20.6,1.9,5,0.0,5.0,-5.0,BALANCED,4.22,3.24,3.59,2.25
2024-02-28 02:00,2,2,2,weekday,0,0,5.6,17.3,3.8,5,3.85,8.85,-8.85,DEFICIT,4.59,3.42,3.9,2.25
2024-02-28 03:00,2,3,2,weekday,0,0,18.6,20.2,3.5,5,4.17,9.17,-9.17,DEFICIT,4.51,3.38,3.83,2.25
2024-02-28 04:00,2,4,2,weekday,0,0,33.0,18.7,3.4,5,3.1,8.1,-8.1,DEFICIT,4.49,3.37,3.81,2.25
2024-02-28 05:00,2,5,2,weekday,0,0,12.3,19.4,4.6,5,0.0,5.0,-5.0,BALANCED,4.84,3.54,4.11,2.25
2024-02-28 06:00,2,6,2,weekday,33.2,3.37,10.1,20.3,3.0,15.99,0,15.99,-12.62,DEFICIT,5.73,3.99,4.87,2.25
2024-02-28 07:00,2,7,2,weekday,121.8,12.35,8.1,21.4,3.8,20.63,14.2,34.83,-22.48,DEFICIT,5.38,3.82,4.58,2.25
2024-02-28 08:00,2,8,2,weekday,216.3,21.93,1.6,24.6,3.7,16.8,0.0,16.8,5.13,SURPLUS,6.4,4.32,5.44,2.25
2024-02-28 09:00,2,9,2,weekday,379.7,38.5,11.7,23.9,4.3,11.65,9.58,21.23,17.27,SURPLUS,5.77,4.01,4.91,2.25
2024-02-28 10:00,2,10,2,weekday,513.0,52.02,14.9,24.9,3.4,9.21,0,9.21,42.8,SURPLUS,4.04,3.15,3.44,2.25
2024-02-28 11:00,2,11,2,weekday,618.5,62.48,29.5,25.9,3.4,8.51,0,8.51,53.97,SURPLUS,3.58,2.92,3.05,2.25
2024-02-28 12:00,2,12,2,weekday,545.1,54.96,15.3,26.4,3.6,11.29,0,11.29,43.67,SURPLUS,3.3,2.77,2.8,2.25
2024-02-28 13:00,2,13,2,weekday,576.7,57.48,10.4,29.3,3.3,9.12,0,9.12,48.35,SURPLUS,3.82,3.04,3.25,2.25
2024-02-28 14:00,2,14,2,weekday,589.5,59.32,17.7,26.9,4.0,8.33,0,8.33,50.99,SURPLUS,4.23,3.24,3.59,2.25
2024-02-28 15:00,2,15,2,weekday,460.1,46.24,10.1,27.3,4.2,9.55,0,9.55,36.68,SURPLUS,3.44,2.85,2.93,2.25
2024-02-28 16:00,2,16,2,weekday,259.2,26.14,14.4,26.4,3.2,12.11,0,12.11,14.03,SURPLUS,6.64,4.44,5.64,2.25
2024-02-28 17:00,2,17,2,weekday,133.5,13.54,23.5,24.3,2.4,18.6,0,18.6,-5.06,DEFICIT,6.83,4.54,5.8,2.25
2024-02-28 18:00,2,18,2,weekday,29.8,3.02,35.1,22.7,2.9,19.61,0.0,19.61,-16.59,DEFICIT,6.86,4.55,5.83,2.25
2024-02-28 19:00,2,19,2,weekday,0,0,35.0,24.5,2.9,22.2,5.88,28.07,-28.07,DEFICIT,6.76,4.5,5.74,2.25
2024-02-28 20:00,2,20,2,weekday,0,0,24.7,20.1,4.2,23.22,0.0,23.22,-23.22,DEFICIT,7.15,4.7,6.08,2.25
2024-02-28 21:00,2,21,2,weekday,0,0,20.1,19.9,4.9,18.97,14.87,33.84,-33.84,DEFICIT,6.87,4.56,5.84,2.25
2024-02-28 22:00,2,22,2,weekday,0,0,25.9,22.5,2.9,14.16,16.52,30.68,-30.68,DEFICIT,4.4,3.33,3.74,2.25
2024-02-28 23:00,2,23,2,weekday,0,0,18.6,20.6,3.6,8.49,0,8.49,-8.49,DEFICIT,4.11,3.18,3.49,2.25
2024-02-29 00:00,2,0,3,weekday,0,0,9.1,20.7,3.8,5.94,2.48,8.43,-8.43,DEFICIT,4.44,3.34,3.77,2.25
2024-02-29 01:00,2,1,3,weekday,0,0,19.8,20.7,3.5,5.54,0.0,5.54,-5.54,DEFICIT,4.53,3.39,3.85,2.25
2024-02-29 02:00,2,2,3,weekday,0,0,15.3,20.9,4.8,5,2.45,7.45,-7.45,DEFICIT,4.21,3.23,3.58,2.25
2024-02-29 03:00,2,3,3,weekday,0,0,1.6,18.3,3.1,5,0.0,5.0,-5.0,BALANCED,4.4,3.33,3.74,2.25
2024-02-29 04:00,2,4,3,weekday,0,0,17.6,20.4,2.8,5,4.69,9.69,-9.69,DEFICIT,4.49,3.37,3.82,2.25
2024-02-29 05:00,2,5,3,weekday,0,0,8.2,20.0,3.8,6.08,0.0,6.08,-6.08,DEFICIT,4.63,3.44,3.94,2.25
2024-02-29 06:00,2,6,3,weekday,30.2,3.06,17.0,21.3,2.9,15.57,0,15.57,-12.51,DEFICIT,5.79,4.02,4.92,2.25
2024-02-29 07:00,2,7,3,weekday,115.1,11.67,2.2,19.8,1.4,17.18,0.0,17.18,-5.5,DEFICIT,5.8,4.03,4.93,2.25
2024-02-29 08:00,2,8,3,weekday,244.6,24.8,6.9,23.4,4.7,15.93,0.0,15.93,8.88,SURPLUS,5.82,4.04,4.95,2.25
2024-02-29 09:00,2,9,3,weekday,346.5,35.13,9.5,24.6,2.5,10.8,8.41,19.21,15.92,SURPLUS,5.79,4.02,4.92,2.25
2024-02-29 10:00,2,10,3,weekday,526.3,53.22,10.3,25.7,2.7,10.38,0,10.38,42.84,SURPLUS,3.49,2.87,2.97,2.25
2024-02-29 11:00,2,11,3,weekday,492.0,49.47,8.7,27.1,3.1,10.53,0,10.53,38.95,SURPLUS,3.69,2.97,3.14,2.25
2024-02-29 12:00,2,12,3,weekday,598.2,60.37,19.3,26.2,4.7,10.7,0,10.7,49.67,SURPLUS,4.19,3.22,3.56,2.25
2024-02-29 13:00,2,13,3,weekday,600.8,60.42,8.3,27.1,4.0,10.63,0,10.63,49.79,SURPLUS,4.06,3.15,3.45,2.25
2024-02-29 14:00,2,14,3,weekday,489.3,48.82,20.3,29.0,3.0,8.55,0,8.55,40.26,SURPLUS,4.56,3.4,3.87,2.25
2024-02-29 15:00,2,15,3,weekday,353.1,35.33,12.8,28.3,4.6,9.7,0,9.7,25.63,SURPLUS,3.6,2.93,3.06,2.25
2024-02-29 16:00,2,16,3,weekday,304.9,30.58,14.1,27.7,4.3,13.56,0,13.56,17.01,SURPLUS,6.63,4.44,5.64,2.25
2024-02-29 17:00,2,17,3,weekday,116.6,11.71,26.3,27.5,1.9,14.95,0,14.95,-3.24,BALANCED,6.72,4.48,5.71,2.25
2024-02-29 18:00,2,18,3,weekday,32.0,3.21,17.3,27.5,3.9,25.58,17.86,43.44,-40.23,DEFICIT,6.67,4.46,5.67,2.25
2024-02-29 19:00,2,19,3,weekday,0,0,14.5,22.0,4.6,27.62,20.08,47.7,-47.7,DEFICIT,6.81,4.53,5.79,2.25
2024-02-29 20:00,2,20,3,weekday,0,0,24.4,23.3,3.9,24.24,0.0,24.24,-24.24,DEFICIT,7.2,4.72,6.12,2.25
2024-02-29 21:00,2,21,3,weekday,0,0,20.0,23.9,2.3,21.13,0.0,21.13,-21.13,DEFICIT,6.7,4.48,5.7,2.25
2024-02-29 22:00,2,22,3,weekday,0,0,28.1,22.6,1.6,14.67,13.41,28.08,-28.08,DEFICIT,4.22,3.24,3.59,2.25
2024-02-29 23:00,2,23,3,weekday,0,0,22.2,20.8,2.1,7.23,0,7.23,-7.23,DEFICIT,4.87,3.56,4.14,2.25
2024-03-01 00:00,3,0,4,weekday,0,0,25.8,23.3,4.2,8.47,4.92,13.39,-13.39,DEFICIT,4.32,3.29,3.67,2.25
2024-03-01 01:00,3,1,4,weekday,0,0,38.5,23.7,3.5,8.69,0.0,8.69,-8.69,DEFICIT,4.83,3.54,4.11,2.25
2024-03-01 02:00,3,2,4,weekday,0,0,21.1,22.6,2.8,6.05,2.44,8.49,-8.49,DEFICIT,4.93,3.59,4.19,2.25
2024-03-01 03:00,3,3,4,weekday,0,0,26.0,18.8,2.3,5.88,3.74,9.62,-9.62,DEFICIT,4.22,3.23,3.59,2.25
2024-03-01 04:00,3,4,4,weekday,0,0,26.4,21.6,3.6,5,2.41,7.41,-7.41,DEFICIT,4.23,3.24,3.59,2.25
2024-03-01 05:00,3,5,4,weekday,0,0,41.5,23.2,3.7,6.86,2.55,9.41,-9.41,DEFICIT,4.13,3.19,3.51,2.25
2024-03-01 06:00,3,6,4,weekday,45.9,4.66,38.4,21.4,2.9,23.02,0,23.02,-18.36,DEFICIT,6.34,4.3,5.39,2.25
2024-03-01 07:00,3,7,4,weekday,170.9,17.33,19.2,24.8,3.8,29.85,0.0,29.85,-12.52,DEFICIT,6.0,4.13,5.1,2.25
2024-03-01 08:00,3,8,4,weekday,372.5,37.77,26.3,23.8,4.7,25.06,0.0,25.06,12.72,SURPLUS,5.42,3.83,4.6,2.25
2024-03-01 09:00,3,9,4,weekday,542.0,54.43,24.6,27.4,4.4,14.36,0.0,14.36,40.07,SURPLUS,5.46,3.86,4.64,2.25
2024-03-01 10:00,3,10,4,weekday,901.0,89.79,25.9,29.3,3.3,13.14,0,13.14,76.64,SURPLUS,4.21,3.23,3.58,2.25
2024-03-01 11:00,3,11,4,weekday,868.8,86.66,28.0,29.1,3.8,15.27,0,15.27,71.39,SURPLUS,3.96,3.11,3.37,2.25
2024-03-01 12:00,3,12,4,weekday,873.3,86.67,26.9,30.3,1.9,18.27,0,18.27,68.4,SURPLUS,4.05,3.15,3.44,2.25
2024-03-01 13:00,3,13,4,weekday,772.5,77.57,21.2,27.4,3.4,12.26,0,12.26,65.31,SURPLUS,3.56,2.91,3.03,2.25
2024-03-01 14:00,3,14,4,weekday,730.1,72.56,21.6,30.0,4.8,11.94,0,11.94,60.62,SURPLUS,4.04,3.14,3.43,2.25
2024-03-01 15:00,3,15,4,weekday,684.8,68.48,22.9,28.5,3.8,17.1,0,17.1,51.38,SURPLUS,4.14,3.19,3.52,2.25
2024-03-01 16:00,3,16,4,weekday,414.9,41.5,18.6,28.4,4.1,16.91,0,16.91,24.59,SURPLUS,6.53,4.39,5.55,2.25
2024-03-01 17:00,3,17,4,weekday,216.5,21.54,27.0,29.7,3.4,23.47,0,23.47,-1.94,BALANCED,6.66,4.45,5.66,2.25
2024-03-01 18:00,3,18,4,weekday,52.4,5.24,18.6,28.2,5.2,35.38,8.07,43.45,-38.21,DEFICIT,6.76,4.5,5.75,2.25
2024-03-01 19:00,3,19,4,weekday,0,0,35.5,24.4,3.4,42.22,20.93,63.15,-63.15,DEFICIT,6.52,4.39,5.54,2.25
2024-03-01 20:00,3,20,4,weekday,0,0,26.5,22.8,3.7,37.22,16.05,53.28,-53.28,DEFICIT,6.9,4.58,5.87,2.25
2024-03-01 21:00,3,21,4,weekday,0,0,30.6,23.5,2.4,28.46,15.14,43.61,-43.61,DEFICIT,6.75,4.5,5.74,2.25
2024-03-01 22:00,3,22,4,weekday,0,0,30.1,21.4,1.9,17.6,12.42,30.03,-30.03,DEFICIT,4.16,3.21,3.54,2.25
2024-03-01 23:00,3,23,4,weekday,0,0,21.6,26.4,4.4,13.43,0,13.43,-13.43,DEFICIT,4.55,3.4,3.87,2.25
2024-03-02 00:00,3,0,5,weekend,0,0,29.4,21.9,3.7,12.49,0.0,12.49,-12.49,DEFICIT,4.36,3.31,3.71,2.25
2024-03-02 01:00,3,1,5,weekend,0,0,14.2,23.0,3.6,10.99,0.0,10.99,-10.99,DEFICIT,3.9,3.07,3.31,2.25
2024-03-02 02:00,3,2,5,weekend,0,0,28.9,24.3,3.4,8.15,0.0,8.15,-8.15,DEFICIT,4.58,3.42,3.9,2.25
2024-03-02 03:00,3,3,5,weekend,0,0,34.4,19.6,4.0,6.87,0.0,6.87,-6.87,DEFICIT,3.85,3.05,3.28,2.25
2024-03-02 04:00,3,4,5,weekend,0,0,21.6,24.0,3.3,6.78,2.89,9.67,-9.67,DEFICIT,4.82,3.54,4.1,2.25
2024-03-02 05:00,3,5,5,weekend,0,0,17.8,21.0,2.1,8.77,0.0,8.77,-8.77,DEFICIT,4.19,3.22,3.56,2.25
2024-03-02 06:00,3,6,5,weekend,40.5,4.11,37.9,22.9,4.1,23.43,0,23.43,-19.32,DEFICIT,5.48,3.87,4.66,2.25
2024-03-02 07:00,3,7,5,weekend,168.4,17.07,26.2,24.5,3.3,26.53,9.53,36.06,-18.99,DEFICIT,5.95,4.1,5.06,2.25
2024-03-02 08:00,3,8,5,weekend,385.7,39.11,23.9,23.7,4.8,24.02,0.0,24.02,15.09,SURPLUS,5.37,3.81,4.56,2.25
2024-03-02 09:00,3,9,5,weekend,454.9,45.97,22.2,25.9,3.1,18.01,10.15,28.16,17.8,SURPLUS,5.58,3.92,4.75,2.25
2024-03-02 10:00,3,10,5,weekend,662.1,66.29,42.7,28.2,4.0,15.27,0,15.27,51.01,SURPLUS,3.77,3.01,3.2,2.25
2024-03-02 11:00,3,11,5,weekend,792.4,78.32,8.8,31.3,4.4,16.78,0,16.78,61.54,SURPLUS,4.22,3.23,3.59,2.25
2024-03-02 12:00,3,12,5,weekend,755.7,75.68,23.9,28.1,5.6,19.08,0,19.08,56.61,SURPLUS,4.06,3.15,3.45,2.25
2024-03-02 13:00,3,13,5,weekend,891.2,88.16,20.8,31.1,5.1,17.49,0,17.49,70.67,SURPLUS,3.78,3.02,3.21,2.25
2024-03-02 14:00,3,14,5,weekend,779.5,77.25,19.6,30.7,2.7,15.09,0,15.09,62.16,SURPLUS,4.19,3.22,3.56,2.25
2024-03-02 15:00,3,15,5,weekend,545.2,53.98,19.9,30.9,6.3,19.05,0,19.05,34.93,SURPLUS,4.19,3.22,3.56,2.25
2024-03-02 16:00,3,16,5,weekend,370.9,36.99,21.8,29.1,6.5,19.77,0,19.77,17.21,SURPLUS,6.46,4.36,5.49,2.25
2024-03-02 17:00,3,17,5,weekend,182.7,18.17,28.9,29.8,4.1,26.44,0,26.44,-8.27,DEFICIT,6.88,4.56,5.85,2.25
2024-03-02 18:00,3,18,5,weekend,44.6,4.52,23.4,24.4,2.9,39.83,5.62,45.45,-40.93,DEFICIT,7.29,4.77,6.19,2.25
2024-03-02 19:00,3,19,5,weekend,0,0,30.0,26.5,2.6,49.63,0.0,49.63,-49.63,DEFICIT,6.45,4.35,5.48,2.25
2024-03-02 20:00,3,20,5,weekend,0,0,30.7,27.0,3.2,36.66,17.04,53.71,-53.71,DEFICIT,6.91,4.58,5.88,2.25
2024-03-02 21:00,3,21,5,weekend,0,0,13.4,24.6,2.4,29.94,0.0,29.94,-29.94,DEFICIT,7.02,4.64,5.97,2.25
2024-03-02 22:00,3,22,5,weekend,0,0,27.0,23.8,2.4,24.59,0.0,24.59,-24.59,DEFICIT,4.98,3.61,4.23,2.25
2024-03-02 23:00,3,23,5,weekend,0,0,27.6,23.3,3.2,16.54,0,16.54,-16.54,DEFICIT,4.64,3.44,3.94,2.25
2024-03-03 00:00,3,0,6,weekend,0,0,26.2,23.0,3.0,10.91,4.4,15.31,-15.31,DEFICIT,4.9,3.57,4.16,2.25
2024-03-03 01:00,3,1,6,weekend,0,0,26.9,21.8,4.0,8.82,5.24,14.06,-14.06,DEFICIT,4.71,3.48,4.0,2.25
2024-03-03 02:00,3,2,6,weekend,0,0,27.1,20.3,4.2,6.59,0.0,6.59,-6.59,DEFICIT,4.31,3.28,3.66,2.25
2024-03-03 03:00,3,3,6,weekend,0,0,41.9,20.8,3.2,6.78,4.57,11.35,-11.35,DEFICIT,4.32,3.29,3.68,2.25
2024-03-03 04:00,3,4,6,weekend,0,0,30.9,20.1,3.9,7.27,0.0,7.27,-7.27,DEFICIT,4.47,3.36,3.8,2.25
2024-03-03 05:00,3,5,6,weekend,0,0,15.7,20.7,4.1,9.2,4.37,13.57,-13.57,DEFICIT,4.36,3.3,3.7,2.25
2024-03-03 06:00,3,6,6,weekend,50.4,5.11,26.9,21.7,3.4,27.3,0,27.3,-22.19,DEFICIT,5.86,4.05,4.98,2.25
2024-03-03 07:00,3,7,6,weekend,174.1,17.65,37.7,23.2,1.9,34.14,13.44,47.58,-29.92,DEFICIT,5.85,4.05,4.97,2.25
2024-03-03 08:00,3,8,6,weekend,408.0,41.38,18.6,24.1,3.4,26.57,10.52,37.09,4.29,BALANCED,6.22,4.24,5.29,2.25
2024-03-03 09:00,3,9,6,weekend,536.7,54.39,39.8,25.1,3.4,21.12,0.0,21.12,33.27,SURPLUS,5.49,3.87,4.67,2.25
2024-03-03 10:00,3,10,6,weekend,876.0,88.42,30.3,26.1,3.3,13.28,0,13.28,75.14,SURPLUS,3.94,3.09,3.34,2.25
2024-03-03 11:00,3,11,6,weekend,929.6,93.59,35.2,26.8,2.8,13.02,0,13.02,80.57,SURPLUS,4.11,3.18,3.49,2.25
2024-03-03 12:00,3,12,6,weekend,963.1,96.54,22.3,27.9,3.6,17.97,0,17.97,78.57,SURPLUS,3.44,2.84,2.92,2.25
2024-03-03 13:00,3,13,6,weekend,1032.2,102.23,25.0,30.8,5.9,17.49,0,17.49,84.74,SURPLUS,3.92,3.09,3.33,2.25
2024-03-03 14:00,3,14,6,weekend,809.1,80.2,36.9,30.6,3.7,17.19,0,17.19,63.01,SURPLUS,3.59,2.92,3.05,2.25
2024-03-03 15:00,3,15,6,weekend,615.4,61.48,15.1,28.7,4.7,15.01,0,15.01,46.47,SURPLUS,4.08,3.16,3.46,2.25
2024-03-03 16:00,3,16,6,weekend,481.4,48.11,32.6,28.6,4.7,22.41,0,22.41,25.7,SURPLUS,6.49,4.37,5.51,2.25
2024-03-03 17:00,3,17,6,weekend,226.6,22.54,25.0,29.8,3.8,25.57,0,25.57,-3.04,BALANCED,7.46,4.86,6.34,2.25
2024-03-03 18:00,3,18,6,weekend,53.2,5.37,37.7,26.3,3.4,39.75,6.92,46.67,-41.3,DEFICIT,6.85,4.55,5.83,2.25
2024-03-03 19:00,3,19,6,weekend,0,0,23.9,24.5,3.5,49.44,0.0,49.44,-49.44,DEFICIT,7.34,4.8,6.24,2.25
2024-03-03 20:00,3,20,6,weekend,0,0,25.4,24.1,2.6,40.54,11.46,52.01,-52.01,DEFICIT,6.78,4.51,5.76,2.25
2024-03-03 21:00,3,21,6,weekend,0,0,28.2,23.6,2.9,31.46,16.94,48.4,-48.4,DEFICIT,7.25,4.75,6.16,2.25
2024-03-03 22:00,3,22,6,weekend,0,0,31.2,24.7,4.2,24.33,0.0,24.33,-24.33,DEFICIT,4.52,3.39,3.84,2.25
2024-03-03 23:00,3,23,6,weekend,0,0,19.3,24.4,4.6,13.88,0,13.88,-13.88,DEFICIT,4.72,3.48,4.01,2.25
2024-03-04 00:00,3,0,0,weekday,0,0,20.1,22.0,4.7,9.33,3.75,13.07,-13.07,DEFICIT,4.76,3.51,4.05,2.25
2024-03-04 01:00,3,1,0,weekday,0,0,24.7,24.2,3.6,8.07,0.0,8.07,-8.07,DEFICIT,4.91,3.58,4.17,2.25
2024-03-04 02:00,3,2,0,weekday,0,0,30.0,21.9,2.6,7.25,5.39,12.64,-12.64,DEFICIT,4.15,3.2,3.53,2.25
2024-03-04 03:00,3,3,0,weekday,0,0,33.9,19.7,3.2,5.62,0.0,5.62,-5.62,DEFICIT,5.4,3.83,4.59,2.25
2024-03-04 04:00,3,4,0,weekday,0,0,0.9,19.7,2.4,5.25,0.0,5.25,-5.25,DEFICIT,4.14,3.2,3.52,2.25
2024-03-04 05:00,3,5,0,weekday,0,0,26.1,20.6,2.5,8.04,3.21,11.25,-11.25,DEFICIT,4.63,3.44,3.94,2.25
2024-03-04 06:00,3,6,0,weekday,49.2,4.99,20.4,23.2,4.2,15.96,0,15.96,-10.98,DEFICIT,5.83,4.04,4.96,2.25
2024-03-04 07:00,3,7,0,weekday,172.3,17.41,22.1,25.9,1.6,32.03,12.17,44.2,-26.79,DEFICIT,5.59,3.92,4.75,2.25
2024-03-04 08:00,3,8,0,weekday,366.2,36.84,18.2,27.0,2.8,22.03,10.14,32.17,4.67,BALANCED,6.21,4.23,5.28,2.25
2024-03-04 09:00,3,9,0,weekday,411.5,41.29,21.5,27.6,4.5,14.47,0.0,14.47,26.82,SURPLUS,5.88,4.06,5.0,2.25
2024-03-04 10:00,3,10,0,weekday,649.5,64.88,29.7,28.7,3.0,13.75,0,13.75,51.13,SURPLUS,3.18,2.72,2.7,2.25
2024-03-04 11:00,3,11,0,weekday,828.8,82.73,28.9,28.9,3.0,14.01,0,14.01,68.72,SURPLUS,3.35,2.8,2.85,2.25
2024-03-04 12:00,3,12,0,weekday,955.2,95.23,15.4,29.2,5.8,17.62,0,17.62,77.61,SURPLUS,3.83,3.04,3.26,2.25
2024-03-04 13:00,3,13,0,weekday,837.8,83.12,26.9,30.4,3.0,14.78,0,14.78,68.34,SURPLUS,3.56,2.91,3.03,2.25
2024-03-04 14:00,3,14,0,weekday,774.1,76.23,33.0,32.2,4.2,14.92,0,14.92,61.31,SURPLUS,3.51,2.88,2.98,2.25
2024-03-04 15:00,3,15,0,weekday,656.4,65.48,33.5,29.0,5.4,16.45,0,16.45,49.03,SURPLUS,4.4,3.33,3.74,2.25
2024-03-04 16:00,3,16,0,weekday,435.4,42.87,18.7,32.2,3.1,15.58,0,15.58,27.3,SURPLUS,6.34,4.29,5.39,2.25
2024-03-04 17:00,3,17,0,weekday,207.4,20.84,11.8,27.3,3.3,20.5,0,20.5,0.33,BALANCED,6.95,4.6,5.91,2.25
2024-03-04 18:00,3,18,0,weekday,40.9,4.12,25.0,26.7,2.5,30.69,15.17,45.86,-41.74,DEFICIT,6.47,4.36,5.5,2.25
2024-03-04 19:00,3,19,0,weekday,0,0,10.2,26.3,2.5,42.06,11.53,53.59,-53.59,DEFICIT,6.94,4.6,5.9,2.25
2024-03-04 20:00,3,20,0,weekday,0,0,25.5,22.8,1.7,35.0,14.55,49.55,-49.55,DEFICIT,6.72,4.49,5.71,2.25
2024-03-04 21:00,3,21,0,weekday,0,0,35.7,25.0,4.6,26.75,7.87,34.61,-34.61,DEFICIT,5.9,4.08,5.02,2.25
2024-03-04 22:00,3,22,0,weekday,0,0,42.8,23.1,3.2,21.35,6.15,27.5,-27.5,DEFICIT,4.45,3.35,3.78,2.25
2024-03-04 23:00,3,23,0,weekday,0,0,31.6,24.7,3.1,17.36,0,17.36,-17.36,DEFICIT,4.06,3.15,3.45,2.25
2024-03-05 00:00,3,0,1,weekday,0,0,22.3,19.2,3.1,10.34,0.0,10.34,-10.34,DEFICIT,5.05,3.65,4.29,2.25
2024-03-05 01:00,3,1,1,weekday,0,0,12.8,25.2,2.1,7.52,0.0,7.52,-7.52,DEFICIT,4.63,3.44,3.93,2.25
2024-03-05 02:00,3,2,1,weekday,0,0,20.6,20.3,5.4,6.4,0.0,6.4,-6.4,DEFICIT,4.65,3.45,3.95,2.25
2024-03-05 03:00,3,3,1,weekday,0,0,28.2,20.9,3.1,5,5.21,10.21,-10.21,DEFICIT,4.37,3.31,3.72,2.25
2024-03-05 04:00,3,4,1,weekday,0,0,28.7,20.9,4.0,5.14,0.0,5.14,-5.14,DEFICIT,3.81,3.03,3.24,2.25
2024-03-05 05:00,3,5,1,weekday,0,0,27.6,21.2,3.9,8.46,4.31,12.77,-12.77,DEFICIT,3.98,3.12,3.38,2.25
2024-03-05 06:00,3,6,1,weekday,40.8,4.14,15.6,21.8,4.3,20.59,0,20.59,-16.46,DEFICIT,6.29,4.27,5.34,2.25
2024-03-05 07:00,3,7,1,weekday,139.8,14.18,36.3,22.4,2.6,24.38,0.0,24.38,-10.21,DEFICIT,5.64,3.95,4.8,2.25
2024-03-05 08:00,3,8,1,weekday,300.0,30.42,13.9,22.5,3.6,25.14,8.93,34.07,-3.65,BALANCED,5.99,4.12,5.09,2.25
2024-03-05 09:00,3,9,1,weekday,421.2,42.47,27.5,26.4,4.9,13.02,0.0,13.02,29.45,SURPLUS,6.15,4.2,5.23,2.25
2024-03-05 10:00,3,10,1,weekday,670.5,67.22,27.1,27.8,3.0,14.3,0,14.3,52.92,SURPLUS,3.51,2.88,2.98,2.25
2024-03-05 11:00,3,11,1,weekday,814.0,81.72,15.3,27.5,3.2,13.05,0,13.05,68.67,SURPLUS,3.73,2.99,3.17,2.25
2024-03-05 12:00,3,12,1,weekday,870.7,86.82,31.2,29.1,4.5,14.24,0,14.24,72.59,SURPLUS,3.59,2.92,3.05,2.25
2024-03-05 13:00,3,13,1,weekday,840.0,83.23,24.5,30.7,5.4,13.25,0,13.25,69.99,SURPLUS,3.62,2.93,3.07,2.25
2024-03-05 14:00,3,14,1,weekday,815.6,81.18,32.8,29.6,5.0,14.8,0,14.8,66.38,SURPLUS,3.74,2.99,3.18,2.25
2024-03-05 15:00,3,15,1,weekday,555.4,55.34,10.5,29.3,4.4,13.25,0,13.25,42.09,SURPLUS,3.92,3.08,3.33,2.25
2024-03-05 16:00,3,16,1,weekday,338.9,33.93,25.3,28.2,3.9,19.75,0,19.75,14.18,SURPLUS,7.2,4.73,6.12,2.25
2024-03-05 17:00,3,17,1,weekday,165.3,16.4,27.4,30.5,3.4,25.67,0,25.67,-9.27,DEFICIT,6.55,4.4,5.57,2.25
2024-03-05 18:00,3,18,1,weekday,43.5,4.41,32.8,23.9,3.4,38.81,18.0,56.81,-52.4,DEFICIT,7.11,4.68,6.05,2.25
2024-03-05 19:00,3,19,1,weekday,0,0,27.4,26.1,5.1,32.68,0.0,32.68,-32.68,DEFICIT,6.68,4.47,5.68,2.25
2024-03-05 20:00,3,20,1,weekday,0,0,19.8,23.6,3.4,34.98,0.0,34.98,-34.98,DEFICIT,7.2,4.72,6.12,2.25
2024-03-05 21:00,3,21,1,weekday,0,0,36.1,25.4,2.8,23.75,7.49,31.24,-31.24,DEFICIT,6.66,4.45,5.66,2.25
2024-03-05 22:00,3,22,1,weekday,0,0,28.9,23.9,2.0,18.81,7.1,25.9,-25.9,DEFICIT,4.65,3.45,3.96,2.25
2024-03-05 23:00,3,23,1,weekday,0,0,15.8,24.3,4.0,13.78,0,13.78,-13.78,DEFICIT,4.55,3.4,3.87,2.25
2024-03-06 00:00,3,0,2,weekday,0,0,20.6,20.5,3.3,9.91,3.16,13.07,-13.07,DEFICIT,4.41,3.33,3.75,2.25
2024-03-06 01:00,3,1,2,weekday,0,0,43.6,22.4,3.5,8.5,0.0,8.5,-8.5,DEFICIT,4.28,3.27,3.64,2.25
2024-03-06 02:00,3,2,2,weekday,0,0,36.7,22.7,2.0,7.27,2.17,9.44,-9.44,DEFICIT,4.41,3.33,3.75,2.25
2024-03-06 03:00,3,3,2,weekday,0,0,19.9,21.0,3.8,5.77,2.78,8.55,-8.55,DEFICIT,4.3,3.27,3.65,2.25
2024-03-06 04:00,3,4,2,weekday,0,0,25.6,20.1,4.4,6.37,0.0,6.37,-6.37,DEFICIT,4.54,3.39,3.85,2.25
2024-03-06 05:00,3,5,2,weekday,0,0,27.9,23.0,2.9,8.45,0.0,8.45,-8.45,DEFICIT,4.18,3.22,3.55,2.25
2024-03-06 06:00,3,6,2,weekday,48.7,4.93,21.8,23.6,3.5,22.05,0,22.05,-17.11,DEFICIT,5.5,3.87,4.67,2.25
2024-03-06 07:00,3,7,2,weekday,181.7,18.42,34.4,22.3,3.9,30.84,0.0,30.84,-12.41,DEFICIT,5.83,4.04,4.96,2.25
2024-03-06 08:00,3,8,2,weekday,412.3,41.81,22.8,23.1,2.8,27.35,0.0,27.35,14.46,SURPLUS,6.09,4.17,5.18,2.25
2024-03-06 09:00,3,9,2,weekday,666.4,67.45,27.6,25.5,4.2,17.43,14.66,32.09,35.36,SURPLUS,6.07,4.16,5.16,2.25
2024-03-06 10:00,3,10,2,weekday,696.3,69.41,30.6,29.2,2.4,14.96,0,14.96,54.45,SURPLUS,3.84,3.05,3.27,2.25
2024-03-06 11:00,3,11,2,weekday,909.9,91.21,17.2,27.8,3.9,12.99,0,12.99,78.23,SURPLUS,3.9,3.07,3.31,2.25
2024-03-06 12:00,3,12,2,weekday,1108.3,111.1,27.9,27.8,4.9,15.45,0,15.45,95.65,SURPLUS,3.47,2.86,2.95,2.25
2024-03-06 13:00,3,13,2,weekday,978.7,98.14,22.8,27.8,4.0,11.6,0,11.6,86.54,SURPLUS,3.69,2.97,3.14,2.25
2024-03-06 14:00,3,14,2,weekday,838.5,83.06,28.2,30.8,3.7,13.69,0,13.69,69.37,SURPLUS,4.0,3.12,3.4,2.25
2024-03-06 15:00,3,15,2,weekday,755.3,74.3,38.1,32.5,2.9,15.02,0,15.02,59.28,SURPLUS,3.64,2.94,3.09,2.25
2024-03-06 16:00,3,16,2,weekday,450.5,44.73,21.3,30.2,4.7,17.76,0,17.76,26.97,SURPLUS,7.28,4.76,6.19,2.25
2024-03-06 17:00,3,17,2,weekday,221.0,22.05,22.9,29.0,2.8,28.06,0,28.06,-6.01,DEFICIT,6.63,4.44,5.64,2.25
2024-03-06 18:00,3,18,2,weekday,49.5,4.99,39.0,26.0,4.1,25.66,16.71,42.37,-37.38,DEFICIT,6.8,4.52,5.78,2.25
2024-03-06 19:00,3,19,2,weekday,0,0,46.8,27.3,2.8,37.92,6.4,44.32,-44.32,DEFICIT,6.22,4.24,5.29,2.25
2024-03-06 20:00,3,20,2,weekday,0,0,21.1,24.2,3.3,37.44,11.74,49.18,-49.18,DEFICIT,7.06,4.65,6.0,2.25
2024-03-06 21:00,3,21,2,weekday,0,0,34.6,23.9,4.6,25.15,0.0,25.15,-25.15,DEFICIT,6.74,4.49,5.73,2.25
2024-03-06 22:00,3,22,2,weekday,0,0,28.3,23.1,2.4,16.59,17.92,34.51,-34.51,DEFICIT,4.72,3.48,4.01,2.25
2024-03-06 23:00,3,23,2,weekday,0,0,36.9,22.6,2.0,12.76,0,12.76,-12.76,DEFICIT,4.37,3.31,3.71,2.25
2024-03-07 00:00,3,0,3,weekday,0,0,19.5,21.5,4.5,9.62,0.0,9.62,-9.62,DEFICIT,4.4,3.32,3.74,2.25
2024-03-07 01:00,3,1,3,weekday,0,0,24.7,22.3,3.1,7.71,3.26,10.97,-10.97,DEFICIT,4.56,3.4,3.87,2.25
2024-03-07 02:00,3,2,3,weekday,0,0,17.4,19.6,4.9,7.81,2.83,10.64,-10.64,DEFICIT,4.18,3.21,3.55,2.25
2024-03-07 03:00,3,3,3,weekday,0,0,19.9,22.2,3.9,7.23,0.0,7.23,-7.23,DEFICIT,4.49,3.37,3.82,2.25
2024-03-07 04:00,3,4,3,weekday,0,0,38.5,20.9,4.5,6.6,4.43,11.03,-11.03,DEFICIT,4.91,3.58,4.18,2.25
2024-03-07 05:00,3,5,3,weekday,0,0,28.2,20.3,4.3,8.55,4.81,13.36,-13.36,DEFICIT,4.42,3.34,3.76,2.25
2024-03-07 06:00,3,6,3,weekday,31.0,3.14,12.1,22.8,4.5,23.04,0,23.04,-19.89,DEFICIT,5.84,4.05,4.96,2.25
2024-03-07 07:00,3,7,3,weekday,125.9,12.77,13.2,22.8,4.0,31.99,14.15,46.14,-33.37,DEFICIT,5.91,4.08,5.02,2.25
2024-03-07 08:00,3,8,3,weekday,223.9,22.71,15.0,23.6,3.4,24.05,9.89,33.93,-11.23,DEFICIT,5.84,4.04,4.96,2.25
2024-03-07 09:00,3,9,3,weekday,359.2,36.42,23.1,24.8,4.8,13.26,0.0,13.26,23.17,SURPLUS,6.01,4.13,5.11,2.25
2024-03-07 10:00,3,10,3,weekday,583.6,58.18,18.6,29.2,3.4,13.75,0,13.75,44.43,SURPLUS,3.75,3.0,3.19,2.25
2024-03-07 11:00,3,11,3,weekday,635.0,63.66,22.5,27.8,4.5,12.88,0,12.88,50.78,SURPLUS,4.04,3.14,3.43,2.25
2024-03-07 12:00,3,12,3,weekday,677.1,67.52,18.4,29.2,4.0,14.61,0,14.61,52.91,SURPLUS,3.24,2.74,2.75,2.25
2024-03-07 13:00,3,13,3,weekday,539.0,53.24,3.7,31.4,7.2,12.7,0,12.7,40.55,SURPLUS,3.57,2.91,3.03,2.25
2024-03-07 14:00,3,14,3,weekday,510.3,51.21,20.7,27.6,4.2,11.27,0,11.27,39.94,SURPLUS,3.87,3.06,3.29,2.25
2024-03-07 15:00,3,15,3,weekday,436.3,43.22,15.2,30.8,4.0,11.94,0,11.94,31.28,SURPLUS,4.01,3.13,3.41,2.25
2024-03-07 16:00,3,16,3,weekday,319.1,31.79,15.8,29.4,4.0,17.23,0,17.23,14.57,SURPLUS,7.11,4.68,6.04,2.25
2024-03-07 17:00,3,17,3,weekday,155.5,15.51,17.5,29.1,3.4,23.33,0,23.33,-7.82,DEFICIT,7.1,4.68,6.04,2.25
2024-03-07 18:00,3,18,3,weekday,29.0,2.93,29.5,25.6,4.4,30.97,16.68,47.65,-44.71,DEFICIT,7.08,4.67,6.02,2.25
2024-03-07 19:00,3,19,3,weekday,0,0,26.1,25.0,2.5,46.1,9.51,55.61,-55.61,DEFICIT,7.02,4.64,5.97,2.25
2024-03-07 20:00,3,20,3,weekday,0,0,24.2,26.0,3.4,37.74,12.9,50.65,-50.65,DEFICIT,6.79,4.52,5.77,2.25
2024-03-07 21:00,3,21,3,weekday,0,0,26.2,21.2,3.5,26.06,0.0,26.06,-26.06,DEFICIT,7.02,4.64,5.97,2.25
2024-03-07 22:00,3,22,3,weekday,0,0,20.8,22.9,4.6,21.39,7.25,28.64,-28.64,DEFICIT,4.46,3.35,3.79,2.25
2024-03-07 23:00,3,23,3,weekday,0,0,20.4,22.9,3.6,12.78,0,12.78,-12.78,DEFICIT,4.25,3.25,3.61,2.25
2024-03-08 00:00,3,0,4,weekday,0,0,30.3,20.1,4.6,11.68,0.0,11.68,-11.68,DEFICIT,4.29,3.27,3.65,2.25
2024-03-08 01:00,3,1,4,weekday,0,0,39.1,21.2,3.3,8.87,2.89,11.76,-11.76,DEFICIT,4.74,3.49,4.03,2.25
2024-03-08 02:00,3,2,4,weekday,0,0,37.5,24.5,4.1,6.9,3.34,10.25,-10.25,DEFICIT,4.28,3.26,3.64,2.25
2024-03-08 03:00,3,3,4,weekday,0,0,45.0,19.4,2.0,5.74,0.0,5.74,-5.74,DEFICIT,4.65,3.45,3.95,2.25
2024-03-08 04:00,3,4,4,weekday,0,0,29.2,19.6,3.4,5.74,2.83,8.57,-8.57,DEFICIT,4.24,3.24,3.6,2.25
2024-03-08 05:00,3,5,4,weekday,0,0,25.6,20.5,4.2,6.64,0.0,6.64,-6.64,DEFICIT,4.55,3.4,3.87,2.25
2024-03-08 06:00,3,6,4,weekday,61.4,6.23,49.5,21.9,2.4,21.32,0,21.32,-15.09,DEFICIT,5.47,3.86,4.65,2.25
2024-03-08 07:00,3,7,4,weekday,212.6,21.56,40.7,22.7,2.6,24.19,8.7,32.89,-11.33,DEFICIT,5.38,3.82,4.58,2.25
2024-03-08 08:00,3,8,4,weekday,390.7,39.36,31.9,26.7,2.9,26.55,0.0,26.55,12.8,SURPLUS,5.69,3.97,4.83,2.25
2024-03-08 09:00,3,9,4,weekday,700.7,71.05,27.6,24.2,2.5,16.56,17.86,34.41,36.64,SURPLUS,5.58,3.91,4.74,2.25
2024-03-08 10:00,3,10,4,weekday,917.6,92.2,20.8,27.3,2.7,13.93,0,13.93,78.27,SURPLUS,4.47,3.36,3.8,2.25
2024-03-08 11:00,3,11,4,weekday,1120.8,111.86,50.0,28.9,3.8,13.48,0,13.48,98.38,SURPLUS,3.59,2.92,3.05,2.25
2024-03-08 12:00,3,12,4,weekday,1198.0,120.1,26.4,27.8,4.5,16.56,0,16.56,103.55,SURPLUS,3.67,2.96,3.12,2.25
2024-03-08 13:00,3,13,4,weekday,1220.0,121.47,22.2,29.5,5.4,14.37,0,14.37,107.1,SURPLUS,4.08,3.17,3.47,2.25
2024-03-08 14:00,3,14,4,weekday,1041.9,103.23,28.9,30.7,5.6,15.09,0,15.09,88.14,SURPLUS,3.97,3.11,3.38,2.25
2024-03-08 15:00,3,15,4,weekday,800.5,79.94,36.8,28.8,3.9,14.11,0,14.11,65.83,SURPLUS,3.92,3.09,3.33,2.25
2024-03-08 16:00,3,16,4,weekday,555.9,55.18,45.9,30.3,2.8,18.81,0,18.81,36.37,SURPLUS,7.02,4.63,5.96,2.25
2024-03-08 17:00,3,17,4,weekday,277.8,27.81,30.7,28.1,3.7,24.52,0,24.52,3.29,BALANCED,6.51,4.38,5.54,2.25
2024-03-08 18:00,3,18,4,weekday,56.8,5.71,40.2,27.0,2.9,36.07,9.7,45.76,-40.05,DEFICIT,6.93,4.59,5.89,2.25
2024-03-08 19:00,3,19,4,weekday,0,0,34.9,26.0,3.1,40.58,17.57,58.14,-58.14,DEFICIT,6.17,4.21,5.24,2.25
2024-03-08 20:00,3,20,4,weekday,0,0,33.0,23.2,2.5,27.19,0.0,27.19,-27.19,DEFICIT,6.4,4.33,5.44,2.25
2024-03-08 21:00,3,21,4,weekday,0,0,29.6,22.5,4.0,29.23,21.06,50.29,-50.29,DEFICIT,6.43,4.34,5.47,2.25
2024-03-08 22:00,3,22,4,weekday,0,0,31.1,23.1,3.7,20.93,12.02,32.95,-32.95,DEFICIT,4.36,3.3,3.71,2.25
2024-03-08 23:00,3,23,4,weekday,0,0,38.6,23.7,4.1,13.06,0,13.06,-13.06,DEFICIT,4.19,3.22,3.56,2.25
2024-03-09 00:00,3,0,5,weekend,0,0,26.6,26.3,4.2,10.78,0.0,10.78,-10.78,DEFICIT,4.48,3.37,3.81,2.25
2024-03-09 01:00,3,1,5,weekend,0,0,11.5,21.9,2.3,9.98,0.0,9.98,-9.98,DEFICIT,4.24,3.24,3.6,2.25
2024-03-09 02:00,3,2,5,weekend,0,0,14.3,20.9,3.8,8.95,0.0,8.95,-8.95,DEFICIT,4.42,3.34,3.76,2.25
2024-03-09 03:00,3,3,5,weekend,0,0,34.5,21.0,2.4,6.05,3.86,9.9,-9.9,DEFICIT,4.59,3.42,3.9,2.25
2024-03-09 04:00,3,4,5,weekend,0,0,35.1,18.6,1.7,7.11,3.96,11.07,-11.07,DEFICIT,4.62,3.44,3.93,2.25
2024-03-09 05:00,3,5,5,weekend,0,0,31.2,19.4,3.9,9.72,2.79,12.51,-12.51,DEFICIT,4.69,3.47,3.98,2.25
2024-03-09 06:00,3,6,5,weekend,34.4,3.48,21.8,21.6,3.4,26.13,0,26.13,-22.65,DEFICIT,5.51,3.88,4.69,2.25
2024-03-09 07:00,3,7,5,weekend,141.1,14.29,13.2,25.4,3.5,37.02,9.2,46.23,-31.94,DEFICIT,6.03,4.14,5.13,2.25
2024-03-09 08:00,3,8,5,weekend,299.1,30.33,29.1,24.7,2.9,27.9,0.0,27.9,2.43,BALANCED,5.75,4.0,4.89,2.25
2024-03-09 09:00,3,9,5,weekend,460.1,46.37,15.0,26.5,3.8,18.51,0.0,18.51,27.86,SURPLUS,5.58,3.92,4.74,2.25
2024-03-09 10:00,3,10,5,weekend,624.7,62.11,18.9,29.9,3.6,18.8,0,18.8,43.31,SURPLUS,4.05,3.15,3.44,2.25
2024-03-09 11:00,3,11,5,weekend,637.2,64.11,19.7,27.0,4.2,16.55,0,16.55,47.56,SURPLUS,4.3,3.27,3.65,2.25
2024-03-09 12:00,3,12,5,weekend,916.3,91.95,8.5,27.6,2.2,21.53,0,21.53,70.42,SURPLUS,4.4,3.33,3.74,2.25
2024-03-09 13:00,3,13,5,weekend,805.4,80.0,12.7,30.1,6.5,17.79,0,17.79,62.21,SURPLUS,3.78,3.02,3.21,2.25
2024-03-09 14:00,3,14,5,weekend,713.9,70.15,10.8,32.7,3.8,16.16,0,16.16,53.99,SURPLUS,3.88,3.07,3.3,2.25
2024-03-09 15:00,3,15,5,weekend,536.4,53.41,30.1,29.5,4.6,16.18,0,16.18,37.23,SURPLUS,3.89,3.07,3.3,2.25
2024-03-09 16:00,3,16,5,weekend,325.0,32.75,23.3,26.6,2.7,21.67,0,21.67,11.08,SURPLUS,6.84,4.55,5.82,2.25
2024-03-09 17:00,3,17,5,weekend,160.7,16.16,11.5,27.1,4.5,24.96,0,24.96,-8.8,DEFICIT,6.76,4.5,5.74,2.25
2024-03-09 18:00,3,18,5,weekend,42.2,4.22,22.0,28.1,3.9,40.67,12.07,52.74,-48.52,DEFICIT,6.87,4.56,5.84,2.25
2024-03-09 19:00,3,19,5,weekend,0,0,25.1,27.9,4.6,44.41,17.47,61.87,-61.87,DEFICIT,6.39,4.32,5.43,2.25
2024-03-09 20:00,3,20,5,weekend,0,0,17.8,23.7,2.1,46.76,0.0,46.76,-46.76,DEFICIT,6.56,4.41,5.58,2.25
2024-03-09 21:00,3,21,5,weekend,0,0,32.2,26.6,4.8,27.77,9.2,36.97,-36.97,DEFICIT,6.8,4.53,5.78,2.25
2024-03-09 22:00,3,22,5,weekend,0,0,25.2,23.6,4.8,17.88,17.17,35.06,-35.06,DEFICIT,4.38,3.32,3.73,2.25
2024-03-09 23:00,3,23,5,weekend,0,0,30.8,23.9,3.4,15.48,0,15.48,-15.48,DEFICIT,4.75,3.5,4.04,2.25
2024-03-10 00:00,3,0,6,weekend,0,0,20.1,22.3,3.2,10.6,0.0,10.6,-10.6,DEFICIT,4.76,3.5,4.04,2.25
2024-03-10 01:00,3,1,6,weekend,0,0,36.4,21.6,4.3,8.99,0.0,8.99,-8.99,DEFICIT,4.65,3.45,3.95,2.25
2024-03-10 02:00,3,2,6,weekend,0,0,19.2,21.4,3.8,8.66,0.0,8.66,-8.66,DEFICIT,4.66,3.45,3.96,2.25
2024-03-10 03:00,3,3,6,weekend,0,0,21.3,25.2,2.8,6.59,0.0,6.59,-6.59,DEFICIT,4.29,3.27,3.64,2.25
2024-03-10 04:00,3,4,6,weekend,0,0,21.1,20.1,3.8,8.08,3.86,11.94,-11.94,DEFICIT,4.0,3.12,3.4,2.25
2024-03-10 05:00,3,5,6,weekend,0,0,22.4,20.1,2.4,9.91,4.99,14.91,-14.91,DEFICIT,3.85,3.05,3.28,2.25
2024-03-10 06:00,3,6,6,weekend,41.9,4.24,27.3,22.6,2.8,24.43,0,24.43,-20.19,DEFICIT,5.62,3.94,4.78,2.25
2024-03-10 07:00,3,7,6,weekend,144.2,14.62,17.1,24.8,2.3,26.41,9.51,35.92,-21.3,DEFICIT,6.01,4.13,5.11,2.25
2024-03-10 08:00,3,8,6,weekend,304.1,30.84,15.4,23.7,4.4,28.86,21.16,50.02,-19.18,DEFICIT,5.7,3.97,4.84,2.25
2024-03-10 09:00,3,9,6,weekend,484.3,49.1,17.6,25.1,4.1,19.04,15.1,34.15,14.95,SURPLUS,6.18,4.22,5.25,2.25
2024-03-10 10:00,3,10,6,weekend,545.0,54.52,27.9,28.4,3.9,15.14,0,15.14,39.38,SURPLUS,4.42,3.34,3.76,2.25
2024-03-10 11:00,3,11,6,weekend,678.2,67.93,27.4,28.0,3.9,15.17,0,15.17,52.76,SURPLUS,3.58,2.92,3.04,2.25
2024-03-10 12:00,3,12,6,weekend,803.7,81.17,6.8,26.0,4.9,13.45,0,13.45,67.72,SURPLUS,3.65,2.95,3.11,2.25
2024-03-10 13:00,3,13,6,weekend,752.5,75.08,17.0,29.0,4.7,16.71,0,16.71,58.37,SURPLUS,3.05,2.65,2.59,2.25
2024-03-10 14:00,3,14,6,weekend,680.9,67.39,21.5,31.0,3.3,12.99,0,12.99,54.41,SURPLUS,4.4,3.32,3.74,2.25
2024-03-10 15:00,3,15,6,weekend,512.6,50.63,24.9,31.5,4.1,19.92,0,19.92,30.71,SURPLUS,4.18,3.21,3.55,2.25
2024-03-10 16:00,3,16,6,weekend,390.5,39.13,13.5,28.0,5.3,20.71,0,20.71,18.41,SURPLUS,6.76,4.51,5.75,2.25
2024-03-10 17:00,3,17,6,weekend,162.8,16.45,30.2,25.9,3.6,24.59,0,24.59,-8.14,DEFICIT,6.73,4.49,5.72,2.25
2024-03-10 18:00,3,18,6,weekend,35.9,3.63,14.5,25.7,3.8,39.99,19.34,59.32,-55.69,DEFICIT,6.33,4.29,5.38,2.25
2024-03-10 19:00,3,19,6,weekend,0,0,22.2,24.3,2.7,43.87,9.88,53.74,-53.74,DEFICIT,6.66,4.46,5.66,2.25
2024-03-10 20:00,3,20,6,weekend,0,0,27.0,24.8,3.3,39.49,19.28,58.76,-58.76,DEFICIT,6.81,4.53,5.79,2.25
2024-03-10 21:00,3,21,6,weekend,0,0,20.9,22.7,2.8,29.35,17.54,46.89,-46.89,DEFICIT,6.87,4.56,5.84,2.25
2024-03-10 22:00,3,22,6,weekend,0,0,19.0,23.7,3.4,24.18,17.2,41.38,-41.38,DEFICIT,4.44,3.35,3.78,2.25
2024-03-10 23:00,3,23,6,weekend,0,0,21.3,21.8,2.5,15.0,0,15.0,-15.0,DEFICIT,4.95,3.6,4.2,2.25
2024-03-11 00:00,3,0,0,weekday,0,0,24.0,21.8,3.1,8.32,4.33,12.65,-12.65,DEFICIT,4.13,3.19,3.51,2.25
2024-03-11 01:00,3,1,0,weekday,0,0,23.5,23.1,3.2,8.86,3.37,12.23,-12.23,DEFICIT,3.89,3.07,3.31,2.25
2024-03-11 02:00,3,2,0,weekday,0,0,13.5,21.4,3.4,8.62,0.0,8.62,-8.62,DEFICIT,4.03,3.14,3.42,2.25
2024-03-11 03:00,3,3,0,weekday,0,0,22.5,19.3,2.2,6.84,0.0,6.84,-6.84,DEFICIT,4.16,3.2,3.53,2.25
2024-03-11 04:00,3,4,0,weekday,0,0,13.9,21.1,4.3,6.29,0.0,6.29,-6.29,DEFICIT,4.58,3.42,3.9,2.25
2024-03-11 05:00,3,5,0,weekday,0,0,36.2,20.6,3.8,6.76,3.85,10.61,-10.61,DEFICIT,4.11,3.18,3.5,2.25
2024-03-11 06:00,3,6,0,weekday,36.2,3.67,21.5,24.6,4.1,18.18,0,18.18,-14.52,DEFICIT,6.2,4.22,5.27,2.25
2024-03-11 07:00,3,7,0,weekday,126.1,12.79,22.1,23.3,2.1,24.33,0.0,24.33,-11.54,DEFICIT,6.36,4.31,5.41,2.25
2024-03-11 08:00,3,8,0,weekday,278.2,28.21,19.8,24.5,3.8,21.16,0.0,21.16,7.05,SURPLUS,5.86,4.05,4.98,2.25
2024-03-11 09:00,3,9,0,weekday,419.5,41.8,14.4,29.3,3.7,18.22,0.0,18.22,23.58,SURPLUS,5.51,3.88,4.68,2.25
2024-03-11 10:00,3,10,0,weekday,555.0,55.5,23.3,28.4,3.6,13.34,0,13.34,42.17,SURPLUS,4.1,3.17,3.48,2.25
2024-03-11 11:00,3,11,0,weekday,660.6,65.75,22.7,29.6,2.6,12.84,0,12.84,52.91,SURPLUS,3.44,2.84,2.92,2.25
2024-03-11 12:00,3,12,0,weekday,777.1,77.27,13.6,29.9,3.8,14.96,0,14.96,62.3,SURPLUS,3.89,3.07,3.31,2.25
2024-03-11 13:00,3,13,0,weekday,738.4,73.16,30.0,30.7,4.4,16.64,0,16.64,56.52,SURPLUS,3.44,2.85,2.92,2.25
2024-03-11 14:00,3,14,0,weekday,595.6,58.93,17.5,31.1,5.5,12.21,0,12.21,46.72,SURPLUS,3.98,3.12,3.39,2.25
2024-03-11 15:00,3,15,0,weekday,561.5,56.06,14.7,28.9,5.8,14.96,0,14.96,41.1,SURPLUS,3.52,2.88,2.99,2.25
2024-03-11 16:00,3,16,0,weekday,323.2,32.13,29.0,29.9,1.8,17.32,0,17.32,14.81,SURPLUS,6.62,4.43,5.62,2.25
2024-03-11 17:00,3,17,0,weekday,192.9,19.31,26.9,28.1,2.9,22.85,0,22.85,-3.54,BALANCED,6.03,4.14,5.13,2.25
2024-03-11 18:00,3,18,0,weekday,41.1,4.11,17.4,28.2,2.6,41.66,16.45,58.11,-54.0,DEFICIT,7.02,4.63,5.97,2.25
2024-03-11 19:00,3,19,0,weekday,0,0,20.9,27.9,3.2,41.68,6.56,48.25,-48.25,DEFICIT,6.59,4.42,5.6,2.25
2024-03-11 20:00,3,20,0,weekday,0,0,26.2,25.4,3.3,38.25,12.13,50.38,-50.38,DEFICIT,6.67,4.46,5.67,2.25
2024-03-11 21:00,3,21,0,weekday,0,0,18.4,26.1,3.3,30.15,10.19,40.34,-40.34,DEFICIT,7.23,4.74,6.14,2.25
2024-03-11 22:00,3,22,0,weekday,0,0,19.6,22.9,5.7,18.19,19.58,37.76,-37.76,DEFICIT,4.42,3.33,3.75,2.25
2024-03-11 23:00,3,23,0,weekday,0,0,7.1,26.6,3.8,13.52,0,13.52,-13.52,DEFICIT,4.66,3.45,3.96,2.25
2024-03-12 00:00,3,0,1,weekday,0,0,21.1,23.8,2.6,8.96,2.12,11.08,-11.08,DEFICIT,4.64,3.44,3.94,2.25
2024-03-12 01:00,3,1,1,weekday,0,0,20.4,22.6,2.5,8.49,0.0,8.49,-8.49,DEFICIT,4.51,3.38,3.83,2.25
2024-03-12 02:00,3,2,1,weekday,0,0,19.8,21.3,3.0,6.96,2.18,9.14,-9.14,DEFICIT,4.25,3.25,3.62,2.25
2024-03-12 03:00,3,3,1,weekday,0,0,24.8,19.8,2.3,5.56,0.0,5.56,-5.56,DEFICIT,4.28,3.26,3.64,2.25
2024-03-12 04:00,3,4,1,weekday,0,0,25.6,21.3,3.7,5.66,5.43,11.1,-11.1,DEFICIT,3.8,3.02,3.23,2.25
2024-03-12 05:00,3,5,1,weekday,0,0,16.8,23.6,1.9,9.14,2.97,12.12,-12.12,DEFICIT,4.9,3.57,4.16,2.25
2024-03-12 06:00,3,6,1,weekday,35.7,3.62,20.4,22.6,3.0,23.89,0,23.89,-20.27,DEFICIT,5.57,3.91,4.74,2.25
2024-03-12 07:00,3,7,1,weekday,132.7,13.46,22.3,20.6,5.5,33.15,19.29,52.45,-38.99,DEFICIT,6.08,4.17,5.17,2.25
2024-03-12 08:00,3,8,1,weekday,252.6,25.61,14.8,23.4,2.8,24.41,7.59,31.99,-6.38,DEFICIT,5.99,4.12,5.09,2.25
2024-03-12 09:00,3,9,1,weekday,370.7,37.1,30.0,28.2,4.4,13.97,10.67,24.64,12.46,SURPLUS,5.47,3.86,4.65,2.25
2024-03-12 10:00,3,10,1,weekday,620.3,62.25,13.9,27.6,3.3,14.67,0,14.67,47.58,SURPLUS,3.67,2.96,3.12,2.25
2024-03-12 11:00,3,11,1,weekday,688.7,68.51,18.3,29.7,2.0,11.83,0,11.83,56.67,SURPLUS,4.07,3.16,3.46,2.25
2024-03-12 12:00,3,12,1,weekday,783.0,78.71,25.8,27.2,4.7,12.9,0,12.9,65.81,SURPLUS,4.64,3.45,3.95,2.25
2024-03-12 13:00,3,13,1,weekday,744.5,74.36,26.8,28.7,6.6,14.85,0,14.85,59.51,SURPLUS,3.99,3.12,3.39,2.25
2024-03-12 14:00,3,14,1,weekday,559.8,55.76,17.8,29.4,4.0,14.22,0,14.22,41.55,SURPLUS,3.92,3.08,3.33,2.25
2024-03-12 15:00,3,15,1,weekday,475.1,47.33,18.0,29.4,4.8,16.46,0,16.46,30.87,SURPLUS,4.03,3.14,3.43,2.25
2024-03-12 16:00,3,16,1,weekday,296.5,29.83,21.7,27.0,4.3,18.35,0,18.35,11.48,SURPLUS,6.58,4.41,5.59,2.25
2024-03-12 17:00,3,17,1,weekday,136.9,13.88,23.0,25.0,4.0,23.56,0,23.56,-9.68,DEFICIT,6.71,4.48,5.7,2.25
2024-03-12 18:00,3,18,1,weekday,37.6,3.81,15.4,25.1,3.8,28.07,20.78,48.85,-45.04,DEFICIT,6.6,4.42,5.61,2.25
2024-03-12 19:00,3,19,1,weekday,0,0,15.7,26.3,2.9,42.82,6.92,49.74,-49.74,DEFICIT,6.81,4.53,5.79,2.25
2024-03-12 20:00,3,20,1,weekday,0,0,33.2,25.0,3.1,38.89,9.73,48.62,-48.62,DEFICIT,6.55,4.4,5.57,2.25
2024-03-12 21:00,3,21,1,weekday,0,0,33.1,23.5,2.4,30.27,7.2,37.47,-37.47,DEFICIT,7.22,4.74,6.14,2.25
2024-03-12 22:00,3,22,1,weekday,0,0,27.2,25.1,3.7,19.49,8.47,27.96,-27.96,DEFICIT,4.76,3.5,4.04,2.25
2024-03-12 23:00,3,23,1,weekday,0,0,19.1,22.7,4.0,14.07,0,14.07,-14.07,DEFICIT,4.75,3.5,4.03,2.25
2024-03-13 00:00,3,0,2,weekday,0,0,25.1,23.1,3.3,9.51,2.53,12.04,-12.04,DEFICIT,4.63,3.44,3.93,2.25
2024-03-13 01:00,3,1,2,weekday,0,0,19.3,22.4,4.6,6.73,0.0,6.73,-6.73,DEFICIT,4.21,3.23,3.58,2.25
2024-03-13 02:00,3,2,2,weekday,0,0,22.1,22.1,4.3,7.21,0.0,7.21,-7.21,DEFICIT,4.38,3.31,3.72,2.25
2024-03-13 03:00,3,3,2,weekday,0,0,15.4,19.5,3.8,6.25,4.69,10.94,-10.94,DEFICIT,3.88,3.07,3.3,2.25
2024-03-13 04:00,3,4,2,weekday,0,0,15.2,24.7,3.8,6.49,2.99,9.49,-9.49,DEFICIT,4.69,3.47,3.99,2.25
2024-03-13 05:00,3,5,2,weekday,0,0,25.6,22.4,4.9,7.94,5.47,13.4,-13.4,DEFICIT,4.73,3.49,4.02,2.25
2024-03-13 06:00,3,6,2,weekday,35.0,3.55,20.8,21.9,4.6,20.6,0,20.6,-17.04,DEFICIT,5.86,4.06,4.98,2.25
2024-03-13 07:00,3,7,2,weekday,135.7,13.76,6.3,22.0,3.6,29.14,8.92,38.06,-24.3,DEFICIT,5.87,4.06,4.99,2.25
2024-03-13 08:00,3,8,2,weekday,251.2,25.41,14.0,25.6,4.5,23.78,0.0,23.78,1.63,BALANCED,5.81,4.03,4.94,2.25
2024-03-13 09:00,3,9,2,weekday,378.1,37.95,2.9,27.6,3.1,14.45,19.28,33.73,4.22,BALANCED,5.64,3.94,4.79,2.25
2024-03-13 10:00,3,10,2,weekday,536.0,53.97,17.6,26.7,3.9,11.87,0,11.87,42.1,SURPLUS,3.35,2.8,2.85,2.25
2024-03-13 11:00,3,11,2,weekday,701.6,70.09,16.2,28.7,3.7,15.12,0,15.12,54.97,SURPLUS,3.4,2.82,2.89,2.25
2024-03-13 12:00,3,12,2,weekday,744.6,74.2,16.8,29.3,4.4,15.8,0,15.8,58.39,SURPLUS,3.32,2.78,2.82,2.25
2024-03-13 13:00,3,13,2,weekday,652.7,64.59,24.6,31.0,2.6,14.33,0,14.33,50.26,SURPLUS,3.77,3.01,3.2,2.25
2024-03-13 14:00,3,14,2,weekday,523.7,51.68,22.5,31.7,4.4,15.19,0,15.19,36.49,SURPLUS,4.52,3.39,3.84,2.25
2024-03-13 15:00,3,15,2,weekday,473.3,47.31,19.9,28.6,5.0,13.99,0,13.99,33.31,SURPLUS,4.14,3.19,3.52,2.25
2024-03-13 16:00,3,16,2,weekday,267.5,26.5,18.2,30.8,4.8,16.9,0,16.9,9.59,SURPLUS,6.63,4.44,5.64,2.25
2024-03-13 17:00,3,17,2,weekday,160.8,15.96,14.9,30.2,4.3,25.18,0,25.18,-9.21,DEFICIT,6.99,4.62,5.94,2.25
2024-03-13 18:00,3,18,2,weekday,30.5,3.06,25.0,27.9,3.7,31.71,0.0,31.71,-28.65,DEFICIT,6.75,4.5,5.74,2.25
2024-03-13 19:00,3,19,2,weekday,0,0,15.4,24.4,3.1,39.33,14.61,53.94,-53.94,DEFICIT,7.29,4.77,6.19,2.25
2024-03-13 20:00,3,20,2,weekday,0,0,18.0,26.8,2.5,34.84,19.36,54.2,-54.2,DEFICIT,7.01,4.63,5.96,2.25
2024-03-13 21:00,3,21,2,weekday,0,0,14.3,25.3,2.6,28.21,17.95,46.16,-46.16,DEFICIT,6.77,4.51,5.75,2.25
2024-03-13 22:00,3,22,2,weekday,0,0,0,24.7,4.6,19.93,6.39,26.32,-26.32,DEFICIT,4.33,3.29,3.68,2.25
2024-03-13 23:00,3,23,2,weekday,0,0,12.6,24.9,3.6,12.02,0,12.02,-12.02,DEFICIT,4.1,3.18,3.49,2.25
2024-03-14 00:00,3,0,3,weekday,0,0,20.8,21.8,4.6,9.37,4.39,13.76,-13.76,DEFICIT,4.46,3.35,3.79,2.25
2024-03-14 01:00,3,1,3,weekday,0,0,17.7,20.7,4.0,7.86,4.92,12.78,-12.78,DEFICIT,4.12,3.19,3.5,2.25
2024-03-14 02:00,3,2,3,weekday,0,0,12.2,21.8,2.5,6.61,0.0,6.61,-6.61,DEFICIT,4.8,3.53,4.08,2.25
2024-03-14 03:00,3,3,3,weekday,0,0,19.1,20.8,3.2,5.83,5.01,10.84,-10.84,DEFICIT,4.84,3.55,4.12,2.25
2024-03-14 04:00,3,4,3,weekday,0,0,23.5,22.5,4.0,5.19,0.0,5.19,-5.19,DEFICIT,4.61,3.43,3.92,2.25
2024-03-14 05:00,3,5,3,weekday,0,0,17.4,22.0,4.2,6.39,0.0,6.39,-6.39,DEFICIT,4.28,3.27,3.64,2.25
2024-03-14 06:00,3,6,3,weekday,27.0,2.74,29.2,22.9,2.1,21.04,0,21.04,-18.3,DEFICIT,5.46,3.85,4.64,2.25
2024-03-14 07:00,3,7,3,weekday,106.9,10.82,19.5,25.4,2.3,28.4,0.0,28.4,-17.58,DEFICIT,5.95,4.1,5.05,2.25
2024-03-14 08:00,3,8,3,weekday,241.2,24.46,8.4,23.7,4.2,20.33,0.0,20.33,4.13,BALANCED,6.1,4.18,5.19,2.25
2024-03-14 09:00,3,9,3,weekday,349.7,35.21,19.1,26.7,4.3,15.43,20.47,35.91,-0.7,BALANCED,6.43,4.34,5.46,2.25
2024-03-14 10:00,3,10,3,weekday,467.2,47.03,17.5,26.8,3.5,13.76,0,13.76,33.27,SURPLUS,3.8,3.02,3.23,2.25
2024-03-14 11:00,3,11,3,weekday,625.8,62.86,33.4,27.3,2.0,11.5,0,11.5,51.36,SURPLUS,4.09,3.17,3.47,2.25
2024-03-14 12:00,3,12,3,weekday,635.7,62.83,28.3,31.3,4.4,12.9,0,12.9,49.93,SURPLUS,4.01,3.13,3.41,2.25
2024-03-14 13:00,3,13,3,weekday,575.8,57.08,5.4,30.6,3.7,15.57,0,15.57,41.51,SURPLUS,3.86,3.05,3.28,2.25
2024-03-14 14:00,3,14,3,weekday,492.8,48.62,15.2,31.8,4.6,13.33,0,13.33,35.28,SURPLUS,3.75,3.0,3.19,2.25
2024-03-14 15:00,3,15,3,weekday,324.2,32.08,23.7,31.0,3.4,12.72,0,12.72,19.36,SURPLUS,3.95,3.1,3.36,2.25
2024-03-14 16:00,3,16,3,weekday,278.5,27.81,20.1,28.8,3.5,16.26,0,16.26,11.54,SURPLUS,6.67,4.46,5.67,2.25
2024-03-14 17:00,3,17,3,weekday,128.1,12.73,26.0,29.8,3.2,23.87,0,23.87,-11.13,DEFICIT,7.45,4.85,6.34,2.25
2024-03-14 18:00,3,18,3,weekday,30.1,3.05,22.0,26.0,4.3,33.2,12.24,45.44,-42.4,DEFICIT,6.41,4.33,5.45,2.25
2024-03-14 19:00,3,19,3,weekday,0,0,27.1,26.0,2.6,41.18,8.38,49.56,-49.56,DEFICIT,6.31,4.28,5.37,2.25
2024-03-14 20:00,3,20,3,weekday,0,0,25.2,26.7,5.1,33.64,10.28,43.92,-43.92,DEFICIT,6.51,4.38,5.53,2.25
2024-03-14 21:00,3,21,3,weekday,0,0,26.5,21.6,3.3,23.98,20.27,44.25,-44.25,DEFICIT,6.34,4.3,5.39,2.25
2024-03-14 22:00,3,22,3,weekday,0,0,1.1,23.2,3.0,18.32,21.81,40.13,-40.13,DEFICIT,4.62,3.44,3.93,2.25
2024-03-14 23:00,3,23,3,weekday,0,0,20.4,23.4,2.9,11.93,0,11.93,-11.93,DEFICIT,4.51,3.38,3.84,2.25
2024-03-15 00:00,3,0,4,weekday,0,0,25.2,22.0,2.3,8.1,4.22,12.32,-12.32,DEFICIT,4.29,3.27,3.64,2.25
2024-03-15 01:00,3,1,4,weekday,0,0,14.1,23.6,3.9,7.97,0.0,7.97,-7.97,DEFICIT,4.88,3.56,4.15,2.25
2024-03-15 02:00,3,2,4,weekday,0,0,15.1,23.3,4.4,7.69,4.61,12.31,-12.31,DEFICIT,4.32,3.29,3.67,2.25
2024-03-15 03:00,3,3,4,weekday,0,0,25.6,23.2,2.7,6.14,0.0,6.14,-6.14,DEFICIT,4.66,3.46,3.96,2.25
2024-03-15 04:00,3,4,4,weekday,0,0,24.8,19.0,2.3,6.66,0.0,6.66,-6.66,DEFICIT,4.56,3.41,3.88,2.25
2024-03-15 05:00,3,5,4,weekday,0,0,28.6,20.5,3.3,7.97,5.07,13.04,-13.04,DEFICIT,4.49,3.37,3.81,2.25
2024-03-15 06:00,3,6,4,weekday,44.0,4.46,38.6,19.8,3.5,24.0,0,24.0,-19.53,DEFICIT,6.12,4.18,5.2,2.25
2024-03-15 07:00,3,7,4,weekday,141.6,14.36,20.3,24.8,3.6,27.57,9.0,36.57,-22.21,DEFICIT,5.81,4.03,4.94,2.25
2024-03-15 08:00,3,8,4,weekday,250.7,25.33,29.0,25.9,4.1,24.78,0.0,24.78,0.55,BALANCED,5.57,3.91,4.74,2.25
2024-03-15 09:00,3,9,4,weekday,518.7,51.99,25.1,27.9,2.7,14.18,9.71,23.9,28.1,SURPLUS,6.01,4.13,5.11,2.25
2024-03-15 10:00,3,10,4,weekday,554.7,55.85,28.0,26.8,3.2,14.39,0,14.39,41.45,SURPLUS,3.83,3.04,3.25,2.25
2024-03-15 11:00,3,11,4,weekday,714.2,71.24,27.1,29.1,2.4,13.7,0,13.7,57.54,SURPLUS,3.69,2.97,3.14,2.25
2024-03-15 12:00,3,12,4,weekday,842.0,83.5,30.7,30.5,4.6,16.06,0,16.06,67.44,SURPLUS,3.64,2.95,3.1,2.25
2024-03-15 13:00,3,13,4,weekday,602.8,60.25,7.3,28.6,4.7,16.04,0,16.04,44.22,SURPLUS,3.7,2.98,3.15,2.25
2024-03-15 14:00,3,14,4,weekday,650.1,65.01,30.9,28.4,4.0,10.97,0,10.97,54.05,SURPLUS,3.92,3.09,3.34,2.25
2024-03-15 15:00,3,15,4,weekday,445.9,44.06,19.4,31.4,4.5,17.72,0,17.72,26.34,SURPLUS,3.8,3.03,3.23,2.25
2024-03-15 16:00,3,16,4,weekday,361.0,35.96,20.6,29.4,4.4,20.4,0,20.4,15.56,SURPLUS,6.92,4.58,5.88,2.25
2024-03-15 17:00,3,17,4,weekday,195.7,19.8,26.0,25.5,3.9,25.18,0,25.18,-5.38,DEFICIT,7.38,4.81,6.27,2.25
2024-03-15 18:00,3,18,4,weekday,37.0,3.75,21.6,25.0,0.8,29.3,7.77,37.06,-33.31,DEFICIT,7.03,4.64,5.97,2.25
2024-03-15 19:00,3,19,4,weekday,0,0,11.1,24.0,2.3,45.82,19.84,65.66,-65.66,DEFICIT,6.73,4.49,5.72,2.25
2024-03-15 20:00,3,20,4,weekday,0,0,30.4,24.5,5.0,30.52,16.94,47.47,-47.47,DEFICIT,7.21,4.73,6.13,2.25
2024-03-15 21:00,3,21,4,weekday,0,0,16.2,25.2,4.9,26.1,6.03,32.13,-32.13,DEFICIT,6.29,4.27,5.35,2.25
2024-03-15 22:00,3,22,4,weekday,0,0,11.2,27.4,3.2,17.32,0.0,17.32,-17.32,DEFICIT,4.12,3.19,3.5,2.25
2024-03-15 23:00,3,23,4,weekday,0,0,20.4,21.6,2.4,10.01,0,10.01,-10.01,DEFICIT,4.21,3.23,3.58,2.25
2024-03-16 00:00,3,0,5,weekend,0,0,27.0,23.0,3.9,10.1,0.0,10.1,-10.1,DEFICIT,4.51,3.38,3.83,2.25
2024-03-16 01:00,3,1,5,weekend,0,0,20.2,20.0,4.2,8.42,0.0,8.42,-8.42,DEFICIT,4.04,3.15,3.44,2.25
2024-03-16 02:00,3,2,5,weekend,0,0,15.5,24.6,4.1,8.3,3.61,11.91,-11.91,DEFICIT,4.46,3.35,3.79,2.25
2024-03-16 03:00,3,3,5,weekend,0,0,12.2,21.2,2.6,7.39,3.98,11.38,-11.38,DEFICIT,4.38,3.31,3.72,2.25
2024-03-16 04:00,3,4,5,weekend,0,0,1.7,19.7,2.8,7.15,5.12,12.27,-12.27,DEFICIT,4.44,3.35,3.78,2.25
2024-03-16 05:00,3,5,5,weekend,0,0,16.0,21.6,3.5,7.85,0.0,7.85,-7.85,DEFICIT,4.02,3.14,3.42,2.25
2024-03-16 06:00,3,6,5,weekend,27.1,2.75,9.0,22.0,2.4,22.39,0,22.39,-19.64,DEFICIT,5.88,4.07,5.0,2.25
2024-03-16 07:00,3,7,5,weekend,104.5,10.59,7.4,22.6,3.8,34.94,15.44,50.38,-39.79,DEFICIT,6.08,4.17,5.17,2.25
2024-03-16 08:00,3,8,5,weekend,205.7,20.85,21.8,23.2,4.0,29.06,0.0,29.06,-8.2,DEFICIT,5.94,4.1,5.05,2.25
2024-03-16 09:00,3,9,5,weekend,346.5,34.91,18.5,26.6,3.5,19.31,10.89,30.2,4.71,BALANCED,5.62,3.93,4.77,2.25
2024-03-16 10:00,3,10,5,weekend,409.5,41.09,5.2,27.6,4.6,16.12,0,16.12,24.97,SURPLUS,3.9,3.08,3.32,2.25
2024-03-16 11:00,3,11,5,weekend,509.0,51.0,18.5,28.0,4.5,15.4,0,15.4,35.61,SURPLUS,4.1,3.17,3.48,2.25
2024-03-16 12:00,3,12,5,weekend,556.3,54.65,18.0,32.8,2.4,16.71,0,16.71,37.94,SURPLUS,3.99,3.12,3.39,2.25
2024-03-16 13:00,3,13,5,weekend,519.8,51.78,11.5,29.4,4.4,18.75,0,18.75,33.03,SURPLUS,4.26,3.25,3.62,2.25
2024-03-16 14:00,3,14,5,weekend,397.3,39.64,8.9,29.0,5.4,14.28,0,14.28,25.36,SURPLUS,3.94,3.09,3.35,2.25
2024-03-16 15:00,3,15,5,weekend,348.4,34.37,26.9,31.7,4.5,17.29,0,17.29,17.09,SURPLUS,3.07,2.66,2.61,2.25
2024-03-16 16:00,3,16,5,weekend,238.0,23.49,9.7,31.6,3.9,21.93,0,21.93,1.56,BALANCED,6.69,4.47,5.69,2.25
2024-03-16 17:00,3,17,5,weekend,127.1,12.89,13.0,24.9,2.4,27.21,0,27.21,-14.32,DEFICIT,7.47,4.86,6.35,2.25
2024-03-16 18:00,3,18,5,weekend,27.7,2.75,8.0,29.8,2.7,37.33,21.38,58.72,-55.97,DEFICIT,6.75,4.5,5.73,2.25
2024-03-16 19:00,3,19,5,weekend,0,0,16.6,25.1,3.9,50.35,11.46,61.81,-61.81,DEFICIT,6.71,4.48,5.71,2.25
2024-03-16 20:00,3,20,5,weekend,0,0,24.7,28.6,2.0,41.69,0.0,41.69,-41.69,DEFICIT,7.17,4.71,6.09,2.25
2024-03-16 21:00,3,21,5,weekend,0,0,25.2,25.3,3.0,30.54,7.05,37.59,-37.59,DEFICIT,6.45,4.35,5.48,2.25
2024-03-16 22:00,3,22,5,weekend,0,0,26.7,25.3,3.2,25.69,15.79,41.47,-41.47,DEFICIT,4.56,3.4,3.87,2.25
2024-03-16 23:00,3,23,5,weekend,0,0,24.6,23.3,4.1,14.79,0,14.79,-14.79,DEFICIT,4.34,3.29,3.69,2.25
2024-03-17 00:00,3,0,6,weekend,0,0,36.2,22.5,2.3,10.99,0.0,10.99,-10.99,DEFICIT,4.48,3.37,3.81,2.25
2024-03-17 01:00,3,1,6,weekend,0,0,25.6,19.4,2.4,8.71,0.0,8.71,-8.71,DEFICIT,4.74,3.5,4.03,2.25
2024-03-17 02:00,3,2,6,weekend,0,0,42.4,22.0,5.4,9.59,4.68,14.27,-14.27,DEFICIT,4.68,3.47,3.98,2.25
2024-03-17 03:00,3,3,6,weekend,0,0,33.8,20.2,2.6,7.55,0.0,7.55,-7.55,DEFICIT,5.1,3.68,4.34,2.25
2024-03-17 04:00,3,4,6,weekend,0,0,33.8,19.9,3.2,6.92,0.0,6.92,-6.92,DEFICIT,4.7,3.47,3.99,2.25
2024-03-17 05:00,3,5,6,weekend,0,0,46.2,18.7,4.0,9.55,0.0,9.55,-9.55,DEFICIT,4.73,3.49,4.02,2.25
2024-03-17 06:00,3,6,6,weekend,56.1,5.69,38.6,22.8,3.7,30.4,0,30.4,-24.71,DEFICIT,5.66,3.95,4.81,2.25
2024-03-17 07:00,3,7,6,weekend,215.2,21.82,24.9,21.9,3.4,41.6,4.88,46.48,-24.66,DEFICIT,6.15,4.2,5.23,2.25
2024-03-17 08:00,3,8,6,weekend,402.5,40.81,43.6,24.8,2.8,28.57,9.79,38.36,2.46,BALANCED,5.99,4.12,5.09,2.25
2024-03-17 09:00,3,9,6,weekend,762.5,76.82,32.6,26.6,3.4,17.61,8.58,26.19,50.63,SURPLUS,5.76,4.0,4.89,2.25
2024-03-17 10:00,3,10,6,weekend,882.3,88.3,34.5,28.3,3.6,15.27,0,15.27,73.03,SURPLUS,3.62,2.94,3.08,2.25
2024-03-17 11:00,3,11,6,weekend,1059.2,105.96,11.5,28.4,3.2,13.46,0,13.46,92.5,SURPLUS,3.75,3.0,3.18,2.25
2024-03-17 12:00,3,12,6,weekend,1239.0,122.96,26.5,30.3,4.3,16.29,0,16.29,106.67,SURPLUS,3.95,3.1,3.36,2.25
2024-03-17 13:00,3,13,6,weekend,1066.9,104.9,39.4,32.6,4.6,19.18,0,19.18,85.73,SURPLUS,4.13,3.19,3.51,2.25
2024-03-17 14:00,3,14,6,weekend,974.1,96.44,32.9,30.9,3.9,16.27,0,16.27,80.17,SURPLUS,3.76,3.01,3.2,2.25
2024-03-17 15:00,3,15,6,weekend,735.6,73.46,34.4,28.8,4.1,15.34,0,15.34,58.12,SURPLUS,3.85,3.05,3.28,2.25
2024-03-17 16:00,3,16,6,weekend,462.6,46.9,30.9,25.0,4.4,17.11,0,17.11,29.78,SURPLUS,6.85,4.55,5.82,2.25
2024-03-17 17:00,3,17,6,weekend,257.1,25.57,44.4,29.8,3.5,28.84,0,28.84,-3.27,BALANCED,6.17,4.21,5.25,2.25
2024-03-17 18:00,3,18,6,weekend,60.6,6.07,34.1,28.0,4.4,36.97,6.51,43.48,-37.41,DEFICIT,6.95,4.6,5.91,2.25
2024-03-17 19:00,3,19,6,weekend,0,0,19.6,27.7,4.1,48.34,17.13,65.46,-65.46,DEFICIT,6.9,4.57,5.86,2.25
2024-03-17 20:00,3,20,6,weekend,0,0,50.8,27.0,4.6,42.89,16.7,59.59,-59.59,DEFICIT,7.28,4.76,6.18,2.25
2024-03-17 21:00,3,21,6,weekend,0,0,33.4,24.4,2.8,38.3,5.53,43.83,-43.83,DEFICIT,6.95,4.6,5.91,2.25
2024-03-17 22:00,3,22,6,weekend,0,0,34.6,24.1,2.7,24.53,9.69,34.22,-34.22,DEFICIT,4.87,3.56,4.14,2.25
2024-03-17 23:00,3,23,6,weekend,0,0,49.4,23.5,3.7,13.8,0,13.8,-13.8,DEFICIT,4.56,3.4,3.87,2.25
2024-03-18 00:00,3,0,0,weekday,0,0,4.0,24.1,4.6,9.93,3.31,13.23,-13.23,DEFICIT,4.85,3.55,4.12,2.25
2024-03-18 01:00,3,1,0,weekday,0,0,16.6,23.7,3.9,7.65,2.88,10.53,-10.53,DEFICIT,4.39,3.32,3.73,2.25
2024-03-18 02:00,3,2,0,weekday,0,0,25.0,24.0,3.3,7.06,0.0,7.06,-7.06,DEFICIT,4.68,3.46,3.98,2.25
2024-03-18 03:00,3,3,0,weekday,0,0,19.5,21.0,2.1,6.55,0.0,6.55,-6.55,DEFICIT,4.8,3.52,4.08,2.25
2024-03-18 04:00,3,4,0,weekday,0,0,19.4,22.4,4.3,6.39,3.65,10.04,-10.04,DEFICIT,4.28,3.26,3.64,2.25
2024-03-18 05:00,3,5,0,weekday,0,0,22.2,20.0,3.1,8.58,0.0,8.58,-8.58,DEFICIT,4.41,3.33,3.75,2.25
2024-03-18 06:00,3,6,0,weekday,26.1,2.65,11.5,24.4,3.7,19.63,0,19.63,-16.98,DEFICIT,5.22,3.73,4.44,2.25
2024-03-18 07:00,3,7,0,weekday,108.4,10.99,8.2,24.0,3.2,32.28,8.27,40.55,-29.56,DEFICIT,5.65,3.95,4.81,2.25
2024-03-18 08:00,3,8,0,weekday,208.6,21.04,3.7,26.4,3.3,23.08,0.0,23.08,-2.04,BALANCED,6.14,4.19,5.22,2.25
2024-03-18 09:00,3,9,0,weekday,311.8,31.23,12.4,28.1,3.7,15.62,0.0,15.62,15.61,SURPLUS,5.68,3.97,4.83,2.25
2024-03-18 10:00,3,10,0,weekday,428.2,42.97,5.4,27.6,4.0,14.93,0,14.93,28.04,SURPLUS,3.84,3.04,3.26,2.25
2024-03-18 11:00,3,11,0,weekday,506.8,50.95,20.4,27.2,3.8,13.24,0,13.24,37.71,SURPLUS,4.04,3.14,3.43,2.25
2024-03-18 12:00,3,12,0,weekday,564.2,55.72,11.2,31.5,4.0,12.54,0,12.54,43.18,SURPLUS,3.56,2.91,3.03,2.25
2024-03-18 13:00,3,13,0,weekday,482.6,47.91,16.2,30.3,4.4,14.58,0,14.58,33.33,SURPLUS,3.96,3.1,3.36,2.25
2024-03-18 14:00,3,14,0,weekday,450.1,44.47,12.6,31.4,4.6,14.55,0,14.55,29.92,SURPLUS,3.95,3.1,3.36,2.25
2024-03-18 15:00,3,15,0,weekday,353.6,34.88,10.0,31.8,4.7,13.46,0,13.46,21.42,SURPLUS,3.73,2.99,3.17,2.25
2024-03-18 16:00,3,16,0,weekday,244.9,24.28,21.8,30.6,4.6,17.11,0,17.11,7.16,SURPLUS,6.48,4.37,5.51,2.25
2024-03-18 17:00,3,17,0,weekday,134.3,13.48,12.5,27.5,2.6,22.75,0,22.75,-9.27,DEFICIT,7.26,4.75,6.17,2.25
2024-03-18 18:00,3,18,0,weekday,28.7,2.85,3.2,30.0,3.3,31.83,12.07,43.9,-41.05,DEFICIT,7.4,4.82,6.29,2.25
2024-03-18 19:00,3,19,0,weekday,0,0,8.3,26.4,3.7,39.91,21.24,61.15,-61.15,DEFICIT,6.4,4.33,5.44,2.25
2024-03-18 20:00,3,20,0,weekday,0,0,14.7,23.8,5.2,29.61,20.74,50.35,-50.35,DEFICIT,7.42,4.84,6.31,2.25
2024-03-18 21:00,3,21,0,weekday,0,0,21.2,23.9,3.7,26.69,6.11,32.8,-32.8,DEFICIT,7.09,4.67,6.02,2.25
2024-03-18 22:00,3,22,0,weekday,0,0,9.2,27.1,3.9,22.31,18.83,41.14,-41.14,DEFICIT,4.62,3.43,3.93,2.25
2024-03-18 23:00,3,23,0,weekday,0,0,5.8,22.9,2.6,16.66,0,16.66,-16.66,DEFICIT,4.56,3.41,3.88,2.25
2024-03-19 00:00,3,0,1,weekday,0,0,24.1,23.1,3.1,9.61,0.0,9.61,-9.61,DEFICIT,4.86,3.55,4.13,2.25
2024-03-19 01:00,3,1,1,weekday,0,0,19.5,22.5,3.5,8.54,5.59,14.13,-14.13,DEFICIT,4.37,3.31,3.72,2.25
2024-03-19 02:00,3,2,1,weekday,0,0,32.7,22.6,3.5,6.74,0.0,6.74,-6.74,DEFICIT,4.27,3.26,3.63,2.25
2024-03-19 03:00,3,3,1,weekday,0,0,19.5,23.2,3.5,5.79,2.8,8.59,-8.59,DEFICIT,4.21,3.23,3.58,2.25
2024-03-19 04:00,3,4,1,weekday,0,0,18.9,21.2,2.9,5.5,3.53,9.03,-9.03,DEFICIT,4.7,3.48,4.0,2.25
2024-03-19 05:00,3,5,1,weekday,0,0,37.0,19.1,3.3,6.89,3.09,9.98,-9.98,DEFICIT,4.78,3.52,4.07,2.25
2024-03-19 06:00,3,6,1,weekday,36.9,3.74,6.3,20.8,4.9,19.41,0,19.41,-15.67,DEFICIT,5.85,4.05,4.97,2.25
2024-03-19 07:00,3,7,1,weekday,126.0,12.75,28.9,25.4,3.5,31.35,0.0,31.35,-18.6,DEFICIT,5.97,4.11,5.07,2.25
2024-03-19 08:00,3,8,1,weekday,233.3,23.64,18.2,25.2,4.9,23.97,0.0,23.97,-0.34,BALANCED,5.37,3.81,4.57,2.25
2024-03-19 09:00,3,9,1,weekday,362.9,36.79,23.1,23.6,3.6,15.02,0.0,15.02,21.78,SURPLUS,6.23,4.24,5.3,2.25
2024-03-19 10:00,3,10,1,weekday,627.1,62.71,16.8,28.5,3.4,13.18,0,13.18,49.53,SURPLUS,3.38,2.82,2.88,2.25
2024-03-19 11:00,3,11,1,weekday,683.0,68.09,31.4,29.2,2.7,15.03,0,15.03,53.06,SURPLUS,4.0,3.12,3.4,2.25
2024-03-19 12:00,3,12,1,weekday,804.9,80.26,10.1,29.1,3.9,14.04,0,14.04,66.22,SURPLUS,3.75,3.0,3.19,2.25
2024-03-19 13:00,3,13,1,weekday,600.4,59.38,12.5,31.1,3.8,14.92,0,14.92,44.46,SURPLUS,4.03,3.14,3.43,2.25
2024-03-19 14:00,3,14,1,weekday,574.0,56.57,11.8,32.0,4.4,14.43,0,14.43,42.14,SURPLUS,3.81,3.03,3.24,2.25
2024-03-19 15:00,3,15,1,weekday,436.0,43.05,8.1,31.6,4.3,16.44,0,16.44,26.61,SURPLUS,3.93,3.09,3.34,2.25
2024-03-19 16:00,3,16,1,weekday,299.9,30.14,25.1,27.3,4.3,19.03,0,19.03,11.11,SURPLUS,6.68,4.46,5.67,2.25
2024-03-19 17:00,3,17,1,weekday,163.2,16.14,19.8,31.3,3.2,21.86,0,21.86,-5.72,DEFICIT,6.86,4.55,5.83,2.25
2024-03-19 18:00,3,18,1,weekday,36.2,3.67,19.7,23.4,4.7,35.53,11.88,47.41,-43.74,DEFICIT,6.84,4.55,5.82,2.25
2024-03-19 19:00,3,19,1,weekday,0,0,34.2,23.2,3.6,43.81,18.68,62.49,-62.49,DEFICIT,7.01,4.63,5.96,2.25
2024-03-19 20:00,3,20,1,weekday,0,0,8.5,21.6,2.3,33.01,15.96,48.97,-48.97,DEFICIT,6.78,4.52,5.77,2.25
2024-03-19 21:00,3,21,1,weekday,0,0,7.4,22.4,3.5,23.54,6.75,30.3,-30.3,DEFICIT,7.84,5.04,6.66,2.25
2024-03-19 22:00,3,22,1,weekday,0,0,31.8,24.7,2.1,21.85,21.16,43.01,-43.01,DEFICIT,4.96,3.6,4.21,2.25
2024-03-19 23:00,3,23,1,weekday,0,0,4.3,19.8,3.9,13.04,0,13.04,-13.04,DEFICIT,4.55,3.4,3.87,2.25
2024-03-20 00:00,3,0,2,weekday,0,0,28.6,21.0,3.6,8.63,0.0,8.63,-8.63,DEFICIT,5.33,3.79,4.53,2.25
2024-03-20 01:00,3,1,2,weekday,0,0,25.5,24.7,3.2,7.46,0.0,7.46,-7.46,DEFICIT,4.84,3.54,4.11,2.25
2024-03-20 02:00,3,2,2,weekday,0,0,23.5,21.8,4.0,6.67,2.9,9.56,-9.56,DEFICIT,4.5,3.38,3.83,2.25
2024-03-20 03:00,3,3,2,weekday,0,0,25.3,18.7,1.7,6.49,0.0,6.49,-6.49,DEFICIT,4.36,3.3,3.7,2.25
2024-03-20 04:00,3,4,2,weekday,0,0,39.8,19.7,4.7,5.68,0.0,5.68,-5.68,DEFICIT,4.11,3.18,3.49,2.25
2024-03-20 05:00,3,5,2,weekday,0,0,19.2,23.6,3.4,7.93,4.31,12.24,-12.24,DEFICIT,4.36,3.31,3.71,2.25
2024-03-20 06:00,3,6,2,weekday,43.2,4.38,14.6,20.6,2.7,20.09,0,20.09,-15.71,DEFICIT,5.64,3.95,4.8,2.25
2024-03-20 07:00,3,7,2,weekday,156.4,15.86,18.1,23.3,2.7,28.18,0.0,28.18,-12.32,DEFICIT,5.62,3.94,4.78,2.25
2024-03-20 08:00,3,8,2,weekday,318.5,32.29,27.2,24.6,4.0,22.14,18.72,40.85,-8.56,DEFICIT,5.43,3.84,4.62,2.25
2024-03-20 09:00,3,9,2,weekday,456.3,46.06,26.6,26.1,4.0,16.73,0.0,16.73,29.33,SURPLUS,5.38,3.81,4.57,2.25
2024-03-20 10:00,3,10,2,weekday,577.1,57.91,32.3,27.6,4.0,13.01,0,13.01,44.89,SURPLUS,4.02,3.13,3.41,2.25
2024-03-20 11:00,3,11,2,weekday,710.2,70.75,27.7,29.4,2.6,13.49,0,13.49,57.26,SURPLUS,4.39,3.32,3.73,2.25
2024-03-20 12:00,3,12,2,weekday,723.1,71.99,19.1,29.5,3.7,16.4,0,16.4,55.59,SURPLUS,3.86,3.05,3.28,2.25
2024-03-20 13:00,3,13,2,weekday,677.9,67.81,32.5,28.4,3.5,15.13,0,15.13,52.68,SURPLUS,4.08,3.17,3.47,2.25
2024-03-20 14:00,3,14,2,weekday,669.9,66.78,15.0,29.2,4.7,10.4,0,10.4,56.38,SURPLUS,3.54,2.9,3.01,2.25
2024-03-20 15:00,3,15,2,weekday,533.8,52.86,18.4,30.8,4.4,14.06,0,14.06,38.8,SURPLUS,4.16,3.21,3.54,2.25
2024-03-20 16:00,3,16,2,weekday,348.6,34.79,24.7,29.0,5.1,16.28,0,16.28,18.51,SURPLUS,6.57,4.41,5.59,2.25
2024-03-20 17:00,3,17,2,weekday,179.2,18.06,30.7,26.4,3.9,22.02,0,22.02,-3.96,BALANCED,6.87,4.56,5.84,2.25
2024-03-20 18:00,3,18,2,weekday,43.4,4.34,24.1,28.7,2.8,34.97,7.96,42.93,-38.59,DEFICIT,6.67,4.46,5.67,2.25
2024-03-20 19:00,3,19,2,weekday,0,0,17.7,26.2,3.7,43.36,9.38,52.74,-52.74,DEFICIT,6.67,4.46,5.67,2.25
2024-03-20 20:00,3,20,2,weekday,0,0,25.6,23.7,4.9,41.82,0.0,41.82,-41.82,DEFICIT,6.64,4.45,5.65,2.25
2024-03-20 21:00,3,21,2,weekday,0,0,33.7,25.6,4.7,27.1,18.11,45.21,-45.21,DEFICIT,6.85,4.55,5.82,2.25
2024-03-20 22:00,3,22,2,weekday,0,0,28.6,22.5,3.6,19.23,14.56,33.79,-33.79,DEFICIT,4.5,3.38,3.83,2.25
2024-03-20 23:00,3,23,2,weekday,0,0,11.4,22.7,3.4,13.41,0,13.41,-13.41,DEFICIT,4.16,3.2,3.53,2.25
2024-03-21 00:00,3,0,3,weekday,0,0,31.0,22.2,3.8,9.74,5.5,15.24,-15.24,DEFICIT,4.37,3.31,3.72,2.25
2024-03-21 01:00,3,1,3,weekday,0,0,34.2,21.3,3.5,6.95,0.0,6.95,-6.95,DEFICIT,4.31,3.28,3.66,2.25
2024-03-21 02:00,3,2,3,weekday,0,0,35.5,20.4,4.7,7.39,0.0,7.39,-7.39,DEFICIT,4.2,3.22,3.57,2.25
2024-03-21 03:00,3,3,3,weekday,0,0,23.0,21.8,4.6,6.21,0.0,6.21,-6.21,DEFICIT,4.62,3.43,3.93,2.25
2024-03-21 04:00,3,4,3,weekday,0,0,32.6,20.0,3.6,5.94,0.0,5.94,-5.94,DEFICIT,4.67,3.46,3.97,2.25
2024-03-21 05:00,3,5,3,weekday,0,0,39.2,20.0,3.4,7.73,3.82,11.56,-11.56,DEFICIT,4.28,3.26,3.63,2.25
2024-03-21 06:00,3,6,3,weekday,40.8,4.14,24.0,21.7,3.0,20.85,0,20.85,-16.71,DEFICIT,5.77,4.01,4.9,2.25
2024-03-21 07:00,3,7,3,weekday,164.0,16.63,14.6,23.0,2.3,34.17,0.0,34.17,-17.54,DEFICIT,5.82,4.04,4.95,2.25
2024-03-21 08:00,3,8,3,weekday,350.6,35.55,16.7,23.6,3.4,25.89,9.06,34.95,0.6,BALANCED,5.92,4.09,5.03,2.25
2024-03-21 09:00,3,9,3,weekday,586.3,59.23,30.8,25.9,3.5,16.53,6.78,23.31,35.92,SURPLUS,5.06,3.65,4.3,2.25
2024-03-21 10:00,3,10,3,weekday,764.1,77.05,12.6,26.4,3.6,14.42,0,14.42,62.63,SURPLUS,3.69,2.97,3.14,2.25
2024-03-21 11:00,3,11,3,weekday,862.9,85.91,22.5,29.5,3.6,11.53,0,11.53,74.38,SURPLUS,3.66,2.96,3.11,2.25
2024-03-21 12:00,3,12,3,weekday,1022.1,101.55,35.2,30.0,3.8,17.4,0,17.4,84.15,SURPLUS,3.67,2.96,3.12,2.25
2024-03-21 13:00,3,13,3,weekday,829.3,81.62,14.9,32.3,4.2,15.27,0,15.27,66.35,SURPLUS,4.36,3.31,3.71,2.25
2024-03-21 14:00,3,14,3,weekday,759.3,75.07,20.5,31.3,5.1,13.32,0,13.32,61.74,SURPLUS,3.4,2.82,2.89,2.25
2024-03-21 15:00,3,15,3,weekday,716.2,71.35,21.8,29.4,3.0,15.05,0,15.05,56.29,SURPLUS,3.61,2.93,3.06,2.25
2024-03-21 16:00,3,16,3,weekday,506.4,50.36,20.0,29.8,2.7,15.25,0,15.25,35.11,SURPLUS,7.05,4.65,5.99,2.25
2024-03-21 17:00,3,17,3,weekday,183.5,18.21,9.6,30.4,4.1,22.76,0,22.76,-4.55,BALANCED,6.51,4.38,5.54,2.25
2024-03-21 18:00,3,18,3,weekday,49.0,4.93,26.9,26.9,3.6,35.57,19.16,54.73,-49.8,DEFICIT,6.63,4.44,5.64,2.25
2024-03-21 19:00,3,19,3,weekday,0,0,23.4,26.5,2.9,41.29,6.94,48.24,-48.24,DEFICIT,6.83,4.54,5.81,2.25
2024-03-21 20:00,3,20,3,weekday,0,0,20.1,27.4,3.7,33.14,0.0,33.14,-33.14,DEFICIT,6.97,4.61,5.92,2.25
2024-03-21 21:00,3,21,3,weekday,0,0,36.9,23.7,4.3,22.03,13.97,36.0,-36.0,DEFICIT,6.97,4.61,5.93,2.25
2024-03-21 22:00,3,22,3,weekday,0,0,18.4,23.1,3.4,18.55,0.0,18.55,-18.55,DEFICIT,4.44,3.35,3.77,2.25
2024-03-21 23:00,3,23,3,weekday,0,0,19.0,23.4,3.9,13.88,0,13.88,-13.88,DEFICIT,4.54,3.4,3.86,2.25
2024-03-22 00:00,3,0,4,weekday,0,0,47.1,21.3,3.1,9.45,0.0,9.45,-9.45,DEFICIT,4.04,3.14,3.43,2.25
2024-03-22 01:00,3,1,4,weekday,0,0,32.2,23.3,3.9,7.46,4.94,12.39,-12.39,DEFICIT,4.59,3.42,3.9,2.25
2024-03-22 02:00,3,2,4,weekday,0,0,16.7,21.6,2.9,6.05,0.0,6.05,-6.05,DEFICIT,4.33,3.29,3.68,2.25
2024-03-22 03:00,3,3,4,weekday,0,0,24.7,21.0,4.2,6.2,4.01,10.21,-10.21,DEFICIT,4.05,3.15,3.44,2.25
2024-03-22 04:00,3,4,4,weekday,0,0,29.8,23.2,2.5,5.54,2.71,8.25,-8.25,DEFICIT,4.89,3.57,4.15,2.25
2024-03-22 05:00,3,5,4,weekday,0,0,36.5,19.7,3.1,8.41,4.46,12.87,-12.87,DEFICIT,3.86,3.05,3.28,2.25
2024-03-22 06:00,3,6,4,weekday,58.5,5.94,31.6,23.1,4.7,25.39,0,25.39,-19.45,DEFICIT,5.6,3.92,4.76,2.25
2024-03-22 07:00,3,7,4,weekday,176.4,17.89,25.5,21.4,4.1,27.78,0.0,27.78,-9.9,DEFICIT,5.25,3.75,4.46,2.25
2024-03-22 08:00,3,8,4,weekday,385.1,38.8,40.5,26.5,4.4,26.95,0.0,26.95,11.85,SURPLUS,5.36,3.8,4.55,2.25
2024-03-22 09:00,3,9,4,weekday,666.0,66.19,11.8,30.0,2.6,15.22,0.0,15.22,50.97,SURPLUS,5.12,3.68,4.35,2.25
2024-03-22 10:00,3,10,4,weekday,772.5,77.56,16.3,27.5,3.7,12.22,0,12.22,65.34,SURPLUS,3.54,2.89,3.01,2.25
2024-03-22 11:00,3,11,4,weekday,1100.1,111.04,41.9,26.1,2.0,13.4,0,13.4,97.64,SURPLUS,3.85,3.05,3.28,2.25
2024-03-22 12:00,3,12,4,weekday,1130.0,113.44,35.7,27.5,5.3,17.14,0,17.14,96.3,SURPLUS,3.26,2.75,2.77,2.25
2024-03-22 13:00,3,13,4,weekday,1044.0,103.38,25.3,30.9,5.9,14.96,0,14.96,88.42,SURPLUS,3.66,2.95,3.11,2.25
2024-03-22 14:00,3,14,4,weekday,862.6,85.39,30.9,31.0,4.9,13.46,0,13.46,71.93,SURPLUS,3.33,2.79,2.83,2.25
2024-03-22 15:00,3,15,4,weekday,741.4,73.84,27.5,29.4,4.3,14.65,0,14.65,59.19,SURPLUS,3.95,3.1,3.36,2.25
2024-03-22 16:00,3,16,4,weekday,477.6,47.44,41.2,30.1,4.9,18.3,0,18.3,29.15,SURPLUS,7.1,4.67,6.03,2.25
2024-03-22 17:00,3,17,4,weekday,225.8,22.7,34.8,27.1,3.3,21.72,0,21.72,0.98,BALANCED,6.64,4.45,5.65,2.25
2024-03-22 18:00,3,18,4,weekday,54.5,5.53,33.1,24.8,2.4,34.07,0.0,34.07,-28.54,DEFICIT,7.15,4.7,6.08,2.25
2024-03-22 19:00,3,19,4,weekday,0,0,27.6,25.3,4.0,32.41,0.0,32.41,-32.41,DEFICIT,6.89,4.57,5.86,2.25
2024-03-22 20:00,3,20,4,weekday,0,0,22.7,22.0,4.7,33.73,0.0,33.73,-33.73,DEFICIT,7.29,4.77,6.2,2.25
2024-03-22 21:00,3,21,4,weekday,0,0,36.5,23.5,3.8,29.28,0.0,29.28,-29.28,DEFICIT,6.92,4.59,5.88,2.25
2024-03-22 22:00,3,22,4,weekday,0,0,25.3,23.6,3.7,19.62,17.08,36.7,-36.7,DEFICIT,4.41,3.33,3.75,2.25
2024-03-22 23:00,3,23,4,weekday,0,0,28.6,21.5,3.3,13.03,0,13.03,-13.03,DEFICIT,4.13,3.19,3.51,2.25
2024-03-23 00:00,3,0,5,weekend,0,0,20.5,22.3,3.5,11.69,4.9,16.6,-16.6,DEFICIT,4.72,3.48,4.01,2.25
2024-03-23 01:00,3,1,5,weekend,0,0,20.7,19.8,3.5,9.5,2.71,12.21,-12.21,DEFICIT,3.94,3.09,3.35,2.25
2024-03-23 02:00,3,2,5,weekend,0,0,34.1,22.5,3.8,7.03,0.0,7.03,-7.03,DEFICIT,4.7,3.48,4.0,2.25
2024-03-23 03:00,3,3,5,weekend,0,0,23.6,20.9,3.7,5.57,0.0,5.57,-5.57,DEFICIT,4.68,3.47,3.98,2.25
2024-03-23 04:00,3,4,5,weekend,0,0,17.0,21.2,4.5,7.06,4.93,11.99,-11.99,DEFICIT,4.32,3.29,3.67,2.25
2024-03-23 05:00,3,5,5,weekend,0,0,22.3,21.8,3.7,9.46,0.0,9.46,-9.46,DEFICIT,4.19,3.22,3.56,2.25
2024-03-23 06:00,3,6,5,weekend,43.3,4.39,22.7,23.9,3.1,21.57,0,21.57,-17.18,DEFICIT,6.07,4.16,5.16,2.25
2024-03-23 07:00,3,7,5,weekend,150.7,15.29,31.4,23.3,3.2,34.53,10.06,44.58,-29.3,DEFICIT,5.63,3.94,4.78,2.25
2024-03-23 08:00,3,8,5,weekend,277.8,28.17,21.1,24.0,3.9,26.51,0.0,26.51,1.66,BALANCED,5.4,3.82,4.59,2.25
2024-03-23 09:00,3,9,5,weekend,436.6,44.27,30.3,21.8,3.1,19.11,0.0,19.11,25.16,SURPLUS,5.58,3.91,4.74,2.25
2024-03-23 10:00,3,10,5,weekend,564.1,56.54,22.9,27.9,3.7,17.12,0,17.12,39.42,SURPLUS,3.79,3.02,3.22,2.25
2024-03-23 11:00,3,11,5,weekend,671.4,67.44,28.3,27.4,4.5,15.99,0,15.99,51.45,SURPLUS,3.76,3.01,3.2,2.25
2024-03-23 12:00,3,12,5,weekend,870.5,86.97,35.2,28.7,3.9,19.33,0,19.33,67.64,SURPLUS,3.59,2.92,3.05,2.25
2024-03-23 13:00,3,13,5,weekend,758.4,75.61,13.6,29.2,4.3,18.23,0,18.23,57.38,SURPLUS,3.4,2.83,2.89,2.25
2024-03-23 14:00,3,14,5,weekend,626.3,61.99,19.0,31.0,3.3,13.13,0,13.13,48.87,SURPLUS,4.11,3.18,3.49,2.25
2024-03-23 15:00,3,15,5,weekend,570.6,57.72,24.8,25.6,4.7,17.65,0,17.65,40.07,SURPLUS,3.58,2.92,3.05,2.25
2024-03-23 16:00,3,16,5,weekend,335.7,33.82,8.0,26.6,4.7,18.53,0,18.53,15.29,SURPLUS,6.8,4.53,5.78,2.25
2024-03-23 17:00,3,17,5,weekend,170.3,17.1,28.6,27.5,4.0,31.24,0,31.24,-14.14,DEFICIT,6.57,4.41,5.58,2.25
2024-03-23 18:00,3,18,5,weekend,42.1,4.23,16.5,27.2,4.3,36.05,18.11,54.16,-49.93,DEFICIT,6.81,4.53,5.79,2.25
2024-03-23 19:00,3,19,5,weekend,0,0,18.2,24.7,3.1,45.95,0.0,45.95,-45.95,DEFICIT,6.48,4.37,5.51,2.25
2024-03-23 20:00,3,20,5,weekend,0,0,18.8,22.4,3.7,33.82,0.0,33.82,-33.82,DEFICIT,6.54,4.39,5.56,2.25
2024-03-23 21:00,3,21,5,weekend,0,0,29.8,25.1,1.8,30.38,21.11,51.5,-51.5,DEFICIT,7.15,4.7,6.08,2.25
2024-03-23 22:00,3,22,5,weekend,0,0,16.4,24.6,2.2,22.92,8.08,31.0,-31.0,DEFICIT,4.79,3.52,4.07,2.25
2024-03-23 23:00,3,23,5,weekend,0,0,18.3,24.0,4.3,15.02,0,15.02,-15.02,DEFICIT,4.33,3.29,3.68,2.25
2024-03-24 00:00,3,0,6,weekend,0,0,21.3,23.8,4.4,10.36,0.0,10.36,-10.36,DEFICIT,5.1,3.68,4.34,2.25
2024-03-24 01:00,3,1,6,weekend,0,0,29.2,21.4,3.9,8.08,3.07,11.15,-11.15,DEFICIT,4.14,3.19,3.51,2.25
2024-03-24 02:00,3,2,6,weekend,0,0,27.8,20.3,4.5,8.48,2.76,11.25,-11.25,DEFICIT,3.97,3.11,3.38,2.25
2024-03-24 03:00,3,3,6,weekend,0,0,12.0,20.2,3.0,6.64,4.14,10.77,-10.77,DEFICIT,4.72,3.49,4.01,2.25
2024-03-24 04:00,3,4,6,weekend,0,0,31.8,23.0,2.7,7.12,2.74,9.86,-9.86,DEFICIT,5.01,3.63,4.26,2.25
2024-03-24 05:00,3,5,6,weekend,0,0,16.2,20.0,3.5,10.09,5.36,15.46,-15.46,DEFICIT,4.23,3.24,3.6,2.25
2024-03-24 06:00,3,6,6,weekend,40.6,4.11,24.6,22.1,4.1,26.59,0,26.59,-22.48,DEFICIT,5.52,3.88,4.69,2.25
2024-03-24 07:00,3,7,6,weekend,139.8,14.11,27.4,26.1,3.5,37.91,7.24,45.14,-31.03,DEFICIT,5.59,3.92,4.75,2.25
2024-03-24 08:00,3,8,6,weekend,311.8,31.34,20.2,27.2,3.1,27.24,12.56,39.8,-8.46,DEFICIT,5.94,4.09,5.05,2.25
2024-03-24 09:00,3,9,6,weekend,477.9,48.46,32.5,24.9,5.0,19.28,4.13,23.41,25.05,SURPLUS,5.65,3.95,4.8,2.25
2024-03-24 10:00,3,10,6,weekend,615.6,61.26,29.0,29.6,3.3,16.05,0,16.05,45.21,SURPLUS,3.74,3.0,3.18,2.25
2024-03-24 11:00,3,11,6,weekend,715.4,70.58,35.6,31.7,3.4,14.57,0,14.57,56.01,SURPLUS,3.81,3.03,3.24,2.25
2024-03-24 12:00,3,12,6,weekend,841.4,84.43,13.4,27.6,5.0,17.36,0,17.36,67.06,SURPLUS,3.81,3.03,3.23,2.25
2024-03-24 13:00,3,13,6,weekend,769.7,77.14,14.7,27.9,5.4,21.15,0,21.15,55.99,SURPLUS,3.52,2.89,2.99,2.25
2024-03-24 14:00,3,14,6,weekend,696.8,68.83,22.0,31.5,3.0,14.89,0,14.89,53.93,SURPLUS,4.34,3.29,3.69,2.25
2024-03-24 15:00,3,15,6,weekend,505.5,50.05,25.7,30.9,3.6,17.91,0,17.91,32.14,SURPLUS,3.31,2.78,2.81,2.25
2024-03-24 16:00,3,16,6,weekend,320.0,31.78,18.3,30.2,5.6,20.43,0,20.43,11.35,SURPLUS,6.25,4.25,5.31,2.25
2024-03-24 17:00,3,17,6,weekend,186.3,18.58,14.5,29.1,3.7,32.38,0,32.38,-13.8,DEFICIT,6.53,4.39,5.55,2.25
2024-03-24 18:00,3,18,6,weekend,41.7,4.17,35.1,28.4,4.3,33.29,0.0,33.29,-29.12,DEFICIT,6.72,4.48,5.71,2.25
2024-03-24 19:00,3,19,6,weekend,0,0,9.5,28.7,3.6,41.31,16.58,57.89,-57.89,DEFICIT,6.76,4.51,5.75,2.25
2024-03-24 20:00,3,20,6,weekend,0,0,29.2,23.4,3.6,42.92,0.0,42.92,-42.92,DEFICIT,6.71,4.48,5.7,2.25
2024-03-24 21:00,3,21,6,weekend,0,0,24.9,22.7,3.0,30.41,9.43,39.84,-39.84,DEFICIT,7.08,4.67,6.02,2.25
2024-03-24 22:00,3,22,6,weekend,0,0,19.0,24.8,5.0,18.63,9.05,27.68,-27.68,DEFICIT,4.94,3.59,4.2,2.25
2024-03-24 23:00,3,23,6,weekend,0,0,34.0,24.0,3.6,15.63,0,15.63,-15.63,DEFICIT,4.55,3.4,3.87,2.25
2024-03-25 00:00,3,0,0,weekday,0,0,10.5,23.2,3.9,9.39,3.77,13.16,-13.16,DEFICIT,4.69,3.47,3.99,2.25
2024-03-25 01:00,3,1,0,weekday,0,0,31.8,23.5,2.8,7.03,0.0,7.03,-7.03,DEFICIT,4.78,3.52,4.07,2.25
2024-03-25 02:00,3,2,0,weekday,0,0,18.4,21.4,3.2,7.35,0.0,7.35,-7.35,DEFICIT,4.43,3.34,3.77,2.25
2024-03-25 03:00,3,3,0,weekday,0,0,17.2,20.0,3.8,6.17,3.07,9.24,-9.24,DEFICIT,4.69,3.47,3.98,2.25
2024-03-25 04:00,3,4,0,weekday,0,0,14.5,20.4,4.4,5.93,0.0,5.93,-5.93,DEFICIT,4.63,3.44,3.94,2.25
2024-03-25 05:00,3,5,0,weekday,0,0,2.3,21.7,4.4,6.91,4.02,10.93,-10.93,DEFICIT,5.1,3.67,4.33,2.25
2024-03-25 06:00,3,6,0,weekday,28.7,2.91,31.0,22.3,3.9,24.86,0,24.86,-21.95,DEFICIT,5.93,4.09,5.04,2.25
2024-03-25 07:00,3,7,0,weekday,111.7,11.33,11.9,24.0,4.1,31.83,8.87,40.7,-29.37,DEFICIT,6.2,4.22,5.27,2.25
2024-03-25 08:00,3,8,0,weekday,267.6,27.12,17.6,25.1,4.3,20.44,0.0,20.44,6.69,SURPLUS,6.04,4.14,5.13,2.25
2024-03-25 09:00,3,9,0,weekday,337.1,33.85,24.3,27.4,3.8,14.78,7.72,22.5,11.35,SURPLUS,5.76,4.0,4.89,2.25
2024-03-25 10:00,3,10,0,weekday,505.0,50.6,19.9,27.9,3.5,15.74,0,15.74,34.86,SURPLUS,3.8,3.03,3.23,2.25
2024-03-25 11:00,3,11,0,weekday,545.6,54.54,16.7,28.6,2.1,14.37,0,14.37,40.16,SURPLUS,3.67,2.96,3.12,2.25
2024-03-25 12:00,3,12,0,weekday,567.2,56.8,14.4,28.1,1.8,15.11,0,15.11,41.69,SURPLUS,4.06,3.16,3.45,2.25
2024-03-25 13:00,3,13,0,weekday,565.6,56.61,8.7,28.2,4.2,12.46,0,12.46,44.15,SURPLUS,3.5,2.87,2.97,2.25
2024-03-25 14:00,3,14,0,weekday,495.2,49.44,16.3,28.8,4.4,12.89,0,12.89,36.55,SURPLUS,3.57,2.91,3.03,2.25
2024-03-25 15:00,3,15,0,weekday,379.5,37.79,26.9,29.5,3.4,15.71,0,15.71,22.08,SURPLUS,3.62,2.93,3.07,2.25
2024-03-25 16:00,3,16,0,weekday,288.7,28.79,17.9,29.2,2.9,18.7,0,18.7,10.08,SURPLUS,7.16,4.71,6.09,2.25
2024-03-25 17:00,3,17,0,weekday,151.7,15.15,3.6,28.7,3.1,22.0,0,22.0,-6.85,DEFICIT,6.8,4.53,5.78,2.25
2024-03-25 18:00,3,18,0,weekday,31.0,3.12,25.0,26.8,2.6,33.76,15.09,48.85,-45.73,DEFICIT,6.84,4.55,5.82,2.25
2024-03-25 19:00,3,19,0,weekday,0,0,24.0,26.4,3.3,42.78,0.0,42.78,-42.78,DEFICIT,7.14,4.69,6.07,2.25
2024-03-25 20:00,3,20,0,weekday,0,0,21.1,26.2,2.6,38.79,11.86,50.65,-50.65,DEFICIT,6.65,4.45,5.65,2.25
2024-03-25 21:00,3,21,0,weekday,0,0,16.0,26.8,3.4,32.85,0.0,32.85,-32.85,DEFICIT,6.73,4.49,5.72,2.25
2024-03-25 22:00,3,22,0,weekday,0,0,35.1,24.8,4.8,24.96,9.59,34.56,-34.56,DEFICIT,4.4,3.33,3.74,2.25
2024-03-25 23:00,3,23,0,weekday,0,0,6.9,22.9,3.4,12.74,0,12.74,-12.74,DEFICIT,4.74,3.49,4.03,2.25
2024-03-26 00:00,3,0,1,weekday,0,0,15.9,24.4,4.1,8.64,0.0,8.64,-8.64,DEFICIT,4.9,3.57,4.16,2.25
2024-03-26 01:00,3,1,1,weekday,0,0,11.5,22.2,2.3,7.77,0.0,7.77,-7.77,DEFICIT,4.82,3.53,4.1,2.25
2024-03-26 02:00,3,2,1,weekday,0,0,13.9,23.9,4.6,6.97,0.0,6.97,-6.97,DEFICIT,4.08,3.16,3.47,2.25
2024-03-26 03:00,3,3,1,weekday,0,0,18.2,21.7,2.9,6.3,0.0,6.3,-6.3,DEFICIT,4.66,3.45,3.96,2.25
2024-03-26 04:00,3,4,1,weekday,0,0,15.4,21.0,3.8,6.28,4.01,10.29,-10.29,DEFICIT,3.91,3.08,3.32,2.25
2024-03-26 05:00,3,5,1,weekday,0,0,37.8,21.0,3.8,7.87,0.0,7.87,-7.87,DEFICIT,4.39,3.32,3.73,2.25
2024-03-26 06:00,3,6,1,weekday,33.8,3.43,22.6,18.0,4.3,20.49,0,20.49,-17.07,DEFICIT,6.09,4.17,5.18,2.25
2024-03-26 07:00,3,7,1,weekday,126.4,12.81,11.6,25.3,5.0,28.77,7.74,36.52,-23.71,DEFICIT,5.18,3.72,4.41,2.25
2024-03-26 08:00,3,8,1,weekday,242.9,24.63,6.9,25.0,3.3,24.83,9.51,34.34,-9.71,DEFICIT,5.84,4.04,4.96,2.25
2024-03-26 09:00,3,9,1,weekday,367.6,36.94,10.3,27.2,3.2,19.44,7.14,26.58,10.36,SURPLUS,5.75,4.0,4.89,2.25
2024-03-26 10:00,3,10,1,weekday,483.1,48.24,16.2,28.8,3.7,13.28,0,13.28,34.96,SURPLUS,3.93,3.09,3.34,2.25
2024-03-26 11:00,3,11,1,weekday,647.9,64.59,2.0,29.2,3.5,16.76,0,16.76,47.82,SURPLUS,4.21,3.23,3.58,2.25
2024-03-26 12:00,3,12,1,weekday,636.2,63.73,17.9,28.1,3.2,16.94,0,16.94,46.79,SURPLUS,3.73,2.99,3.17,2.25
2024-03-26 13:00,3,13,1,weekday,676.2,67.89,4.6,27.5,3.3,12.75,0,12.75,55.14,SURPLUS,3.89,3.07,3.31,2.25
2024-03-26 14:00,3,14,1,weekday,545.5,54.37,22.9,29.3,1.9,15.73,0,15.73,38.64,SURPLUS,3.66,2.95,3.11,2.25
2024-03-26 15:00,3,15,1,weekday,466.9,46.5,26.8,29.5,6.4,14.91,0,14.91,31.59,SURPLUS,3.63,2.94,3.09,2.25
2024-03-26 16:00,3,16,1,weekday,313.3,31.37,20.7,28.1,4.3,20.91,0,20.91,10.47,SURPLUS,6.59,4.42,5.6,2.25
2024-03-26 17:00,3,17,1,weekday,161.9,16.37,9.5,25.7,3.8,24.19,0,24.19,-7.82,DEFICIT,6.79,4.52,5.77,2.25
2024-03-26 18:00,3,18,1,weekday,32.1,3.26,25.6,23.7,4.8,31.07,10.96,42.02,-38.76,DEFICIT,6.99,4.62,5.94,2.25
2024-03-26 19:00,3,19,1,weekday,0,0,35.3,25.6,5.2,35.34,18.33,53.67,-53.67,DEFICIT,7.14,4.69,6.07,2.25
2024-03-26 20:00,3,20,1,weekday,0,0,22.5,25.4,3.4,36.93,0.0,36.93,-36.93,DEFICIT,6.38,4.32,5.42,2.25
2024-03-26 21:00,3,21,1,weekday,0,0,21.7,22.3,4.0,20.78,0.0,20.78,-20.78,DEFICIT,7.4,4.83,6.29,2.25
2024-03-26 22:00,3,22,1,weekday,0,0,34.7,22.9,4.5,20.86,5.86,26.71,-26.71,DEFICIT,4.32,3.28,3.67,2.25
2024-03-26 23:00,3,23,1,weekday,0,0,12.3,22.4,2.5,15.32,0,15.32,-15.32,DEFICIT,4.73,3.49,4.02,2.25
2024-03-27 00:00,3,0,2,weekday,0,0,30.7,22.2,2.6,9.23,5.43,14.66,-14.66,DEFICIT,3.99,3.12,3.39,2.25
2024-03-27 01:00,3,1,2,weekday,0,0,34.5,21.3,3.8,7.12,0.0,7.12,-7.12,DEFICIT,4.75,3.5,4.04,2.25
2024-03-27 02:00,3,2,2,weekday,0,0,25.8,19.8,4.4,7.03,0.0,7.03,-7.03,DEFICIT,4.42,3.34,3.76,2.25
2024-03-27 03:00,3,3,2,weekday,0,0,26.2,21.6,3.1,6.01,0.0,6.01,-6.01,DEFICIT,4.37,3.31,3.71,2.25
2024-03-27 04:00,3,4,2,weekday,0,0,24.2,22.0,4.4,5,5.38,10.38,-10.38,DEFICIT,4.87,3.56,4.14,2.25
2024-03-27 05:00,3,5,2,weekday,0,0,32.4,21.5,4.0,7.97,0.0,7.97,-7.97,DEFICIT,5.05,3.65,4.29,2.25
2024-03-27 06:00,3,6,2,weekday,41.6,4.22,14.0,22.6,3.8,19.41,0,19.41,-15.19,DEFICIT,6.31,4.28,5.37,2.25
2024-03-27 07:00,3,7,2,weekday,139.0,14.1,14.8,24.7,4.0,25.04,16.74,41.78,-27.69,DEFICIT,6.28,4.27,5.34,2.25
2024-03-27 08:00,3,8,2,weekday,291.8,29.5,17.7,25.7,3.8,22.58,6.5,29.08,0.42,BALANCED,4.91,3.58,4.17,2.25
2024-03-27 09:00,3,9,2,weekday,470.5,47.05,34.8,28.5,3.6,17.88,10.29,28.17,18.88,SURPLUS,5.74,4.0,4.88,2.25
2024-03-27 10:00,3,10,2,weekday,569.8,57.11,10.3,27.9,3.2,11.37,0,11.37,45.74,SURPLUS,3.78,3.02,3.22,2.25
2024-03-27 11:00,3,11,2,weekday,735.0,74.29,23.1,25.8,2.9,13.77,0,13.77,60.52,SURPLUS,3.58,2.92,3.04,2.25
2024-03-27 12:00,3,12,2,weekday,876.6,87.31,12.0,29.4,2.2,15.1,0,15.1,72.2,SURPLUS,4.21,3.23,3.58,2.25
2024-03-27 13:00,3,13,2,weekday,752.5,75.12,15.9,28.9,5.8,14.12,0,14.12,60.99,SURPLUS,3.34,2.8,2.84,2.25
2024-03-27 14:00,3,14,2,weekday,675.6,67.46,18.6,28.8,4.2,13.36,0,13.36,54.1,SURPLUS,3.65,2.95,3.1,2.25
2024-03-27 15:00,3,15,2,weekday,553.9,55.43,11.3,28.2,2.3,15.44,0,15.44,39.99,SURPLUS,4.4,3.32,3.74,2.25
2024-03-27 16:00,3,16,2,weekday,330.6,33.09,17.8,28.3,3.7,19.88,0,19.88,13.21,SURPLUS,6.56,4.4,5.58,2.25
2024-03-27 17:00,3,17,2,weekday,178.7,17.92,19.6,27.9,3.7,28.68,0,28.68,-10.77,DEFICIT,6.79,4.52,5.77,2.25
2024-03-27 18:00,3,18,2,weekday,42.3,4.27,21.0,26.2,4.3,32.36,11.02,43.39,-39.12,DEFICIT,6.91,4.58,5.88,2.25
2024-03-27 19:00,3,19,2,weekday,0,0,26.9,25.8,2.6,46.88,0.0,46.88,-46.88,DEFICIT,6.38,4.31,5.42,2.25
2024-03-27 20:00,3,20,2,weekday,0,0,19.4,27.2,3.1,33.08,0.0,33.08,-33.08,DEFICIT,6.48,4.36,5.5,2.25
2024-03-27 21:00,3,21,2,weekday,0,0,10.5,23.2,3.1,31.4,17.17,48.57,-48.57,DEFICIT,6.26,4.26,5.32,2.25
2024-03-27 22:00,3,22,2,weekday,0,0,32.5,22.7,3.9,22.52,0.0,22.52,-22.52,DEFICIT,4.51,3.38,3.83,2.25
2024-03-27 23:00,3,23,2,weekday,0,0,38.6,24.8,4.6,13.67,0,13.67,-13.67,DEFICIT,4.32,3.28,3.67,2.25
2024-03-28 00:00,3,0,3,weekday,0,0,27.4,23.7,4.2,9.72,3.18,12.9,-12.9,DEFICIT,4.22,3.23,3.59,2.25
2024-03-28 01:00,3,1,3,weekday,0,0,20.3,20.3,5.6,8.81,0.0,8.81,-8.81,DEFICIT,4.72,3.49,4.01,2.25
2024-03-28 02:00,3,2,3,weekday,0,0,25.5,21.6,2.1,8.81,0.0,8.81,-8.81,DEFICIT,4.23,3.24,3.6,2.25
2024-03-28 03:00,3,3,3,weekday,0,0,31.0,20.2,4.0,5.27,0.0,5.27,-5.27,DEFICIT,4.1,3.18,3.49,2.25
2024-03-28 04:00,3,4,3,weekday,0,0,20.8,19.2,3.8,6.38,4.64,11.02,-11.02,DEFICIT,4.99,3.62,4.24,2.25
2024-03-28 05:00,3,5,3,weekday,0,0,17.1,22.9,4.8,7.61,0.0,7.61,-7.61,DEFICIT,4.3,3.28,3.66,2.25
2024-03-28 06:00,3,6,3,weekday,41.8,4.24,16.0,21.7,4.8,21.44,0,21.44,-17.2,DEFICIT,5.64,3.94,4.79,2.25
2024-03-28 07:00,3,7,3,weekday,147.4,14.95,29.5,21.7,4.3,31.66,9.87,41.53,-26.58,DEFICIT,5.96,4.1,5.06,2.25
2024-03-28 08:00,3,8,3,weekday,325.2,32.91,7.8,25.5,5.8,26.65,0.0,26.65,6.26,SURPLUS,6.28,4.26,5.34,2.25
2024-03-28 09:00,3,9,3,weekday,423.5,42.93,17.8,25.0,3.2,17.1,0.0,17.1,25.84,SURPLUS,5.95,4.1,5.06,2.25
2024-03-28 10:00,3,10,3,weekday,661.6,65.8,22.2,29.8,3.0,14.67,0,14.67,51.13,SURPLUS,3.8,3.02,3.23,2.25
2024-03-28 11:00,3,11,3,weekday,704.9,70.63,29.1,27.9,3.7,14.23,0,14.23,56.4,SURPLUS,3.29,2.77,2.8,2.25
2024-03-28 12:00,3,12,3,weekday,760.2,76.1,15.9,28.2,3.1,15.08,0,15.08,61.02,SURPLUS,3.81,3.03,3.24,2.25
2024-03-28 13:00,3,13,3,weekday,705.4,69.79,7.8,31.1,3.7,14.1,0,14.1,55.69,SURPLUS,3.49,2.87,2.97,2.25
2024-03-28 14:00,3,14,3,weekday,622.1,61.49,21.8,31.3,5.5,13.01,0,13.01,48.48,SURPLUS,4.26,3.26,3.62,2.25
2024-03-28 15:00,3,15,3,weekday,502.3,49.43,0,32.4,3.8,17.81,0,17.81,31.62,SURPLUS,4.61,3.43,3.92,2.25
2024-03-28 16:00,3,16,3,weekday,339.3,34.0,28.0,27.9,4.1,15.9,0,15.9,18.1,SURPLUS,7.04,4.65,5.99,2.25
2024-03-28 17:00,3,17,3,weekday,172.0,17.21,24.1,28.4,4.1,25.8,0,25.8,-8.59,DEFICIT,6.69,4.47,5.69,2.25
2024-03-28 18:00,3,18,3,weekday,37.9,3.77,35.1,29.7,3.6,30.54,0.0,30.54,-26.77,DEFICIT,6.93,4.59,5.89,2.25
2024-03-28 19:00,3,19,3,weekday,0,0,23.7,28.2,4.1,42.06,0.0,42.06,-42.06,DEFICIT,6.48,4.37,5.51,2.25
2024-03-28 20:00,3,20,3,weekday,0,0,19.8,22.7,3.3,32.65,12.1,44.75,-44.75,DEFICIT,6.23,4.24,5.3,2.25
2024-03-28 21:00,3,21,3,weekday,0,0,16.8,26.1,5.0,29.62,0.0,29.62,-29.62,DEFICIT,6.95,4.6,5.91,2.25
2024-03-28 22:00,3,22,3,weekday,0,0,33.7,26.6,5.2,19.78,0.0,19.78,-19.78,DEFICIT,4.26,3.25,3.62,2.25
2024-03-28 23:00,3,23,3,weekday,0,0,22.0,24.5,4.6,11.5,0,11.5,-11.5,DEFICIT,4.3,3.27,3.65,2.25
2024-03-29 00:00,3,0,4,weekday,0,0,21.2,23.0,2.7,10.77,0.0,10.77,-10.77,DEFICIT,4.19,3.22,3.56,2.25
2024-03-29 01:00,3,1,4,weekday,0,0,23.3,22.0,3.4,6.41,0.0,6.41,-6.41,DEFICIT,4.86,3.56,4.14,2.25
2024-03-29 02:00,3,2,4,weekday,0,0,25.3,21.7,4.9,7.16,0.0,7.16,-7.16,DEFICIT,4.31,3.28,3.66,2.25
2024-03-29 03:00,3,3,4,weekday,0,0,38.9,21.6,3.8,6.58,2.58,9.16,-9.16,DEFICIT,4.8,3.53,4.08,2.25
2024-03-29 04:00,3,4,4,weekday,0,0,21.8,20.6,3.2,5,2.99,7.99,-7.99,DEFICIT,4.08,3.16,3.47,2.25
2024-03-29 05:00,3,5,4,weekday,0,0,27.1,21.0,4.3,8.56,4.52,13.08,-13.08,DEFICIT,4.01,3.13,3.41,2.25
2024-03-29 06:00,3,6,4,weekday,43.0,4.36,14.8,18.7,3.5,25.05,0,25.05,-20.69,DEFICIT,5.83,4.04,4.95,2.25
2024-03-29 07:00,3,7,4,weekday,176.1,17.85,25.8,24.2,1.9,34.21,10.69,44.9,-27.05,DEFICIT,5.41,3.83,4.6,2.25
2024-03-29 08:00,3,8,4,weekday,332.2,33.69,10.2,24.5,3.9,23.71,0.0,23.71,9.98,SURPLUS,6.06,4.16,5.15,2.25
2024-03-29 09:00,3,9,4,weekday,584.5,58.64,30.3,27.6,4.3,15.52,6.71,22.24,36.41,SURPLUS,5.93,4.09,5.04,2.25
2024-03-29 10:00,3,10,4,weekday,797.7,79.92,32.1,28.0,4.6,11.79,0,11.79,68.13,SURPLUS,3.62,2.93,3.08,2.25
2024-03-29 11:00,3,11,4,weekday,781.7,77.64,22.2,30.1,3.5,15.24,0,15.24,62.4,SURPLUS,4.08,3.17,3.47,2.25
2024-03-29 12:00,3,12,4,weekday,1030.7,102.07,13.4,30.9,3.6,15.58,0,15.58,86.49,SURPLUS,3.99,3.12,3.39,2.25
2024-03-29 13:00,3,13,4,weekday,913.4,90.8,29.8,29.9,4.3,13.27,0,13.27,77.53,SURPLUS,3.81,3.03,3.24,2.25
2024-03-29 14:00,3,14,4,weekday,734.4,73.17,26.8,29.4,4.3,14.68,0,14.68,58.48,SURPLUS,4.18,3.21,3.55,2.25
2024-03-29 15:00,3,15,4,weekday,530.5,52.44,23.5,31.3,3.2,15.15,0,15.15,37.29,SURPLUS,4.15,3.2,3.53,2.25
2024-03-29 16:00,3,16,4,weekday,458.3,45.87,18.7,28.2,5.4,17.52,0,17.52,28.35,SURPLUS,6.69,4.47,5.69,2.25
2024-03-29 17:00,3,17,4,weekday,195.9,19.63,32.6,27.9,3.5,24.69,0,24.69,-5.05,DEFICIT,7.03,4.64,5.98,2.25
2024-03-29 18:00,3,18,4,weekday,42.7,4.32,32.5,26.0,5.4,36.68,0.0,36.68,-32.37,DEFICIT,6.69,4.47,5.68,2.25
2024-03-29 19:00,3,19,4,weekday,0,0,28.0,28.3,2.3,34.26,8.95,43.21,-43.21,DEFICIT,6.66,4.45,5.66,2.25
2024-03-29 20:00,3,20,4,weekday,0,0,27.3,24.7,4.2,34.61,17.25,51.85,-51.85,DEFICIT,7.0,4.62,5.95,2.25
2024-03-29 21:00,3,21,4,weekday,0,0,32.7,24.1,3.9,27.73,17.45,45.18,-45.18,DEFICIT,6.57,4.41,5.59,2.25
2024-03-29 22:00,3,22,4,weekday,0,0,18.8,22.1,4.5,19.05,12.06,31.11,-31.11,DEFICIT,4.3,3.28,3.66,2.25
2024-03-29 23:00,3,23,4,weekday,0,0,27.5,23.3,3.7,12.97,0,12.97,-12.97,DEFICIT,4.79,3.52,4.07,2.25
2024-03-30 00:00,3,0,5,weekend,0,0,27.3,23.9,5.5,11.76,0.0,11.76,-11.76,DEFICIT,4.51,3.38,3.84,2.25
2024-03-30 01:00,3,1,5,weekend,0,0,20.5,22.8,1.2,10.62,0.0,10.62,-10.62,DEFICIT,4.88,3.56,4.15,2.25
2024-03-30 02:00,3,2,5,weekend,0,0,23.4,21.5,2.9,8.32,0.0,8.32,-8.32,DEFICIT,4.78,3.52,4.06,2.25
2024-03-30 03:00,3,3,5,weekend,0,0,20.5,22.4,4.6,6.74,5.23,11.96,-11.96,DEFICIT,5.07,3.66,4.31,2.25
2024-03-30 04:00,3,4,5,weekend,0,0,21.8,22.8,3.3,6.79,0.0,6.79,-6.79,DEFICIT,4.91,3.58,4.17,2.25
2024-03-30 05:00,3,5,5,weekend,0,0,15.2,20.4,2.8,7.88,0.0,7.88,-7.88,DEFICIT,3.57,2.91,3.03,2.25
2024-03-30 06:00,3,6,5,weekend,41.9,4.25,6.2,23.0,4.3,26.62,0,26.62,-22.37,DEFICIT,5.85,4.05,4.97,2.25
2024-03-30 07:00,3,7,5,weekend,164.0,16.56,22.3,25.9,4.7,31.67,0.0,31.67,-15.11,DEFICIT,6.14,4.2,5.22,2.25
2024-03-30 08:00,3,8,5,weekend,333.8,33.68,23.1,26.3,3.7,28.55,0.0,28.55,5.12,SURPLUS,5.87,4.06,4.99,2.25
2024-03-30 09:00,3,9,5,weekend,503.3,50.48,28.9,27.7,3.2,17.0,0.0,17.0,33.48,SURPLUS,5.73,3.99,4.87,2.25
2024-03-30 10:00,3,10,5,weekend,562.0,56.78,32.3,25.9,3.6,12.84,0,12.84,43.93,SURPLUS,3.38,2.82,2.88,2.25
2024-03-30 11:00,3,11,5,weekend,797.7,79.58,18.2,29.0,3.1,16.51,0,16.51,63.06,SURPLUS,3.98,3.12,3.38,2.25
2024-03-30 12:00,3,12,5,weekend,834.1,82.73,15.3,30.5,4.7,18.64,0,18.64,64.09,SURPLUS,4.08,3.16,3.47,2.25
2024-03-30 13:00,3,13,5,weekend,812.8,81.44,27.2,28.0,5.0,19.55,0,19.55,61.89,SURPLUS,3.66,2.95,3.11,2.25
2024-03-30 14:00,3,14,5,weekend,567.2,56.96,19.0,27.4,2.1,13.63,0,13.63,43.32,SURPLUS,3.57,2.91,3.03,2.25
2024-03-30 15:00,3,15,5,weekend,516.7,51.89,26.6,27.4,3.0,15.79,0,15.79,36.1,SURPLUS,3.87,3.06,3.29,2.25
2024-03-30 16:00,3,16,5,weekend,403.0,39.98,35.7,30.4,3.4,20.96,0,20.96,19.01,SURPLUS,6.26,4.26,5.32,2.25
2024-03-30 17:00,3,17,5,weekend,161.0,16.07,7.8,29.0,3.7,29.3,0,29.3,-13.23,DEFICIT,6.85,4.55,5.82,2.25
2024-03-30 18:00,3,18,5,weekend,37.6,3.76,28.0,28.3,3.6,36.55,0.0,36.55,-32.79,DEFICIT,6.57,4.41,5.59,2.25
2024-03-30 19:00,3,19,5,weekend,0,0,31.4,22.1,4.1,50.28,5.79,56.07,-56.07,DEFICIT,6.59,4.42,5.6,2.25
2024-03-30 20:00,3,20,5,weekend,0,0,39.3,25.9,3.7,37.85,0.0,37.85,-37.85,DEFICIT,6.31,4.28,5.37,2.25
2024-03-30 21:00,3,21,5,weekend,0,0,25.0,22.2,4.5,29.59,13.87,43.46,-43.46,DEFICIT,7.12,4.68,6.05,2.25
2024-03-30 22:00,3,22,5,weekend,0,0,20.0,20.9,4.4,23.34,6.27,29.61,-29.61,DEFICIT,4.62,3.43,3.92,2.25
2024-03-30 23:00,3,23,5,weekend,0,0,28.3,20.8,3.7,14.29,0,14.29,-14.29,DEFICIT,4.61,3.43,3.92,2.25
2024-03-31 00:00,3,0,6,weekend,0,0,23.1,22.1,2.6,9.83,2.2,12.03,-12.03,DEFICIT,3.64,2.95,3.1,2.25
2024-03-31 01:00,3,1,6,weekend,0,0,8.7,22.4,3.7,7.68,0.0,7.68,-7.68,DEFICIT,4.75,3.5,4.04,2.25
2024-03-31 02:00,3,2,6,weekend,0,0,20.4,23.7,3.3,7.79,0.0,7.79,-7.79,DEFICIT,4.18,3.22,3.55,2.25
2024-03-31 03:00,3,3,6,weekend,0,0,15.4,22.8,4.6,7.13,0.0,7.13,-7.13,DEFICIT,4.76,3.5,4.05,2.25
2024-03-31 04:00,3,4,6,weekend,0,0,15.9,20.8,2.2,6.23,3.01,9.24,-9.24,DEFICIT,4.49,3.37,3.82,2.25
2024-03-31 05:00,3,5,6,weekend,0,0,30.0,23.5,2.7,8.35,3.11,11.46,-11.46,DEFICIT,3.99,3.12,3.39,2.25
2024-03-31 06:00,3,6,6,weekend,37.3,3.78,32.6,23.7,3.2,28.26,0,28.26,-24.48,DEFICIT,6.08,4.17,5.17,2.25
2024-03-31 07:00,3,7,6,weekend,139.5,14.14,22.6,25.2,4.6,34.69,0.0,34.69,-20.56,DEFICIT,6.02,4.14,5.12,2.25
2024-03-31 08:00,3,8,6,weekend,273.8,27.76,17.9,24.7,3.4,25.0,0.0,25.0,2.76,BALANCED,5.6,3.92,4.76,2.25
2024-03-31 09:00,3,9,6,weekend,430.5,43.25,25.6,27.3,3.6,19.68,0.0,19.68,23.57,SURPLUS,6.03,4.14,5.12,2.25
2024-03-31 10:00,3,10,6,weekend,517.5,52.0,22.2,27.3,3.3,13.68,0,13.68,38.32,SURPLUS,3.99,3.12,3.39,2.25
2024-03-31 11:00,3,11,6,weekend,711.2,71.8,28.9,26.1,2.5,15.05,0,15.05,56.74,SURPLUS,3.81,3.03,3.24,2.25
2024-03-31 12:00,3,12,6,weekend,748.5,74.96,12.5,28.1,6.2,16.55,0,16.55,58.41,SURPLUS,3.84,3.05,3.27,2.25
2024-03-31 13:00,3,13,6,weekend,740.8,73.6,23.0,30.0,4.9,18.39,0,18.39,55.21,SURPLUS,3.88,3.06,3.3,2.25
2024-03-31 14:00,3,14,6,weekend,600.7,59.96,17.1,28.9,5.5,15.91,0,15.91,44.06,SURPLUS,3.77,3.01,3.2,2.25
2024-03-31 15:00,3,15,6,weekend,571.4,56.39,38.0,31.7,2.0,17.24,0,17.24,39.15,SURPLUS,3.51,2.88,2.98,2.25
2024-03-31 16:00,3,16,6,weekend,339.1,33.8,10.7,29.3,4.9,21.0,0,21.0,12.81,SURPLUS,6.86,4.56,5.83,2.25
2024-03-31 17:00,3,17,6,weekend,171.2,17.19,10.0,27.4,3.4,28.75,0,28.75,-11.56,DEFICIT,6.4,4.32,5.44,2.25
2024-03-31 18:00,3,18,6,weekend,36.0,3.63,12.4,26.4,3.8,40.87,19.32,60.2,-56.56,DEFICIT,7.13,4.69,6.06,2.25
2024-03-31 19:00,3,19,6,weekend,0,0,27.3,27.4,2.8,54.4,11.9,66.3,-66.3,DEFICIT,7.26,4.76,6.17,2.25
2024-03-31 20:00,3,20,6,weekend,0,0,11.9,26.6,2.9,51.9,12.72,64.62,-64.62,DEFICIT,7.07,4.66,6.01,2.25
2024-03-31 21:00,3,21,6,weekend,0,0,18.4,23.6,5.1,33.85,14.74,48.58,-48.58,DEFICIT,7.29,4.77,6.19,2.25
2024-03-31 22:00,3,22,6,weekend,0,0,16.5,23.1,5.2,21.36,0.0,21.36,-21.36,DEFICIT,4.25,3.25,3.61,2.25
2024-03-31 23:00,3,23,6,weekend,0,0,26.7,23.3,2.0,11.83,0,11.83,-11.83,DEFICIT,4.44,3.34,3.77,2.25
2024-04-01 00:00,4,0,0,weekday,0,0,23.1,23.7,3.9,10.4,0.0,10.4,-10.4,DEFICIT,4.64,3.45,3.94,2.25
2024-04-01 01:00,4,1,0,weekday,0,0,30.2,23.4,4.5,8.68,0.0,8.68,-8.68,DEFICIT,4.37,3.31,3.71,2.25
2024-04-01 02:00,4,2,0,weekday,0,0,1.2,24.3,1.9,6.96,0.0,6.96,-6.96,DEFICIT,4.7,3.47,3.99,2.25
2024-04-01 03:00,4,3,0,weekday,0,0,10.0,22.9,4.1,5.5,5.19,10.69,-10.69,DEFICIT,4.85,3.55,4.12,2.25
2024-04-01 04:00,4,4,0,weekday,0,0,22.5,24.3,2.4,6.69,3.94,10.63,-10.63,DEFICIT,4.75,3.5,4.04,2.25
2024-04-01 05:00,4,5,0,weekday,0,0,3.6,22.3,2.7,7.57,0.0,7.57,-7.57,DEFICIT,4.88,3.56,4.15,2.25
2024-04-01 06:00,4,6,0,weekday,19.0,1.92,16.1,23.0,1.9,15.05,0,15.05,-13.13,DEFICIT,6.1,4.17,5.18,2.25
2024-04-01 07:00,4,7,0,weekday,65.3,6.6,16.6,25.9,5.0,31.99,18.28,50.26,-43.66,DEFICIT,5.66,3.96,4.81,2.25
2024-04-01 08:00,4,8,0,weekday,144.7,14.67,18.1,25.1,3.0,25.26,0.0,25.26,-10.59,DEFICIT,6.02,4.14,5.12,2.25
2024-04-01 09:00,4,9,0,weekday,234.5,23.42,15.8,28.7,4.9,17.44,0.0,17.44,5.98,SURPLUS,5.99,4.12,5.09,2.25
2024-04-01 10:00,4,10,0,weekday,254.5,25.13,16.9,31.6,3.2,15.47,0,15.47,9.66,SURPLUS,3.32,2.78,2.82,2.25
2024-04-01 11:00,4,11,0,weekday,328.1,32.44,6.2,31.2,5.5,13.03,0,13.03,19.41,SURPLUS,4.34,3.29,3.69,2.25
2024-04-01 12:00,4,12,0,weekday,326.4,32.35,8.6,30.7,3.9,14.82,0,14.82,17.53,SURPLUS,3.89,3.07,3.31,2.25
2024-04-01 13:00,4,13,0,weekday,331.0,32.94,7.0,29.6,5.5,13.4,0,13.4,19.53,SURPLUS,3.67,2.96,3.12,2.25
2024-04-01 14:00,4,14,0,weekday,286.7,28.26,21.5,32.0,3.7,13.54,0,13.54,14.72,SURPLUS,3.96,3.11,3.37,2.25
2024-04-01 15:00,4,15,0,weekday,233.0,22.89,15.8,32.8,4.8,14.15,0,14.15,8.74,SURPLUS,3.89,3.07,3.3,2.25
2024-04-01 16:00,4,16,0,weekday,177.1,17.49,20.6,31.5,4.4,19.3,0,19.3,-1.8,BALANCED,7.0,4.63,5.95,2.25
2024-04-01 17:00,4,17,0,weekday,80.5,7.93,18.9,32.2,3.7,22.37,0,22.37,-14.45,DEFICIT,6.11,4.18,5.19,2.25
2024-04-01 18:00,4,18,0,weekday,17.0,1.69,17.9,29.7,5.2,34.24,8.21,42.45,-40.75,DEFICIT,6.55,4.4,5.56,2.25
2024-04-01 19:00,4,19,0,weekday,0,0,18.1,28.3,3.6,38.67,7.85,46.52,-46.52,DEFICIT,6.66,4.45,5.66,2.25
2024-04-01 20:00,4,20,0,weekday,0,0,1.9,28.3,5.3,32.92,0.0,32.92,-32.92,DEFICIT,6.89,4.57,5.85,2.25
2024-04-01 21:00,4,21,0,weekday,0,0,20.0,27.2,3.6,27.99,9.27,37.26,-37.26,DEFICIT,6.75,4.5,5.74,2.25
2024-04-01 22:00,4,22,0,weekday,0,0,25.8,28.5,4.3,24.41,6.9,31.3,-31.3,DEFICIT,4.45,3.35,3.78,2.25
2024-04-01 23:00,4,23,0,weekday,0,0,8.3,25.2,4.2,13.16,0,13.16,-13.16,DEFICIT,4.56,3.4,3.87,2.25
2024-04-02 00:00,4,0,1,weekday,0,0,31.7,23.1,2.7,10.26,3.12,13.38,-13.38,DEFICIT,4.66,3.46,3.96,2.25
2024-04-02 01:00,4,1,1,weekday,0,0,29.8,24.5,3.5,8.81,4.83,13.65,-13.65,DEFICIT,4.38,3.31,3.72,2.25
2024-04-02 02:00,4,2,1,weekday,0,0,42.2,24.2,2.5,7.01,2.26,9.27,-9.27,DEFICIT,4.13,3.19,3.51,2.25
2024-04-02 03:00,4,3,1,weekday,0,0,38.4,22.9,3.8,5.71,3.68,9.39,-9.39,DEFICIT,4.36,3.3,3.71,2.25
2024-04-02 04:00,4,4,1,weekday,0,0,38.1,20.7,4.0,5.05,3.1,8.15,-8.15,DEFICIT,4.31,3.28,3.67,2.25
2024-04-02 05:00,4,5,1,weekday,0,0,32.0,22.9,6.3,7.8,0.0,7.8,-7.8,DEFICIT,4.18,3.22,3.55,2.25
2024-04-02 06:00,4,6,1,weekday,29.4,2.98,25.0,25.3,2.8,18.87,0,18.87,-15.89,DEFICIT,6.1,4.17,5.18,2.25
2024-04-02 07:00,4,7,1,weekday,103.1,10.4,17.9,26.3,3.9,24.64,7.98,32.62,-22.22,DEFICIT,5.63,3.94,4.79,2.25
2024-04-02 08:00,4,8,1,weekday,236.6,23.78,17.6,27.2,3.1,21.29,0.0,21.29,2.48,BALANCED,5.85,4.05,4.97,2.25
2024-04-02 09:00,4,9,1,weekday,367.0,36.91,27.9,27.0,2.2,12.84,0.0,12.84,24.07,SURPLUS,5.91,4.08,5.02,2.25
2024-04-02 10:00,4,10,1,weekday,476.8,47.23,15.6,30.7,4.0,16.14,0,16.14,31.09,SURPLUS,3.85,3.05,3.27,2.25
2024-04-02 11:00,4,11,1,weekday,528.1,53.17,20.0,26.8,4.9,14.42,0,14.42,38.75,SURPLUS,4.18,3.21,3.55,2.25
2024-04-02 12:00,4,12,1,weekday,635.7,62.52,37.4,32.5,3.6,16.18,0,16.18,46.35,SURPLUS,4.13,3.19,3.51,2.25
2024-04-02 13:00,4,13,1,weekday,552.2,54.36,32.9,32.3,1.7,13.13,0,13.13,41.23,SURPLUS,3.86,3.05,3.28,2.25
2024-04-02 14:00,4,14,1,weekday,569.3,56.28,38.4,31.3,5.7,12.68,0,12.68,43.6,SURPLUS,4.09,3.17,3.48,2.25
2024-04-02 15:00,4,15,1,weekday,383.7,38.01,19.4,30.7,6.3,15.26,0,15.26,22.76,SURPLUS,3.79,3.02,3.23,2.25
2024-04-02 16:00,4,16,1,weekday,283.6,28.19,34.7,29.9,3.2,13.42,0,13.42,14.77,SURPLUS,7.12,4.68,6.05,2.25
2024-04-02 17:00,4,17,1,weekday,129.6,12.91,28.7,29.5,4.3,19.72,0,19.72,-6.81,DEFICIT,6.38,4.31,5.42,2.25
2024-04-02 18:00,4,18,1,weekday,33.7,3.38,26.7,27.5,3.6,32.19,17.3,49.5,-46.11,DEFICIT,6.56,4.41,5.58,2.25
2024-04-02 19:00,4,19,1,weekday,0,0,35.7,29.1,3.5,32.73,0.0,32.73,-32.73,DEFICIT,6.59,4.42,5.6,2.25
2024-04-02 20:00,4,20,1,weekday,0,0,26.6,26.0,4.2,39.46,21.79,61.24,-61.24,DEFICIT,6.8,4.53,5.78,2.25
2024-04-02 21:00,4,21,1,weekday,0,0,33.0,24.7,4.4,25.57,20.35,45.92,-45.92,DEFICIT,6.74,4.5,5.73,2.25
2024-04-02 22:00,4,22,1,weekday,0,0,47.7,24.9,4.7,16.73,8.13,24.86,-24.86,DEFICIT,4.51,3.38,3.83,2.25
2024-04-02 23:00,4,23,1,weekday,0,0,35.8,25.0,3.1,11.56,0,11.56,-11.56,DEFICIT,4.9,3.57,4.16,2.25
2024-04-03 00:00,4,0,2,weekday,0,0,48.3,24.5,2.6,9.45,0.0,9.45,-9.45,DEFICIT,4.5,3.37,3.82,2.25
2024-04-03 01:00,4,1,2,weekday,0,0,59.7,21.8,4.0,7.67,0.0,7.67,-7.67,DEFICIT,4.91,3.58,4.17,2.25
2024-04-03 02:00,4,2,2,weekday,0,0,51.4,24.0,4.3,8.12,0.0,8.12,-8.12,DEFICIT,4.72,3.48,4.01,2.25
2024-04-03 03:00,4,3,2,weekday,0,0,25.7,23.2,2.2,5.74,4.35,10.09,-10.09,DEFICIT,4.43,3.34,3.77,2.25
2024-04-03 04:00,4,4,2,weekday,0,0,33.8,22.3,4.6,5.74,3.65,9.39,-9.39,DEFICIT,5.13,3.69,4.36,2.25
2024-04-03 05:00,4,5,2,weekday,0,0,46.2,22.6,3.6,7.03,0.0,7.03,-7.03,DEFICIT,4.53,3.39,3.85,2.25
2024-04-03 06:00,4,6,2,weekday,38.8,3.94,40.9,24.4,5.2,22.12,0,22.12,-18.18,DEFICIT,5.79,4.02,4.92,2.25
2024-04-03 07:00,4,7,2,weekday,138.1,14.0,31.3,24.1,3.6,30.13,0.0,30.13,-16.12,DEFICIT,5.9,4.08,5.02,2.25
2024-04-03 08:00,4,8,2,weekday,317.6,31.96,36.0,26.9,4.9,22.24,3.82,26.06,5.91,SURPLUS,5.87,4.06,4.99,2.25
2024-04-03 09:00,4,9,2,weekday,515.6,51.51,56.4,28.7,4.5,15.35,0.0,15.35,36.15,SURPLUS,6.06,4.16,5.15,2.25
2024-04-03 10:00,4,10,2,weekday,632.9,63.94,41.5,25.9,3.3,13.98,0,13.98,49.96,SURPLUS,4.45,3.35,3.79,2.25
2024-04-03 11:00,4,11,2,weekday,775.1,77.01,34.8,30.0,4.2,14.92,0,14.92,62.08,SURPLUS,3.86,3.06,3.28,2.25
2024-04-03 12:00,4,12,2,weekday,915.6,89.79,17.9,33.2,4.1,17.35,0,17.35,72.44,SURPLUS,3.01,2.63,2.56,2.25
2024-04-03 13:00,4,13,2,weekday,753.5,74.53,41.4,31.1,2.6,15.97,0,15.97,58.56,SURPLUS,3.55,2.9,3.02,2.25
2024-04-03 14:00,4,14,2,weekday,680.4,67.54,30.7,30.3,5.2,15.35,0,15.35,52.19,SURPLUS,4.37,3.31,3.72,2.25
2024-04-03 15:00,4,15,2,weekday,575.9,56.84,40.0,31.7,5.0,13.51,0,13.51,43.33,SURPLUS,3.78,3.01,3.21,2.25
2024-04-03 16:00,4,16,2,weekday,390.5,39.02,41.3,28.6,5.0,16.15,0,16.15,22.87,SURPLUS,6.13,4.19,5.21,2.25
2024-04-03 17:00,4,17,2,weekday,178.9,17.64,30.3,31.8,2.8,23.62,0,23.62,-5.98,DEFICIT,6.9,4.58,5.87,2.25
2024-04-03 18:00,4,18,2,weekday,41.6,4.15,27.9,29.4,5.0,28.54,6.06,34.6,-30.45,DEFICIT,6.93,4.59,5.89,2.25
2024-04-03 19:00,4,19,2,weekday,0,0,46.3,29.0,3.7,33.21,19.63,52.84,-52.84,DEFICIT,6.66,4.46,5.66,2.25
2024-04-03 20:00,4,20,2,weekday,0,0,33.6,25.7,3.9,28.32,10.31,38.63,-38.63,DEFICIT,6.2,4.23,5.27,2.25
2024-04-03 21:00,4,21,2,weekday,0,0,44.4,25.0,3.4,26.54,0.0,26.54,-26.54,DEFICIT,6.56,4.41,5.58,2.25
2024-04-03 22:00,4,22,2,weekday,0,0,37.7,23.8,3.7,17.39,15.43,32.82,-32.82,DEFICIT,4.64,3.44,3.94,2.25
2024-04-03 23:00,4,23,2,weekday,0,0,38.7,24.5,3.8,14.81,0,14.81,-14.81,DEFICIT,4.23,3.24,3.6,2.25
2024-04-04 00:00,4,0,3,weekday,0,0,53.5,23.2,2.3,11.5,3.99,15.5,-15.5,DEFICIT,4.55,3.4,3.87,2.25
2024-04-04 01:00,4,1,3,weekday,0,0,55.7,26.3,4.3,8.87,4.46,13.33,-13.33,DEFICIT,4.76,3.5,4.04,2.25
2024-04-04 02:00,4,2,3,weekday,0,0,53.3,24.1,3.3,7.23,5.38,12.61,-12.61,DEFICIT,4.13,3.19,3.51,2.25
2024-04-04 03:00,4,3,3,weekday,0,0,40.4,22.2,4.0,6.09,0.0,6.09,-6.09,DEFICIT,4.26,3.25,3.62,2.25
2024-04-04 04:00,4,4,3,weekday,0,0,40.8,22.0,4.3,5.76,2.92,8.69,-8.69,DEFICIT,4.45,3.35,3.78,2.25
2024-04-04 05:00,4,5,3,weekday,0,0,40.9,21.5,4.1,6.32,0.0,6.32,-6.32,DEFICIT,5.01,3.63,4.26,2.25
2024-04-04 06:00,4,6,3,weekday,45.1,4.58,24.8,24.9,3.6,20.18,0,20.18,-15.61,DEFICIT,5.97,4.11,5.08,2.25
2024-04-04 07:00,4,7,3,weekday,163.3,16.56,31.1,24.8,3.8,37.3,0.0,37.3,-20.73,DEFICIT,5.34,3.8,4.54,2.25
2024-04-04 08:00,4,8,3,weekday,335.9,34.02,37.1,25.3,4.1,24.01,6.78,30.79,3.23,BALANCED,5.48,3.87,4.66,2.25
2024-04-04 09:00,4,9,3,weekday,552.5,55.01,27.1,29.5,3.5,14.14,10.41,24.55,30.46,SURPLUS,5.83,4.04,4.96,2.25
2024-04-04 10:00,4,10,3,weekday,838.3,84.09,46.5,27.7,1.7,12.87,0,12.87,71.22,SURPLUS,4.07,3.16,3.46,2.25
2024-04-04 11:00,4,11,3,weekday,1053.6,105.17,45.9,28.9,4.8,14.67,0,14.67,90.5,SURPLUS,3.72,2.98,3.16,2.25
2024-04-04 12:00,4,12,3,weekday,863.9,86.09,46.2,29.3,3.4,15.83,0,15.83,70.26,SURPLUS,4.04,3.15,3.44,2.25
2024-04-04 13:00,4,13,3,weekday,852.3,84.64,47.2,30.2,5.6,12.6,0,12.6,72.03,SURPLUS,4.05,3.15,3.44,2.25
2024-04-04 14:00,4,14,3,weekday,857.4,83.85,67.8,33.9,5.9,14.24,0,14.24,69.6,SURPLUS,3.65,2.95,3.1,2.25
2024-04-04 15:00,4,15,3,weekday,691.5,68.43,46.6,31.0,4.1,14.17,0,14.17,54.25,SURPLUS,4.03,3.14,3.42,2.25
2024-04-04 16:00,4,16,3,weekday,448.6,43.87,46.7,33.9,2.6,22.1,0,22.1,21.77,SURPLUS,6.49,4.37,5.52,2.25
2024-04-04 17:00,4,17,3,weekday,231.2,23.07,34.0,29.0,4.2,23.84,0,23.84,-0.77,BALANCED,6.73,4.49,5.72,2.25
2024-04-04 18:00,4,18,3,weekday,53.7,5.36,36.4,28.5,3.4,35.25,16.07,51.32,-45.96,DEFICIT,6.67,4.46,5.67,2.25
2024-04-04 19:00,4,19,3,weekday,0,0,53.0,27.8,2.8,40.52,9.26,49.78,-49.78,DEFICIT,7.01,4.63,5.96,2.25
2024-04-04 20:00,4,20,3,weekday,0,0,32.5,26.1,4.2,28.95,10.26,39.22,-39.22,DEFICIT,7.06,4.66,6.0,2.25
2024-04-04 21:00,4,21,3,weekday,0,0,64.5,29.4,2.9,26.66,0.0,26.66,-26.66,DEFICIT,6.95,4.6,5.91,2.25
2024-04-04 22:00,4,22,3,weekday,0,0,45.3,26.1,3.9,16.53,12.96,29.49,-29.49,DEFICIT,4.78,3.52,4.06,2.25
2024-04-04 23:00,4,23,3,weekday,0,0,52.7,24.3,3.7,14.69,0,14.69,-14.69,DEFICIT,4.43,3.34,3.76,2.25
2024-04-05 00:00,4,0,4,weekday,0,0,26.0,23.0,3.0,11.4,0.0,11.4,-11.4,DEFICIT,4.86,3.55,4.13,2.25
2024-04-05 01:00,4,1,4,weekday,0,0,40.3,22.7,4.7,7.6,5.45,13.04,-13.04,DEFICIT,4.86,3.56,4.13,2.25
2024-04-05 02:00,4,2,4,weekday,0,0,42.5,22.7,3.9,6.02,2.88,8.9,-8.9,DEFICIT,4.53,3.39,3.85,2.25
2024-04-05 03:00,4,3,4,weekday,0,0,46.1,23.5,4.7,6.51,0.0,6.51,-6.51,DEFICIT,4.76,3.51,4.05,2.25
2024-04-05 04:00,4,4,4,weekday,0,0,33.0,23.7,3.8,5,0.0,5.0,-5.0,BALANCED,4.44,3.34,3.77,2.25
2024-04-05 05:00,4,5,4,weekday,0,0,39.1,25.6,4.0,8.52,3.13,11.65,-11.65,DEFICIT,4.94,3.59,4.2,2.25
2024-04-05 06:00,4,6,4,weekday,39.6,4.01,37.6,24.1,4.3,24.31,0,24.31,-20.3,DEFICIT,5.87,4.06,4.99,2.25
2024-04-05 07:00,4,7,4,weekday,140.8,14.28,12.8,24.8,5.0,32.55,19.71,52.26,-37.98,DEFICIT,6.53,4.39,5.55,2.25
2024-04-05 08:00,4,8,4,weekday,290.8,29.31,47.7,26.5,3.4,20.41,0.0,20.41,8.9,SURPLUS,5.82,4.03,4.94,2.25
2024-04-05 09:00,4,9,4,weekday,405.5,40.55,27.3,28.5,3.1,17.04,0.0,17.04,23.51,SURPLUS,5.42,3.83,4.61,2.25
2024-04-05 10:00,4,10,4,weekday,555.8,55.9,23.0,27.1,3.8,13.61,0,13.61,42.28,SURPLUS,3.66,2.95,3.11,2.25
2024-04-05 11:00,4,11,4,weekday,695.6,69.58,31.3,28.4,3.9,12.38,0,12.38,57.19,SURPLUS,4.34,3.3,3.69,2.25
2024-04-05 12:00,4,12,4,weekday,637.4,63.81,26.0,28.2,4.7,14.13,0,14.13,49.68,SURPLUS,4.38,3.31,3.72,2.25
2024-04-05 13:00,4,13,4,weekday,657.1,65.18,28.1,30.5,4.6,13.09,0,13.09,52.09,SURPLUS,3.69,2.97,3.14,2.25
2024-04-05 14:00,4,14,4,weekday,686.3,67.14,41.8,33.8,1.8,13.52,0,13.52,53.62,SURPLUS,3.99,3.12,3.39,2.25
2024-04-05 15:00,4,15,4,weekday,451.4,44.83,22.7,30.2,3.8,15.62,0,15.62,29.2,SURPLUS,4.15,3.2,3.53,2.25
2024-04-05 16:00,4,16,4,weekday,291.6,28.8,26.7,31.5,3.7,17.69,0,17.69,11.11,SURPLUS,6.69,4.47,5.68,2.25
2024-04-05 17:00,4,17,4,weekday,155.0,15.29,38.4,31.8,4.0,23.56,0,23.56,-8.27,DEFICIT,6.83,4.54,5.81,2.25
2024-04-05 18:00,4,18,4,weekday,36.0,3.59,33.4,29.1,3.4,37.92,5.9,43.82,-40.23,DEFICIT,6.84,4.54,5.81,2.25
2024-04-05 19:00,4,19,4,weekday,0,0,46.8,29.4,1.6,41.96,11.76,53.72,-53.72,DEFICIT,6.98,4.61,5.93,2.25
2024-04-05 20:00,4,20,4,weekday,0,0,35.7,27.7,4.3,35.92,17.11,53.03,-53.03,DEFICIT,6.86,4.55,5.83,2.25
2024-04-05 21:00,4,21,4,weekday,0,0,30.4,26.4,5.3,24.87,12.58,37.46,-37.46,DEFICIT,6.75,4.5,5.74,2.25
2024-04-05 22:00,4,22,4,weekday,0,0,32.7,27.5,4.6,18.88,18.91,37.79,-37.79,DEFICIT,4.42,3.33,3.76,2.25
2024-04-05 23:00,4,23,4,weekday,0,0,35.4,26.3,3.4,16.03,0,16.03,-16.03,DEFICIT,3.79,3.02,3.22,2.25
2024-04-06 00:00,4,0,5,weekend,0,0,27.7,21.1,5.7,12.03,0.0,12.03,-12.03,DEFICIT,4.59,3.42,3.9,2.25
2024-04-06 01:00,4,1,5,weekend,0,0,28.8,24.1,4.8,10.33,0.0,10.33,-10.33,DEFICIT,4.86,3.55,4.13,2.25
2024-04-06 02:00,4,2,5,weekend,0,0,39.1,25.6,3.8,8.81,0.0,8.81,-8.81,DEFICIT,4.66,3.46,3.96,2.25
2024-04-06 03:00,4,3,5,weekend,0,0,31.3,21.3,3.3,6.82,3.31,10.13,-10.13,DEFICIT,4.0,3.12,3.4,2.25
2024-04-06 04:00,4,4,5,weekend,0,0,22.0,22.1,4.5,6.57,0.0,6.57,-6.57,DEFICIT,4.34,3.29,3.69,2.25
2024-04-06 05:00,4,5,5,weekend,0,0,33.2,21.5,3.8,8.19,3.79,11.98,-11.98,DEFICIT,4.07,3.16,3.46,2.25
2024-04-06 06:00,4,6,5,weekend,36.6,3.71,26.8,25.0,3.1,22.87,0,22.87,-19.17,DEFICIT,5.87,4.06,4.99,2.25
2024-04-06 07:00,4,7,5,weekend,104.6,10.61,34.3,22.2,2.6,32.12,7.42,39.54,-28.93,DEFICIT,6.12,4.19,5.21,2.25
2024-04-06 08:00,4,8,5,weekend,226.9,22.65,26.5,28.9,4.2,29.83,0.0,29.83,-7.18,DEFICIT,5.91,4.08,5.03,2.25
2024-04-06 09:00,4,9,5,weekend,334.0,33.16,24.1,30.3,5.8,17.16,0.0,17.16,16.0,SURPLUS,5.98,4.12,5.09,2.25
2024-04-06 10:00,4,10,5,weekend,561.4,56.38,24.9,27.4,3.7,12.57,0,12.57,43.81,SURPLUS,4.27,3.26,3.63,2.25
2024-04-06 11:00,4,11,5,weekend,584.2,57.82,18.2,31.0,2.8,14.68,0,14.68,43.14,SURPLUS,3.83,3.04,3.26,2.25
2024-04-06 12:00,4,12,5,weekend,725.1,71.65,34.2,31.4,3.7,15.79,0,15.79,55.86,SURPLUS,3.81,3.03,3.24,2.25
2024-04-06 13:00,4,13,5,weekend,691.4,67.98,26.1,32.6,3.8,16.69,0,16.69,51.29,SURPLUS,3.5,2.87,2.97,2.25
2024-04-06 14:00,4,14,5,weekend,564.8,55.95,19.1,30.8,5.1,15.09,0,15.09,40.86,SURPLUS,3.89,3.07,3.31,2.25
2024-04-06 15:00,4,15,5,weekend,401.7,39.33,25.7,33.6,4.5,18.51,0,18.51,20.82,SURPLUS,3.99,3.12,3.39,2.25
2024-04-06 16:00,4,16,5,weekend,258.4,25.79,21.1,29.0,5.0,22.37,0,22.37,3.42,BALANCED,7.07,4.66,6.01,2.25
2024-04-06 17:00,4,17,5,weekend,124.4,12.42,31.3,28.9,3.9,28.07,0,28.07,-15.66,DEFICIT,7.01,4.63,5.96,2.25
2024-04-06 18:00,4,18,5,weekend,33.6,3.34,24.1,29.7,2.9,37.7,0.0,37.7,-34.36,DEFICIT,6.66,4.45,5.66,2.25
2024-04-06 19:00,4,19,5,weekend,0,0,45.0,24.6,5.3,50.42,6.32,56.74,-56.74,DEFICIT,6.68,4.46,5.68,2.25
2024-04-06 20:00,4,20,5,weekend,0,0,19.9,27.3,5.0,44.93,19.02,63.95,-63.95,DEFICIT,6.79,4.52,5.77,2.25
2024-04-06 21:00,4,21,5,weekend,0,0,33.1,25.3,4.0,36.83,17.67,54.5,-54.5,DEFICIT,6.94,4.59,5.9,2.25
2024-04-06 22:00,4,22,5,weekend,0,0,26.2,28.2,2.9,22.31,14.84,37.16,-37.16,DEFICIT,4.62,3.44,3.93,2.25
2024-04-06 23:00,4,23,5,weekend,0,0,30.1,27.2,3.1,14.83,0,14.83,-14.83,DEFICIT,4.48,3.37,3.81,2.25
2024-04-07 00:00,4,0,6,weekend,0,0,46.4,23.2,4.4,11.33,0.0,11.33,-11.33,DEFICIT,3.46,2.85,2.94,2.25
2024-04-07 01:00,4,1,6,weekend,0,0,38.9,23.6,4.8,8.44,2.48,10.92,-10.92,DEFICIT,5.02,3.64,4.27,2.25
2024-04-07 02:00,4,2,6,weekend,0,0,35.1,24.5,4.3,7.91,0.0,7.91,-7.91,DEFICIT,3.86,3.06,3.28,2.25
2024-04-07 03:00,4,3,6,weekend,0,0,40.7,24.0,4.0,5.71,4.42,10.13,-10.13,DEFICIT,4.67,3.46,3.97,2.25
2024-04-07 04:00,4,4,6,weekend,0,0,29.5,23.1,5.4,6.56,0.0,6.56,-6.56,DEFICIT,4.49,3.37,3.82,2.25
2024-04-07 05:00,4,5,6,weekend,0,0,20.7,18.7,4.9,9.74,2.43,12.16,-12.16,DEFICIT,4.66,3.46,3.96,2.25
2024-04-07 06:00,4,6,6,weekend,32.6,3.3,30.7,24.6,4.1,26.27,0,26.27,-22.97,DEFICIT,6.14,4.19,5.22,2.25
2024-04-07 07:00,4,7,6,weekend,128.1,12.99,20.8,24.8,2.7,34.98,0.0,34.98,-22.0,DEFICIT,5.86,4.06,4.98,2.25
2024-04-07 08:00,4,8,6,weekend,220.1,22.06,34.5,27.9,5.2,30.82,0.0,30.82,-8.75,DEFICIT,5.74,4.0,4.88,2.25
2024-04-07 09:00,4,9,6,weekend,348.6,34.93,17.7,27.9,5.0,16.72,0.0,16.72,18.21,SURPLUS,5.45,3.85,4.63,2.25
2024-04-07 10:00,4,10,6,weekend,466.4,46.12,31.7,31.2,3.1,16.44,0,16.44,29.68,SURPLUS,3.37,2.81,2.86,2.25
2024-04-07 11:00,4,11,6,weekend,588.7,59.13,33.8,27.3,4.3,13.3,0,13.3,45.84,SURPLUS,4.21,3.23,3.57,2.25
2024-04-07 12:00,4,12,6,weekend,711.5,70.37,32.9,31.2,4.2,21.22,0,21.22,49.14,SURPLUS,3.63,2.94,3.08,2.25
2024-04-07 13:00,4,13,6,weekend,560.5,55.1,34.9,32.7,6.0,17.34,0,17.34,37.76,SURPLUS,3.97,3.11,3.37,2.25
2024-04-07 14:00,4,14,6,weekend,536.2,52.82,33.4,32.1,5.2,14.05,0,14.05,38.77,SURPLUS,3.71,2.98,3.16,2.25
2024-04-07 15:00,4,15,6,weekend,396.1,38.7,26.7,34.1,4.7,16.66,0,16.66,22.04,SURPLUS,3.78,3.01,3.21,2.25
2024-04-07 16:00,4,16,6,weekend,261.3,25.84,24.1,31.2,3.9,17.99,0,17.99,7.86,SURPLUS,7.12,4.69,6.05,2.25
2024-04-07 17:00,4,17,6,weekend,157.5,15.68,29.3,29.5,5.5,31.25,0,31.25,-15.58,DEFICIT,6.98,4.61,5.93,2.25
2024-04-07 18:00,4,18,6,weekend,34.3,3.45,32.8,27.0,3.4,41.73,19.39,61.11,-57.66,DEFICIT,7.2,4.72,6.12,2.25
2024-04-07 19:00,4,19,6,weekend,0,0,32.1,29.4,4.1,45.13,10.95,56.08,-56.08,DEFICIT,6.63,4.44,5.63,2.25
2024-04-07 20:00,4,20,6,weekend,0,0,28.7,27.7,3.5,42.58,8.57,51.14,-51.14,DEFICIT,6.77,4.51,5.75,2.25
2024-04-07 21:00,4,21,6,weekend,0,0,25.9,26.7,3.2,31.44,20.48,51.92,-51.92,DEFICIT,6.68,4.46,5.67,2.25
2024-04-07 22:00,4,22,6,weekend,0,0,33.0,26.4,4.3,23.94,0.0,23.94,-23.94,DEFICIT,4.46,3.35,3.79,2.25
2024-04-07 23:00,4,23,6,weekend,0,0,37.9,27.8,2.7,15.14,0,15.14,-15.14,DEFICIT,4.33,3.29,3.68,2.25
2024-04-08 00:00,4,0,0,weekday,0,0,36.6,23.1,4.2,8.24,5.45,13.68,-13.68,DEFICIT,4.06,3.16,3.45,2.25
2024-04-08 01:00,4,1,0,weekday,0,0,31.2,21.4,3.0,8.12,4.28,12.4,-12.4,DEFICIT,4.22,3.24,3.59,2.25
2024-04-08 02:00,4,2,0,weekday,0,0,37.9,24.8,3.1,6.79,0.0,6.79,-6.79,DEFICIT,5.06,3.66,4.3,2.25
2024-04-08 03:00,4,3,0,weekday,0,0,32.9,23.2,4.1,5.29,0.0,5.29,-5.29,DEFICIT,4.02,3.13,3.41,2.25
2024-04-08 04:00,4,4,0,weekday,0,0,39.4,21.7,2.9,6.04,4.04,10.07,-10.07,DEFICIT,4.52,3.38,3.84,2.25
2024-04-08 05:00,4,5,0,weekday,0,0,41.3,24.0,3.8,7.53,0.0,7.53,-7.53,DEFICIT,4.55,3.4,3.86,2.25
2024-04-08 06:00,4,6,0,weekday,37.4,3.78,40.6,25.8,3.5,22.41,0,22.41,-18.63,DEFICIT,5.3,3.77,4.5,2.25
2024-04-08 07:00,4,7,0,weekday,122.3,12.33,37.8,26.4,4.1,29.98,0.0,29.98,-17.65,DEFICIT,5.88,4.07,5.0,2.25
2024-04-08 08:00,4,8,0,weekday,287.7,29.0,26.2,26.5,5.2,22.77,6.08,28.85,0.15,BALANCED,5.56,3.91,4.73,2.25
2024-04-08 09:00,4,9,0,weekday,427.0,42.87,46.9,27.5,4.4,17.93,0.0,17.93,24.94,SURPLUS,5.54,3.9,4.71,2.25
2024-04-08 10:00,4,10,0,weekday,598.4,59.29,23.9,30.7,2.6,14.48,0,14.48,44.81,SURPLUS,3.51,2.88,2.98,2.25
2024-04-08 11:00,4,11,0,weekday,649.2,64.29,43.1,30.8,2.2,18.63,0,18.63,45.66,SURPLUS,3.97,3.11,3.38,2.25
2024-04-08 12:00,4,12,0,weekday,647.8,64.21,30.3,30.6,5.4,12.28,0,12.28,51.93,SURPLUS,4.31,3.28,3.66,2.25
2024-04-08 13:00,4,13,0,weekday,657.1,64.49,27.8,33.0,5.1,16.08,0,16.08,48.41,SURPLUS,4.0,3.13,3.4,2.25
2024-04-08 14:00,4,14,0,weekday,625.4,61.08,45.2,34.2,4.9,13.83,0,13.83,47.25,SURPLUS,3.77,3.01,3.2,2.25
2024-04-08 15:00,4,15,0,weekday,524.4,51.06,45.4,34.9,4.4,14.71,0,14.71,36.34,SURPLUS,3.94,3.09,3.35,2.25
2024-04-08 16:00,4,16,0,weekday,340.9,33.99,36.2,29.2,2.5,18.51,0,18.51,15.49,SURPLUS,7.29,4.77,6.19,2.25
2024-04-08 17:00,4,17,0,weekday,169.0,16.82,39.1,29.7,3.9,20.64,0,20.64,-3.82,BALANCED,6.97,4.61,5.92,2.25
2024-04-08 18:00,4,18,0,weekday,33.8,3.39,21.3,27.6,3.5,29.32,13.74,43.07,-39.67,DEFICIT,6.91,4.58,5.87,2.25
2024-04-08 19:00,4,19,0,weekday,0,0,37.1,27.3,3.6,35.78,18.11,53.9,-53.9,DEFICIT,6.57,4.41,5.59,2.25
2024-04-08 20:00,4,20,0,weekday,0,0,31.1,24.9,5.0,32.18,18.03,50.21,-50.21,DEFICIT,6.68,4.47,5.68,2.25
2024-04-08 21:00,4,21,0,weekday,0,0,26.3,25.0,3.1,28.6,12.12,40.72,-40.72,DEFICIT,6.53,4.39,5.55,2.25
2024-04-08 22:00,4,22,0,weekday,0,0,25.7,28.4,4.3,21.5,0.0,21.5,-21.5,DEFICIT,4.3,3.27,3.65,2.25
2024-04-08 23:00,4,23,0,weekday,0,0,43.2,24.3,2.6,12.9,0,12.9,-12.9,DEFICIT,4.58,3.41,3.89,2.25
2024-04-09 00:00,4,0,1,weekday,0,0,28.6,22.6,3.4,9.4,4.92,14.32,-14.32,DEFICIT,4.44,3.34,3.77,2.25
2024-04-09 01:00,4,1,1,weekday,0,0,40.2,26.3,3.7,9.5,0.0,9.5,-9.5,DEFICIT,4.15,3.2,3.52,2.25
2024-04-09 02:00,4,2,1,weekday,0,0,38.4,23.7,2.9,7.23,0.0,7.23,-7.23,DEFICIT,4.61,3.43,3.92,2.25
2024-04-09 03:00,4,3,1,weekday,0,0,24.2,21.6,3.0,5.27,2.43,7.7,-7.7,DEFICIT,5.14,3.69,4.37,2.25
2024-04-09 04:00,4,4,1,weekday,0,0,47.6,21.1,3.3,5.99,5.25,11.24,-11.24,DEFICIT,4.95,3.6,4.21,2.25
2024-04-09 05:00,4,5,1,weekday,0,0,32.2,23.3,3.6,7.93,5.35,13.27,-13.27,DEFICIT,3.95,3.1,3.36,2.25
2024-04-09 06:00,4,6,1,weekday,34.6,3.49,14.0,26.2,5.3,19.64,0,19.64,-16.15,DEFICIT,5.75,4.0,4.88,2.25
2024-04-09 07:00,4,7,1,weekday,130.5,13.22,22.3,25.4,4.3,27.62,0.0,27.62,-14.41,DEFICIT,5.47,3.86,4.65,2.25
2024-04-09 08:00,4,8,1,weekday,273.9,27.6,31.5,26.6,4.5,27.43,7.46,34.89,-7.29,DEFICIT,5.57,3.91,4.73,2.25
2024-04-09 09:00,4,9,1,weekday,417.8,42.05,18.0,26.9,4.0,16.66,0.0,16.66,25.39,SURPLUS,5.38,3.82,4.57,2.25
2024-04-09 10:00,4,10,1,weekday,585.5,58.76,14.8,27.6,2.9,13.66,0,13.66,45.1,SURPLUS,3.9,3.07,3.31,2.25
2024-04-09 11:00,4,11,1,weekday,603.6,59.63,41.3,31.4,2.9,13.18,0,13.18,46.46,SURPLUS,3.31,2.78,2.82,2.25
2024-04-09 12:00,4,12,1,weekday,717.7,72.38,16.9,26.4,5.5,14.98,0,14.98,57.4,SURPLUS,3.64,2.95,3.1,2.25
2024-04-09 13:00,4,13,1,weekday,630.3,62.41,28.0,30.9,6.1,17.14,0,17.14,45.27,SURPLUS,4.14,3.19,3.52,2.25
2024-04-09 14:00,4,14,1,weekday,602.9,59.06,36.5,33.5,3.3,13.84,0,13.84,45.22,SURPLUS,3.8,3.03,3.23,2.25
2024-04-09 15:00,4,15,1,weekday,494.6,49.04,18.1,30.5,3.9,14.6,0,14.6,34.44,SURPLUS,3.75,3.0,3.19,2.25
2024-04-09 16:00,4,16,1,weekday,290.3,28.72,22.3,31.1,5.1,14.65,0,14.65,14.07,SURPLUS,6.65,4.45,5.66,2.25
2024-04-09 17:00,4,17,1,weekday,142.4,14.17,33.4,29.7,3.1,22.1,0,22.1,-7.93,DEFICIT,6.44,4.34,5.47,2.25
2024-04-09 18:00,4,18,1,weekday,30.8,3.09,38.1,27.0,3.5,25.75,11.28,37.03,-33.94,DEFICIT,6.55,4.4,5.57,2.25
2024-04-09 19:00,4,19,1,weekday,0,0,35.3,27.7,3.8,37.66,6.38,44.04,-44.04,DEFICIT,6.75,4.5,5.74,2.25
2024-04-09 20:00,4,20,1,weekday,0,0,29.9,28.1,3.8,40.41,16.97,57.38,-57.38,DEFICIT,7.05,4.65,5.99,2.25
2024-04-09 21:00,4,21,1,weekday,0,0,21.5,27.1,3.2,28.14,8.88,37.02,-37.02,DEFICIT,7.17,4.71,6.09,2.25
2024-04-09 22:00,4,22,1,weekday,0,0,31.2,25.9,3.8,21.92,17.62,39.54,-39.54,DEFICIT,4.56,3.4,3.87,2.25
2024-04-09 23:00,4,23,1,weekday,0,0,35.9,24.9,3.5,18.27,0,18.27,-18.27,DEFICIT,4.99,3.62,4.24,2.25
2024-04-10 00:00,4,0,2,weekday,0,0,60.1,26.4,3.8,8.3,0.0,8.3,-8.3,DEFICIT,3.75,3.0,3.19,2.25
2024-04-10 01:00,4,1,2,weekday,0,0,45.0,25.5,4.2,8.21,5.23,13.44,-13.44,DEFICIT,4.04,3.14,3.43,2.25
2024-04-10 02:00,4,2,2,weekday,0,0,59.9,26.8,4.0,6.79,4.83,11.62,-11.62,DEFICIT,4.45,3.35,3.79,2.25
2024-04-10 03:00,4,3,2,weekday,0,0,37.3,21.8,2.5,7.04,3.83,10.87,-10.87,DEFICIT,4.47,3.36,3.8,2.25
2024-04-10 04:00,4,4,2,weekday,0,0,43.6,24.7,4.3,6.54,2.2,8.74,-8.74,DEFICIT,4.17,3.21,3.54,2.25
2024-04-10 05:00,4,5,2,weekday,0,0,50.7,21.4,5.0,8.38,5.24,13.62,-13.62,DEFICIT,4.6,3.43,3.91,2.25
2024-04-10 06:00,4,6,2,weekday,54.4,5.52,47.9,21.5,2.9,20.06,0,20.06,-14.55,DEFICIT,5.72,3.98,4.86,2.25
2024-04-10 07:00,4,7,2,weekday,197.0,19.97,44.7,22.1,4.6,29.57,0.0,29.57,-9.59,DEFICIT,6.01,4.13,5.11,2.25
2024-04-10 08:00,4,8,2,weekday,431.4,43.75,46.3,21.9,4.2,19.22,0.0,19.22,24.53,SURPLUS,5.29,3.77,4.5,2.25
2024-04-10 09:00,4,9,2,weekday,550.5,55.53,46.0,26.3,2.4,15.06,0.0,15.06,40.47,SURPLUS,5.4,3.82,4.59,2.25
2024-04-10 10:00,4,10,2,weekday,807.2,80.85,47.0,28.1,2.8,13.7,0,13.7,67.15,SURPLUS,3.57,2.91,3.04,2.25
2024-04-10 11:00,4,11,2,weekday,862.8,85.96,58.5,29.4,5.2,13.44,0,13.44,72.51,SURPLUS,3.95,3.1,3.36,2.25
2024-04-10 12:00,4,12,2,weekday,1115.6,109.66,57.2,32.6,5.3,18.49,0,18.49,91.17,SURPLUS,3.99,3.12,3.39,2.25
2024-04-10 13:00,4,13,2,weekday,780.8,77.0,67.5,31.9,4.8,14.66,0,14.66,62.33,SURPLUS,4.06,3.15,3.45,2.25
2024-04-10 14:00,4,14,2,weekday,957.1,95.04,55.2,30.2,4.7,15.61,0,15.61,79.43,SURPLUS,3.81,3.03,3.24,2.25
2024-04-10 15:00,4,15,2,weekday,643.2,63.77,54.3,30.6,4.6,19.03,0,19.03,44.74,SURPLUS,3.72,2.98,3.16,2.25
2024-04-10 16:00,4,16,2,weekday,481.2,47.89,45.7,29.6,3.8,16.7,0,16.7,31.2,SURPLUS,6.87,4.56,5.84,2.25
2024-04-10 17:00,4,17,2,weekday,242.6,24.23,40.5,28.7,4.0,21.75,0,21.75,2.49,BALANCED,7.02,4.64,5.97,2.25
2024-04-10 18:00,4,18,2,weekday,54.5,5.38,54.4,31.5,5.0,33.41,19.64,53.05,-47.67,DEFICIT,6.78,4.51,5.76,2.25
2024-04-10 19:00,4,19,2,weekday,0,0,45.4,25.4,4.2,45.96,12.78,58.74,-58.74,DEFICIT,6.96,4.61,5.92,2.25
2024-04-10 20:00,4,20,2,weekday,0,0,37.3,27.8,3.2,41.93,19.32,61.25,-61.25,DEFICIT,6.46,4.36,5.49,2.25
2024-04-10 21:00,4,21,2,weekday,0,0,41.4,28.5,3.2,26.68,6.56,33.24,-33.24,DEFICIT,7.05,4.65,5.99,2.25
2024-04-10 22:00,4,22,2,weekday,0,0,53.6,23.2,3.3,20.34,13.84,34.18,-34.18,DEFICIT,4.26,3.25,3.62,2.25
2024-04-10 23:00,4,23,2,weekday,0,0,61.8,25.6,4.6,13.93,0,13.93,-13.93,DEFICIT,4.23,3.24,3.6,2.25
2024-04-11 00:00,4,0,3,weekday,0,0,30.1,25.0,3.0,8.55,0.0,8.55,-8.55,DEFICIT,5.06,3.66,4.3,2.25
2024-04-11 01:00,4,1,3,weekday,0,0,33.2,23.4,4.0,8.32,2.73,11.05,-11.05,DEFICIT,4.52,3.39,3.85,2.25
2024-04-11 02:00,4,2,3,weekday,0,0,46.3,21.7,3.6,6.75,0.0,6.75,-6.75,DEFICIT,4.28,3.27,3.64,2.25
2024-04-11 03:00,4,3,3,weekday,0,0,32.2,21.7,4.2,6.13,0.0,6.13,-6.13,DEFICIT,5.0,3.62,4.25,2.25
2024-04-11 04:00,4,4,3,weekday,0,0,39.8,21.0,3.2,6.15,0.0,6.15,-6.15,DEFICIT,4.09,3.17,3.48,2.25
2024-04-11 05:00,4,5,3,weekday,0,0,31.8,24.3,4.6,8.53,3.78,12.31,-12.31,DEFICIT,4.12,3.18,3.5,2.25
2024-04-11 06:00,4,6,3,weekday,38.2,3.88,37.0,24.0,2.3,19.54,0,19.54,-15.66,DEFICIT,5.36,3.81,4.56,2.25
2024-04-11 07:00,4,7,3,weekday,156.9,15.71,22.8,28.1,3.7,31.09,18.8,49.89,-34.18,DEFICIT,6.06,4.15,5.15,2.25
2024-04-11 08:00,4,8,3,weekday,263.2,26.58,36.0,26.0,4.2,24.52,0.0,24.52,2.06,BALANCED,5.87,4.06,4.99,2.25
2024-04-11 09:00,4,9,3,weekday,501.2,50.37,34.7,27.2,3.2,17.47,19.94,37.41,12.95,SURPLUS,5.47,3.86,4.65,2.25
2024-04-11 10:00,4,10,3,weekday,583.8,58.56,45.9,27.7,4.9,17.21,0,17.21,41.35,SURPLUS,3.98,3.11,3.38,2.25
2024-04-11 11:00,4,11,3,weekday,690.0,68.04,42.6,31.9,3.6,12.83,0,12.83,55.21,SURPLUS,3.7,2.97,3.14,2.25
2024-04-11 12:00,4,12,3,weekday,803.7,79.04,12.6,32.5,4.5,16.14,0,16.14,62.91,SURPLUS,4.02,3.13,3.41,2.25
2024-04-11 13:00,4,13,3,weekday,708.8,70.12,28.6,31.1,3.0,15.46,0,15.46,54.67,SURPLUS,4.2,3.22,3.57,2.25
2024-04-11 14:00,4,14,3,weekday,554.4,54.41,36.0,33.0,5.3,16.79,0,16.79,37.62,SURPLUS,4.04,3.15,3.44,2.25
2024-04-11 15:00,4,15,3,weekday,492.2,49.05,30.8,29.3,4.4,13.23,0,13.23,35.82,SURPLUS,4.25,3.25,3.62,2.25
2024-04-11 16:00,4,16,3,weekday,326.5,32.13,33.1,32.4,5.3,16.67,0,16.67,15.46,SURPLUS,6.92,4.59,5.88,2.25
2024-04-11 17:00,4,17,3,weekday,186.7,18.68,24.5,28.4,4.0,24.86,0,24.86,-6.18,DEFICIT,7.0,4.63,5.95,2.25
2024-04-11 18:00,4,18,3,weekday,43.5,4.39,31.0,26.1,4.5,26.98,18.86,45.84,-41.45,DEFICIT,6.74,4.5,5.73,2.25
2024-04-11 19:00,4,19,3,weekday,0,0,43.6,26.9,2.9,37.1,0.0,37.1,-37.1,DEFICIT,6.95,4.6,5.91,2.25
2024-04-11 20:00,4,20,3,weekday,0,0,32.2,26.1,1.9,42.86,7.29,50.15,-50.15,DEFICIT,6.26,4.25,5.32,2.25
2024-04-11 21:00,4,21,3,weekday,0,0,35.6,25.0,5.5,26.58,11.13,37.71,-37.71,DEFICIT,6.99,4.62,5.94,2.25
2024-04-11 22:00,4,22,3,weekday,0,0,24.9,27.2,4.1,16.54,0.0,16.54,-16.54,DEFICIT,4.23,3.24,3.6,2.25
2024-04-11 23:00,4,23,3,weekday,0,0,33.4,25.8,5.5,14.47,0,14.47,-14.47,DEFICIT,4.27,3.26,3.63,2.25
2024-04-12 00:00,4,0,4,weekday,0,0,59.3,25.3,2.8,9.76,0.0,9.76,-9.76,DEFICIT,4.82,3.53,4.09,2.25
2024-04-12 01:00,4,1,4,weekday,0,0,33.5,25.5,2.7,8.04,4.57,12.61,-12.61,DEFICIT,4.45,3.35,3.78,2.25
2024-04-12 02:00,4,2,4,weekday,0,0,36.7,23.2,2.6,7.41,0.0,7.41,-7.41,DEFICIT,4.08,3.16,3.46,2.25
2024-04-12 03:00,4,3,4,weekday,0,0,48.9,24.1,4.7,5.73,5.16,10.89,-10.89,DEFICIT,4.45,3.35,3.78,2.25
2024-04-12 04:00,4,4,4,weekday,0,0,34.3,19.9,3.5,5.3,0.0,5.3,-5.3,DEFICIT,4.31,3.28,3.67,2.25
2024-04-12 05:00,4,5,4,weekday,0,0,31.2,23.0,3.0,10.02,4.13,14.14,-14.14,DEFICIT,4.73,3.49,4.02,2.25
2024-04-12 06:00,4,6,4,weekday,45.7,4.63,46.8,23.6,4.3,23.24,0,23.24,-18.61,DEFICIT,5.93,4.09,5.04,2.25
2024-04-12 07:00,4,7,4,weekday,155.2,15.74,27.4,25.0,3.8,26.62,4.65,31.27,-15.53,DEFICIT,5.94,4.09,5.05,2.25
2024-04-12 08:00,4,8,4,weekday,338.1,34.17,36.1,25.8,2.9,24.5,0.0,24.5,9.67,SURPLUS,6.45,4.35,5.48,2.25
2024-04-12 09:00,4,9,4,weekday,561.6,55.7,37.1,30.5,3.0,15.74,0.0,15.74,39.95,SURPLUS,5.02,3.63,4.26,2.25
2024-04-12 10:00,4,10,4,weekday,605.2,60.75,37.1,27.5,4.8,14.33,0,14.33,46.43,SURPLUS,3.96,3.11,3.37,2.25
2024-04-12 11:00,4,11,4,weekday,769.6,75.76,48.3,32.3,4.4,13.87,0,13.87,61.89,SURPLUS,3.84,3.05,3.27,2.25
2024-04-12 12:00,4,12,4,weekday,847.6,83.96,30.8,30.8,4.1,16.05,0,16.05,67.91,SURPLUS,4.1,3.18,3.49,2.25
2024-04-12 13:00,4,13,4,weekday,771.3,76.56,29.4,30.3,2.9,13.99,0,13.99,62.56,SURPLUS,3.51,2.88,2.98,2.25
2024-04-12 14:00,4,14,4,weekday,708.2,69.53,38.4,32.9,4.3,15.05,0,15.05,54.48,SURPLUS,3.87,3.06,3.29,2.25
2024-04-12 15:00,4,15,4,weekday,520.9,51.19,35.2,32.8,2.5,13.83,0,13.83,37.36,SURPLUS,3.55,2.9,3.02,2.25
2024-04-12 16:00,4,16,4,weekday,349.3,34.38,43.0,32.3,5.6,18.3,0,18.3,16.08,SURPLUS,6.36,4.3,5.41,2.25
2024-04-12 17:00,4,17,4,weekday,200.2,19.8,29.1,31.1,4.0,25.52,0,25.52,-5.72,DEFICIT,7.07,4.66,6.01,2.25
2024-04-12 18:00,4,18,4,weekday,39.4,3.92,25.8,29.6,4.3,33.93,0.0,33.93,-30.01,DEFICIT,6.81,4.53,5.79,2.25
2024-04-12 19:00,4,19,4,weekday,0,0,56.7,24.0,3.8,38.72,15.81,54.53,-54.53,DEFICIT,7.06,4.66,6.0,2.25
2024-04-12 20:00,4,20,4,weekday,0,0,42.7,26.6,3.5,31.9,15.64,47.54,-47.54,DEFICIT,6.84,4.55,5.81,2.25
2024-04-12 21:00,4,21,4,weekday,0,0,31.2,25.9,2.4,27.19,0.0,27.19,-27.19,DEFICIT,6.92,4.59,5.88,2.25
2024-04-12 22:00,4,22,4,weekday,0,0,29.9,28.1,3.8,19.67,16.96,36.62,-36.62,DEFICIT,4.83,3.54,4.11,2.25
2024-04-12 23:00,4,23,4,weekday,0,0,51.4,26.0,3.3,13.99,0,13.99,-13.99,DEFICIT,4.17,3.21,3.54,2.25
2024-04-13 00:00,4,0,5,weekend,0,0,38.8,24.3,2.5,10.02,4.04,14.06,-14.06,DEFICIT,4.66,3.46,3.96,2.25
2024-04-13 01:00,4,1,5,weekend,0,0,45.8,22.1,3.1,8.69,4.22,12.91,-12.91,DEFICIT,4.58,3.41,3.89,2.25
2024-04-13 02:00,4,2,5,weekend,0,0,26.9,21.5,3.5,7.0,0.0,7.0,-7.0,DEFICIT,4.45,3.35,3.78,2.25
2024-04-13 03:00,4,3,5,weekend,0,0,36.5,25.0,2.7,6.87,2.21,9.08,-9.08,DEFICIT,4.6,3.43,3.91,2.25
2024-04-13 04:00,4,4,5,weekend,0,0,26.8,21.1,5.0,5.48,0.0,5.48,-5.48,DEFICIT,4.23,3.24,3.6,2.25
2024-04-13 05:00,4,5,5,weekend,0,0,38.5,22.8,4.5,9.55,3.69,13.24,-13.24,DEFICIT,4.85,3.55,4.13,2.25
2024-04-13 06:00,4,6,5,weekend,36.7,3.72,27.6,21.0,3.3,26.34,0,26.34,-22.61,DEFICIT,6.32,4.28,5.37,2.25
2024-04-13 07:00,4,7,5,weekend,145.3,14.7,11.1,25.6,2.1,30.49,0.0,30.49,-15.8,DEFICIT,5.57,3.91,4.73,2.25
2024-04-13 08:00,4,8,5,weekend,306.3,30.75,32.8,27.5,3.1,27.34,0.0,27.34,3.41,BALANCED,5.96,4.11,5.07,2.25
2024-04-13 09:00,4,9,5,weekend,458.0,46.22,25.1,26.2,4.8,19.65,0.0,19.65,26.57,SURPLUS,5.49,3.87,4.66,2.25
2024-04-13 10:00,4,10,5,weekend,546.3,54.12,30.3,30.8,4.0,16.62,0,16.62,37.49,SURPLUS,4.05,3.15,3.45,2.25
2024-04-13 11:00,4,11,5,weekend,673.6,67.24,28.9,28.9,4.4,12.81,0,12.81,54.43,SURPLUS,4.0,3.13,3.4,2.25
2024-04-13 12:00,4,12,5,weekend,726.8,71.88,27.2,31.2,5.8,20.59,0,20.59,51.3,SURPLUS,3.66,2.95,3.11,2.25
2024-04-13 13:00,4,13,5,weekend,752.7,75.12,34.8,29.0,3.9,19.91,0,19.91,55.2,SURPLUS,4.21,3.23,3.58,2.25
2024-04-13 14:00,4,14,5,weekend,683.8,66.81,45.5,34.1,3.3,18.05,0,18.05,48.76,SURPLUS,3.79,3.02,3.22,2.25
2024-04-13 15:00,4,15,5,weekend,481.0,47.46,30.6,31.7,2.8,19.51,0,19.51,27.95,SURPLUS,4.05,3.15,3.44,2.25
2024-04-13 16:00,4,16,5,weekend,321.5,31.64,30.8,32.4,4.7,21.43,0,21.43,10.2,SURPLUS,6.99,4.62,5.95,2.25
2024-04-13 17:00,4,17,5,weekend,153.1,15.2,37.8,30.2,3.1,26.26,0,26.26,-11.06,DEFICIT,6.7,4.48,5.7,2.25
2024-04-13 18:00,4,18,5,weekend,32.4,3.23,33.6,28.9,1.9,37.29,6.39,43.68,-40.45,DEFICIT,6.78,4.51,5.76,2.25
2024-04-13 19:00,4,19,5,weekend,0,0,58.3,28.9,5.2,54.94,11.07,66.01,-66.01,DEFICIT,7.11,4.68,6.05,2.25
2024-04-13 20:00,4,20,5,weekend,0,0,42.5,28.7,4.9,38.68,0.0,38.68,-38.68,DEFICIT,6.07,4.16,5.16,2.25
2024-04-13 21:00,4,21,5,weekend,0,0,25.0,24.0,2.8,32.83,0.0,32.83,-32.83,DEFICIT,6.71,4.48,5.7,2.25
2024-04-13 22:00,4,22,5,weekend,0,0,42.7,23.1,4.5,23.21,11.59,34.79,-34.79,DEFICIT,4.32,3.28,3.67,2.25
2024-04-13 23:00,4,23,5,weekend,0,0,39.8,24.4,3.9,14.59,0,14.59,-14.59,DEFICIT,4.61,3.43,3.92,2.25
2024-04-14 00:00,4,0,6,weekend,0,0,62.0,24.6,5.0,11.79,4.07,15.86,-15.86,DEFICIT,4.49,3.37,3.82,2.25
2024-04-14 01:00,4,1,6,weekend,0,0,68.4,23.2,4.0,8.59,3.55,12.13,-12.13,DEFICIT,4.3,3.28,3.66,2.25
2024-04-14 02:00,4,2,6,weekend,0,0,67.1,22.9,3.2,7.6,4.78,12.38,-12.38,DEFICIT,4.36,3.31,3.71,2.25
2024-04-14 03:00,4,3,6,weekend,0,0,69.3,20.7,5.2,6.48,0.0,6.48,-6.48,DEFICIT,4.58,3.41,3.89,2.25
2024-04-14 04:00,4,4,6,weekend,0,0,57.2,23.8,3.7,6.94,0.0,6.94,-6.94,DEFICIT,3.99,3.12,3.39,2.25
2024-04-14 05:00,4,5,6,weekend,0,0,64.6,24.1,2.8,8.58,0.0,8.58,-8.58,DEFICIT,5.08,3.66,4.31,2.25
2024-04-14 06:00,4,6,6,weekend,68.3,6.92,72.9,24.5,4.0,22.62,0,22.62,-15.69,DEFICIT,5.78,4.02,4.91,2.25
2024-04-14 07:00,4,7,6,weekend,260.7,26.34,50.4,25.9,4.5,32.2,0.0,32.2,-5.86,DEFICIT,5.75,4.0,4.88,2.25
2024-04-14 08:00,4,8,6,weekend,532.8,53.3,58.9,28.3,4.1,30.36,10.16,40.52,12.78,SURPLUS,6.12,4.19,5.2,2.25
2024-04-14 09:00,4,9,6,weekend,710.2,72.01,50.7,24.5,3.6,19.29,6.43,25.71,46.3,SURPLUS,5.86,4.06,4.98,2.25
2024-04-14 10:00,4,10,6,weekend,1013.5,101.34,64.4,28.5,3.2,16.28,0,16.28,85.07,SURPLUS,4.07,3.16,3.46,2.25
2024-04-14 11:00,4,11,6,weekend,1200.6,119.66,51.8,29.3,3.3,17.04,0,17.04,102.62,SURPLUS,3.85,3.05,3.27,2.25
2024-04-14 12:00,4,12,6,weekend,1337.5,131.71,47.3,32.2,3.7,17.69,0,17.69,114.03,SURPLUS,3.81,3.03,3.24,2.25
2024-04-14 13:00,4,13,6,weekend,1165.5,116.07,57.4,29.5,4.4,14.67,0,14.67,101.4,SURPLUS,3.29,2.77,2.8,2.25
2024-04-14 14:00,4,14,6,weekend,942.4,92.57,58.8,32.8,5.9,17.46,0,17.46,75.11,SURPLUS,3.92,3.09,3.34,2.25
2024-04-14 15:00,4,15,6,weekend,818.2,80.61,56.7,32.1,4.2,18.46,0,18.46,62.15,SURPLUS,4.22,3.24,3.59,2.25
2024-04-14 16:00,4,16,6,weekend,549.2,53.91,61.0,33.0,4.7,20.75,0,20.75,33.16,SURPLUS,6.74,4.5,5.73,2.25
2024-04-14 17:00,4,17,6,weekend,259.4,25.77,71.5,30.1,4.9,25.41,0,25.41,0.35,BALANCED,6.96,4.61,5.92,2.25
2024-04-14 18:00,4,18,6,weekend,65.3,6.52,56.9,28.9,4.4,41.57,19.63,61.2,-54.68,DEFICIT,7.03,4.64,5.97,2.25
2024-04-14 19:00,4,19,6,weekend,0,0,63.7,26.5,3.8,50.12,0.0,50.12,-50.12,DEFICIT,6.41,4.33,5.45,2.25
2024-04-14 20:00,4,20,6,weekend,0,0,66.1,27.1,3.7,38.19,21.63,59.82,-59.82,DEFICIT,6.54,4.4,5.56,2.25
2024-04-14 21:00,4,21,6,weekend,0,0,61.9,23.9,4.9,31.08,11.48,42.56,-42.56,DEFICIT,6.75,4.5,5.74,2.25
2024-04-14 22:00,4,22,6,weekend,0,0,59.4,25.6,3.3,23.14,8.05,31.19,-31.19,DEFICIT,3.84,3.05,3.27,2.25
2024-04-14 23:00,4,23,6,weekend,0,0,59.8,23.7,2.8,15.59,0,15.59,-15.59,DEFICIT,4.55,3.4,3.87,2.25
2024-04-15 00:00,4,0,0,weekday,0,0,41.5,26.8,3.8,7.91,0.0,7.91,-7.91,DEFICIT,4.97,3.61,4.23,2.25
2024-04-15 01:00,4,1,0,weekday,0,0,39.2,23.8,3.4,6.91,0.0,6.91,-6.91,DEFICIT,4.55,3.4,3.87,2.25
2024-04-15 02:00,4,2,0,weekday,0,0,41.0,23.6,4.0,5.63,2.33,7.96,-7.96,DEFICIT,3.98,3.12,3.38,2.25
2024-04-15 03:00,4,3,0,weekday,0,0,37.5,20.8,5.5,5.11,5.18,10.29,-10.29,DEFICIT,4.36,3.31,3.71,2.25
2024-04-15 04:00,4,4,0,weekday,0,0,33.4,22.0,3.6,5.9,2.61,8.52,-8.52,DEFICIT,3.84,3.05,3.27,2.25
2024-04-15 05:00,4,5,0,weekday,0,0,42.8,22.4,5.7,8.61,0.0,8.61,-8.61,DEFICIT,4.25,3.25,3.61,2.25
2024-04-15 06:00,4,6,0,weekday,43.3,4.37,29.1,26.2,4.7,22.63,0,22.63,-18.25,DEFICIT,5.73,3.99,4.87,2.25
2024-04-15 07:00,4,7,0,weekday,135.2,13.57,40.1,27.5,3.8,32.88,8.65,41.53,-27.95,DEFICIT,6.24,4.25,5.31,2.25
2024-04-15 08:00,4,8,0,weekday,350.7,35.28,41.9,27.0,4.2,21.96,9.94,31.9,3.38,BALANCED,6.1,4.17,5.18,2.25
2024-04-15 09:00,4,9,0,weekday,483.3,48.84,40.3,25.9,4.2,14.57,0.0,14.57,34.26,SURPLUS,5.42,3.84,4.61,2.25
2024-04-15 10:00,4,10,0,weekday,571.7,56.76,39.2,30.2,3.4,14.5,0,14.5,42.26,SURPLUS,3.95,3.1,3.36,2.25
2024-04-15 11:00,4,11,0,weekday,735.9,72.6,42.9,31.8,3.9,14.22,0,14.22,58.38,SURPLUS,4.08,3.17,3.47,2.25
2024-04-15 12:00,4,12,0,weekday,972.3,96.2,32.4,31.0,4.8,14.43,0,14.43,81.77,SURPLUS,3.87,3.06,3.29,2.25
2024-04-15 13:00,4,13,0,weekday,764.8,75.45,34.7,31.8,6.5,15.74,0,15.74,59.71,SURPLUS,3.4,2.83,2.89,2.25
2024-04-15 14:00,4,14,0,weekday,714.7,70.38,37.4,32.2,4.7,12.06,0,12.06,58.32,SURPLUS,4.11,3.18,3.49,2.25
2024-04-15 15:00,4,15,0,weekday,509.6,50.26,41.4,31.8,4.9,14.58,0,14.58,35.68,SURPLUS,3.63,2.94,3.09,2.25
2024-04-15 16:00,4,16,0,weekday,384.2,37.71,50.6,33.1,4.3,20.32,0,20.32,17.38,SURPLUS,7.46,4.85,6.34,2.25
2024-04-15 17:00,4,17,0,weekday,172.8,17.36,40.4,27.4,4.8,23.54,0,23.54,-6.18,DEFICIT,7.13,4.69,6.06,2.25
2024-04-15 18:00,4,18,0,weekday,40.8,4.05,24.4,30.2,4.7,35.8,14.43,50.23,-46.17,DEFICIT,6.63,4.44,5.63,2.25
2024-04-15 19:00,4,19,0,weekday,0,0,45.1,28.0,3.1,40.18,0.0,40.18,-40.18,DEFICIT,6.62,4.44,5.63,2.25
2024-04-15 20:00,4,20,0,weekday,0,0,46.4,27.2,3.5,35.23,21.82,57.05,-57.05,DEFICIT,7.16,4.7,6.08,2.25
2024-04-15 21:00,4,21,0,weekday,0,0,52.7,24.3,5.0,31.27,6.74,38.01,-38.01,DEFICIT,7.16,4.7,6.08,2.25
2024-04-15 22:00,4,22,0,weekday,0,0,39.6,25.3,4.3,22.51,6.04,28.55,-28.55,DEFICIT,4.64,3.44,3.94,2.25
2024-04-15 23:00,4,23,0,weekday,0,0,44.0,22.5,4.5,15.82,0,15.82,-15.82,DEFICIT,4.22,3.23,3.59,2.25
2024-04-16 00:00,4,0,1,weekday,0,0,15.5,23.8,2.6,8.88,0.0,8.88,-8.88,DEFICIT,4.37,3.31,3.72,2.25
2024-04-16 01:00,4,1,1,weekday,0,0,25.1,24.1,3.5,7.77,4.09,11.86,-11.86,DEFICIT,3.72,2.98,3.16,2.25
2024-04-16 02:00,4,2,1,weekday,0,0,23.7,24.2,4.9,6.45,0.0,6.45,-6.45,DEFICIT,4.74,3.5,4.03,2.25
2024-04-16 03:00,4,3,1,weekday,0,0,0,23.3,2.4,6.04,0.0,6.04,-6.04,DEFICIT,4.91,3.58,4.17,2.25
2024-04-16 04:00,4,4,1,weekday,0,0,27.5,22.3,5.2,5.54,3.26,8.8,-8.8,DEFICIT,4.52,3.39,3.85,2.25
2024-04-16 05:00,4,5,1,weekday,0,0,6.8,25.0,2.4,5.71,0.0,5.71,-5.71,DEFICIT,4.5,3.38,3.83,2.25
2024-04-16 06:00,4,6,1,weekday,17.1,1.73,19.4,25.6,3.1,19.87,0,19.87,-18.14,DEFICIT,5.4,3.82,4.59,2.25
2024-04-16 07:00,4,7,1,weekday,57.6,5.82,27.7,25.6,4.1,31.38,5.45,36.82,-31.0,DEFICIT,6.24,4.24,5.3,2.25
2024-04-16 08:00,4,8,1,weekday,135.0,13.62,0,26.4,4.6,20.6,0.0,20.6,-6.98,DEFICIT,6.07,4.16,5.16,2.25
2024-04-16 09:00,4,9,1,weekday,203.5,20.43,12.8,27.5,4.2,15.79,0.0,15.79,4.63,BALANCED,5.25,3.75,4.46,2.25
2024-04-16 10:00,4,10,1,weekday,233.4,23.3,28.5,28.9,4.7,15.95,0,15.95,7.36,SURPLUS,4.02,3.13,3.42,2.25
2024-04-16 11:00,4,11,1,weekday,350.7,35.12,30.3,28.1,3.7,13.17,0,13.17,21.95,SURPLUS,3.66,2.96,3.11,2.25
2024-04-16 12:00,4,12,1,weekday,372.2,36.48,8.0,33.3,3.6,15.71,0,15.71,20.77,SURPLUS,4.03,3.14,3.43,2.25
2024-04-16 13:00,4,13,1,weekday,322.5,31.82,16.4,31.7,4.9,14.9,0,14.9,16.92,SURPLUS,3.71,2.98,3.16,2.25
2024-04-16 14:00,4,14,1,weekday,263.2,25.75,12.6,33.8,3.6,14.12,0,14.12,11.63,SURPLUS,3.44,2.85,2.93,2.25
2024-04-16 15:00,4,15,1,weekday,220.1,21.68,29.5,32.2,4.0,12.97,0,12.97,8.71,SURPLUS,3.93,3.09,3.34,2.25
2024-04-16 16:00,4,16,1,weekday,161.1,16.03,2.6,29.7,4.9,17.61,0,17.61,-1.59,BALANCED,6.62,4.43,5.63,2.25
2024-04-16 17:00,4,17,1,weekday,91.0,8.92,20.9,33.3,2.1,20.7,0,20.7,-11.79,DEFICIT,6.94,4.6,5.9,2.25
2024-04-16 18:00,4,18,1,weekday,21.3,2.12,17.1,29.4,4.8,32.55,11.74,44.28,-42.16,DEFICIT,6.66,4.46,5.66,2.25
2024-04-16 19:00,4,19,1,weekday,0,0,4.5,27.9,3.2,39.93,11.15,51.08,-51.08,DEFICIT,6.94,4.6,5.9,2.25
2024-04-16 20:00,4,20,1,weekday,0,0,20.4,27.7,5.4,29.24,20.26,49.49,-49.49,DEFICIT,7.08,4.66,6.02,2.25
2024-04-16 21:00,4,21,1,weekday,0,0,17.9,24.9,2.1,24.37,5.96,30.33,-30.33,DEFICIT,7.11,4.68,6.05,2.25
2024-04-16 22:00,4,22,1,weekday,0,0,17.0,23.8,3.4,20.95,19.57,40.52,-40.52,DEFICIT,4.55,3.4,3.87,2.25
2024-04-16 23:00,4,23,1,weekday,0,0,37.8,23.6,4.3,13.07,0,13.07,-13.07,DEFICIT,4.62,3.44,3.93,2.25
2024-04-17 00:00,4,0,2,weekday,0,0,30.7,26.7,2.8,9.37,2.69,12.06,-12.06,DEFICIT,4.71,3.48,4.0,2.25
2024-04-17 01:00,4,1,2,weekday,0,0,47.2,24.9,3.2,8.42,0.0,8.42,-8.42,DEFICIT,4.73,3.49,4.02,2.25
2024-04-17 02:00,4,2,2,weekday,0,0,35.4,23.1,2.6,8.1,3.03,11.13,-11.13,DEFICIT,4.26,3.26,3.62,2.25
2024-04-17 03:00,4,3,2,weekday,0,0,42.6,24.1,4.5,5.22,0.0,5.22,-5.22,DEFICIT,3.62,2.94,3.08,2.25
2024-04-17 04:00,4,4,2,weekday,0,0,43.4,22.8,3.5,5.82,0.0,5.82,-5.82,DEFICIT,3.81,3.03,3.24,2.25
2024-04-17 05:00,4,5,2,weekday,0,0,15.6,22.3,3.5,6.75,3.02,9.77,-9.77,DEFICIT,4.58,3.42,3.9,2.25
2024-04-17 06:00,4,6,2,weekday,35.8,3.63,34.1,23.9,6.2,20.25,0,20.25,-16.62,DEFICIT,6.57,4.41,5.58,2.25
2024-04-17 07:00,4,7,2,weekday,111.9,11.31,36.8,25.9,4.7,30.8,0.0,30.8,-19.49,DEFICIT,6.5,4.37,5.52,2.25
2024-04-17 08:00,4,8,2,weekday,238.5,23.8,32.5,29.0,4.9,25.34,9.83,35.17,-11.38,DEFICIT,5.5,3.87,4.67,2.25
2024-04-17 09:00,4,9,2,weekday,382.1,38.49,38.9,26.6,3.2,17.03,20.71,37.74,0.75,BALANCED,5.58,3.92,4.74,2.25
2024-04-17 10:00,4,10,2,weekday,508.7,50.86,37.5,28.5,2.3,12.26,0,12.26,38.6,SURPLUS,3.87,3.06,3.29,2.25
2024-04-17 11:00,4,11,2,weekday,578.0,57.26,12.8,30.7,2.5,11.26,0,11.26,46.0,SURPLUS,3.66,2.95,3.11,2.25
2024-04-17 12:00,4,12,2,weekday,699.1,69.44,36.4,30.1,5.2,14.51,0,14.51,54.92,SURPLUS,4.17,3.21,3.54,2.25
2024-04-17 13:00,4,13,2,weekday,606.6,60.78,29.5,28.0,5.2,15.35,0,15.35,45.43,SURPLUS,3.78,3.01,3.21,2.25
2024-04-17 14:00,4,14,2,weekday,565.8,55.88,36.2,31.5,2.5,13.11,0,13.11,42.77,SURPLUS,3.19,2.72,2.71,2.25
2024-04-17 15:00,4,15,2,weekday,399.7,38.93,22.9,34.9,4.4,15.55,0,15.55,23.37,SURPLUS,3.52,2.89,3.0,2.25
2024-04-17 16:00,4,16,2,weekday,335.0,33.33,25.8,29.7,5.7,16.85,0,16.85,16.48,SURPLUS,6.34,4.29,5.39,2.25
2024-04-17 17:00,4,17,2,weekday,160.8,15.91,44.1,31.0,3.9,26.2,0,26.2,-10.29,DEFICIT,6.96,4.61,5.92,2.25
2024-04-17 18:00,4,18,2,weekday,33.3,3.35,39.2,26.7,4.4,33.24,12.35,45.59,-42.24,DEFICIT,6.84,4.54,5.81,2.25
2024-04-17 19:00,4,19,2,weekday,0,0,29.7,26.8,3.3,36.86,10.68,47.53,-47.53,DEFICIT,6.75,4.5,5.73,2.25
2024-04-17 20:00,4,20,2,weekday,0,0,26.6,26.8,3.5,38.2,0.0,38.2,-38.2,DEFICIT,6.43,4.34,5.46,2.25
2024-04-17 21:00,4,21,2,weekday,0,0,29.2,26.9,3.9,32.53,0.0,32.53,-32.53,DEFICIT,6.44,4.35,5.48,2.25
2024-04-17 22:00,4,22,2,weekday,0,0,29.0,25.0,5.2,18.33,6.28,24.61,-24.61,DEFICIT,4.71,3.48,4.0,2.25
2024-04-17 23:00,4,23,2,weekday,0,0,29.4,25.8,3.7,14.79,0,14.79,-14.79,DEFICIT,4.4,3.32,3.74,2.25
2024-04-18 00:00,4,0,3,weekday,0,0,49.9,25.5,3.7,10.67,3.01,13.68,-13.68,DEFICIT,4.31,3.28,3.66,2.25
2024-04-18 01:00,4,1,3,weekday,0,0,33.9,25.0,3.7,7.65,2.78,10.43,-10.43,DEFICIT,5.09,3.67,4.33,2.25
2024-04-18 02:00,4,2,3,weekday,0,0,54.6,22.6,3.3,6.82,5.16,11.99,-11.99,DEFICIT,4.21,3.23,3.58,2.25
2024-04-18 03:00,4,3,3,weekday,0,0,38.4,23.3,3.0,6.12,3.5,9.62,-9.62,DEFICIT,4.41,3.33,3.75,2.25
2024-04-18 04:00,4,4,3,weekday,0,0,39.8,23.5,3.9,6.62,0.0,6.62,-6.62,DEFICIT,4.27,3.26,3.63,2.25
2024-04-18 05:00,4,5,3,weekday,0,0,38.1,21.8,4.3,8.56,0.0,8.56,-8.56,DEFICIT,4.75,3.5,4.03,2.25
2024-04-18 06:00,4,6,3,weekday,43.2,4.38,36.8,19.5,5.6,22.75,0,22.75,-18.37,DEFICIT,5.35,3.8,4.55,2.25
2024-04-18 07:00,4,7,3,weekday,161.9,16.4,36.7,25.2,4.1,32.55,0.0,32.55,-16.15,DEFICIT,6.05,4.15,5.14,2.25
2024-04-18 08:00,4,8,3,weekday,341.4,34.05,37.1,29.1,5.1,27.31,14.75,42.06,-8.01,DEFICIT,5.71,3.98,4.85,2.25
2024-04-18 09:00,4,9,3,weekday,502.6,49.62,38.9,31.6,4.0,16.73,6.0,22.74,26.89,SURPLUS,6.09,4.17,5.18,2.25
2024-04-18 10:00,4,10,3,weekday,771.9,76.59,51.0,30.4,3.4,13.25,0,13.25,63.34,SURPLUS,3.71,2.98,3.16,2.25
2024-04-18 11:00,4,11,3,weekday,690.0,68.4,32.4,30.6,3.4,10.25,0,10.25,58.15,SURPLUS,3.42,2.83,2.91,2.25
2024-04-18 12:00,4,12,3,weekday,1008.7,99.93,34.9,30.7,4.6,16.69,0,16.69,83.24,SURPLUS,3.47,2.86,2.95,2.25
2024-04-18 13:00,4,13,3,weekday,754.7,75.11,44.0,29.6,5.0,16.64,0,16.64,58.46,SURPLUS,3.79,3.02,3.22,2.25
2024-04-18 14:00,4,14,3,weekday,726.5,71.84,46.5,31.2,3.9,11.03,0,11.03,60.81,SURPLUS,4.06,3.15,3.45,2.25
2024-04-18 15:00,4,15,3,weekday,507.2,49.99,45.3,32.0,3.5,15.74,0,15.74,34.25,SURPLUS,4.13,3.19,3.51,2.25
2024-04-18 16:00,4,16,3,weekday,393.4,38.91,41.0,31.2,4.8,17.63,0,17.63,21.28,SURPLUS,6.96,4.6,5.91,2.25
2024-04-18 17:00,4,17,3,weekday,215.2,21.38,35.7,30.0,3.3,23.56,0,23.56,-2.18,BALANCED,6.98,4.61,5.93,2.25
2024-04-18 18:00,4,18,3,weekday,41.6,4.14,45.0,29.7,4.0,34.72,10.41,45.13,-40.99,DEFICIT,6.44,4.35,5.47,2.25
2024-04-18 19:00,4,19,3,weekday,0,0,55.7,26.6,3.5,43.82,21.15,64.97,-64.97,DEFICIT,6.72,4.49,5.71,2.25
2024-04-18 20:00,4,20,3,weekday,0,0,33.7,26.4,3.8,39.01,7.28,46.29,-46.29,DEFICIT,6.8,4.53,5.78,2.25
2024-04-18 21:00,4,21,3,weekday,0,0,48.9,25.0,5.9,28.42,6.28,34.7,-34.7,DEFICIT,7.25,4.75,6.16,2.25
2024-04-18 22:00,4,22,3,weekday,0,0,54.3,26.6,4.2,19.77,13.79,33.57,-33.57,DEFICIT,4.72,3.48,4.01,2.25
2024-04-18 23:00,4,23,3,weekday,0,0,37.3,26.4,2.6,15.21,0,15.21,-15.21,DEFICIT,4.95,3.6,4.21,2.25
2024-04-19 00:00,4,0,4,weekday,0,0,57.3,24.2,5.0,9.63,0.0,9.63,-9.63,DEFICIT,4.58,3.42,3.89,2.25
2024-04-19 01:00,4,1,4,weekday,0,0,35.0,20.3,4.1,8.99,2.95,11.93,-11.93,DEFICIT,4.92,3.59,4.18,2.25
2024-04-19 02:00,4,2,4,weekday,0,0,37.9,21.7,4.0,8.02,0.0,8.02,-8.02,DEFICIT,4.68,3.46,3.97,2.25
2024-04-19 03:00,4,3,4,weekday,0,0,43.6,22.1,4.3,6.17,4.44,10.61,-10.61,DEFICIT,4.55,3.4,3.87,2.25
2024-04-19 04:00,4,4,4,weekday,0,0,50.7,24.5,4.2,5.59,0.0,5.59,-5.59,DEFICIT,4.44,3.34,3.77,2.25
2024-04-19 05:00,4,5,4,weekday,0,0,57.4,21.7,5.1,8.36,2.9,11.26,-11.26,DEFICIT,4.66,3.46,3.96,2.25
2024-04-19 06:00,4,6,4,weekday,48.8,4.95,49.5,23.4,3.6,17.84,0,17.84,-12.89,DEFICIT,6.05,4.15,5.14,2.25
2024-04-19 07:00,4,7,4,weekday,194.9,19.76,41.3,22.9,4.9,27.84,3.97,31.8,-12.04,DEFICIT,6.03,4.14,5.13,2.25
2024-04-19 08:00,4,8,4,weekday,399.9,39.89,53.7,29.1,3.5,21.74,3.43,25.17,14.72,SURPLUS,5.92,4.08,5.03,2.25
2024-04-19 09:00,4,9,4,weekday,607.1,60.83,36.8,27.9,4.0,17.09,12.11,29.2,31.64,SURPLUS,5.94,4.09,5.05,2.25
2024-04-19 10:00,4,10,4,weekday,897.4,89.14,47.4,30.1,3.8,15.24,0,15.24,73.89,SURPLUS,3.83,3.04,3.25,2.25
2024-04-19 11:00,4,11,4,weekday,988.2,98.71,39.2,28.7,4.9,15.04,0,15.04,83.67,SURPLUS,4.02,3.13,3.41,2.25
2024-04-19 12:00,4,12,4,weekday,1100.7,107.99,43.6,33.1,4.6,14.07,0,14.07,93.92,SURPLUS,4.09,3.17,3.47,2.25
2024-04-19 13:00,4,13,4,weekday,981.7,97.68,45.0,29.7,3.5,16.03,0,16.03,81.65,SURPLUS,3.59,2.92,3.05,2.25
2024-04-19 14:00,4,14,4,weekday,863.6,84.7,55.3,33.2,4.2,13.83,0,13.83,70.87,SURPLUS,3.39,2.82,2.88,2.25
2024-04-19 15:00,4,15,4,weekday,633.5,62.12,55.9,33.3,4.5,14.63,0,14.63,47.48,SURPLUS,4.25,3.25,3.61,2.25
2024-04-19 16:00,4,16,4,weekday,462.8,45.5,45.1,32.6,3.4,18.05,0,18.05,27.45,SURPLUS,6.46,4.35,5.49,2.25
2024-04-19 17:00,4,17,4,weekday,262.2,25.73,39.9,33.1,3.1,18.96,0,18.96,6.77,SURPLUS,6.72,4.48,5.71,2.25
2024-04-19 18:00,4,18,4,weekday,49.6,4.96,49.7,28.8,3.9,30.49,5.67,36.16,-31.2,DEFICIT,6.32,4.28,5.37,2.25
2024-04-19 19:00,4,19,4,weekday,0,0,45.7,27.1,3.5,39.58,6.17,45.75,-45.75,DEFICIT,6.97,4.61,5.92,2.25
2024-04-19 20:00,4,20,4,weekday,0,0,58.6,28.9,3.9,31.38,14.0,45.37,-45.37,DEFICIT,6.71,4.48,5.71,2.25
2024-04-19 21:00,4,21,4,weekday,0,0,54.1,27.9,3.2,28.43,7.81,36.24,-36.24,DEFICIT,6.8,4.53,5.78,2.25
2024-04-19 22:00,4,22,4,weekday,0,0,49.1,23.9,3.4,22.39,16.46,38.85,-38.85,DEFICIT,4.4,3.33,3.74,2.25
2024-04-19 23:00,4,23,4,weekday,0,0,45.5,26.4,4.0,15.11,0,15.11,-15.11,DEFICIT,4.39,3.32,3.73,2.25
2024-04-20 00:00,4,0,5,weekend,0,0,22.7,27.3,4.9,11.27,0.0,11.27,-11.27,DEFICIT,4.77,3.51,4.05,2.25
2024-04-20 01:00,4,1,5,weekend,0,0,54.5,22.4,3.6,9.1,5.51,14.61,-14.61,DEFICIT,4.12,3.18,3.5,2.25
2024-04-20 02:00,4,2,5,weekend,0,0,53.0,22.5,3.6,9.04,2.58,11.62,-11.62,DEFICIT,4.77,3.51,4.06,2.25
2024-04-20 03:00,4,3,5,weekend,0,0,39.2,22.4,4.1,7.79,4.62,12.41,-12.41,DEFICIT,4.62,3.43,3.93,2.25
2024-04-20 04:00,4,4,5,weekend,0,0,47.1,23.9,4.2,6.39,2.92,9.31,-9.31,DEFICIT,4.61,3.43,3.91,2.25
2024-04-20 05:00,4,5,5,weekend,0,0,47.9,23.9,3.6,10.12,4.24,14.36,-14.36,DEFICIT,4.36,3.3,3.7,2.25
2024-04-20 06:00,4,6,5,weekend,47.9,4.85,35.5,23.2,5.1,24.17,0,24.17,-19.32,DEFICIT,6.31,4.28,5.36,2.25
2024-04-20 07:00,4,7,5,weekend,141.5,14.35,46.0,25.0,3.4,28.18,8.01,36.19,-21.84,DEFICIT,5.25,3.75,4.47,2.25
2024-04-20 08:00,4,8,5,weekend,384.2,38.96,33.4,24.7,3.9,31.39,5.42,36.82,2.14,BALANCED,5.6,3.92,4.76,2.25
2024-04-20 09:00,4,9,5,weekend,536.6,53.2,29.4,30.6,3.7,20.3,0.0,20.3,32.9,SURPLUS,6.06,4.15,5.15,2.25
2024-04-20 10:00,4,10,5,weekend,724.2,72.7,45.8,27.5,1.9,16.37,0,16.37,56.33,SURPLUS,4.24,3.25,3.61,2.25
2024-04-20 11:00,4,11,5,weekend,829.3,83.15,37.7,27.8,2.2,15.4,0,15.4,67.75,SURPLUS,3.77,3.01,3.21,2.25
2024-04-20 12:00,4,12,5,weekend,964.0,95.23,41.2,31.5,5.5,16.65,0,16.65,78.58,SURPLUS,4.12,3.18,3.5,2.25
2024-04-20 13:00,4,13,5,weekend,940.7,92.3,46.6,33.1,5.4,17.61,0,17.61,74.69,SURPLUS,4.09,3.17,3.48,2.25
2024-04-20 14:00,4,14,5,weekend,703.0,68.99,51.1,33.0,4.8,14.35,0,14.35,54.64,SURPLUS,3.41,2.83,2.9,2.25
2024-04-20 15:00,4,15,5,weekend,601.8,59.24,37.3,32.3,4.6,17.71,0,17.71,41.54,SURPLUS,3.74,3.0,3.18,2.25
2024-04-20 16:00,4,16,5,weekend,443.5,44.14,57.9,29.6,5.3,22.61,0,22.61,21.53,SURPLUS,6.29,4.27,5.35,2.25
2024-04-20 17:00,4,17,5,weekend,188.0,18.57,50.7,31.3,3.5,28.31,0,28.31,-9.74,DEFICIT,7.17,4.71,6.09,2.25
2024-04-20 18:00,4,18,5,weekend,49.4,5.0,44.3,25.4,4.4,34.91,13.09,48.01,-43.01,DEFICIT,6.43,4.34,5.47,2.25
2024-04-20 19:00,4,19,5,weekend,0,0,55.6,26.3,2.1,40.74,0.0,40.74,-40.74,DEFICIT,6.69,4.47,5.69,2.25
2024-04-20 20:00,4,20,5,weekend,0,0,32.4,23.5,3.7,44.57,13.08,57.65,-57.65,DEFICIT,6.7,4.47,5.69,2.25
2024-04-20 21:00,4,21,5,weekend,0,0,45.2,24.4,4.1,35.35,0.0,35.35,-35.35,DEFICIT,6.65,4.45,5.65,2.25
2024-04-20 22:00,4,22,5,weekend,0,0,49.5,25.0,4.0,21.46,5.68,27.15,-27.15,DEFICIT,4.5,3.38,3.83,2.25
2024-04-20 23:00,4,23,5,weekend,0,0,42.9,26.1,4.4,16.04,0,16.04,-16.04,DEFICIT,4.64,3.44,3.94,2.25
2024-04-21 00:00,4,0,6,weekend,0,0,32.2,26.4,3.0,11.22,4.84,16.06,-16.06,DEFICIT,4.05,3.15,3.44,2.25
2024-04-21 01:00,4,1,6,weekend,0,0,33.5,23.5,2.2,8.42,4.59,13.01,-13.01,DEFICIT,4.81,3.53,4.09,2.25
2024-04-21 02:00,4,2,6,weekend,0,0,31.4,22.1,5.1,8.6,0.0,8.6,-8.6,DEFICIT,4.46,3.35,3.79,2.25
2024-04-21 03:00,4,3,6,weekend,0,0,32.5,24.4,3.6,7.53,0.0,7.53,-7.53,DEFICIT,4.31,3.28,3.67,2.25
2024-04-21 04:00,4,4,6,weekend,0,0,39.4,25.3,4.0,7.14,0.0,7.14,-7.14,DEFICIT,3.95,3.1,3.36,2.25
2024-04-21 05:00,4,5,6,weekend,0,0,23.9,23.6,3.6,9.94,0.0,9.94,-9.94,DEFICIT,4.18,3.22,3.56,2.25
2024-04-21 06:00,4,6,6,weekend,39.5,4.0,28.7,24.6,4.1,27.77,0,27.77,-23.76,DEFICIT,6.1,4.18,5.19,2.25
2024-04-21 07:00,4,7,6,weekend,139.4,14.1,31.0,25.6,3.3,37.82,0.0,37.82,-23.72,DEFICIT,5.96,4.1,5.06,2.25
2024-04-21 08:00,4,8,6,weekend,252.9,25.44,36.9,27.0,3.5,27.35,0.0,27.35,-1.92,BALANCED,5.5,3.88,4.68,2.25
2024-04-21 09:00,4,9,6,weekend,417.7,41.76,30.4,28.5,4.1,17.31,15.99,33.3,8.46,SURPLUS,5.48,3.87,4.66,2.25
2024-04-21 10:00,4,10,6,weekend,605.8,60.36,44.2,29.3,4.3,17.85,0,17.85,42.51,SURPLUS,3.83,3.04,3.26,2.25
2024-04-21 11:00,4,11,6,weekend,657.9,64.57,20.9,33.0,3.7,13.83,0,13.83,50.74,SURPLUS,3.78,3.02,3.21,2.25
2024-04-21 12:00,4,12,6,weekend,757.4,74.84,36.5,31.4,4.1,13.76,0,13.76,61.08,SURPLUS,3.91,3.08,3.32,2.25
2024-04-21 13:00,4,13,6,weekend,678.9,67.01,33.8,31.6,5.8,16.8,0,16.8,50.21,SURPLUS,3.74,2.99,3.18,2.25
2024-04-21 14:00,4,14,6,weekend,393.6,38.73,27.5,32.4,4.1,11.94,0,11.94,26.79,SURPLUS,3.72,2.98,3.16,2.25
2024-04-21 15:00,4,15,6,weekend,434.3,42.6,33.4,33.2,2.7,18.51,0,18.51,24.09,SURPLUS,3.32,2.78,2.82,2.25
2024-04-21 16:00,4,16,6,weekend,336.3,33.45,22.4,29.8,4.3,15.27,0,15.27,18.18,SURPLUS,6.97,4.61,5.92,2.25
2024-04-21 17:00,4,17,6,weekend,140.4,14.03,23.9,28.6,4.2,24.65,0,24.65,-10.62,DEFICIT,6.39,4.32,5.43,2.25
2024-04-21 18:00,4,18,6,weekend,31.0,3.09,28.9,29.2,3.7,42.25,8.45,50.71,-47.61,DEFICIT,6.95,4.6,5.91,2.25
2024-04-21 19:00,4,19,6,weekend,0,0,29.1,26.9,2.8,40.36,0.0,40.36,-40.36,DEFICIT,7.31,4.78,6.22,2.25
2024-04-21 20:00,4,20,6,weekend,0,0,36.1,26.1,5.1,38.78,15.24,54.02,-54.02,DEFICIT,6.81,4.53,5.79,2.25
2024-04-21 21:00,4,21,6,weekend,0,0,33.7,24.6,4.8,31.17,13.74,44.91,-44.91,DEFICIT,6.07,4.16,5.16,2.25
2024-04-21 22:00,4,22,6,weekend,0,0,43.7,26.0,5.1,21.16,0.0,21.16,-21.16,DEFICIT,4.58,3.41,3.89,2.25
2024-04-21 23:00,4,23,6,weekend,0,0,13.6,25.0,3.4,18.2,0,18.2,-18.2,DEFICIT,4.62,3.44,3.93,2.25
2024-04-22 00:00,4,0,0,weekday,0,0,55.3,24.1,2.6,11.92,0.0,11.92,-11.92,DEFICIT,4.71,3.48,4.0,2.25
2024-04-22 01:00,4,1,0,weekday,0,0,55.2,26.5,3.7,8.08,0.0,8.08,-8.08,DEFICIT,4.26,3.26,3.62,2.25
2024-04-22 02:00,4,2,0,weekday,0,0,46.2,24.9,3.4,6.5,0.0,6.5,-6.5,DEFICIT,4.82,3.54,4.1,2.25
2024-04-22 03:00,4,3,0,weekday,0,0,54.6,23.2,3.0,5.93,2.97,8.91,-8.91,DEFICIT,4.32,3.29,3.67,2.25
2024-04-22 04:00,4,4,0,weekday,0,0,66.3,22.3,4.0,6.07,0.0,6.07,-6.07,DEFICIT,4.62,3.43,3.93,2.25
2024-04-22 05:00,4,5,0,weekday,0,0,63.8,21.6,2.8,7.26,0.0,7.26,-7.26,DEFICIT,4.5,3.37,3.82,2.25
2024-04-22 06:00,4,6,0,weekday,51.4,5.21,44.7,22.8,4.5,21.37,0,21.37,-16.16,DEFICIT,5.19,3.72,4.41,2.25
2024-04-22 07:00,4,7,0,weekday,197.2,19.83,47.1,27.1,2.9,29.1,3.39,32.49,-12.67,DEFICIT,5.27,3.76,4.48,2.25
2024-04-22 08:00,4,8,0,weekday,404.8,40.52,46.5,28.2,3.2,19.94,3.85,23.79,16.73,SURPLUS,5.83,4.04,4.95,2.25
2024-04-22 09:00,4,9,0,weekday,557.5,55.7,37.6,28.7,3.7,18.19,0.0,18.19,37.51,SURPLUS,5.66,3.96,4.81,2.25
2024-04-22 10:00,4,10,0,weekday,772.3,76.36,42.5,31.2,3.6,14.69,0,14.69,61.67,SURPLUS,4.07,3.16,3.46,2.25
2024-04-22 11:00,4,11,0,weekday,1107.1,111.06,48.3,27.7,4.2,14.87,0,14.87,96.2,SURPLUS,3.98,3.11,3.38,2.25
2024-04-22 12:00,4,12,0,weekday,1103.2,108.57,41.2,32.3,6.1,17.18,0,17.18,91.39,SURPLUS,4.09,3.17,3.48,2.25
2024-04-22 13:00,4,13,0,weekday,1066.1,106.49,38.0,28.7,5.0,15.95,0,15.95,90.54,SURPLUS,4.41,3.33,3.75,2.25
2024-04-22 14:00,4,14,0,weekday,913.3,88.99,42.2,34.8,4.7,14.55,0,14.55,74.44,SURPLUS,3.59,2.92,3.05,2.25
2024-04-22 15:00,4,15,0,weekday,753.4,74.46,38.3,31.3,3.6,15.61,0,15.61,58.85,SURPLUS,3.77,3.01,3.2,2.25
2024-04-22 16:00,4,16,0,weekday,443.5,44.35,54.2,28.4,4.3,15.13,0,15.13,29.22,SURPLUS,6.88,4.57,5.85,2.25
2024-04-22 17:00,4,17,0,weekday,225.6,22.53,51.1,28.8,3.7,26.44,0,26.44,-3.92,BALANCED,6.57,4.41,5.58,2.25
2024-04-22 18:00,4,18,0,weekday,47.5,4.73,49.1,29.1,4.7,36.49,0.0,36.49,-31.75,DEFICIT,6.28,4.26,5.33,2.25
2024-04-22 19:00,4,19,0,weekday,0,0,53.2,26.0,5.4,44.54,10.18,54.72,-54.72,DEFICIT,6.97,4.61,5.92,2.25
2024-04-22 20:00,4,20,0,weekday,0,0,59.0,28.6,4.0,32.07,16.62,48.69,-48.69,DEFICIT,6.92,4.59,5.89,2.25
2024-04-22 21:00,4,21,0,weekday,0,0,47.4,25.4,4.1,24.92,21.91,46.82,-46.82,DEFICIT,6.92,4.59,5.88,2.25
2024-04-22 22:00,4,22,0,weekday,0,0,51.6,25.2,3.8,18.73,13.88,32.61,-32.61,DEFICIT,4.21,3.23,3.58,2.25
2024-04-22 23:00,4,23,0,weekday,0,0,63.9,24.5,3.7,14.85,0,14.85,-14.85,DEFICIT,4.12,3.18,3.5,2.25
2024-04-23 00:00,4,0,1,weekday,0,0,39.2,24.7,3.4,10.81,2.96,13.76,-13.76,DEFICIT,4.37,3.31,3.71,2.25
2024-04-23 01:00,4,1,1,weekday,0,0,54.3,23.3,3.7,7.09,3.09,10.18,-10.18,DEFICIT,4.84,3.55,4.12,2.25
2024-04-23 02:00,4,2,1,weekday,0,0,48.3,21.5,3.4,6.74,4.4,11.15,-11.15,DEFICIT,4.56,3.41,3.88,2.25
2024-04-23 03:00,4,3,1,weekday,0,0,50.6,23.4,5.1,5.45,0.0,5.45,-5.45,DEFICIT,4.6,3.43,3.91,2.25
2024-04-23 04:00,4,4,1,weekday,0,0,53.7,23.8,4.1,5.35,0.0,5.35,-5.35,DEFICIT,4.26,3.26,3.62,2.25
2024-04-23 05:00,4,5,1,weekday,0,0,48.6,21.0,4.8,6.94,0.0,6.94,-6.94,DEFICIT,4.71,3.48,4.01,2.25
2024-04-23 06:00,4,6,1,weekday,45.4,4.61,36.1,24.5,2.1,17.88,0,17.88,-13.27,DEFICIT,5.72,3.99,4.86,2.25
2024-04-23 07:00,4,7,1,weekday,196.2,19.81,46.1,26.0,3.7,28.16,0.0,28.16,-8.34,DEFICIT,6.02,4.14,5.12,2.25
2024-04-23 08:00,4,8,1,weekday,347.7,34.69,45.0,29.1,3.8,23.75,0.0,23.75,10.94,SURPLUS,5.86,4.05,4.98,2.25
2024-04-23 09:00,4,9,1,weekday,589.4,59.21,51.9,27.3,3.9,16.4,8.16,24.56,34.65,SURPLUS,5.71,3.98,4.86,2.25
2024-04-23 10:00,4,10,1,weekday,792.5,78.96,53.2,29.4,3.9,15.93,0,15.93,63.03,SURPLUS,4.15,3.2,3.53,2.25
2024-04-23 11:00,4,11,1,weekday,858.9,84.96,50.4,31.1,4.0,12.99,0,12.99,71.97,SURPLUS,3.89,3.07,3.31,2.25
2024-04-23 12:00,4,12,1,weekday,841.9,82.7,46.7,32.8,3.6,15.39,0,15.39,67.31,SURPLUS,4.02,3.14,3.42,2.25
2024-04-23 13:00,4,13,1,weekday,812.5,79.26,37.0,34.5,5.1,16.66,0,16.66,62.59,SURPLUS,4.28,3.26,3.64,2.25
2024-04-23 14:00,4,14,1,weekday,713.2,71.12,43.2,29.1,3.6,11.25,0,11.25,59.88,SURPLUS,3.96,3.1,3.36,2.25
2024-04-23 15:00,4,15,1,weekday,721.2,71.75,50.6,29.7,3.2,14.88,0,14.88,56.87,SURPLUS,4.37,3.31,3.72,2.25
2024-04-23 16:00,4,16,1,weekday,377.4,37.05,36.4,32.9,4.6,16.61,0,16.61,20.44,SURPLUS,6.58,4.42,5.6,2.25
2024-04-23 17:00,4,17,1,weekday,217.6,21.97,36.7,26.1,5.5,27.62,0,27.62,-5.65,DEFICIT,6.96,4.61,5.92,2.25
2024-04-23 18:00,4,18,1,weekday,54.0,5.39,38.2,28.6,4.0,37.98,0.0,37.98,-32.58,DEFICIT,7.08,4.67,6.02,2.25
2024-04-23 19:00,4,19,1,weekday,0,0,50.5,25.3,5.5,34.18,0.0,34.18,-34.18,DEFICIT,6.9,4.57,5.86,2.25
2024-04-23 20:00,4,20,1,weekday,0,0,64.5,24.7,3.7,29.94,21.48,51.42,-51.42,DEFICIT,6.51,4.38,5.53,2.25
2024-04-23 21:00,4,21,1,weekday,0,0,42.8,26.0,3.1,25.72,5.53,31.26,-31.26,DEFICIT,6.59,4.42,5.6,2.25
2024-04-23 22:00,4,22,1,weekday,0,0,41.8,26.8,4.7,21.37,13.72,35.09,-35.09,DEFICIT,4.64,3.44,3.94,2.25
2024-04-23 23:00,4,23,1,weekday,0,0,32.0,25.2,2.6,16.06,0,16.06,-16.06,DEFICIT,4.95,3.6,4.21,2.25
2024-04-24 00:00,4,0,2,weekday,0,0,26.7,23.0,3.2,9.11,3.32,12.44,-12.44,DEFICIT,4.45,3.35,3.79,2.25
2024-04-24 01:00,4,1,2,weekday,0,0,35.7,21.4,5.1,8.0,0.0,8.0,-8.0,DEFICIT,4.17,3.21,3.54,2.25
2024-04-24 02:00,4,2,2,weekday,0,0,39.8,24.9,2.9,7.17,4.11,11.28,-11.28,DEFICIT,4.09,3.17,3.48,2.25
2024-04-24 03:00,4,3,2,weekday,0,0,39.4,23.9,4.1,6.69,0.0,6.69,-6.69,DEFICIT,4.54,3.39,3.86,2.25
2024-04-24 04:00,4,4,2,weekday,0,0,25.0,23.8,4.3,5.99,0.0,5.99,-5.99,DEFICIT,4.01,3.13,3.41,2.25
2024-04-24 05:00,4,5,2,weekday,0,0,30.0,21.5,3.5,7.56,3.58,11.14,-11.14,DEFICIT,4.75,3.5,4.04,2.25
2024-04-24 06:00,4,6,2,weekday,36.0,3.65,21.8,24.0,3.7,21.92,0,21.92,-18.27,DEFICIT,6.32,4.29,5.37,2.25
2024-04-24 07:00,4,7,2,weekday,130.5,13.24,35.5,23.1,2.8,29.56,6.42,35.98,-22.75,DEFICIT,6.12,4.18,5.2,2.25
2024-04-24 08:00,4,8,2,weekday,286.6,28.75,18.6,27.7,4.0,22.66,10.33,33.0,-4.25,BALANCED,5.99,4.12,5.09,2.25
2024-04-24 09:00,4,9,2,weekday,384.8,38.61,28.3,27.6,3.7,13.8,0.0,13.8,24.81,SURPLUS,5.69,3.97,4.84,2.25
2024-04-24 10:00,4,10,2,weekday,621.4,61.62,33.4,30.5,4.9,13.89,0,13.89,47.73,SURPLUS,3.61,2.93,3.07,2.25
2024-04-24 11:00,4,11,2,weekday,610.4,60.62,32.9,30.1,4.2,13.62,0,13.62,47.0,SURPLUS,3.86,3.05,3.28,2.25
2024-04-24 12:00,4,12,2,weekday,713.3,71.4,44.4,28.2,5.5,16.13,0,16.13,55.27,SURPLUS,3.19,2.72,2.71,2.25
2024-04-24 13:00,4,13,2,weekday,648.1,63.44,33.4,33.7,4.3,17.76,0,17.76,45.67,SURPLUS,3.71,2.98,3.15,2.25
2024-04-24 14:00,4,14,2,weekday,610.0,59.96,42.3,32.6,3.4,13.34,0,13.34,46.62,SURPLUS,4.18,3.22,3.56,2.25
2024-04-24 15:00,4,15,2,weekday,421.8,41.71,38.2,31.2,5.0,13.22,0,13.22,28.5,SURPLUS,3.44,2.85,2.92,2.25
2024-04-24 16:00,4,16,2,weekday,296.4,29.38,47.9,30.6,5.8,17.64,0,17.64,11.75,SURPLUS,6.28,4.27,5.34,2.25
2024-04-24 17:00,4,17,2,weekday,171.9,16.85,33.9,33.2,3.1,24.35,0,24.35,-7.5,DEFICIT,6.81,4.53,5.79,2.25
2024-04-24 18:00,4,18,2,weekday,36.1,3.6,34.3,29.6,2.9,36.65,0.0,36.65,-33.06,DEFICIT,7.08,4.66,6.01,2.25
2024-04-24 19:00,4,19,2,weekday,0,0,34.5,25.8,3.7,42.98,12.07,55.05,-55.05,DEFICIT,6.74,4.5,5.73,2.25
2024-04-24 20:00,4,20,2,weekday,0,0,45.8,26.2,4.8,26.67,15.75,42.42,-42.42,DEFICIT,6.48,4.36,5.51,2.25
2024-04-24 21:00,4,21,2,weekday,0,0,22.8,25.1,4.0,28.92,12.78,41.7,-41.7,DEFICIT,6.82,4.53,5.8,2.25
2024-04-24 22:00,4,22,2,weekday,0,0,25.4,27.3,4.9,20.22,7.85,28.07,-28.07,DEFICIT,4.62,3.43,3.92,2.25
2024-04-24 23:00,4,23,2,weekday,0,0,37.6,24.3,5.6,12.59,0,12.59,-12.59,DEFICIT,5.25,3.75,4.46,2.25
2024-04-25 00:00,4,0,3,weekday,0,0,56.1,25.8,4.0,8.6,4.96,13.56,-13.56,DEFICIT,3.86,3.05,3.28,2.25
2024-04-25 01:00,4,1,3,weekday,0,0,52.1,22.9,4.2,7.97,0.0,7.97,-7.97,DEFICIT,4.85,3.55,4.12,2.25
2024-04-25 02:00,4,2,3,weekday,0,0,38.9,22.2,4.2,6.79,0.0,6.79,-6.79,DEFICIT,4.79,3.52,4.07,2.25
2024-04-25 03:00,4,3,3,weekday,0,0,44.0,23.3,4.4,5.92,3.64,9.56,-9.56,DEFICIT,4.85,3.55,4.12,2.25
2024-04-25 04:00,4,4,3,weekday,0,0,39.4,22.9,3.9,5.04,3.4,8.44,-8.44,DEFICIT,4.38,3.32,3.73,2.25
2024-04-25 05:00,4,5,3,weekday,0,0,55.7,23.1,4.5,9.21,0.0,9.21,-9.21,DEFICIT,4.37,3.31,3.71,2.25
2024-04-25 06:00,4,6,3,weekday,52.3,5.31,45.1,24.5,3.4,23.38,0,23.38,-18.07,DEFICIT,6.17,4.21,5.25,2.25
2024-04-25 07:00,4,7,3,weekday,186.4,18.78,34.8,26.6,4.4,29.56,0.0,29.56,-10.79,DEFICIT,6.45,4.35,5.49,2.25
2024-04-25 08:00,4,8,3,weekday,343.9,34.32,48.2,29.0,2.0,24.54,0.0,24.54,9.78,SURPLUS,5.63,3.94,4.78,2.25
2024-04-25 09:00,4,9,3,weekday,565.0,56.48,33.2,28.6,3.2,15.41,7.58,22.99,33.49,SURPLUS,5.74,3.99,4.88,2.25
2024-04-25 10:00,4,10,3,weekday,700.3,69.91,47.5,28.9,3.6,13.04,0,13.04,56.87,SURPLUS,3.89,3.07,3.31,2.25
2024-04-25 11:00,4,11,3,weekday,854.1,84.61,40.1,30.7,4.5,14.85,0,14.85,69.76,SURPLUS,3.39,2.82,2.88,2.25
2024-04-25 12:00,4,12,3,weekday,971.0,96.17,43.8,30.8,5.6,14.77,0,14.77,81.4,SURPLUS,3.61,2.93,3.07,2.25
2024-04-25 13:00,4,13,3,weekday,862.9,85.45,39.4,30.9,3.8,15.29,0,15.29,70.16,SURPLUS,3.84,3.04,3.26,2.25
2024-04-25 14:00,4,14,3,weekday,850.3,83.5,56.4,32.9,4.0,16.45,0,16.45,67.05,SURPLUS,3.73,2.99,3.17,2.25
2024-04-25 15:00,4,15,3,weekday,529.0,52.35,57.5,31.0,4.8,14.33,0,14.33,38.02,SURPLUS,3.39,2.82,2.88,2.25
2024-04-25 16:00,4,16,3,weekday,407.5,40.09,41.9,32.5,4.4,21.14,0,21.14,18.96,SURPLUS,6.73,4.49,5.72,2.25
2024-04-25 17:00,4,17,3,weekday,209.3,20.79,52.5,30.0,4.3,23.91,0,23.91,-3.11,BALANCED,6.49,4.37,5.52,2.25
2024-04-25 18:00,4,18,3,weekday,47.4,4.74,40.8,28.7,4.3,39.41,7.85,47.26,-42.52,DEFICIT,7.13,4.69,6.06,2.25
2024-04-25 19:00,4,19,3,weekday,0,0,42.4,27.7,3.7,40.62,8.14,48.76,-48.76,DEFICIT,6.74,4.5,5.73,2.25
2024-04-25 20:00,4,20,3,weekday,0,0,47.4,26.1,4.2,32.07,18.53,50.6,-50.6,DEFICIT,6.74,4.5,5.73,2.25
2024-04-25 21:00,4,21,3,weekday,0,0,44.3,26.5,3.0,28.48,19.02,47.5,-47.5,DEFICIT,6.62,4.43,5.63,2.25
2024-04-25 22:00,4,22,3,weekday,0,0,48.8,22.6,3.4,19.61,0.0,19.61,-19.61,DEFICIT,4.42,3.34,3.76,2.25
2024-04-25 23:00,4,23,3,weekday,0,0,45.8,23.9,4.6,15.11,0,15.11,-15.11,DEFICIT,4.68,3.46,3.98,2.25
2024-04-26 00:00,4,0,4,weekday,0,0,30.7,20.8,3.4,12.48,0.0,12.48,-12.48,DEFICIT,4.13,3.19,3.51,2.25
2024-04-26 01:00,4,1,4,weekday,0,0,43.9,22.2,2.3,7.12,3.02,10.13,-10.13,DEFICIT,4.58,3.42,3.89,2.25
2024-04-26 02:00,4,2,4,weekday,0,0,28.4,23.0,3.2,7.27,0.0,7.27,-7.27,DEFICIT,4.51,3.38,3.84,2.25
2024-04-26 03:00,4,3,4,weekday,0,0,34.4,21.2,2.9,5.56,0.0,5.56,-5.56,DEFICIT,4.39,3.32,3.73,2.25
2024-04-26 04:00,4,4,4,weekday,0,0,40.2,21.3,4.0,5.18,5.27,10.45,-10.45,DEFICIT,4.25,3.25,3.61,2.25
2024-04-26 05:00,4,5,4,weekday,0,0,43.3,23.4,3.5,9.7,4.27,13.97,-13.97,DEFICIT,5.03,3.64,4.28,2.25
2024-04-26 06:00,4,6,4,weekday,36.0,3.65,28.2,22.6,3.5,22.6,0,22.6,-18.96,DEFICIT,6.04,4.15,5.14,2.25
2024-04-26 07:00,4,7,4,weekday,131.7,13.32,24.8,25.6,3.1,26.63,0.0,26.63,-13.31,DEFICIT,5.77,4.01,4.91,2.25
2024-04-26 08:00,4,8,4,weekday,245.4,24.62,35.4,27.6,2.8,24.74,0.0,24.74,-0.12,BALANCED,5.69,3.97,4.83,2.25
2024-04-26 09:00,4,9,4,weekday,484.5,48.9,20.6,26.2,3.5,15.93,0.0,15.93,32.96,SURPLUS,5.8,4.03,4.93,2.25
2024-04-26 10:00,4,10,4,weekday,536.7,53.26,30.9,30.3,3.6,14.33,0,14.33,38.93,SURPLUS,3.73,2.99,3.17,2.25
2024-04-26 11:00,4,11,4,weekday,829.4,83.08,40.1,28.0,5.2,17.55,0,17.55,65.53,SURPLUS,3.94,3.1,3.35,2.25
2024-04-26 12:00,4,12,4,weekday,759.7,74.96,39.1,31.7,5.7,16.1,0,16.1,58.86,SURPLUS,3.63,2.94,3.08,2.25
2024-04-26 13:00,4,13,4,weekday,776.7,77.41,30.9,29.3,3.4,13.99,0,13.99,63.42,SURPLUS,4.37,3.31,3.71,2.25
2024-04-26 14:00,4,14,4,weekday,617.2,59.96,43.3,35.5,4.5,13.95,0,13.95,46.01,SURPLUS,4.01,3.13,3.41,2.25
2024-04-26 15:00,4,15,4,weekday,437.3,43.58,22.0,29.3,6.1,14.45,0,14.45,29.13,SURPLUS,3.68,2.96,3.12,2.25
2024-04-26 16:00,4,16,4,weekday,331.2,32.63,39.5,32.1,5.4,18.16,0,18.16,14.47,SURPLUS,6.51,4.38,5.53,2.25
2024-04-26 17:00,4,17,4,weekday,162.6,16.23,36.6,28.9,4.1,21.56,0,21.56,-5.33,DEFICIT,6.5,4.37,5.52,2.25
2024-04-26 18:00,4,18,4,weekday,34.9,3.5,24.1,28.2,5.1,34.14,0.0,34.14,-30.65,DEFICIT,6.7,4.48,5.7,2.25
2024-04-26 19:00,4,19,4,weekday,0,0,36.7,26.4,3.7,39.28,9.83,49.11,-49.11,DEFICIT,6.65,4.45,5.65,2.25
2024-04-26 20:00,4,20,4,weekday,0,0,40.3,27.3,4.1,33.99,14.38,48.37,-48.37,DEFICIT,6.64,4.45,5.65,2.25
2024-04-26 21:00,4,21,4,weekday,0,0,46.7,24.8,4.7,28.47,20.09,48.56,-48.56,DEFICIT,6.83,4.54,5.8,2.25
2024-04-26 22:00,4,22,4,weekday,0,0,22.4,26.2,3.8,19.11,11.67,30.78,-30.78,DEFICIT,4.64,3.44,3.94,2.25
2024-04-26 23:00,4,23,4,weekday,0,0,29.6,25.6,4.0,16.43,0,16.43,-16.43,DEFICIT,4.11,3.18,3.49,2.25
2024-04-27 00:00,4,0,5,weekend,0,0,45.5,22.5,5.1,12.09,0.0,12.09,-12.09,DEFICIT,4.75,3.5,4.04,2.25
2024-04-27 01:00,4,1,5,weekend,0,0,41.2,21.8,3.3,8.79,0.0,8.79,-8.79,DEFICIT,4.53,3.39,3.85,2.25
2024-04-27 02:00,4,2,5,weekend,0,0,38.3,23.4,4.4,9.1,2.42,11.52,-11.52,DEFICIT,4.14,3.2,3.52,2.25
2024-04-27 03:00,4,3,5,weekend,0,0,36.9,22.0,3.6,6.54,5.11,11.65,-11.65,DEFICIT,4.6,3.42,3.91,2.25
2024-04-27 04:00,4,4,5,weekend,0,0,36.7,21.6,3.8,5.99,0.0,5.99,-5.99,DEFICIT,5.0,3.63,4.25,2.25
2024-04-27 05:00,4,5,5,weekend,0,0,61.8,22.9,2.9,8.18,0.0,8.18,-8.18,DEFICIT,4.53,3.39,3.85,2.25
2024-04-27 06:00,4,6,5,weekend,43.4,4.4,47.0,24.9,5.0,24.82,0,24.82,-20.42,DEFICIT,5.57,3.91,4.73,2.25
2024-04-27 07:00,4,7,5,weekend,159.5,16.15,43.0,25.3,5.1,36.98,3.83,40.81,-24.66,DEFICIT,5.71,3.98,4.86,2.25
2024-04-27 08:00,4,8,5,weekend,298.3,29.95,38.8,27.5,4.7,27.14,8.19,35.32,-5.38,DEFICIT,5.9,4.08,5.02,2.25
2024-04-27 09:00,4,9,5,weekend,541.4,53.87,21.7,29.7,3.3,18.87,10.72,29.58,24.29,SURPLUS,6.23,4.24,5.3,2.25
2024-04-27 10:00,4,10,5,weekend,683.4,68.32,36.8,28.5,3.9,15.81,0,15.81,52.51,SURPLUS,4.0,3.12,3.4,2.25
2024-04-27 11:00,4,11,5,weekend,835.4,83.96,46.8,27.2,3.4,15.8,0,15.8,68.16,SURPLUS,3.5,2.87,2.97,2.25
2024-04-27 12:00,4,12,5,weekend,776.2,77.27,40.8,29.5,3.4,16.95,0,16.95,60.33,SURPLUS,3.99,3.12,3.39,2.25
2024-04-27 13:00,4,13,5,weekend,667.5,66.31,33.2,30.1,5.6,17.76,0,17.76,48.56,SURPLUS,3.77,3.01,3.2,2.25
2024-04-27 14:00,4,14,5,weekend,792.8,77.21,30.1,34.9,3.5,14.1,0,14.1,63.11,SURPLUS,3.99,3.12,3.39,2.25
2024-04-27 15:00,4,15,5,weekend,554.7,55.29,37.5,29.3,4.3,19.53,0,19.53,35.76,SURPLUS,3.57,2.91,3.04,2.25
2024-04-27 16:00,4,16,5,weekend,390.5,38.94,56.4,29.2,5.7,22.43,0,22.43,16.51,SURPLUS,7.05,4.65,5.99,2.25
2024-04-27 17:00,4,17,5,weekend,165.2,16.64,34.0,26.7,4.4,29.53,0,29.53,-12.89,DEFICIT,6.2,4.22,5.27,2.25
2024-04-27 18:00,4,18,5,weekend,44.7,4.4,40.8,32.2,4.5,29.31,0.0,29.31,-24.91,DEFICIT,6.83,4.54,5.8,2.25
2024-04-27 19:00,4,19,5,weekend,0,0,47.8,24.4,2.6,45.37,21.42,66.79,-66.79,DEFICIT,6.72,4.49,5.71,2.25
2024-04-27 20:00,4,20,5,weekend,0,0,34.5,24.2,4.6,37.91,8.52,46.43,-46.43,DEFICIT,6.33,4.29,5.38,2.25
2024-04-27 21:00,4,21,5,weekend,0,0,47.3,26.7,3.7,32.0,15.94,47.95,-47.95,DEFICIT,7.1,4.68,6.04,2.25
2024-04-27 22:00,4,22,5,weekend,0,0,38.7,25.6,3.6,19.61,0.0,19.61,-19.61,DEFICIT,4.29,3.27,3.65,2.25
2024-04-27 23:00,4,23,5,weekend,0,0,36.4,26.3,3.2,17.81,0,17.81,-17.81,DEFICIT,4.55,3.4,3.87,2.25
2024-04-28 00:00,4,0,6,weekend,0,0,36.4,25.1,1.7,11.69,0.0,11.69,-11.69,DEFICIT,4.45,3.35,3.78,2.25
2024-04-28 01:00,4,1,6,weekend,0,0,34.8,23.9,4.9,9.34,3.72,13.05,-13.05,DEFICIT,5.0,3.63,4.25,2.25
2024-04-28 02:00,4,2,6,weekend,0,0,33.9,23.4,3.9,7.69,2.45,10.14,-10.14,DEFICIT,4.07,3.16,3.46,2.25
2024-04-28 03:00,4,3,6,weekend,0,0,37.6,23.1,4.4,6.78,0.0,6.78,-6.78,DEFICIT,4.09,3.17,3.47,2.25
2024-04-28 04:00,4,4,6,weekend,0,0,40.7,22.8,4.5,7.48,2.2,9.68,-9.68,DEFICIT,4.89,3.57,4.16,2.25
2024-04-28 05:00,4,5,6,weekend,0,0,21.3,22.6,4.3,9.78,5.13,14.91,-14.91,DEFICIT,4.32,3.28,3.67,2.25
2024-04-28 06:00,4,6,6,weekend,31.3,3.17,31.5,24.1,3.1,24.94,0,24.94,-21.77,DEFICIT,5.95,4.1,5.06,2.25
2024-04-28 07:00,4,7,6,weekend,121.3,12.3,45.3,25.0,3.5,32.07,8.14,40.21,-27.9,DEFICIT,5.39,3.82,4.58,2.25
2024-04-28 08:00,4,8,6,weekend,237.8,23.82,30.1,28.0,3.4,26.95,9.91,36.86,-13.05,DEFICIT,5.63,3.94,4.79,2.25
2024-04-28 09:00,4,9,6,weekend,374.3,37.74,35.9,26.4,4.7,21.8,0.0,21.8,15.94,SURPLUS,6.07,4.16,5.16,2.25
2024-04-28 10:00,4,10,6,weekend,507.0,50.44,20.9,29.7,4.2,13.44,0,13.44,37.0,SURPLUS,4.06,3.15,3.45,2.25
2024-04-28 11:00,4,11,6,weekend,608.5,60.79,34.0,28.7,4.5,16.12,0,16.12,44.67,SURPLUS,3.54,2.9,3.01,2.25
2024-04-28 12:00,4,12,6,weekend,647.5,63.57,32.0,32.9,6.1,21.52,0,21.52,42.06,SURPLUS,3.76,3.0,3.19,2.25
2024-04-28 13:00,4,13,6,weekend,605.8,59.68,23.2,32.1,4.0,17.46,0,17.46,42.21,SURPLUS,3.88,3.06,3.3,2.25
2024-04-28 14:00,4,14,6,weekend,465.2,45.73,31.7,32.6,5.1,18.62,0,18.62,27.11,SURPLUS,3.35,2.8,2.85,2.25
2024-04-28 15:00,4,15,6,weekend,394.3,38.98,29.1,31.2,4.2,17.81,0,17.81,21.18,SURPLUS,4.2,3.22,3.57,2.25
2024-04-28 16:00,4,16,6,weekend,316.9,31.39,44.7,30.7,4.4,18.77,0,18.77,12.63,SURPLUS,6.68,4.46,5.68,2.25
2024-04-28 17:00,4,17,6,weekend,144.0,14.43,28.8,27.9,1.4,24.66,0,24.66,-10.23,DEFICIT,7.32,4.78,6.22,2.25
2024-04-28 18:00,4,18,6,weekend,34.1,3.43,30.5,27.1,1.9,44.53,10.04,54.57,-51.14,DEFICIT,6.82,4.53,5.79,2.25
2024-04-28 19:00,4,19,6,weekend,0,0,35.4,26.1,2.1,46.28,11.17,57.45,-57.45,DEFICIT,6.95,4.6,5.91,2.25
2024-04-28 20:00,4,20,6,weekend,0,0,36.1,25.7,2.7,37.15,10.75,47.9,-47.9,DEFICIT,7.18,4.71,6.1,2.25
2024-04-28 21:00,4,21,6,weekend,0,0,37.8,24.7,3.9,31.5,20.72,52.22,-52.22,DEFICIT,6.47,4.36,5.5,2.25
2024-04-28 22:00,4,22,6,weekend,0,0,32.6,25.1,3.4,20.52,14.47,35.0,-35.0,DEFICIT,4.53,3.39,3.85,2.25
2024-04-28 23:00,4,23,6,weekend,0,0,21.7,25.6,4.4,14.77,0,14.77,-14.77,DEFICIT,4.35,3.3,3.7,2.25
2024-04-29 00:00,4,0,0,weekday,0,0,11.8,22.9,3.2,8.99,2.49,11.48,-11.48,DEFICIT,4.88,3.57,4.15,2.25
2024-04-29 01:00,4,1,0,weekday,0,0,15.5,24.5,3.5,7.7,0.0,7.7,-7.7,DEFICIT,3.94,3.1,3.35,2.25
2024-04-29 02:00,4,2,0,weekday,0,0,27.0,24.6,3.7,6.94,2.99,9.94,-9.94,DEFICIT,3.96,3.11,3.37,2.25
2024-04-29 03:00,4,3,0,weekday,0,0,9.7,20.3,4.6,5.52,2.54,8.06,-8.06,DEFICIT,3.4,2.83,2.89,2.25
2024-04-29 04:00,4,4,0,weekday,0,0,22.5,23.9,3.3,5.82,0.0,5.82,-5.82,DEFICIT,4.83,3.54,4.1,2.25
2024-04-29 05:00,4,5,0,weekday,0,0,29.3,23.1,3.5,7.75,0.0,7.75,-7.75,DEFICIT,4.08,3.17,3.47,2.25
2024-04-29 06:00,4,6,0,weekday,15.0,1.52,11.9,23.2,3.7,22.3,0,22.3,-20.79,DEFICIT,5.36,3.81,4.56,2.25
2024-04-29 07:00,4,7,0,weekday,50.5,5.12,10.5,22.6,5.5,24.56,15.96,40.53,-35.4,DEFICIT,5.78,4.02,4.91,2.25
2024-04-29 08:00,4,8,0,weekday,108.3,10.88,20.0,27.2,3.9,26.53,10.76,37.3,-26.42,DEFICIT,5.88,4.06,5.0,2.25
2024-04-29 09:00,4,9,0,weekday,171.1,17.08,18.0,28.9,4.6,15.39,6.62,22.02,-4.94,BALANCED,6.15,4.2,5.23,2.25
2024-04-29 10:00,4,10,0,weekday,261.1,25.75,37.7,31.9,4.2,15.88,0,15.88,9.87,SURPLUS,3.61,2.93,3.07,2.25
2024-04-29 11:00,4,11,0,weekday,240.3,23.76,7.6,31.2,3.0,16.26,0,16.26,7.5,SURPLUS,3.8,3.03,3.23,2.25
2024-04-29 12:00,4,12,0,weekday,295.8,29.01,14.6,33.2,3.3,17.69,0,17.69,11.32,SURPLUS,3.76,3.01,3.2,2.25
2024-04-29 13:00,4,13,0,weekday,210.1,20.89,16.4,29.9,4.5,14.87,0,14.87,6.02,SURPLUS,3.29,2.77,2.8,2.25
2024-04-29 14:00,4,14,0,weekday,239.4,23.62,11.8,31.7,4.5,15.18,0,15.18,8.44,SURPLUS,4.19,3.22,3.57,2.25
2024-04-29 15:00,4,15,0,weekday,193.6,19.06,10.5,32.2,3.1,13.94,0,13.94,5.12,SURPLUS,3.93,3.09,3.34,2.25
2024-04-29 16:00,4,16,0,weekday,140.2,13.91,8.3,30.4,2.8,18.61,0,18.61,-4.7,BALANCED,6.46,4.36,5.5,2.25
2024-04-29 17:00,4,17,0,weekday,54.2,5.43,9.1,28.3,3.7,22.91,0,22.91,-17.49,DEFICIT,7.33,4.79,6.23,2.25
2024-04-29 18:00,4,18,0,weekday,15.0,1.51,21.8,27.3,4.0,32.29,16.28,48.57,-47.07,DEFICIT,6.79,4.52,5.77,2.25
2024-04-29 19:00,4,19,0,weekday,0,0,31.7,28.4,4.4,43.6,18.53,62.12,-62.12,DEFICIT,6.06,4.16,5.15,2.25
2024-04-29 20:00,4,20,0,weekday,0,0,18.6,26.3,5.0,39.26,11.91,51.17,-51.17,DEFICIT,7.31,4.78,6.21,2.25
2024-04-29 21:00,4,21,0,weekday,0,0,9.7,27.6,4.9,25.06,14.63,39.69,-39.69,DEFICIT,6.7,4.48,5.7,2.25
2024-04-29 22:00,4,22,0,weekday,0,0,22.7,26.5,4.0,18.62,0.0,18.62,-18.62,DEFICIT,4.46,3.36,3.79,2.25
2024-04-29 23:00,4,23,0,weekday,0,0,22.2,27.7,3.9,13.32,0,13.32,-13.32,DEFICIT,4.7,3.47,3.99,2.25
2024-04-30 00:00,4,0,1,weekday,0,0,28.1,24.5,5.5,9.25,5.12,14.38,-14.38,DEFICIT,4.36,3.3,3.7,2.25
2024-04-30 01:00,4,1,1,weekday,0,0,38.4,23.0,4.1,7.96,0.0,7.96,-7.96,DEFICIT,4.47,3.36,3.8,2.25
2024-04-30 02:00,4,2,1,weekday,0,0,45.3,23.1,4.9,8.0,0.0,8.0,-8.0,DEFICIT,4.26,3.25,3.62,2.25
2024-04-30 03:00,4,3,1,weekday,0,0,28.6,21.8,2.7,5.33,0.0,5.33,-5.33,DEFICIT,4.63,3.44,3.93,2.25
2024-04-30 04:00,4,4,1,weekday,0,0,27.2,22.1,3.6,6.32,5.27,11.59,-11.59,DEFICIT,4.6,3.42,3.91,2.25
2024-04-30 05:00,4,5,1,weekday,0,0,39.3,20.2,2.5,9.5,3.19,12.69,-12.69,DEFICIT,4.7,3.48,4.0,2.25
2024-04-30 06:00,4,6,1,weekday,36.5,3.71,33.1,24.1,3.7,22.87,0,22.87,-19.16,DEFICIT,6.23,4.24,5.29,2.25
2024-04-30 07:00,4,7,1,weekday,144.2,14.5,30.1,27.1,3.3,32.75,21.05,53.8,-39.31,DEFICIT,5.44,3.84,4.62,2.25
2024-04-30 08:00,4,8,1,weekday,253.9,25.42,32.0,28.2,5.0,24.0,8.36,32.37,-6.94,DEFICIT,6.13,4.19,5.21,2.25
2024-04-30 09:00,4,9,1,weekday,439.0,43.88,35.5,28.5,3.6,15.89,0.0,15.89,27.99,SURPLUS,5.81,4.03,4.94,2.25
2024-04-30 10:00,4,10,1,weekday,605.8,60.24,35.0,29.9,5.1,11.7,0,11.7,48.54,SURPLUS,4.0,3.12,3.4,2.25
2024-04-30 11:00,4,11,1,weekday,797.0,80.45,23.1,26.1,3.6,13.4,0,13.4,67.04,SURPLUS,3.86,3.06,3.28,2.25
2024-04-30 12:00,4,12,1,weekday,751.4,73.36,22.2,34.3,4.5,15.51,0,15.51,57.85,SURPLUS,3.77,3.01,3.21,2.25
2024-04-30 13:00,4,13,1,weekday,646.3,64.2,50.9,30.1,4.8,12.55,0,12.55,51.65,SURPLUS,4.03,3.14,3.42,2.25
2024-04-30 14:00,4,14,1,weekday,603.6,59.5,34.8,32.0,5.6,12.35,0,12.35,47.14,SURPLUS,4.45,3.35,3.79,2.25
2024-04-30 15:00,4,15,1,weekday,417.1,41.3,35.9,30.9,3.9,13.86,0,13.86,27.44,SURPLUS,3.94,3.09,3.35,2.25
2024-04-30 16:00,4,16,1,weekday,332.0,32.76,36.2,31.7,3.5,19.81,0,19.81,12.94,SURPLUS,7.06,4.65,6.0,2.25
2024-04-30 17:00,4,17,1,weekday,128.0,12.66,31.6,31.1,4.1,22.1,0,22.1,-9.44,DEFICIT,6.35,4.3,5.4,2.25
2024-04-30 18:00,4,18,1,weekday,43.3,4.25,48.2,33.2,3.3,33.02,19.33,52.34,-48.09,DEFICIT,6.8,4.52,5.78,2.25
2024-04-30 19:00,4,19,1,weekday,0,0,17.4,26.5,4.3,30.23,20.32,50.55,-50.55,DEFICIT,7.34,4.8,6.24,2.25
2024-04-30 20:00,4,20,1,weekday,0,0,28.9,25.9,3.1,39.83,21.48,61.31,-61.31,DEFICIT,6.95,4.6,5.91,2.25
2024-04-30 21:00,4,21,1,weekday,0,0,52.7,24.9,4.6,31.7,20.38,52.07,-52.07,DEFICIT,6.37,4.31,5.42,2.25
2024-04-30 22:00,4,22,1,weekday,0,0,42.1,22.5,3.7,22.41,16.14,38.54,-38.54,DEFICIT,4.65,3.45,3.96,2.25
2024-04-30 23:00,4,23,1,weekday,0,0,41.5,25.2,4.0,15.19,0,15.19,-15.19,DEFICIT,4.53,3.39,3.85,2.25
2024-05-01 00:00,5,0,2,weekday,0,0,66.5,22.5,5.2,12.49,0.0,12.49,-12.49,DEFICIT,4.47,3.36,3.8,2.25
2024-05-01 01:00,5,1,2,weekday,0,0,58.9,24.9,4.0,8.5,5.18,13.68,-13.68,DEFICIT,4.51,3.38,3.83,2.25
2024-05-01 02:00,5,2,2,weekday,0,0,74.3,20.7,4.1,6.56,4.22,10.78,-10.78,DEFICIT,4.87,3.56,4.14,2.25
2024-05-01 03:00,5,3,2,weekday,0,0,65.2,22.1,4.1,6.94,0.0,6.94,-6.94,DEFICIT,4.37,3.31,3.72,2.25
2024-05-01 04:00,5,4,2,weekday,0,0,66.9,20.9,5.6,5.93,4.81,10.74,-10.74,DEFICIT,4.36,3.31,3.71,2.25
2024-05-01 05:00,5,5,2,weekday,0,0,69.0,21.5,4.6,8.35,2.92,11.26,-11.26,DEFICIT,4.57,3.41,3.88,2.25
2024-05-01 06:00,5,6,2,weekday,58.2,5.9,54.4,23.5,5.2,18.69,0,18.69,-12.78,DEFICIT,5.74,4.0,4.88,2.25
2024-05-01 07:00,5,7,2,weekday,169.1,17.15,77.8,24.1,1.7,27.38,10.6,37.98,-20.83,DEFICIT,5.84,4.05,4.97,2.25
2024-05-01 08:00,5,8,2,weekday,366.4,36.91,65.7,26.7,4.5,23.89,5.69,29.59,7.32,SURPLUS,5.67,3.96,4.82,2.25
2024-05-01 09:00,5,9,2,weekday,570.9,57.21,58.7,27.9,4.5,15.14,7.38,22.53,34.69,SURPLUS,5.24,3.74,4.45,2.25
2024-05-01 10:00,5,10,2,weekday,708.8,71.55,70.4,26.1,4.2,14.53,0,14.53,57.02,SURPLUS,3.7,2.98,3.15,2.25
2024-05-01 11:00,5,11,2,weekday,850.2,84.8,63.5,29.1,4.6,14.07,0,14.07,70.73,SURPLUS,4.0,3.13,3.4,2.25
2024-05-01 12:00,5,12,2,weekday,1040.1,103.77,57.9,29.0,3.9,14.57,0,14.57,89.2,SURPLUS,3.92,3.08,3.33,2.25
2024-05-01 13:00,5,13,2,weekday,979.9,96.88,61.7,31.2,5.8,15.06,0,15.06,81.82,SURPLUS,4.31,3.28,3.66,2.25
2024-05-01 14:00,5,14,2,weekday,804.7,79.39,76.9,31.7,4.6,13.79,0,13.79,65.61,SURPLUS,4.02,3.14,3.42,2.25
2024-05-01 15:00,5,15,2,weekday,593.9,58.86,62.8,30.7,5.0,11.85,0,11.85,47.01,SURPLUS,3.83,3.04,3.26,2.25
2024-05-01 16:00,5,16,2,weekday,390.5,38.39,83.3,32.6,4.1,19.93,0,19.93,18.46,SURPLUS,7.71,4.98,6.55,2.25
2024-05-01 17:00,5,17,2,weekday,221.1,22.07,57.5,28.9,3.6,22.66,0,22.66,-0.59,BALANCED,7.13,4.69,6.06,2.25
2024-05-01 18:00,5,18,2,weekday,51.4,5.21,61.2,24.6,5.2,31.21,0.0,31.21,-26.0,DEFICIT,6.6,4.43,5.61,2.25
2024-05-01 19:00,5,19,2,weekday,0,0,57.6,27.0,4.0,48.16,16.75,64.91,-64.91,DEFICIT,6.9,4.57,5.86,2.25
2024-05-01 20:00,5,20,2,weekday,0,0,70.0,26.4,2.9,36.61,8.07,44.69,-44.69,DEFICIT,6.93,4.59,5.89,2.25
2024-05-01 21:00,5,21,2,weekday,0,0,82.0,24.9,4.4,30.46,6.21,36.68,-36.68,DEFICIT,7.07,4.66,6.01,2.25
2024-05-01 22:00,5,22,2,weekday,0,0,80.2,25.2,4.3,16.89,13.76,30.66,-30.66,DEFICIT,4.35,3.3,3.7,2.25
2024-05-01 23:00,5,23,2,weekday,0,0,72.3,24.1,4.9,13.99,0,13.99,-13.99,DEFICIT,4.82,3.54,4.1,2.25
2024-05-02 00:00,5,0,3,weekday,0,0,28.7,25.1,4.1,10.21,4.85,15.05,-15.05,DEFICIT,4.14,3.19,3.52,2.25
2024-05-02 01:00,5,1,3,weekday,0,0,32.5,19.2,4.7,7.96,4.44,12.41,-12.41,DEFICIT,4.36,3.3,3.7,2.25
2024-05-02 02:00,5,2,3,weekday,0,0,38.7,25.2,5.4,7.49,0.0,7.49,-7.49,DEFICIT,4.46,3.35,3.79,2.25
2024-05-02 03:00,5,3,3,weekday,0,0,33.9,26.7,3.1,5.3,5.06,10.37,-10.37,DEFICIT,4.47,3.36,3.8,2.25
2024-05-02 04:00,5,4,3,weekday,0,0,42.2,24.1,4.4,5.67,4.27,9.94,-9.94,DEFICIT,4.24,3.25,3.61,2.25
2024-05-02 05:00,5,5,3,weekday,0,0,35.0,23.6,6.0,7.67,0.0,7.67,-7.67,DEFICIT,4.64,3.44,3.94,2.25
2024-05-02 06:00,5,6,3,weekday,21.0,2.13,29.1,22.0,4.4,22.31,0,22.31,-20.17,DEFICIT,5.76,4.0,4.89,2.25
2024-05-02 07:00,5,7,3,weekday,74.9,7.59,27.7,24.7,5.6,27.56,10.17,37.73,-30.14,DEFICIT,6.12,4.19,5.2,2.25
2024-05-02 08:00,5,8,3,weekday,178.3,18.04,13.6,25.4,3.0,20.37,0.0,20.37,-2.33,BALANCED,6.02,4.13,5.12,2.25
2024-05-02 09:00,5,9,3,weekday,222.9,22.36,26.5,27.6,5.3,14.4,0.0,14.4,7.97,SURPLUS,5.71,3.98,4.86,2.25
2024-05-02 10:00,5,10,3,weekday,341.0,33.96,31.5,29.5,5.0,14.45,0,14.45,19.51,SURPLUS,3.44,2.85,2.92,2.25
2024-05-02 11:00,5,11,3,weekday,423.8,42.43,22.9,28.2,3.9,15.88,0,15.88,26.55,SURPLUS,3.81,3.03,3.24,2.25
2024-05-02 12:00,5,12,3,weekday,464.6,45.54,19.1,33.3,5.2,17.72,0,17.72,27.82,SURPLUS,4.02,3.14,3.42,2.25
2024-05-02 13:00,5,13,3,weekday,410.1,40.35,10.5,32.4,4.9,16.69,0,16.69,23.66,SURPLUS,3.74,3.0,3.18,2.25
2024-05-02 14:00,5,14,3,weekday,427.1,42.64,26.3,28.8,4.2,13.03,0,13.03,29.61,SURPLUS,4.05,3.15,3.45,2.25
2024-05-02 15:00,5,15,3,weekday,265.2,26.23,32.6,31.1,5.0,11.64,0,11.64,14.59,SURPLUS,4.09,3.17,3.48,2.25
2024-05-02 16:00,5,16,3,weekday,199.0,19.65,29.4,31.6,3.3,17.86,0,17.86,1.79,BALANCED,7.07,4.66,6.01,2.25
2024-05-02 17:00,5,17,3,weekday,98.7,9.84,16.0,29.3,4.8,24.91,0,24.91,-15.07,DEFICIT,7.13,4.69,6.06,2.25
2024-05-02 18:00,5,18,3,weekday,23.5,2.37,15.0,26.0,4.5,30.01,9.54,39.54,-37.17,DEFICIT,7.05,4.65,5.99,2.25
2024-05-02 19:00,5,19,3,weekday,0,0,24.3,26.7,5.5,41.43,15.65,57.08,-57.08,DEFICIT,6.56,4.4,5.58,2.25
2024-05-02 20:00,5,20,3,weekday,0,0,29.0,24.8,3.7,38.39,0.0,38.39,-38.39,DEFICIT,7.13,4.69,6.06,2.25
2024-05-02 21:00,5,21,3,weekday,0,0,33.6,25.8,4.7,27.21,8.15,35.35,-35.35,DEFICIT,7.23,4.74,6.15,2.25
2024-05-02 22:00,5,22,3,weekday,0,0,22.4,24.4,3.5,19.82,8.42,28.23,-28.23,DEFICIT,4.6,3.43,3.91,2.25
2024-05-02 23:00,5,23,3,weekday,0,0,27.0,21.0,4.5,12.92,0,12.92,-12.92,DEFICIT,5.05,3.65,4.29,2.25
2024-05-03 00:00,5,0,4,weekday,0,0,40.9,21.4,4.5,10.19,4.5,14.69,-14.69,DEFICIT,4.71,3.48,4.0,2.25
2024-05-03 01:00,5,1,4,weekday,0,0,47.0,22.4,3.2,8.17,5.59,13.76,-13.76,DEFICIT,4.2,3.22,3.57,2.25
2024-05-03 02:00,5,2,4,weekday,0,0,50.1,23.1,4.9,7.92,0.0,7.92,-7.92,DEFICIT,4.22,3.23,3.58,2.25
2024-05-03 03:00,5,3,4,weekday,0,0,50.7,24.7,4.4,6.42,3.77,10.18,-10.18,DEFICIT,4.4,3.32,3.74,2.25
2024-05-03 04:00,5,4,4,weekday,0,0,56.4,20.6,5.4,5.27,4.23,9.49,-9.49,DEFICIT,4.65,3.45,3.95,2.25
2024-05-03 05:00,5,5,4,weekday,0,0,51.0,20.2,4.8,7.99,4.17,12.16,-12.16,DEFICIT,4.51,3.38,3.83,2.25
2024-05-03 06:00,5,6,4,weekday,33.9,3.44,47.0,22.4,4.2,21.88,0,21.88,-18.44,DEFICIT,5.91,4.08,5.02,2.25
2024-05-03 07:00,5,7,4,weekday,104.8,10.57,36.6,26.5,4.5,31.07,18.03,49.1,-38.53,DEFICIT,6.06,4.15,5.15,2.25
2024-05-03 08:00,5,8,4,weekday,246.3,24.77,33.7,27.1,4.2,23.93,0.0,23.93,0.84,BALANCED,5.78,4.01,4.91,2.25
2024-05-03 09:00,5,9,4,weekday,351.7,35.07,43.6,29.2,3.5,14.75,5.95,20.7,14.37,SURPLUS,6.12,4.18,5.2,2.25
2024-05-03 10:00,5,10,4,weekday,582.9,58.86,32.1,26.0,4.3,16.17,0,16.17,42.69,SURPLUS,3.76,3.01,3.2,2.25
2024-05-03 11:00,5,11,4,weekday,701.6,70.67,42.7,26.7,4.2,13.05,0,13.05,57.63,SURPLUS,3.77,3.01,3.21,2.25
2024-05-03 12:00,5,12,4,weekday,627.7,62.29,35.6,30.3,4.4,14.32,0,14.32,47.96,SURPLUS,3.89,3.07,3.31,2.25
2024-05-03 13:00,5,13,4,weekday,640.0,63.68,42.1,29.7,5.8,13.93,0,13.93,49.75,SURPLUS,4.05,3.15,3.45,2.25
2024-05-03 14:00,5,14,4,weekday,576.5,57.02,41.7,31.1,4.7,15.61,0,15.61,41.41,SURPLUS,3.66,2.95,3.11,2.25
2024-05-03 15:00,5,15,4,weekday,424.9,42.08,50.5,30.9,4.4,14.45,0,14.45,27.63,SURPLUS,3.3,2.77,2.8,2.25
2024-05-03 16:00,5,16,4,weekday,337.3,33.24,23.2,32.0,6.3,17.82,0,17.82,15.42,SURPLUS,6.87,4.56,5.84,2.25
2024-05-03 17:00,5,17,4,weekday,138.3,13.69,32.5,31.1,6.5,23.39,0,23.39,-9.71,DEFICIT,6.81,4.53,5.79,2.25
2024-05-03 18:00,5,18,4,weekday,32.6,3.23,40.1,30.8,4.5,36.53,20.12,56.65,-53.42,DEFICIT,7.15,4.7,6.08,2.25
2024-05-03 19:00,5,19,4,weekday,0,0,50.3,27.3,3.6,44.29,9.93,54.23,-54.23,DEFICIT,6.46,4.36,5.49,2.25
2024-05-03 20:00,5,20,4,weekday,0,0,53.2,28.6,2.9,37.48,18.54,56.01,-56.01,DEFICIT,7.03,4.64,5.98,2.25
2024-05-03 21:00,5,21,4,weekday,0,0,46.1,24.7,4.7,28.44,15.14,43.58,-43.58,DEFICIT,6.64,4.44,5.64,2.25
2024-05-03 22:00,5,22,4,weekday,0,0,48.3,24.7,4.4,18.59,19.61,38.2,-38.2,DEFICIT,4.3,3.27,3.65,2.25
2024-05-03 23:00,5,23,4,weekday,0,0,35.0,24.6,3.9,14.11,0,14.11,-14.11,DEFICIT,4.48,3.36,3.81,2.25
2024-05-04 00:00,5,0,5,weekend,0,0,26.4,25.7,4.7,10.24,2.48,12.72,-12.72,DEFICIT,4.89,3.57,4.16,2.25
2024-05-04 01:00,5,1,5,weekend,0,0,18.7,21.1,4.3,10.05,0.0,10.05,-10.05,DEFICIT,4.13,3.19,3.51,2.25
2024-05-04 02:00,5,2,5,weekend,0,0,41.2,22.7,5.1,8.74,4.38,13.12,-13.12,DEFICIT,4.7,3.48,4.0,2.25
2024-05-04 03:00,5,3,5,weekend,0,0,39.8,21.3,4.3,6.57,4.61,11.19,-11.19,DEFICIT,4.09,3.17,3.47,2.25
2024-05-04 04:00,5,4,5,weekend,0,0,30.6,22.5,3.4,7.28,5.52,12.8,-12.8,DEFICIT,4.87,3.56,4.14,2.25
2024-05-04 05:00,5,5,5,weekend,0,0,23.4,21.1,4.2,7.85,0.0,7.85,-7.85,DEFICIT,5.09,3.67,4.33,2.25
2024-05-04 06:00,5,6,5,weekend,19.9,2.01,30.1,20.6,3.4,26.31,0,26.31,-24.3,DEFICIT,5.6,3.92,4.76,2.25
2024-05-04 07:00,5,7,5,weekend,75.9,7.69,20.7,25.2,3.1,32.52,0.0,32.52,-24.83,DEFICIT,5.9,4.08,5.02,2.25
2024-05-04 08:00,5,8,5,weekend,144.6,14.54,25.7,27.0,4.9,28.38,10.09,38.47,-23.93,DEFICIT,5.81,4.03,4.93,2.25
2024-05-04 09:00,5,9,5,weekend,234.9,23.58,34.7,27.5,4.8,18.38,0.0,18.38,5.2,SURPLUS,5.87,4.06,4.99,2.25
2024-05-04 10:00,5,10,5,weekend,325.3,32.39,24.5,29.5,4.1,16.2,0,16.2,16.19,SURPLUS,4.04,3.14,3.43,2.25
2024-05-04 11:00,5,11,5,weekend,306.0,30.4,17.3,30.1,4.6,15.71,0,15.71,14.69,SURPLUS,3.96,3.11,3.37,2.25
2024-05-04 12:00,5,12,5,weekend,381.8,37.95,30.3,29.9,4.6,14.32,0,14.32,23.63,SURPLUS,3.85,3.05,3.27,2.25
2024-05-04 13:00,5,13,5,weekend,407.4,40.61,24.0,29.2,3.7,16.22,0,16.22,24.4,SURPLUS,3.85,3.05,3.27,2.25
2024-05-04 14:00,5,14,5,weekend,341.9,33.73,19.1,31.8,6.0,18.47,0,18.47,15.26,SURPLUS,3.66,2.95,3.11,2.25
2024-05-04 15:00,5,15,5,weekend,265.5,26.29,24.7,30.9,4.2,16.83,0,16.83,9.46,SURPLUS,3.79,3.02,3.22,2.25
2024-05-04 16:00,5,16,5,weekend,160.8,16.0,21.0,29.6,5.9,17.24,0,17.24,-1.23,BALANCED,6.8,4.53,5.78,2.25
2024-05-04 17:00,5,17,5,weekend,84.3,8.39,22.4,29.5,4.5,22.7,0,22.7,-14.31,DEFICIT,6.29,4.27,5.34,2.25
2024-05-04 18:00,5,18,5,weekend,22.0,2.22,17.1,26.0,4.6,37.89,10.82,48.71,-46.48,DEFICIT,6.7,4.48,5.7,2.25
2024-05-04 19:00,5,19,5,weekend,0,0,16.4,26.9,4.5,44.96,0.0,44.96,-44.96,DEFICIT,6.91,4.58,5.87,2.25
2024-05-04 20:00,5,20,5,weekend,0,0,17.6,23.1,3.5,36.65,14.76,51.41,-51.41,DEFICIT,6.94,4.59,5.9,2.25
2024-05-04 21:00,5,21,5,weekend,0,0,32.1,25.0,4.8,33.71,15.1,48.8,-48.8,DEFICIT,6.9,4.57,5.86,2.25
2024-05-04 22:00,5,22,5,weekend,0,0,22.6,24.5,2.5,25.19,14.5,39.7,-39.7,DEFICIT,4.32,3.29,3.67,2.25
2024-05-04 23:00,5,23,5,weekend,0,0,32.0,22.5,3.9,18.59,0,18.59,-18.59,DEFICIT,4.89,3.57,4.16,2.25
2024-05-05 00:00,5,0,6,weekend,0,0,33.9,20.6,4.6,11.34,0.0,11.34,-11.34,DEFICIT,4.43,3.34,3.77,2.25
2024-05-05 01:00,5,1,6,weekend,0,0,29.8,25.4,4.0,9.5,0.0,9.5,-9.5,DEFICIT,4.47,3.36,3.8,2.25
2024-05-05 02:00,5,2,6,weekend,0,0,35.9,22.1,2.7,7.71,2.83,10.55,-10.55,DEFICIT,4.71,3.48,4.0,2.25
2024-05-05 03:00,5,3,6,weekend,0,0,38.0,22.2,3.8,6.35,0.0,6.35,-6.35,DEFICIT,3.87,3.06,3.29,2.25
2024-05-05 04:00,5,4,6,weekend,0,0,37.4,23.1,4.3,5,4.52,9.52,-9.52,DEFICIT,4.67,3.46,3.97,2.25
2024-05-05 05:00,5,5,6,weekend,0,0,45.9,22.1,5.1,8.86,0.0,8.86,-8.86,DEFICIT,4.49,3.37,3.81,2.25
2024-05-05 06:00,5,6,6,weekend,35.4,3.59,54.6,21.6,4.5,21.67,0,21.67,-18.08,DEFICIT,5.73,3.99,4.87,2.25
2024-05-05 07:00,5,7,6,weekend,88.1,8.93,47.3,24.0,3.4,34.11,19.37,53.48,-44.55,DEFICIT,5.87,4.06,4.99,2.25
2024-05-05 08:00,5,8,6,weekend,247.6,24.99,42.7,26.2,3.3,25.3,4.03,29.33,-4.35,BALANCED,6.3,4.27,5.35,2.25
2024-05-05 09:00,5,9,6,weekend,310.0,31.0,45.6,28.4,3.6,17.7,10.83,28.54,2.46,BALANCED,6.0,4.13,5.1,2.25
2024-05-05 10:00,5,10,6,weekend,459.9,46.45,37.6,26.0,4.1,13.9,0,13.9,32.55,SURPLUS,3.98,3.11,3.38,2.25
2024-05-05 11:00,5,11,6,weekend,519.9,51.48,36.7,30.9,2.9,16.92,0,16.92,34.56,SURPLUS,4.15,3.2,3.53,2.25
2024-05-05 12:00,5,12,6,weekend,685.0,67.41,38.9,32.4,4.6,18.66,0,18.66,48.75,SURPLUS,3.64,2.95,3.1,2.25
2024-05-05 13:00,5,13,6,weekend,574.0,56.87,43.1,30.7,5.4,13.75,0,13.75,43.12,SURPLUS,3.79,3.02,3.22,2.25
2024-05-05 14:00,5,14,6,weekend,491.4,48.67,35.4,30.8,5.4,16.69,0,16.69,31.98,SURPLUS,3.5,2.88,2.98,2.25
2024-05-05 15:00,5,15,6,weekend,446.3,44.4,36.3,29.7,5.7,13.35,0,13.35,31.04,SURPLUS,3.38,2.82,2.87,2.25
2024-05-05 16:00,5,16,6,weekend,299.7,29.57,37.3,31.7,4.5,19.94,0,19.94,9.63,SURPLUS,6.84,4.55,5.81,2.25
2024-05-05 17:00,5,17,6,weekend,113.8,11.37,35.1,28.7,5.5,25.54,0,25.54,-14.17,DEFICIT,6.81,4.53,5.79,2.25
2024-05-05 18:00,5,18,6,weekend,33.0,3.31,48.0,27.1,3.0,34.69,15.34,50.03,-46.72,DEFICIT,6.96,4.6,5.92,2.25
2024-05-05 19:00,5,19,6,weekend,0,0,47.0,25.2,4.8,44.6,20.11,64.71,-64.71,DEFICIT,7.36,4.81,6.26,2.25
2024-05-05 20:00,5,20,6,weekend,0,0,45.1,27.5,3.7,41.83,20.2,62.03,-62.03,DEFICIT,6.76,4.51,5.75,2.25
2024-05-05 21:00,5,21,6,weekend,0,0,42.0,24.9,4.5,31.57,6.85,38.42,-38.42,DEFICIT,6.67,4.46,5.67,2.25
2024-05-05 22:00,5,22,6,weekend,0,0,31.7,24.8,4.4,23.83,12.03,35.86,-35.86,DEFICIT,4.7,3.48,4.0,2.25
2024-05-05 23:00,5,23,6,weekend,0,0,49.0,23.8,3.2,15.55,0,15.55,-15.55,DEFICIT,4.53,3.39,3.85,2.25
2024-05-06 00:00,5,0,0,weekday,0,0,32.2,23.3,3.6,9.75,5.01,14.75,-14.75,DEFICIT,4.64,3.45,3.95,2.25
2024-05-06 01:00,5,1,0,weekday,0,0,43.3,26.9,4.7,7.3,0.0,7.3,-7.3,DEFICIT,4.44,3.34,3.77,2.25
2024-05-06 02:00,5,2,0,weekday,0,0,43.0,21.2,4.3,6.62,2.42,9.04,-9.04,DEFICIT,4.55,3.4,3.86,2.25
2024-05-06 03:00,5,3,0,weekday,0,0,25.5,23.1,4.9,5.21,0.0,5.21,-5.21,DEFICIT,4.9,3.57,4.16,2.25
2024-05-06 04:00,5,4,0,weekday,0,0,44.6,20.2,5.0,6.02,0.0,6.02,-6.02,DEFICIT,4.28,3.26,3.63,2.25
2024-05-06 05:00,5,5,0,weekday,0,0,53.9,21.0,4.0,7.11,5.25,12.36,-12.36,DEFICIT,4.34,3.3,3.69,2.25
2024-05-06 06:00,5,6,0,weekday,31.4,3.18,37.4,23.4,2.5,22.51,0,22.51,-19.33,DEFICIT,5.46,3.86,4.64,2.25
2024-05-06 07:00,5,7,0,weekday,95.0,9.63,41.3,21.7,5.8,30.67,0.0,30.67,-21.04,DEFICIT,5.65,3.95,4.8,2.25
2024-05-06 08:00,5,8,0,weekday,197.0,19.67,30.3,28.8,5.3,20.67,11.65,32.32,-12.65,DEFICIT,5.61,3.93,4.77,2.25
2024-05-06 09:00,5,9,0,weekday,335.3,34.0,42.8,22.7,4.7,14.16,0.0,14.16,19.83,SURPLUS,5.77,4.01,4.91,2.25
2024-05-06 10:00,5,10,0,weekday,408.0,40.62,41.6,29.5,3.6,14.14,0,14.14,26.48,SURPLUS,3.74,3.0,3.18,2.25
2024-05-06 11:00,5,11,0,weekday,559.0,55.51,38.2,30.2,3.5,14.31,0,14.31,41.19,SURPLUS,3.98,3.12,3.39,2.25
2024-05-06 12:00,5,12,0,weekday,610.1,60.84,28.8,29.1,5.0,15.51,0,15.51,45.33,SURPLUS,3.64,2.95,3.1,2.25
2024-05-06 13:00,5,13,0,weekday,534.4,53.39,29.7,28.7,3.9,16.7,0,16.7,36.68,SURPLUS,3.46,2.86,2.94,2.25
2024-05-06 14:00,5,14,0,weekday,461.0,45.57,41.5,31.3,5.4,15.16,0,15.16,30.4,SURPLUS,3.77,3.01,3.2,2.25
2024-05-06 15:00,5,15,0,weekday,338.0,32.92,34.2,34.9,4.5,14.35,0,14.35,18.57,SURPLUS,4.1,3.17,3.48,2.25
2024-05-06 16:00,5,16,0,weekday,221.5,22.09,44.8,29.1,5.0,18.48,0,18.48,3.61,BALANCED,6.77,4.51,5.75,2.25
2024-05-06 17:00,5,17,0,weekday,110.9,11.04,22.0,29.5,4.3,23.09,0,23.09,-12.05,DEFICIT,6.87,4.56,5.84,2.25
2024-05-06 18:00,5,18,0,weekday,24.4,2.42,38.3,29.6,5.1,34.64,19.11,53.75,-51.33,DEFICIT,6.71,4.48,5.7,2.25
2024-05-06 19:00,5,19,0,weekday,0,0,45.3,28.2,3.9,38.65,19.01,57.65,-57.65,DEFICIT,7.13,4.69,6.06,2.25
2024-05-06 20:00,5,20,0,weekday,0,0,42.6,27.8,5.3,27.84,20.66,48.5,-48.5,DEFICIT,6.79,4.52,5.77,2.25
2024-05-06 21:00,5,21,0,weekday,0,0,24.1,26.6,4.4,26.02,0.0,26.02,-26.02,DEFICIT,6.94,4.6,5.9,2.25
2024-05-06 22:00,5,22,0,weekday,0,0,47.7,23.9,2.7,19.23,0.0,19.23,-19.23,DEFICIT,4.7,3.48,4.0,2.25
2024-05-06 23:00,5,23,0,weekday,0,0,32.5,25.5,3.2,15.61,0,15.61,-15.61,DEFICIT,4.83,3.54,4.11,2.25
2024-05-07 00:00,5,0,1,weekday,0,0,33.5,24.0,4.6,9.65,0.0,9.65,-9.65,DEFICIT,4.48,3.36,3.81,2.25
2024-05-07 01:00,5,1,1,weekday,0,0,39.8,23.1,4.1,8.05,0.0,8.05,-8.05,DEFICIT,4.85,3.55,4.12,2.25
2024-05-07 02:00,5,2,1,weekday,0,0,48.3,21.6,4.4,6.32,0.0,6.32,-6.32,DEFICIT,4.53,3.39,3.85,2.25
2024-05-07 03:00,5,3,1,weekday,0,0,55.2,20.2,4.5,5.71,0.0,5.71,-5.71,DEFICIT,4.63,3.44,3.93,2.25
2024-05-07 04:00,5,4,1,weekday,0,0,59.2,23.3,2.8,5.26,0.0,5.26,-5.26,DEFICIT,4.1,3.17,3.48,2.25
2024-05-07 05:00,5,5,1,weekday,0,0,51.6,20.0,3.7,8.1,4.47,12.57,-12.57,DEFICIT,4.53,3.39,3.85,2.25
2024-05-07 06:00,5,6,1,weekday,35.0,3.55,44.8,22.1,3.6,22.59,0,22.59,-19.03,DEFICIT,5.98,4.11,5.08,2.25
2024-05-07 07:00,5,7,1,weekday,114.4,11.6,28.7,23.6,3.3,29.43,6.97,36.41,-24.81,DEFICIT,6.1,4.17,5.18,2.25
2024-05-07 08:00,5,8,1,weekday,240.1,24.35,32.0,24.2,4.8,20.82,0.0,20.82,3.53,BALANCED,6.04,4.15,5.14,2.25
2024-05-07 09:00,5,9,1,weekday,440.8,44.27,59.6,27.4,3.1,16.88,0.0,16.88,27.39,SURPLUS,5.41,3.83,4.6,2.25
2024-05-07 10:00,5,10,1,weekday,601.1,59.71,45.3,30.1,4.3,14.22,0,14.22,45.49,SURPLUS,4.26,3.26,3.62,2.25
2024-05-07 11:00,5,11,1,weekday,697.9,70.42,34.2,26.2,4.3,13.63,0,13.63,56.79,SURPLUS,4.0,3.12,3.4,2.25
2024-05-07 12:00,5,12,1,weekday,814.8,81.51,37.2,28.4,3.7,15.62,0,15.62,65.89,SURPLUS,3.62,2.93,3.08,2.25
2024-05-07 13:00,5,13,1,weekday,619.0,61.45,42.8,30.2,5.4,15.55,0,15.55,45.91,SURPLUS,3.57,2.91,3.03,2.25
2024-05-07 14:00,5,14,1,weekday,471.3,46.47,30.2,31.9,5.1,14.37,0,14.37,32.1,SURPLUS,3.75,3.0,3.18,2.25
2024-05-07 15:00,5,15,1,weekday,382.2,38.23,40.7,28.4,4.8,16.04,0,16.04,22.19,SURPLUS,3.59,2.92,3.05,2.25
2024-05-07 16:00,5,16,1,weekday,334.8,32.94,46.2,32.4,3.8,16.24,0,16.24,16.69,SURPLUS,6.39,4.32,5.43,2.25
2024-05-07 17:00,5,17,1,weekday,128.7,12.72,51.0,31.3,4.9,23.08,0,23.08,-10.36,DEFICIT,7.21,4.73,6.13,2.25
2024-05-07 18:00,5,18,1,weekday,35.6,3.56,44.6,28.8,4.4,28.91,15.95,44.86,-41.3,DEFICIT,7.21,4.73,6.12,2.25
2024-05-07 19:00,5,19,1,weekday,0,0,54.9,26.5,4.5,36.87,13.84,50.72,-50.72,DEFICIT,6.75,4.5,5.74,2.25
2024-05-07 20:00,5,20,1,weekday,0,0,45.2,24.9,4.8,35.41,18.25,53.65,-53.65,DEFICIT,6.8,4.53,5.78,2.25
2024-05-07 21:00,5,21,1,weekday,0,0,58.0,25.6,5.5,25.58,18.97,44.55,-44.55,DEFICIT,6.36,4.3,5.4,2.25
2024-05-07 22:00,5,22,1,weekday,0,0,54.1,25.9,4.3,19.52,21.49,41.01,-41.01,DEFICIT,4.47,3.36,3.8,2.25
2024-05-07 23:00,5,23,1,weekday,0,0,60.7,25.2,5.3,11.06,0,11.06,-11.06,DEFICIT,4.4,3.32,3.74,2.25
2024-05-08 00:00,5,0,2,weekday,0,0,60.3,20.2,4.9,9.81,0.0,9.81,-9.81,DEFICIT,5.02,3.63,4.26,2.25
2024-05-08 01:00,5,1,2,weekday,0,0,48.1,22.7,6.1,7.89,0.0,7.89,-7.89,DEFICIT,4.88,3.57,4.15,2.25
2024-05-08 02:00,5,2,2,weekday,0,0,57.3,23.3,5.1,8.49,0.0,8.49,-8.49,DEFICIT,4.66,3.46,3.96,2.25
2024-05-08 03:00,5,3,2,weekday,0,0,49.5,21.8,3.2,5,0.0,5.0,-5.0,BALANCED,4.2,3.22,3.57,2.25
2024-05-08 04:00,5,4,2,weekday,0,0,44.3,23.0,3.7,6.45,5.02,11.47,-11.47,DEFICIT,5.04,3.64,4.28,2.25
2024-05-08 05:00,5,5,2,weekday,0,0,45.1,22.8,5.3,7.49,0.0,7.49,-7.49,DEFICIT,4.06,3.16,3.45,2.25
2024-05-08 06:00,5,6,2,weekday,37.5,3.77,42.2,26.7,4.7,24.5,0,24.5,-20.73,DEFICIT,5.71,3.98,4.86,2.25
2024-05-08 07:00,5,7,2,weekday,133.1,13.5,46.6,24.5,5.3,27.78,19.82,47.61,-34.11,DEFICIT,5.96,4.11,5.07,2.25
2024-05-08 08:00,5,8,2,weekday,311.3,31.45,47.3,25.9,4.6,23.87,0.0,23.87,7.58,SURPLUS,5.87,4.06,4.99,2.25
2024-05-08 09:00,5,9,2,weekday,448.3,44.98,41.4,27.6,4.7,15.26,5.46,20.72,24.26,SURPLUS,5.91,4.08,5.02,2.25
2024-05-08 10:00,5,10,2,weekday,675.5,67.94,54.2,27.0,3.7,12.81,0,12.81,55.14,SURPLUS,3.25,2.75,2.76,2.25
2024-05-08 11:00,5,11,2,weekday,683.8,68.11,46.5,29.4,4.8,15.8,0,15.8,52.31,SURPLUS,3.68,2.96,3.12,2.25
2024-05-08 12:00,5,12,2,weekday,844.5,83.95,40.7,29.9,4.5,14.47,0,14.47,69.49,SURPLUS,3.75,3.0,3.19,2.25
2024-05-08 13:00,5,13,2,weekday,726.9,71.06,56.2,34.0,6.1,14.51,0,14.51,56.55,SURPLUS,3.8,3.03,3.23,2.25
2024-05-08 14:00,5,14,2,weekday,653.8,64.11,40.8,33.2,3.6,15.2,0,15.2,48.91,SURPLUS,3.74,2.99,3.18,2.25
2024-05-08 15:00,5,15,2,weekday,464.5,46.29,55.8,29.3,7.2,14.97,0,14.97,31.32,SURPLUS,3.72,2.99,3.16,2.25
2024-05-08 16:00,5,16,2,weekday,366.9,36.19,56.5,31.8,4.9,17.23,0,17.23,18.97,SURPLUS,6.52,4.38,5.54,2.25
2024-05-08 17:00,5,17,2,weekday,183.3,18.4,50.7,27.5,5.1,25.0,0,25.0,-6.61,DEFICIT,6.53,4.39,5.55,2.25
2024-05-08 18:00,5,18,2,weekday,39.0,3.88,42.0,29.7,5.8,32.21,20.24,52.46,-48.57,DEFICIT,7.1,4.68,6.04,2.25
2024-05-08 19:00,5,19,2,weekday,0,0,63.0,25.5,5.3,26.76,8.35,35.1,-35.1,DEFICIT,6.35,4.3,5.4,2.25
2024-05-08 20:00,5,20,2,weekday,0,0,63.5,25.2,1.7,42.43,6.77,49.19,-49.19,DEFICIT,7.1,4.67,6.03,2.25
2024-05-08 21:00,5,21,2,weekday,0,0,37.5,25.5,4.5,30.32,0.0,30.32,-30.32,DEFICIT,6.74,4.5,5.73,2.25
2024-05-08 22:00,5,22,2,weekday,0,0,45.9,22.9,2.4,20.09,6.24,26.34,-26.34,DEFICIT,4.72,3.48,4.01,2.25
2024-05-08 23:00,5,23,2,weekday,0,0,44.8,24.5,3.7,14.49,0,14.49,-14.49,DEFICIT,4.77,3.51,4.05,2.25
2024-05-09 00:00,5,0,3,weekday,0,0,45.5,23.4,4.4,7.66,2.72,10.38,-10.38,DEFICIT,4.7,3.47,3.99,2.25
2024-05-09 01:00,5,1,3,weekday,0,0,43.3,24.2,5.9,7.71,0.0,7.71,-7.71,DEFICIT,4.46,3.35,3.79,2.25
2024-05-09 02:00,5,2,3,weekday,0,0,47.5,20.0,3.6,6.7,5.13,11.83,-11.83,DEFICIT,4.84,3.55,4.12,2.25
2024-05-09 03:00,5,3,3,weekday,0,0,53.8,20.6,4.0,5.28,0.0,5.28,-5.28,DEFICIT,4.51,3.38,3.83,2.25
2024-05-09 04:00,5,4,3,weekday,0,0,52.6,21.7,4.6,6.24,5.23,11.47,-11.47,DEFICIT,4.82,3.54,4.1,2.25
2024-05-09 05:00,5,5,3,weekday,0,0,44.8,22.4,4.5,8.79,0.0,8.79,-8.79,DEFICIT,4.36,3.3,3.71,2.25
2024-05-09 06:00,5,6,3,weekday,34.8,3.53,44.6,23.2,4.5,21.67,0,21.67,-18.13,DEFICIT,5.67,3.96,4.82,2.25
2024-05-09 07:00,5,7,3,weekday,143.2,14.53,36.3,23.7,3.0,32.87,0.0,32.87,-18.34,DEFICIT,5.65,3.95,4.8,2.25
2024-05-09 08:00,5,8,3,weekday,301.9,30.47,45.8,26.2,3.8,29.02,0.0,29.02,1.46,BALANCED,5.95,4.1,5.06,2.25
2024-05-09 09:00,5,9,3,weekday,430.6,43.09,35.1,28.3,4.9,17.57,8.64,26.21,16.88,SURPLUS,5.49,3.87,4.66,2.25
2024-05-09 10:00,5,10,3,weekday,528.4,53.18,31.9,26.9,3.8,14.32,0,14.32,38.86,SURPLUS,3.96,3.1,3.37,2.25
2024-05-09 11:00,5,11,3,weekday,537.1,52.99,56.9,31.8,3.2,16.97,0,16.97,36.02,SURPLUS,3.74,2.99,3.18,2.25
2024-05-09 12:00,5,12,3,weekday,700.6,69.29,50.4,31.2,5.2,17.77,0,17.77,51.52,SURPLUS,3.49,2.87,2.96,2.25
2024-05-09 13:00,5,13,3,weekday,686.0,68.44,34.7,29.0,4.5,14.14,0,14.14,54.3,SURPLUS,4.05,3.15,3.44,2.25
2024-05-09 14:00,5,14,3,weekday,560.8,54.98,38.5,33.3,6.7,13.43,0,13.43,41.55,SURPLUS,4.53,3.39,3.85,2.25
2024-05-09 15:00,5,15,3,weekday,416.4,40.45,48.8,35.4,4.2,16.3,0,16.3,24.15,SURPLUS,3.89,3.07,3.31,2.25
2024-05-09 16:00,5,16,3,weekday,314.8,31.35,38.7,29.5,6.0,16.94,0,16.94,14.41,SURPLUS,6.68,4.47,5.68,2.25
2024-05-09 17:00,5,17,3,weekday,160.7,16.16,42.1,27.2,4.7,23.43,0,23.43,-7.27,DEFICIT,6.86,4.56,5.83,2.25
2024-05-09 18:00,5,18,3,weekday,29.5,2.98,33.1,26.0,4.3,33.13,9.87,43.01,-40.03,DEFICIT,6.72,4.48,5.71,2.25
2024-05-09 19:00,5,19,3,weekday,0,0,46.4,27.7,3.5,44.96,18.27,63.23,-63.23,DEFICIT,6.7,4.48,5.7,2.25
2024-05-09 20:00,5,20,3,weekday,0,0,55.6,25.0,5.1,35.75,13.16,48.91,-48.91,DEFICIT,6.97,4.61,5.92,2.25
2024-05-09 21:00,5,21,3,weekday,0,0,51.0,26.6,4.1,23.5,10.81,34.31,-34.31,DEFICIT,7.05,4.65,5.99,2.25
2024-05-09 22:00,5,22,3,weekday,0,0,53.9,25.4,3.1,17.08,0.0,17.08,-17.08,DEFICIT,4.3,3.28,3.66,2.25
2024-05-09 23:00,5,23,3,weekday,0,0,43.1,24.0,4.3,13.49,0,13.49,-13.49,DEFICIT,3.96,3.1,3.36,2.25
2024-05-10 00:00,5,0,4,weekday,0,0,59.6,22.6,3.7,8.51,3.61,12.12,-12.12,DEFICIT,4.17,3.21,3.54,2.25
2024-05-10 01:00,5,1,4,weekday,0,0,62.8,19.5,3.8,8.08,0.0,8.08,-8.08,DEFICIT,5.22,3.74,4.44,2.25
2024-05-10 02:00,5,2,4,weekday,0,0,71.1,24.2,4.2,6.84,0.0,6.84,-6.84,DEFICIT,4.56,3.41,3.88,2.25
2024-05-10 03:00,5,3,4,weekday,0,0,39.8,19.3,3.6,5,2.41,7.41,-7.41,DEFICIT,4.24,3.25,3.61,2.25
2024-05-10 04:00,5,4,4,weekday,0,0,60.9,18.3,5.1,5.64,2.77,8.41,-8.41,DEFICIT,4.69,3.47,3.99,2.25
2024-05-10 05:00,5,5,4,weekday,0,0,66.8,22.0,5.5,8.49,0.0,8.49,-8.49,DEFICIT,4.38,3.32,3.73,2.25
2024-05-10 06:00,5,6,4,weekday,41.2,4.18,47.2,23.0,4.9,20.19,0,20.19,-16.02,DEFICIT,5.73,3.99,4.87,2.25
2024-05-10 07:00,5,7,4,weekday,170.9,17.33,55.6,23.5,3.9,28.63,7.32,35.95,-18.63,DEFICIT,5.46,3.86,4.64,2.25
2024-05-10 08:00,5,8,4,weekday,317.2,32.0,51.2,26.3,4.2,28.05,0.0,28.05,3.95,BALANCED,5.69,3.97,4.84,2.25
2024-05-10 09:00,5,9,4,weekday,512.2,51.94,45.1,23.4,4.8,15.7,0.0,15.7,36.24,SURPLUS,5.82,4.04,4.95,2.25
2024-05-10 10:00,5,10,4,weekday,637.4,63.6,58.4,29.0,4.4,11.44,0,11.44,52.16,SURPLUS,3.79,3.02,3.22,2.25
2024-05-10 11:00,5,11,4,weekday,747.1,75.37,49.3,26.3,3.4,13.39,0,13.39,61.97,SURPLUS,4.2,3.23,3.57,2.25
2024-05-10 12:00,5,12,4,weekday,801.2,79.46,49.2,30.5,3.9,16.41,0,16.41,63.05,SURPLUS,3.95,3.1,3.36,2.25
2024-05-10 13:00,5,13,4,weekday,834.8,82.94,46.2,30.0,6.0,14.69,0,14.69,68.25,SURPLUS,3.63,2.94,3.09,2.25
2024-05-10 14:00,5,14,4,weekday,601.3,59.3,56.0,31.9,5.2,15.97,0,15.97,43.33,SURPLUS,3.87,3.06,3.29,2.25
2024-05-10 15:00,5,15,4,weekday,550.9,54.14,72.4,32.7,4.5,17.72,0,17.72,36.42,SURPLUS,3.44,2.85,2.93,2.25
2024-05-10 16:00,5,16,4,weekday,373.2,36.71,55.3,32.5,4.8,17.92,0,17.92,18.78,SURPLUS,6.72,4.49,5.71,2.25
2024-05-10 17:00,5,17,4,weekday,163.2,16.54,53.0,25.2,4.0,23.22,0,23.22,-6.68,DEFICIT,6.74,4.49,5.73,2.25
2024-05-10 18:00,5,18,4,weekday,40.0,4.02,47.4,27.4,5.0,28.18,20.52,48.7,-44.68,DEFICIT,6.98,4.61,5.93,2.25
2024-05-10 19:00,5,19,4,weekday,0,0,58.6,27.1,3.8,37.96,16.91,54.87,-54.87,DEFICIT,6.89,4.57,5.85,2.25
2024-05-10 20:00,5,20,4,weekday,0,0,52.5,23.8,3.4,40.72,6.53,47.25,-47.25,DEFICIT,7.09,4.67,6.03,2.25
2024-05-10 21:00,5,21,4,weekday,0,0,50.4,26.5,4.6,23.53,6.31,29.84,-29.84,DEFICIT,6.93,4.59,5.89,2.25
2024-05-10 22:00,5,22,4,weekday,0,0,65.9,23.8,4.1,19.72,21.47,41.19,-41.19,DEFICIT,4.34,3.3,3.69,2.25
2024-05-10 23:00,5,23,4,weekday,0,0,43.6,25.0,4.4,14.46,0,14.46,-14.46,DEFICIT,3.92,3.09,3.33,2.25
2024-05-11 00:00,5,0,5,weekend,0,0,48.9,21.6,5.1,11.72,0.0,11.72,-11.72,DEFICIT,4.81,3.53,4.09,2.25
2024-05-11 01:00,5,1,5,weekend,0,0,26.6,23.0,3.0,8.41,3.57,11.98,-11.98,DEFICIT,4.64,3.45,3.95,2.25
2024-05-11 02:00,5,2,5,weekend,0,0,45.7,20.0,4.2,7.63,5.33,12.96,-12.96,DEFICIT,4.62,3.44,3.93,2.25
2024-05-11 03:00,5,3,5,weekend,0,0,58.0,19.4,4.7,7.3,2.16,9.46,-9.46,DEFICIT,4.11,3.18,3.5,2.25
2024-05-11 04:00,5,4,5,weekend,0,0,42.2,23.9,4.2,7.47,0.0,7.47,-7.47,DEFICIT,4.3,3.28,3.66,2.25
2024-05-11 05:00,5,5,5,weekend,0,0,34.1,22.7,5.0,9.29,5.0,14.29,-14.29,DEFICIT,4.39,3.32,3.73,2.25
2024-05-11 06:00,5,6,5,weekend,31.8,3.22,35.5,21.0,3.7,22.79,0,22.79,-19.57,DEFICIT,6.02,4.13,5.12,2.25
2024-05-11 07:00,5,7,5,weekend,100.4,10.18,37.1,24.4,4.3,34.93,0.0,34.93,-24.76,DEFICIT,6.26,4.25,5.32,2.25
2024-05-11 08:00,5,8,5,weekend,245.3,24.82,34.3,25.6,4.9,29.95,4.52,34.46,-9.64,DEFICIT,6.02,4.14,5.12,2.25
2024-05-11 09:00,5,9,5,weekend,422.6,42.39,27.3,27.7,3.9,16.47,0.0,16.47,25.92,SURPLUS,6.16,4.2,5.23,2.25
2024-05-11 10:00,5,10,5,weekend,390.2,38.68,40.6,30.6,4.0,15.74,0,15.74,22.93,SURPLUS,4.02,3.13,3.42,2.25
2024-05-11 11:00,5,11,5,weekend,528.7,51.94,28.0,32.8,5.3,14.91,0,14.91,37.04,SURPLUS,3.79,3.02,3.22,2.25
2024-05-11 12:00,5,12,5,weekend,655.7,65.67,23.3,28.1,5.8,18.51,0,18.51,47.17,SURPLUS,3.42,2.83,2.9,2.25
2024-05-11 13:00,5,13,5,weekend,563.2,55.99,20.6,29.9,5.1,17.94,0,17.94,38.05,SURPLUS,3.4,2.83,2.89,2.25
2024-05-11 14:00,5,14,5,weekend,485.3,47.64,44.6,33.0,4.0,17.27,0,17.27,30.37,SURPLUS,3.56,2.9,3.03,2.25
2024-05-11 15:00,5,15,5,weekend,395.8,39.05,32.1,31.7,3.7,21.42,0,21.42,17.64,SURPLUS,3.9,3.08,3.32,2.25
2024-05-11 16:00,5,16,5,weekend,288.6,28.62,30.3,30.5,6.0,22.34,0,22.34,6.28,SURPLUS,7.24,4.75,6.15,2.25
2024-05-11 17:00,5,17,5,weekend,141.0,14.11,41.7,28.3,4.3,25.98,0,25.98,-11.87,DEFICIT,6.66,4.45,5.66,2.25
2024-05-11 18:00,5,18,5,weekend,31.5,3.16,37.2,27.2,5.1,38.74,9.67,48.41,-45.25,DEFICIT,7.05,4.65,5.99,2.25
2024-05-11 19:00,5,19,5,weekend,0,0,46.5,25.7,4.7,49.57,11.3,60.87,-60.87,DEFICIT,6.79,4.52,5.77,2.25
2024-05-11 20:00,5,20,5,weekend,0,0,45.2,24.9,5.1,40.85,0.0,40.85,-40.85,DEFICIT,6.89,4.57,5.86,2.25
2024-05-11 21:00,5,21,5,weekend,0,0,50.7,23.9,4.5,28.92,6.91,35.83,-35.83,DEFICIT,6.67,4.46,5.67,2.25
2024-05-11 22:00,5,22,5,weekend,0,0,44.2,25.6,3.8,24.8,11.62,36.42,-36.42,DEFICIT,4.33,3.29,3.68,2.25
2024-05-11 23:00,5,23,5,weekend,0,0,41.3,24.9,3.6,15.25,0,15.25,-15.25,DEFICIT,4.26,3.26,3.62,2.25
2024-05-12 00:00,5,0,6,weekend,0,0,69.1,22.3,3.8,9.88,0.0,9.88,-9.88,DEFICIT,4.6,3.42,3.91,2.25
2024-05-12 01:00,5,1,6,weekend,0,0,70.5,25.0,3.4,8.86,5.07,13.93,-13.93,DEFICIT,4.33,3.29,3.68,2.25
2024-05-12 02:00,5,2,6,weekend,0,0,67.1,23.2,5.7,7.64,4.6,12.24,-12.24,DEFICIT,4.43,3.34,3.77,2.25
2024-05-12 03:00,5,3,6,weekend,0,0,75.5,20.0,3.5,6.54,0.0,6.54,-6.54,DEFICIT,3.99,3.12,3.39,2.25
2024-05-12 04:00,5,4,6,weekend,0,0,100,22.4,3.7,6.33,0.0,6.33,-6.33,DEFICIT,3.95,3.1,3.36,2.25
2024-05-12 05:00,5,5,6,weekend,0,0,76.0,22.1,3.6,8.14,0.0,8.14,-8.14,DEFICIT,4.28,3.26,3.64,2.25
2024-05-12 06:00,5,6,6,weekend,59.9,6.07,83.6,23.7,5.0,27.95,0,27.95,-21.88,DEFICIT,5.73,3.99,4.87,2.25
2024-05-12 07:00,5,7,6,weekend,190.7,19.33,63.3,24.2,5.0,33.9,3.61,37.51,-18.18,DEFICIT,6.26,4.25,5.32,2.25
2024-05-12 08:00,5,8,6,weekend,368.4,37.36,80.5,25.0,4.9,21.34,12.39,33.73,3.63,BALANCED,6.08,4.16,5.17,2.25
2024-05-12 09:00,5,9,6,weekend,590.1,59.23,76.9,27.5,5.2,16.86,0.0,16.86,42.37,SURPLUS,5.53,3.89,4.7,2.25
2024-05-12 10:00,5,10,6,weekend,858.2,85.59,71.7,29.1,4.1,15.53,0,15.53,70.05,SURPLUS,4.18,3.22,3.55,2.25
2024-05-12 11:00,5,11,6,weekend,1098.4,108.63,68.3,31.2,4.7,18.32,0,18.32,90.31,SURPLUS,3.91,3.08,3.32,2.25
2024-05-12 12:00,5,12,6,weekend,1182.4,116.02,83.9,33.1,4.7,18.13,0,18.13,97.9,SURPLUS,3.66,2.95,3.11,2.25
2024-05-12 13:00,5,13,6,weekend,1035.9,103.35,59.3,29.0,3.3,17.53,0,17.53,85.82,SURPLUS,3.97,3.11,3.38,2.25
2024-05-12 14:00,5,14,6,weekend,866.8,85.63,75.6,31.4,5.3,15.51,0,15.51,70.12,SURPLUS,4.04,3.14,3.43,2.25
2024-05-12 15:00,5,15,6,weekend,703.6,70.14,63.8,29.2,6.1,18.12,0,18.12,52.02,SURPLUS,3.81,3.03,3.24,2.25
2024-05-12 16:00,5,16,6,weekend,512.7,51.0,60.5,29.8,4.9,21.86,0,21.86,29.14,SURPLUS,6.71,4.48,5.7,2.25
2024-05-12 17:00,5,17,6,weekend,234.8,23.4,43.2,29.3,4.1,25.62,0,25.62,-2.23,BALANCED,7.03,4.64,5.97,2.25
2024-05-12 18:00,5,18,6,weekend,59.4,5.99,69.4,26.6,5.7,42.13,0.0,42.13,-36.14,DEFICIT,6.59,4.42,5.6,2.25
2024-05-12 19:00,5,19,6,weekend,0,0,57.1,27.3,4.4,42.37,11.58,53.94,-53.94,DEFICIT,6.87,4.56,5.84,2.25
2024-05-12 20:00,5,20,6,weekend,0,0,76.6,25.3,3.8,39.1,12.49,51.58,-51.58,DEFICIT,6.69,4.47,5.68,2.25
2024-05-12 21:00,5,21,6,weekend,0,0,84.0,27.5,4.4,30.35,10.44,40.78,-40.78,DEFICIT,6.33,4.29,5.38,2.25
2024-05-12 22:00,5,22,6,weekend,0,0,87.1,24.3,4.8,20.74,16.57,37.31,-37.31,DEFICIT,4.22,3.23,3.59,2.25
2024-05-12 23:00,5,23,6,weekend,0,0,62.6,24.8,5.5,16.76,0,16.76,-16.76,DEFICIT,4.23,3.24,3.6,2.25
2024-05-13 00:00,5,0,0,weekday,0,0,62.5,26.0,5.0,10.33,4.32,14.65,-14.65,DEFICIT,4.08,3.17,3.47,2.25
2024-05-13 01:00,5,1,0,weekday,0,0,43.8,24.1,5.3,6.93,4.65,11.58,-11.58,DEFICIT,4.43,3.34,3.77,2.25
2024-05-13 02:00,5,2,0,weekday,0,0,58.6,24.2,5.0,6.8,0.0,6.8,-6.8,DEFICIT,4.43,3.34,3.76,2.25
2024-05-13 03:00,5,3,0,weekday,0,0,52.4,21.5,3.2,5.98,5.05,11.03,-11.03,DEFICIT,4.4,3.33,3.74,2.25
2024-05-13 04:00,5,4,0,weekday,0,0,52.1,21.6,3.5,5.2,4.95,10.14,-10.14,DEFICIT,4.68,3.46,3.98,2.25
2024-05-13 05:00,5,5,0,weekday,0,0,62.8,23.3,3.9,6.76,0.0,6.76,-6.76,DEFICIT,4.55,3.4,3.87,2.25
2024-05-13 06:00,5,6,0,weekday,42.4,4.3,60.8,23.3,4.4,24.49,0,24.49,-20.19,DEFICIT,5.91,4.08,5.02,2.25
2024-05-13 07:00,5,7,0,weekday,162.9,16.41,64.1,26.5,2.6,25.98,0.0,25.98,-9.56,DEFICIT,6.03,4.14,5.12,2.25
2024-05-13 08:00,5,8,0,weekday,338.5,34.28,74.7,25.3,4.2,24.03,0.0,24.03,10.25,SURPLUS,5.33,3.79,4.53,2.25
2024-05-13 09:00,5,9,0,weekday,558.8,55.38,55.3,30.7,4.5,16.52,10.53,27.06,28.33,SURPLUS,5.63,3.94,4.78,2.25
2024-05-13 10:00,5,10,0,weekday,825.3,82.21,54.6,29.4,3.5,14.69,0,14.69,67.52,SURPLUS,3.45,2.85,2.93,2.25
2024-05-13 11:00,5,11,0,weekday,850.1,84.1,45.3,31.1,2.5,13.28,0,13.28,70.82,SURPLUS,4.03,3.14,3.42,2.25
2024-05-13 12:00,5,12,0,weekday,984.8,98.16,47.6,29.2,6.4,16.56,0,16.56,81.6,SURPLUS,4.04,3.15,3.44,2.25
2024-05-13 13:00,5,13,0,weekday,869.8,86.18,58.3,30.7,4.1,10.77,0,10.77,75.41,SURPLUS,3.95,3.1,3.36,2.25
2024-05-13 14:00,5,14,0,weekday,852.1,84.56,53.1,30.3,4.5,15.92,0,15.92,68.64,SURPLUS,3.47,2.86,2.95,2.25
2024-05-13 15:00,5,15,0,weekday,574.9,56.68,52.0,31.9,6.5,15.3,0,15.3,41.38,SURPLUS,3.35,2.8,2.84,2.25
2024-05-13 16:00,5,16,0,weekday,411.9,41.14,49.4,28.7,5.2,16.6,0,16.6,24.55,SURPLUS,6.7,4.48,5.7,2.25
2024-05-13 17:00,5,17,0,weekday,192.8,19.07,56.9,31.2,4.6,22.94,0,22.94,-3.87,BALANCED,6.68,4.47,5.68,2.25
2024-05-13 18:00,5,18,0,weekday,47.5,4.76,54.2,27.9,4.8,31.07,15.41,46.48,-41.72,DEFICIT,7.11,4.68,6.05,2.25
2024-05-13 19:00,5,19,0,weekday,0,0,57.9,26.7,4.8,34.91,14.64,49.54,-49.54,DEFICIT,6.91,4.58,5.87,2.25
2024-05-13 20:00,5,20,0,weekday,0,0,53.9,24.7,3.6,37.29,20.77,58.07,-58.07,DEFICIT,6.25,4.25,5.31,2.25
2024-05-13 21:00,5,21,0,weekday,0,0,66.5,28.8,5.0,27.5,16.76,44.26,-44.26,DEFICIT,6.83,4.54,5.81,2.25
2024-05-13 22:00,5,22,0,weekday,0,0,74.3,23.2,3.4,20.91,7.1,28.01,-28.01,DEFICIT,4.61,3.43,3.92,2.25
2024-05-13 23:00,5,23,0,weekday,0,0,57.7,24.3,4.6,14.44,0,14.44,-14.44,DEFICIT,4.62,3.43,3.92,2.25
2024-05-14 00:00,5,0,1,weekday,0,0,57.8,24.9,4.6,8.09,0.0,8.09,-8.09,DEFICIT,4.05,3.15,3.44,2.25
2024-05-14 01:00,5,1,1,weekday,0,0,44.7,23.7,2.5,7.55,2.16,9.71,-9.71,DEFICIT,4.59,3.42,3.9,2.25
2024-05-14 02:00,5,2,1,weekday,0,0,56.0,19.8,2.7,6.99,0.0,6.99,-6.99,DEFICIT,4.17,3.21,3.55,2.25
2024-05-14 03:00,5,3,1,weekday,0,0,52.2,24.1,4.4,5.47,0.0,5.47,-5.47,DEFICIT,4.34,3.3,3.69,2.25
2024-05-14 04:00,5,4,1,weekday,0,0,51.2,22.4,3.5,6.68,0.0,6.68,-6.68,DEFICIT,4.62,3.44,3.93,2.25
2024-05-14 05:00,5,5,1,weekday,0,0,38.8,19.7,4.2,7.33,0.0,7.33,-7.33,DEFICIT,4.4,3.32,3.74,2.25
2024-05-14 06:00,5,6,1,weekday,36.9,3.74,37.9,21.5,5.4,18.06,0,18.06,-14.32,DEFICIT,6.29,4.27,5.34,2.25
2024-05-14 07:00,5,7,1,weekday,118.2,11.96,49.4,25.4,5.2,29.28,0.0,29.28,-17.31,DEFICIT,5.62,3.93,4.77,2.25
2024-05-14 08:00,5,8,1,weekday,288.6,28.98,45.2,27.4,4.7,24.03,18.18,42.21,-13.23,DEFICIT,4.91,3.58,4.17,2.25
2024-05-14 09:00,5,9,1,weekday,428.2,42.92,44.4,27.8,3.7,17.77,0.0,17.77,25.16,SURPLUS,5.52,3.89,4.69,2.25
2024-05-14 10:00,5,10,1,weekday,483.7,48.7,38.9,26.8,3.8,13.55,0,13.55,35.15,SURPLUS,3.81,3.03,3.24,2.25
2024-05-14 11:00,5,11,1,weekday,671.0,66.85,38.6,29.4,5.2,16.0,0,16.0,50.85,SURPLUS,4.13,3.19,3.51,2.25
2024-05-14 12:00,5,12,1,weekday,647.4,63.81,43.2,32.0,2.5,14.93,0,14.93,48.89,SURPLUS,4.03,3.14,3.43,2.25
2024-05-14 13:00,5,13,1,weekday,745.0,74.4,34.2,28.8,3.2,15.52,0,15.52,58.89,SURPLUS,3.92,3.09,3.33,2.25
2024-05-14 14:00,5,14,1,weekday,626.6,62.24,41.3,30.1,4.3,14.06,0,14.06,48.18,SURPLUS,3.54,2.89,3.01,2.25
2024-05-14 15:00,5,15,1,weekday,488.2,48.78,59.2,28.7,4.8,14.49,0,14.49,34.29,SURPLUS,4.2,3.22,3.57,2.25
2024-05-14 16:00,5,16,1,weekday,303.0,29.81,44.1,32.4,4.9,16.54,0,16.54,13.27,SURPLUS,6.3,4.27,5.35,2.25
2024-05-14 17:00,5,17,1,weekday,160.4,15.91,52.5,30.5,4.4,20.83,0,20.83,-4.92,BALANCED,6.51,4.38,5.54,2.25
2024-05-14 18:00,5,18,1,weekday,38.6,3.86,43.2,28.3,3.7,34.65,6.43,41.08,-37.21,DEFICIT,6.86,4.55,5.83,2.25
2024-05-14 19:00,5,19,1,weekday,0,0,41.1,26.4,3.2,35.42,12.82,48.25,-48.25,DEFICIT,7.09,4.67,6.03,2.25
2024-05-14 20:00,5,20,1,weekday,0,0,53.5,24.1,4.7,34.36,13.12,47.47,-47.47,DEFICIT,7.1,4.68,6.04,2.25
2024-05-14 21:00,5,21,1,weekday,0,0,52.1,25.1,3.7,33.53,0.0,33.53,-33.53,DEFICIT,6.66,4.46,5.66,2.25
2024-05-14 22:00,5,22,1,weekday,0,0,47.9,26.4,5.3,17.6,16.95,34.55,-34.55,DEFICIT,4.81,3.53,4.09,2.25
2024-05-14 23:00,5,23,1,weekday,0,0,60.3,26.2,3.2,14.54,0,14.54,-14.54,DEFICIT,4.15,3.2,3.53,2.25
2024-05-15 00:00,5,0,2,weekday,0,0,45.7,24.6,2.6,10.49,4.64,15.12,-15.12,DEFICIT,4.4,3.33,3.74,2.25
2024-05-15 01:00,5,1,2,weekday,0,0,45.0,23.4,3.3,8.16,0.0,8.16,-8.16,DEFICIT,4.66,3.46,3.96,2.25
2024-05-15 02:00,5,2,2,weekday,0,0,31.6,21.9,3.3,8.35,3.21,11.55,-11.55,DEFICIT,4.62,3.44,3.93,2.25
2024-05-15 03:00,5,3,2,weekday,0,0,50.3,21.7,3.1,5.68,0.0,5.68,-5.68,DEFICIT,3.98,3.12,3.39,2.25
2024-05-15 04:00,5,4,2,weekday,0,0,46.6,21.0,4.1,5.84,3.57,9.41,-9.41,DEFICIT,4.39,3.32,3.73,2.25
2024-05-15 05:00,5,5,2,weekday,0,0,41.0,21.7,1.8,7.5,0.0,7.5,-7.5,DEFICIT,4.5,3.37,3.82,2.25
2024-05-15 06:00,5,6,2,weekday,24.5,2.48,37.1,24.9,3.7,24.3,0,24.3,-21.82,DEFICIT,5.56,3.91,4.73,2.25
2024-05-15 07:00,5,7,2,weekday,94.3,9.56,32.1,22.5,4.0,26.66,19.33,45.99,-36.43,DEFICIT,5.86,4.05,4.98,2.25
2024-05-15 08:00,5,8,2,weekday,216.4,21.94,32.2,24.6,2.6,22.87,0.0,22.87,-0.93,BALANCED,5.66,3.96,4.81,2.25
2024-05-15 09:00,5,9,2,weekday,319.9,32.34,26.1,25.7,5.0,19.08,0.0,19.08,13.26,SURPLUS,5.74,3.99,4.87,2.25
2024-05-15 10:00,5,10,2,weekday,431.2,42.86,25.9,30.0,4.8,15.25,0,15.25,27.61,SURPLUS,3.89,3.07,3.31,2.25
2024-05-15 11:00,5,11,2,weekday,447.3,44.82,40.4,27.9,4.3,12.13,0,12.13,32.69,SURPLUS,4.16,3.21,3.54,2.25
2024-05-15 12:00,5,12,2,weekday,595.1,59.24,25.4,29.6,5.9,14.95,0,14.95,44.29,SURPLUS,3.85,3.05,3.27,2.25
2024-05-15 13:00,5,13,2,weekday,404.3,39.87,33.7,31.8,4.5,15.18,0,15.18,24.7,SURPLUS,3.63,2.94,3.09,2.25
2024-05-15 14:00,5,14,2,weekday,442.6,43.95,30.1,30.2,4.5,13.15,0,13.15,30.79,SURPLUS,3.73,2.99,3.17,2.25
2024-05-15 15:00,5,15,2,weekday,392.2,39.04,19.5,29.6,4.3,13.22,0,13.22,25.82,SURPLUS,3.71,2.98,3.15,2.25
2024-05-15 16:00,5,16,2,weekday,243.3,24.18,30.5,30.0,4.0,17.82,0,17.82,6.35,SURPLUS,6.35,4.3,5.4,2.25
2024-05-15 17:00,5,17,2,weekday,105.7,10.52,17.1,29.7,4.7,23.58,0,23.58,-13.06,DEFICIT,6.6,4.43,5.61,2.25
2024-05-15 18:00,5,18,2,weekday,28.7,2.87,24.6,28.1,4.1,27.76,6.05,33.81,-30.94,DEFICIT,6.6,4.42,5.61,2.25
2024-05-15 19:00,5,19,2,weekday,0,0,30.4,28.5,3.0,31.41,12.4,43.81,-43.81,DEFICIT,7.04,4.64,5.98,2.25
2024-05-15 20:00,5,20,2,weekday,0,0,41.2,27.0,2.9,31.03,8.34,39.37,-39.37,DEFICIT,6.74,4.5,5.73,2.25
2024-05-15 21:00,5,21,2,weekday,0,0,43.5,23.9,4.4,25.66,0.0,25.66,-25.66,DEFICIT,6.79,4.52,5.77,2.25
2024-05-15 22:00,5,22,2,weekday,0,0,44.7,24.0,5.9,21.08,0.0,21.08,-21.08,DEFICIT,5.26,3.76,4.47,2.25
2024-05-15 23:00,5,23,2,weekday,0,0,40.3,22.5,2.7,14.32,0,14.32,-14.32,DEFICIT,4.85,3.55,4.12,2.25
2024-05-16 00:00,5,0,3,weekday,0,0,39.2,24.1,2.7,10.06,0.0,10.06,-10.06,DEFICIT,4.1,3.17,3.48,2.25
2024-05-16 01:00,5,1,3,weekday,0,0,45.4,20.3,3.5,7.21,0.0,7.21,-7.21,DEFICIT,5.03,3.64,4.28,2.25
2024-05-16 02:00,5,2,3,weekday,0,0,34.0,22.2,3.7,6.53,4.11,10.64,-10.64,DEFICIT,4.48,3.37,3.81,2.25
2024-05-16 03:00,5,3,3,weekday,0,0,56.3,21.2,5.7,5.83,4.64,10.47,-10.47,DEFICIT,4.27,3.26,3.63,2.25
2024-05-16 04:00,5,4,3,weekday,0,0,47.6,22.5,4.3,6.65,2.87,9.52,-9.52,DEFICIT,4.34,3.3,3.69,2.25
2024-05-16 05:00,5,5,3,weekday,0,0,39.3,19.9,4.7,7.33,3.38,10.71,-10.71,DEFICIT,4.45,3.35,3.78,2.25
2024-05-16 06:00,5,6,3,weekday,27.8,2.82,29.3,25.0,3.9,20.3,0,20.3,-17.47,DEFICIT,5.03,3.64,4.28,2.25
2024-05-16 07:00,5,7,3,weekday,103.8,10.52,30.2,24.8,5.2,30.41,0.0,30.41,-19.89,DEFICIT,5.48,3.87,4.66,2.25
2024-05-16 08:00,5,8,3,weekday,242.0,24.47,40.2,25.8,4.4,22.09,4.0,26.08,-1.62,BALANCED,6.1,4.17,5.18,2.25
2024-05-16 09:00,5,9,3,weekday,303.3,30.28,38.8,28.9,4.1,13.79,18.88,32.67,-2.39,BALANCED,6.13,4.19,5.21,2.25
2024-05-16 10:00,5,10,3,weekday,461.1,46.02,42.1,28.9,3.5,14.81,0,14.81,31.21,SURPLUS,3.79,3.02,3.23,2.25
2024-05-16 11:00,5,11,3,weekday,563.4,55.67,44.8,31.4,3.3,13.01,0,13.01,42.65,SURPLUS,3.4,2.83,2.89,2.25
2024-05-16 12:00,5,12,3,weekday,498.0,49.86,36.7,28.1,6.2,14.74,0,14.74,35.12,SURPLUS,3.51,2.88,2.98,2.25
2024-05-16 13:00,5,13,3,weekday,575.9,57.42,52.3,29.2,5.3,14.59,0,14.59,42.82,SURPLUS,3.64,2.95,3.1,2.25
2024-05-16 14:00,5,14,3,weekday,444.8,44.28,32.0,29.6,6.9,12.75,0,12.75,31.53,SURPLUS,4.23,3.24,3.6,2.25
2024-05-16 15:00,5,15,3,weekday,410.2,40.64,41.7,30.7,3.6,15.25,0,15.25,25.39,SURPLUS,4.17,3.21,3.55,2.25
2024-05-16 16:00,5,16,3,weekday,272.6,27.03,30.7,30.5,4.0,17.87,0,17.87,9.16,SURPLUS,7.79,5.02,6.62,2.25
2024-05-16 17:00,5,17,3,weekday,133.9,13.46,28.7,27.1,4.8,25.32,0,25.32,-11.86,DEFICIT,6.28,4.26,5.34,2.25
2024-05-16 18:00,5,18,3,weekday,22.3,2.22,33.2,30.1,4.7,33.79,21.66,55.45,-53.23,DEFICIT,6.8,4.52,5.78,2.25
2024-05-16 19:00,5,19,3,weekday,0,0,34.4,24.6,3.6,40.18,7.79,47.96,-47.96,DEFICIT,6.66,4.46,5.66,2.25
2024-05-16 20:00,5,20,3,weekday,0,0,40.4,24.9,4.1,24.68,15.79,40.47,-40.47,DEFICIT,6.95,4.6,5.9,2.25
2024-05-16 21:00,5,21,3,weekday,0,0,36.1,25.5,4.9,27.65,0.0,27.65,-27.65,DEFICIT,6.99,4.62,5.94,2.25
2024-05-16 22:00,5,22,3,weekday,0,0,35.8,25.1,3.3,14.73,17.75,32.48,-32.48,DEFICIT,4.39,3.32,3.73,2.25
2024-05-16 23:00,5,23,3,weekday,0,0,52.0,23.9,4.1,15.5,0,15.5,-15.5,DEFICIT,4.43,3.34,3.77,2.25
2024-05-17 00:00,5,0,4,weekday,0,0,59.5,22.5,4.1,8.77,0.0,8.77,-8.77,DEFICIT,4.55,3.4,3.87,2.25
2024-05-17 01:00,5,1,4,weekday,0,0,55.8,22.3,3.7,8.23,0.0,8.23,-8.23,DEFICIT,4.63,3.44,3.93,2.25
2024-05-17 02:00,5,2,4,weekday,0,0,55.4,25.1,4.9,8.0,5.19,13.19,-13.19,DEFICIT,3.97,3.11,3.38,2.25
2024-05-17 03:00,5,3,4,weekday,0,0,71.8,23.8,4.4,5.64,2.96,8.6,-8.6,DEFICIT,4.5,3.38,3.83,2.25
2024-05-17 04:00,5,4,4,weekday,0,0,70.3,20.4,4.6,5.91,5.23,11.13,-11.13,DEFICIT,4.01,3.13,3.41,2.25
2024-05-17 05:00,5,5,4,weekday,0,0,55.0,21.2,4.3,6.75,4.5,11.25,-11.25,DEFICIT,4.06,3.16,3.45,2.25
2024-05-17 06:00,5,6,4,weekday,50.3,5.1,48.9,23.6,4.7,22.06,0,22.06,-16.96,DEFICIT,6.13,4.19,5.21,2.25
2024-05-17 07:00,5,7,4,weekday,144.3,14.63,48.6,25.1,5.5,28.69,5.94,34.63,-20.0,DEFICIT,5.69,3.97,4.84,2.25
2024-05-17 08:00,5,8,4,weekday,267.1,26.83,42.9,27.4,4.1,25.54,10.04,35.58,-8.75,DEFICIT,5.67,3.96,4.82,2.25
2024-05-17 09:00,5,9,4,weekday,536.4,54.22,53.0,25.8,3.6,15.15,0.0,15.15,39.07,SURPLUS,6.43,4.34,5.46,2.25
2024-05-17 10:00,5,10,4,weekday,754.7,75.55,67.9,28.2,3.9,12.52,0,12.52,63.03,SURPLUS,3.41,2.83,2.9,2.25
2024-05-17 11:00,5,11,4,weekday,839.0,83.35,62.2,30.1,5.1,15.17,0,15.17,68.18,SURPLUS,3.49,2.87,2.97,2.25
2024-05-17 12:00,5,12,4,weekday,854.9,85.69,58.2,27.9,5.2,16.56,0,16.56,69.13,SURPLUS,3.71,2.98,3.15,2.25
2024-05-17 13:00,5,13,4,weekday,803.9,79.87,51.8,30.0,3.7,15.74,0,15.74,64.13,SURPLUS,3.48,2.86,2.96,2.25
2024-05-17 14:00,5,14,4,weekday,771.4,75.61,58.2,33.3,4.8,14.09,0,14.09,61.51,SURPLUS,4.18,3.21,3.55,2.25
2024-05-17 15:00,5,15,4,weekday,628.4,62.45,55.8,30.0,4.6,16.78,0,16.78,45.67,SURPLUS,3.48,2.87,2.96,2.25
2024-05-17 16:00,5,16,4,weekday,473.9,47.08,63.6,30.1,4.5,17.47,0,17.47,29.6,SURPLUS,7.23,4.74,6.14,2.25
2024-05-17 17:00,5,17,4,weekday,215.6,21.67,56.0,27.2,3.9,23.29,0,23.29,-1.62,BALANCED,6.57,4.41,5.59,2.25
2024-05-17 18:00,5,18,4,weekday,42.6,4.3,53.8,26.0,5.1,37.55,0.0,37.55,-33.24,DEFICIT,6.25,4.25,5.32,2.25
2024-05-17 19:00,5,19,4,weekday,0,0,65.9,25.8,4.9,37.05,0.0,37.05,-37.05,DEFICIT,6.71,4.48,5.7,2.25
2024-05-17 20:00,5,20,4,weekday,0,0,73.1,25.4,4.5,38.82,0.0,38.82,-38.82,DEFICIT,7.51,4.88,6.39,2.25
2024-05-17 21:00,5,21,4,weekday,0,0,54.0,26.4,4.5,23.58,0.0,23.58,-23.58,DEFICIT,6.23,4.24,5.29,2.25
2024-05-17 22:00,5,22,4,weekday,0,0,58.4,25.3,4.1,20.53,19.67,40.2,-40.2,DEFICIT,4.8,3.53,4.08,2.25
2024-05-17 23:00,5,23,4,weekday,0,0,67.4,24.4,4.4,13.69,0,13.69,-13.69,DEFICIT,4.99,3.62,4.24,2.25
2024-05-18 00:00,5,0,5,weekend,0,0,55.3,23.5,4.1,11.91,0.0,11.91,-11.91,DEFICIT,4.37,3.31,3.72,2.25
2024-05-18 01:00,5,1,5,weekend,0,0,42.1,23.8,4.9,9.21,0.0,9.21,-9.21,DEFICIT,4.63,3.44,3.94,2.25
2024-05-18 02:00,5,2,5,weekend,0,0,48.5,23.9,4.3,9.44,0.0,9.44,-9.44,DEFICIT,4.38,3.32,3.72,2.25
2024-05-18 03:00,5,3,5,weekend,0,0,50.9,22.9,3.7,6.69,0.0,6.69,-6.69,DEFICIT,4.32,3.29,3.67,2.25
2024-05-18 04:00,5,4,5,weekend,0,0,27.4,20.8,4.0,7.14,0.0,7.14,-7.14,DEFICIT,4.64,3.44,3.94,2.25
2024-05-18 05:00,5,5,5,weekend,0,0,62.4,22.0,3.6,9.44,0.0,9.44,-9.44,DEFICIT,4.62,3.43,3.93,2.25
2024-05-18 06:00,5,6,5,weekend,37.8,3.83,36.3,23.3,2.9,26.45,0,26.45,-22.62,DEFICIT,5.98,4.12,5.09,2.25
2024-05-18 07:00,5,7,5,weekend,138.5,14.04,45.2,23.7,4.3,34.95,5.21,40.16,-26.12,DEFICIT,5.8,4.03,4.93,2.25
2024-05-18 08:00,5,8,5,weekend,236.8,24.01,45.9,22.9,4.5,25.18,4.67,29.85,-5.83,DEFICIT,5.59,3.92,4.75,2.25
2024-05-18 09:00,5,9,5,weekend,412.0,41.7,50.8,25.5,3.9,19.08,21.72,40.8,0.9,BALANCED,5.35,3.8,4.54,2.25
2024-05-18 10:00,5,10,5,weekend,594.0,59.49,41.8,28.1,2.5,16.1,0,16.1,43.4,SURPLUS,4.08,3.16,3.47,2.25
2024-05-18 11:00,5,11,5,weekend,634.7,63.16,54.4,29.6,5.9,17.15,0,17.15,46.01,SURPLUS,3.68,2.96,3.13,2.25
2024-05-18 12:00,5,12,5,weekend,716.5,72.37,47.3,26.0,5.2,19.91,0,19.91,52.46,SURPLUS,3.55,2.9,3.02,2.25
2024-05-18 13:00,5,13,5,weekend,642.8,63.69,51.4,30.7,5.8,17.13,0,17.13,46.56,SURPLUS,3.83,3.04,3.26,2.25
2024-05-18 14:00,5,14,5,weekend,527.6,52.18,48.3,31.1,5.4,17.86,0,17.86,34.33,SURPLUS,3.55,2.9,3.01,2.25
2024-05-18 15:00,5,15,5,weekend,379.6,37.33,51.1,32.6,5.2,15.03,0,15.03,22.3,SURPLUS,3.68,2.96,3.13,2.25
2024-05-18 16:00,5,16,5,weekend,332.7,33.15,58.9,29.3,4.3,14.41,0,14.41,18.74,SURPLUS,6.4,4.32,5.44,2.25
2024-05-18 17:00,5,17,5,weekend,155.3,15.52,49.9,28.7,5.2,29.06,0,29.06,-13.54,DEFICIT,7.1,4.68,6.04,2.25
2024-05-18 18:00,5,18,5,weekend,31.9,3.21,45.6,26.7,2.9,32.16,13.99,46.15,-42.94,DEFICIT,7.03,4.64,5.97,2.25
2024-05-18 19:00,5,19,5,weekend,0,0,38.3,26.1,3.9,39.18,0.0,39.18,-39.18,DEFICIT,6.99,4.62,5.94,2.25
2024-05-18 20:00,5,20,5,weekend,0,0,55.0,27.6,4.8,44.93,8.89,53.81,-53.81,DEFICIT,6.81,4.53,5.79,2.25
2024-05-18 21:00,5,21,5,weekend,0,0,48.0,22.6,3.9,36.85,0.0,36.85,-36.85,DEFICIT,7.14,4.69,6.07,2.25
2024-05-18 22:00,5,22,5,weekend,0,0,41.5,26.0,4.5,25.01,0.0,25.01,-25.01,DEFICIT,4.3,3.27,3.65,2.25
2024-05-18 23:00,5,23,5,weekend,0,0,49.2,24.1,4.4,14.85,0,14.85,-14.85,DEFICIT,4.02,3.13,3.41,2.25
2024-05-19 00:00,5,0,6,weekend,0,0,52.2,20.0,5.3,12.44,0.0,12.44,-12.44,DEFICIT,3.8,3.03,3.23,2.25
2024-05-19 01:00,5,1,6,weekend,0,0,63.8,24.7,3.8,8.85,0.0,8.85,-8.85,DEFICIT,4.34,3.3,3.69,2.25
2024-05-19 02:00,5,2,6,weekend,0,0,55.4,23.2,2.8,7.66,5.03,12.69,-12.69,DEFICIT,4.57,3.41,3.88,2.25
2024-05-19 03:00,5,3,6,weekend,0,0,29.1,22.1,3.7,6.29,3.31,9.59,-9.59,DEFICIT,3.95,3.1,3.35,2.25
2024-05-19 04:00,5,4,6,weekend,0,0,55.2,23.8,4.6,7.8,2.14,9.94,-9.94,DEFICIT,5.03,3.64,4.28,2.25
2024-05-19 05:00,5,5,6,weekend,0,0,60.2,20.6,3.0,9.0,0.0,9.0,-9.0,DEFICIT,3.93,3.09,3.34,2.25
2024-05-19 06:00,5,6,6,weekend,43.7,4.43,38.8,22.7,4.9,26.24,0,26.24,-21.81,DEFICIT,5.87,4.06,4.99,2.25
2024-05-19 07:00,5,7,6,weekend,143.9,14.59,39.7,23.8,4.3,36.29,0.0,36.29,-21.7,DEFICIT,5.94,4.09,5.05,2.25
2024-05-19 08:00,5,8,6,weekend,301.0,30.52,60.1,24.6,5.0,27.63,0.0,27.63,2.89,BALANCED,5.74,4.0,4.88,2.25
2024-05-19 09:00,5,9,6,weekend,513.0,51.47,45.6,27.6,4.3,19.53,4.96,24.49,26.98,SURPLUS,6.07,4.16,5.16,2.25
2024-05-19 10:00,5,10,6,weekend,598.6,60.47,50.5,25.9,4.8,15.5,0,15.5,44.97,SURPLUS,3.87,3.06,3.29,2.25
2024-05-19 11:00,5,11,6,weekend,690.4,68.47,40.0,30.5,4.1,15.2,0,15.2,53.27,SURPLUS,3.91,3.08,3.32,2.25
2024-05-19 12:00,5,12,6,weekend,809.8,80.88,53.3,28.7,8.0,19.46,0,19.46,61.42,SURPLUS,3.91,3.08,3.32,2.25
2024-05-19 13:00,5,13,6,weekend,746.0,74.8,61.7,27.8,3.7,15.92,0,15.92,58.88,SURPLUS,3.74,2.99,3.17,2.25
2024-05-19 14:00,5,14,6,weekend,637.7,62.21,51.3,34.5,3.8,12.86,0,12.86,49.35,SURPLUS,3.87,3.06,3.29,2.25
2024-05-19 15:00,5,15,6,weekend,513.0,51.33,46.1,28.3,4.2,18.08,0,18.08,33.25,SURPLUS,4.29,3.27,3.65,2.25
2024-05-19 16:00,5,16,6,weekend,403.8,39.7,48.9,32.6,6.2,21.61,0,21.61,18.09,SURPLUS,7.04,4.65,5.99,2.25
2024-05-19 17:00,5,17,6,weekend,179.0,17.7,59.6,31.2,4.5,30.21,0,30.21,-12.51,DEFICIT,6.79,4.52,5.77,2.25
2024-05-19 18:00,5,18,6,weekend,37.2,3.77,43.4,24.6,4.7,38.41,5.91,44.32,-40.55,DEFICIT,7.12,4.68,6.05,2.25
2024-05-19 19:00,5,19,6,weekend,0,0,57.4,27.2,4.2,50.67,0.0,50.67,-50.67,DEFICIT,6.21,4.23,5.28,2.25
2024-05-19 20:00,5,20,6,weekend,0,0,53.1,25.1,3.8,44.9,0.0,44.9,-44.9,DEFICIT,7.26,4.75,6.17,2.25
2024-05-19 21:00,5,21,6,weekend,0,0,54.6,27.1,3.8,28.67,0.0,28.67,-28.67,DEFICIT,6.18,4.21,5.25,2.25
2024-05-19 22:00,5,22,6,weekend,0,0,62.2,24.0,4.5,21.63,0.0,21.63,-21.63,DEFICIT,4.92,3.59,4.18,2.25
2024-05-19 23:00,5,23,6,weekend,0,0,42.9,26.1,4.5,14.42,0,14.42,-14.42,DEFICIT,5.1,3.67,4.33,2.25
2024-05-20 00:00,5,0,0,weekday,0,0,59.0,23.4,4.0,8.08,3.82,11.89,-11.89,DEFICIT,4.73,3.49,4.02,2.25
2024-05-20 01:00,5,1,0,weekday,0,0,62.1,22.7,3.7,7.51,0.0,7.51,-7.51,DEFICIT,4.33,3.29,3.68,2.25
2024-05-20 02:00,5,2,0,weekday,0,0,65.5,21.6,4.0,6.19,2.69,8.88,-8.88,DEFICIT,4.86,3.56,4.13,2.25
2024-05-20 03:00,5,3,0,weekday,0,0,50.8,21.6,4.1,6.08,0.0,6.08,-6.08,DEFICIT,4.36,3.31,3.71,2.25
2024-05-20 04:00,5,4,0,weekday,0,0,44.0,23.1,4.8,6.27,0.0,6.27,-6.27,DEFICIT,4.46,3.35,3.79,2.25
2024-05-20 05:00,5,5,0,weekday,0,0,61.3,22.1,4.6,8.47,4.69,13.16,-13.16,DEFICIT,4.51,3.38,3.84,2.25
2024-05-20 06:00,5,6,0,weekday,40.0,4.06,44.2,22.3,4.1,20.86,0,20.86,-16.81,DEFICIT,5.7,3.97,4.84,2.25
2024-05-20 07:00,5,7,0,weekday,129.7,13.16,42.7,22.9,2.4,28.67,6.58,35.25,-22.09,DEFICIT,5.52,3.88,4.69,2.25
2024-05-20 08:00,5,8,0,weekday,287.3,28.77,47.8,28.1,4.4,23.54,0.0,23.54,5.23,SURPLUS,5.46,3.86,4.64,2.25
2024-05-20 09:00,5,9,0,weekday,422.0,42.56,52.1,26.3,3.8,14.38,6.1,20.48,22.08,SURPLUS,5.17,3.71,4.4,2.25
2024-05-20 10:00,5,10,0,weekday,623.0,62.12,45.0,29.2,4.0,13.33,0,13.33,48.79,SURPLUS,3.97,3.11,3.37,2.25
2024-05-20 11:00,5,11,0,weekday,788.5,78.46,41.5,29.7,3.8,14.56,0,14.56,63.89,SURPLUS,4.04,3.14,3.43,2.25
2024-05-20 12:00,5,12,0,weekday,750.8,74.52,46.2,30.3,5.9,13.96,0,13.96,60.56,SURPLUS,3.71,2.98,3.16,2.25
2024-05-20 13:00,5,13,0,weekday,877.8,85.86,49.5,33.9,2.6,14.74,0,14.74,71.12,SURPLUS,3.63,2.94,3.09,2.25
2024-05-20 14:00,5,14,0,weekday,674.1,65.93,52.2,33.9,3.4,14.62,0,14.62,51.31,SURPLUS,3.82,3.03,3.25,2.25
2024-05-20 15:00,5,15,0,weekday,519.4,51.76,37.9,29.3,3.9,16.05,0,16.05,35.71,SURPLUS,3.38,2.82,2.87,2.25
2024-05-20 16:00,5,16,0,weekday,285.1,28.3,45.6,30.3,5.4,18.44,0,18.44,9.85,SURPLUS,6.62,4.44,5.63,2.25
2024-05-20 17:00,5,17,0,weekday,178.1,17.82,49.0,28.4,3.4,26.98,0,26.98,-9.16,DEFICIT,6.91,4.58,5.88,2.25
2024-05-20 18:00,5,18,0,weekday,42.1,4.24,47.4,26.7,3.6,32.51,16.18,48.69,-44.45,DEFICIT,7.04,4.65,5.99,2.25
2024-05-20 19:00,5,19,0,weekday,0,0,47.1,25.2,5.1,38.52,12.01,50.54,-50.54,DEFICIT,6.76,4.5,5.74,2.25
2024-05-20 20:00,5,20,0,weekday,0,0,43.9,25.3,2.8,37.3,7.55,44.85,-44.85,DEFICIT,6.89,4.57,5.86,2.25
2024-05-20 21:00,5,21,0,weekday,0,0,60.8,22.8,3.9,32.85,13.14,45.98,-45.98,DEFICIT,6.91,4.58,5.87,2.25
2024-05-20 22:00,5,22,0,weekday,0,0,50.0,28.1,4.6,19.16,10.58,29.74,-29.74,DEFICIT,5.19,3.72,4.41,2.25
2024-05-20 23:00,5,23,0,weekday,0,0,51.2,24.3,5.3,14.97,0,14.97,-14.97,DEFICIT,4.39,3.32,3.73,2.25
2024-05-21 00:00,5,0,1,weekday,0,0,7.6,23.9,3.7,9.87,0.0,9.87,-9.87,DEFICIT,4.66,3.45,3.96,2.25
2024-05-21 01:00,5,1,1,weekday,0,0,15.9,24.4,2.9,6.67,2.95,9.62,-9.62,DEFICIT,4.74,3.49,4.03,2.25
2024-05-21 02:00,5,2,1,weekday,0,0,15.6,23.2,2.8,5.55,3.11,8.65,-8.65,DEFICIT,4.46,3.35,3.79,2.25
2024-05-21 03:00,5,3,1,weekday,0,0,9.9,19.6,3.8,7.09,0.0,7.09,-7.09,DEFICIT,4.69,3.47,3.99,2.25
2024-05-21 04:00,5,4,1,weekday,0,0,6.5,23.8,2.6,6.0,3.84,9.84,-9.84,DEFICIT,4.79,3.52,4.07,2.25
2024-05-21 05:00,5,5,1,weekday,0,0,8.9,23.9,5.4,7.64,0.0,7.64,-7.64,DEFICIT,4.37,3.31,3.72,2.25
2024-05-21 06:00,5,6,1,weekday,10.8,1.1,18.0,23.7,3.5,18.7,0,18.7,-17.6,DEFICIT,5.76,4.0,4.89,2.25
2024-05-21 07:00,5,7,1,weekday,37.4,3.78,10.6,25.6,4.0,25.61,0.0,25.61,-21.82,DEFICIT,5.67,3.96,4.82,2.25
2024-05-21 08:00,5,8,1,weekday,89.1,9.03,21.2,25.1,3.5,25.83,0.0,25.83,-16.8,DEFICIT,5.73,3.99,4.87,2.25
2024-05-21 09:00,5,9,1,weekday,141.3,14.19,0,27.4,3.5,14.74,0.0,14.74,-0.54,BALANCED,5.69,3.97,4.84,2.25
2024-05-21 10:00,5,10,1,weekday,178.4,17.94,7.2,27.1,4.5,13.82,0,13.82,4.12,BALANCED,4.06,3.15,3.45,2.25
2024-05-21 11:00,5,11,1,weekday,207.6,20.75,15.0,28.5,4.2,12.45,0,12.45,8.3,SURPLUS,3.9,3.07,3.31,2.25
2024-05-21 12:00,5,12,1,weekday,216.3,21.5,21.4,29.9,5.6,16.36,0,16.36,5.14,SURPLUS,3.74,3.0,3.18,2.25
2024-05-21 13:00,5,13,1,weekday,204.4,20.35,8.2,29.5,5.5,15.77,0,15.77,4.59,BALANCED,4.04,3.15,3.44,2.25
2024-05-21 14:00,5,14,1,weekday,182.6,18.14,14.6,30.1,4.0,12.48,0,12.48,5.66,SURPLUS,3.95,3.1,3.35,2.25
2024-05-21 15:00,5,15,1,weekday,135.7,13.47,26.6,30.3,2.9,14.98,0,14.98,-1.5,BALANCED,3.53,2.89,3.0,2.25
2024-05-21 16:00,5,16,1,weekday,114.0,11.26,13.9,31.3,5.7,20.39,0,20.39,-9.12,DEFICIT,6.95,4.6,5.91,2.25
2024-05-21 17:00,5,17,1,weekday,47.2,4.71,14.2,29.1,4.5,23.8,0,23.8,-19.1,DEFICIT,6.74,4.49,5.72,2.25
2024-05-21 18:00,5,18,1,weekday,10.3,1.04,6.3,27.3,5.0,32.25,0.0,32.25,-31.22,DEFICIT,6.63,4.44,5.63,2.25
2024-05-21 19:00,5,19,1,weekday,0,0,20.9,28.0,3.3,41.75,17.19,58.94,-58.94,DEFICIT,6.83,4.54,5.81,2.25
2024-05-21 20:00,5,20,1,weekday,0,0,18.1,25.0,4.6,38.76,10.98,49.74,-49.74,DEFICIT,6.9,4.58,5.87,2.25
2024-05-21 21:00,5,21,1,weekday,0,0,9.6,27.2,3.7,25.44,10.17,35.61,-35.61,DEFICIT,6.63,4.44,5.64,2.25
2024-05-21 22:00,5,22,1,weekday,0,0,23.8,23.8,4.6,17.44,5.75,23.2,-23.2,DEFICIT,5.06,3.65,4.3,2.25
2024-05-21 23:00,5,23,1,weekday,0,0,8.5,24.5,3.7,15.52,0,15.52,-15.52,DEFICIT,4.24,3.25,3.61,2.25
2024-05-22 00:00,5,0,2,weekday,0,0,44.1,22.6,4.6,10.13,0.0,10.13,-10.13,DEFICIT,4.64,3.44,3.94,2.25
2024-05-22 01:00,5,1,2,weekday,0,0,43.3,24.5,4.6,7.65,0.0,7.65,-7.65,DEFICIT,4.51,3.38,3.83,2.25
2024-05-22 02:00,5,2,2,weekday,0,0,29.6,23.5,4.8,5,0.0,5.0,-5.0,BALANCED,4.64,3.45,3.95,2.25
2024-05-22 03:00,5,3,2,weekday,0,0,37.4,24.9,4.2,5,0.0,5.0,-5.0,BALANCED,4.2,3.22,3.57,2.25
2024-05-22 04:00,5,4,2,weekday,0,0,34.2,21.0,5.5,5.93,0.0,5.93,-5.93,DEFICIT,4.47,3.36,3.8,2.25
2024-05-22 05:00,5,5,2,weekday,0,0,44.7,23.7,4.7,8.23,0.0,8.23,-8.23,DEFICIT,4.24,3.25,3.61,2.25
2024-05-22 06:00,5,6,2,weekday,27.0,2.73,36.0,21.1,5.4,21.68,0,21.68,-18.95,DEFICIT,5.96,4.11,5.07,2.25
2024-05-22 07:00,5,7,2,weekday,113.6,11.52,38.2,24.2,5.1,34.02,17.62,51.64,-40.12,DEFICIT,5.59,3.92,4.75,2.25
2024-05-22 08:00,5,8,2,weekday,194.3,19.44,40.3,28.4,3.5,26.15,0.0,26.15,-6.71,DEFICIT,5.43,3.84,4.62,2.25
2024-05-22 09:00,5,9,2,weekday,315.9,31.59,31.7,28.5,3.9,18.41,0.0,18.41,13.18,SURPLUS,5.88,4.06,4.99,2.25
2024-05-22 10:00,5,10,2,weekday,540.3,54.21,27.9,27.6,5.1,12.92,0,12.92,41.29,SURPLUS,4.04,3.14,3.43,2.25
2024-05-22 11:00,5,11,2,weekday,546.6,54.54,47.8,29.0,4.7,12.5,0,12.5,42.04,SURPLUS,3.83,3.04,3.26,2.25
2024-05-22 12:00,5,12,2,weekday,552.7,54.95,48.1,29.9,5.5,17.79,0,17.79,37.16,SURPLUS,4.37,3.31,3.72,2.25
2024-05-22 13:00,5,13,2,weekday,495.2,49.38,16.2,29.1,4.1,15.64,0,15.64,33.74,SURPLUS,3.71,2.98,3.15,2.25
2024-05-22 14:00,5,14,2,weekday,477.5,46.99,43.3,32.4,5.8,12.9,0,12.9,34.09,SURPLUS,4.17,3.21,3.55,2.25
2024-05-22 15:00,5,15,2,weekday,411.0,40.6,38.0,31.4,4.8,13.7,0,13.7,26.9,SURPLUS,3.51,2.88,2.98,2.25
2024-05-22 16:00,5,16,2,weekday,252.7,24.88,40.9,32.2,5.5,18.05,0,18.05,6.82,SURPLUS,6.93,4.59,5.89,2.25
2024-05-22 17:00,5,17,2,weekday,128.7,12.93,36.5,27.2,4.4,23.38,0,23.38,-10.45,DEFICIT,6.56,4.41,5.58,2.25
2024-05-22 18:00,5,18,2,weekday,26.9,2.71,38.3,26.4,4.6,35.12,12.35,47.48,-44.77,DEFICIT,6.69,4.47,5.69,2.25
2024-05-22 19:00,5,19,2,weekday,0,0,44.0,27.3,3.6,35.22,15.55,50.77,-50.77,DEFICIT,6.44,4.34,5.47,2.25
2024-05-22 20:00,5,20,2,weekday,0,0,36.9,26.1,4.1,37.4,13.12,50.52,-50.52,DEFICIT,7.49,4.87,6.36,2.25
2024-05-22 21:00,5,21,2,weekday,0,0,39.2,26.0,5.7,27.84,10.31,38.15,-38.15,DEFICIT,6.58,4.41,5.59,2.25
2024-05-22 22:00,5,22,2,weekday,0,0,35.7,24.4,4.7,21.33,15.18,36.51,-36.51,DEFICIT,4.7,3.48,4.0,2.25
2024-05-22 23:00,5,23,2,weekday,0,0,39.0,28.0,3.2,13.69,0,13.69,-13.69,DEFICIT,4.85,3.55,4.12,2.25
2024-05-23 00:00,5,0,3,weekday,0,0,21.2,22.7,4.2,12.41,0.0,12.41,-12.41,DEFICIT,4.88,3.56,4.15,2.25
2024-05-23 01:00,5,1,3,weekday,0,0,31.2,23.5,4.4,6.72,0.0,6.72,-6.72,DEFICIT,4.56,3.4,3.88,2.25
2024-05-23 02:00,5,2,3,weekday,0,0,22.5,21.8,4.5,5.79,0.0,5.79,-5.79,DEFICIT,4.75,3.5,4.04,2.25
2024-05-23 03:00,5,3,3,weekday,0,0,39.1,20.3,1.7,6.05,5.4,11.45,-11.45,DEFICIT,4.6,3.43,3.91,2.25
2024-05-23 04:00,5,4,3,weekday,0,0,28.6,24.6,6.2,5.51,4.25,9.76,-9.76,DEFICIT,4.72,3.49,4.02,2.25
2024-05-23 05:00,5,5,3,weekday,0,0,27.6,23.3,3.6,8.11,2.66,10.77,-10.77,DEFICIT,4.4,3.33,3.74,2.25
2024-05-23 06:00,5,6,3,weekday,24.2,2.45,33.4,22.8,4.7,22.91,0,22.91,-20.46,DEFICIT,5.62,3.93,4.77,2.25
2024-05-23 07:00,5,7,3,weekday,72.5,7.31,23.2,26.5,5.0,28.95,14.82,43.77,-36.46,DEFICIT,5.73,3.99,4.87,2.25
2024-05-23 08:00,5,8,3,weekday,166.5,16.79,23.5,26.3,3.8,24.19,20.09,44.28,-27.49,DEFICIT,5.75,4.0,4.89,2.25
2024-05-23 09:00,5,9,3,weekday,233.9,23.25,21.4,29.9,3.9,13.67,0.0,13.67,9.59,SURPLUS,6.23,4.24,5.3,2.25
2024-05-23 10:00,5,10,3,weekday,293.7,29.14,30.5,30.4,3.7,16.41,0,16.41,12.74,SURPLUS,3.44,2.85,2.93,2.25
2024-05-23 11:00,5,11,3,weekday,334.1,33.12,38.9,30.6,4.0,15.32,0,15.32,17.8,SURPLUS,3.24,2.74,2.75,2.25
2024-05-23 12:00,5,12,3,weekday,403.3,39.62,21.0,32.7,5.0,15.57,0,15.57,24.06,SURPLUS,4.48,3.37,3.81,2.25
2024-05-23 13:00,5,13,3,weekday,356.8,35.34,17.1,30.8,5.7,13.95,0,13.95,21.39,SURPLUS,3.96,3.11,3.37,2.25
2024-05-23 14:00,5,14,3,weekday,330.2,32.73,18.6,30.7,5.4,15.68,0,15.68,17.04,SURPLUS,3.67,2.96,3.12,2.25
2024-05-23 15:00,5,15,3,weekday,273.8,27.32,29.4,28.9,7.7,13.53,0,13.53,13.79,SURPLUS,3.94,3.09,3.35,2.25
2024-05-23 16:00,5,16,3,weekday,199.7,20.03,30.3,27.8,5.2,18.21,0,18.21,1.82,BALANCED,6.37,4.31,5.42,2.25
2024-05-23 17:00,5,17,3,weekday,88.5,8.86,37.5,28.1,3.6,25.08,0,25.08,-16.22,DEFICIT,6.79,4.52,5.78,2.25
2024-05-23 18:00,5,18,3,weekday,20.9,2.1,36.6,28.3,3.5,27.73,13.21,40.94,-38.84,DEFICIT,7.48,4.87,6.36,2.25
2024-05-23 19:00,5,19,3,weekday,0,0,39.6,29.5,3.2,48.82,0.0,48.82,-48.82,DEFICIT,6.92,4.59,5.89,2.25
2024-05-23 20:00,5,20,3,weekday,0,0,19.0,25.3,3.6,35.36,19.99,55.35,-55.35,DEFICIT,6.89,4.57,5.85,2.25
2024-05-23 21:00,5,21,3,weekday,0,0,35.7,22.1,6.6,28.8,11.25,40.05,-40.05,DEFICIT,7.37,4.81,6.26,2.25
2024-05-23 22:00,5,22,3,weekday,0,0,23.8,24.8,5.2,19.33,16.49,35.81,-35.81,DEFICIT,4.49,3.37,3.82,2.25
2024-05-23 23:00,5,23,3,weekday,0,0,28.8,23.5,4.3,12.71,0,12.71,-12.71,DEFICIT,4.89,3.57,4.15,2.25
2024-05-24 00:00,5,0,4,weekday,0,0,25.2,22.8,4.9,10.69,5.31,16.0,-16.0,DEFICIT,4.79,3.52,4.07,2.25
2024-05-24 01:00,5,1,4,weekday,0,0,54.0,22.7,5.7,8.38,0.0,8.38,-8.38,DEFICIT,4.09,3.17,3.48,2.25
2024-05-24 02:00,5,2,4,weekday,0,0,57.0,24.8,3.2,6.15,0.0,6.15,-6.15,DEFICIT,4.9,3.57,4.16,2.25
2024-05-24 03:00,5,3,4,weekday,0,0,37.6,23.1,4.8,6.25,0.0,6.25,-6.25,DEFICIT,5.2,3.73,4.42,2.25
2024-05-24 04:00,5,4,4,weekday,0,0,40.5,23.0,3.2,5.95,2.99,8.94,-8.94,DEFICIT,4.01,3.13,3.41,2.25
2024-05-24 05:00,5,5,4,weekday,0,0,44.2,23.2,4.2,8.15,3.45,11.6,-11.6,DEFICIT,4.38,3.32,3.72,2.25
2024-05-24 06:00,5,6,4,weekday,30.8,3.13,44.7,23.4,3.0,21.2,0,21.2,-18.07,DEFICIT,5.73,3.99,4.87,2.25
2024-05-24 07:00,5,7,4,weekday,123.9,12.56,39.0,23.0,4.0,30.27,0.0,30.27,-17.71,DEFICIT,6.48,4.36,5.5,2.25
2024-05-24 08:00,5,8,4,weekday,238.0,24.13,37.0,24.8,4.1,24.73,15.05,39.78,-15.65,DEFICIT,6.55,4.4,5.57,2.25
2024-05-24 09:00,5,9,4,weekday,374.8,37.71,34.8,26.9,2.5,16.55,0.0,16.55,21.16,SURPLUS,5.44,3.84,4.62,2.25
2024-05-24 10:00,5,10,4,weekday,445.1,44.6,33.5,28.0,3.9,12.37,0,12.37,32.23,SURPLUS,4.08,3.17,3.47,2.25
2024-05-24 11:00,5,11,4,weekday,602.4,60.75,52.2,26.4,3.4,13.62,0,13.62,47.14,SURPLUS,4.14,3.19,3.52,2.25
2024-05-24 12:00,5,12,4,weekday,650.6,64.31,30.8,31.3,4.1,17.76,0,17.76,46.55,SURPLUS,3.36,2.81,2.86,2.25
2024-05-24 13:00,5,13,4,weekday,577.6,57.07,40.2,31.4,6.1,13.21,0,13.21,43.86,SURPLUS,3.98,3.11,3.38,2.25
2024-05-24 14:00,5,14,4,weekday,479.2,47.11,37.0,32.6,5.4,14.97,0,14.97,32.14,SURPLUS,3.41,2.83,2.9,2.25
2024-05-24 15:00,5,15,4,weekday,391.2,38.92,41.8,29.7,5.6,16.12,0,16.12,22.81,SURPLUS,3.65,2.95,3.11,2.25
2024-05-24 16:00,5,16,4,weekday,290.4,28.84,49.4,30.1,5.2,15.61,0,15.61,13.23,SURPLUS,6.74,4.5,5.73,2.25
2024-05-24 17:00,5,17,4,weekday,146.5,14.63,34.8,28.7,5.2,21.56,0,21.56,-6.93,DEFICIT,6.75,4.5,5.74,2.25
2024-05-24 18:00,5,18,4,weekday,31.5,3.17,28.7,26.8,4.1,36.95,17.65,54.6,-51.43,DEFICIT,6.94,4.6,5.9,2.25
2024-05-24 19:00,5,19,4,weekday,0,0,41.7,29.3,4.1,40.22,10.46,50.67,-50.67,DEFICIT,6.53,4.39,5.55,2.25
2024-05-24 20:00,5,20,4,weekday,0,0,43.7,23.9,3.4,38.57,6.9,45.47,-45.47,DEFICIT,7.06,4.66,6.0,2.25
2024-05-24 21:00,5,21,4,weekday,0,0,41.3,25.7,3.9,25.16,21.38,46.53,-46.53,DEFICIT,7.35,4.8,6.25,2.25
2024-05-24 22:00,5,22,4,weekday,0,0,50.9,21.1,5.2,19.74,10.68,30.42,-30.42,DEFICIT,5.17,3.71,4.39,2.25
2024-05-24 23:00,5,23,4,weekday,0,0,45.2,24.3,4.0,13.74,0,13.74,-13.74,DEFICIT,4.46,3.36,3.79,2.25
2024-05-25 00:00,5,0,5,weekend,0,0,15.2,24.4,3.8,11.96,3.74,15.7,-15.7,DEFICIT,4.8,3.52,4.08,2.25
2024-05-25 01:00,5,1,5,weekend,0,0,17.7,26.3,5.4,10.29,2.59,12.88,-12.88,DEFICIT,4.84,3.54,4.11,2.25
2024-05-25 02:00,5,2,5,weekend,0,0,16.7,24.4,2.7,8.6,0.0,8.6,-8.6,DEFICIT,5.0,3.62,4.25,2.25
2024-05-25 03:00,5,3,5,weekend,0,0,24.6,22.8,4.6,6.9,2.59,9.49,-9.49,DEFICIT,4.43,3.34,3.77,2.25
2024-05-25 04:00,5,4,5,weekend,0,0,29.6,23.1,5.4,7.84,5.07,12.91,-12.91,DEFICIT,4.66,3.45,3.96,2.25
2024-05-25 05:00,5,5,5,weekend,0,0,19.0,21.5,2.9,9.34,5.37,14.71,-14.71,DEFICIT,4.33,3.29,3.68,2.25
2024-05-25 06:00,5,6,5,weekend,18.2,1.85,25.9,21.7,4.0,22.32,0,22.32,-20.47,DEFICIT,5.84,4.05,4.97,2.25
2024-05-25 07:00,5,7,5,weekend,66.7,6.77,26.5,23.4,3.2,30.55,14.67,45.21,-38.45,DEFICIT,5.82,4.04,4.95,2.25
2024-05-25 08:00,5,8,5,weekend,163.3,16.49,26.1,26.1,4.1,25.63,10.58,36.21,-19.72,DEFICIT,6.09,4.17,5.18,2.25
2024-05-25 09:00,5,9,5,weekend,232.3,23.33,19.5,27.4,3.7,18.41,0.0,18.41,4.92,BALANCED,5.9,4.08,5.02,2.25
2024-05-25 10:00,5,10,5,weekend,319.8,31.99,47.6,28.4,3.9,14.16,0,14.16,17.83,SURPLUS,3.64,2.95,3.1,2.25
2024-05-25 11:00,5,11,5,weekend,389.5,38.89,17.3,28.9,4.3,14.41,0,14.41,24.47,SURPLUS,3.9,3.07,3.31,2.25
2024-05-25 12:00,5,12,5,weekend,361.6,35.39,34.2,33.7,6.5,18.75,0,18.75,16.63,SURPLUS,4.09,3.17,3.48,2.25
2024-05-25 13:00,5,13,5,weekend,391.5,38.66,20.6,31.5,6.2,17.31,0,17.31,21.35,SURPLUS,3.98,3.12,3.39,2.25
2024-05-25 14:00,5,14,5,weekend,349.0,34.58,22.3,30.7,5.0,17.62,0,17.62,16.97,SURPLUS,3.63,2.94,3.08,2.25
2024-05-25 15:00,5,15,5,weekend,281.9,28.21,19.2,28.3,5.2,18.59,0,18.59,9.61,SURPLUS,3.6,2.92,3.06,2.25
2024-05-25 16:00,5,16,5,weekend,181.4,18.07,24.8,29.5,5.3,21.9,0,21.9,-3.83,BALANCED,6.48,4.37,5.51,2.25
2024-05-25 17:00,5,17,5,weekend,94.0,9.35,17.5,29.7,5.4,26.36,0,26.36,-17.01,DEFICIT,7.57,4.91,6.44,2.25
2024-05-25 18:00,5,18,5,weekend,18.0,1.81,28.9,26.7,4.9,32.34,0.0,32.34,-30.52,DEFICIT,7.62,4.93,6.48,2.25
2024-05-25 19:00,5,19,5,weekend,0,0,22.7,29.3,4.2,42.65,9.78,52.43,-52.43,DEFICIT,6.54,4.39,5.56,2.25
2024-05-25 20:00,5,20,5,weekend,0,0,33.3,26.5,3.4,47.71,10.94,58.65,-58.65,DEFICIT,6.64,4.45,5.65,2.25
2024-05-25 21:00,5,21,5,weekend,0,0,41.7,25.1,4.2,29.75,5.61,35.37,-35.37,DEFICIT,6.35,4.3,5.39,2.25
2024-05-25 22:00,5,22,5,weekend,0,0,28.7,24.2,3.8,26.16,0.0,26.16,-26.16,DEFICIT,4.17,3.21,3.55,2.25
2024-05-25 23:00,5,23,5,weekend,0,0,24.2,23.1,4.7,17.86,0,17.86,-17.86,DEFICIT,4.98,3.62,4.23,2.25
2024-05-26 00:00,5,0,6,weekend,0,0,32.8,24.9,2.6,11.06,0.0,11.06,-11.06,DEFICIT,4.31,3.28,3.67,2.25
2024-05-26 01:00,5,1,6,weekend,0,0,40.5,21.2,4.4,10.25,0.0,10.25,-10.25,DEFICIT,4.59,3.42,3.9,2.25
2024-05-26 02:00,5,2,6,weekend,0,0,33.1,22.9,3.1,7.07,0.0,7.07,-7.07,DEFICIT,4.43,3.34,3.77,2.25
2024-05-26 03:00,5,3,6,weekend,0,0,36.3,21.4,6.1,6.82,0.0,6.82,-6.82,DEFICIT,4.05,3.15,3.44,2.25
2024-05-26 04:00,5,4,6,weekend,0,0,24.8,19.0,5.9,7.57,0.0,7.57,-7.57,DEFICIT,4.65,3.45,3.95,2.25
2024-05-26 05:00,5,5,6,weekend,0,0,39.0,24.4,4.8,9.27,0.0,9.27,-9.27,DEFICIT,4.39,3.32,3.73,2.25
2024-05-26 06:00,5,6,6,weekend,26.4,2.68,23.8,23.3,3.1,24.14,0,24.14,-21.46,DEFICIT,5.25,3.75,4.47,2.25
2024-05-26 07:00,5,7,6,weekend,92.5,9.37,35.1,25.1,3.6,30.85,9.87,40.72,-31.35,DEFICIT,6.06,4.15,5.15,2.25
2024-05-26 08:00,5,8,6,weekend,181.9,18.32,15.1,26.7,5.6,26.61,0.0,26.61,-8.29,DEFICIT,5.98,4.11,5.08,2.25
2024-05-26 09:00,5,9,6,weekend,292.2,28.97,31.1,30.6,6.1,20.76,0.0,20.76,8.21,SURPLUS,5.8,4.02,4.93,2.25
2024-05-26 10:00,5,10,6,weekend,400.9,40.28,25.6,27.3,4.5,17.49,0,17.49,22.79,SURPLUS,2.97,2.61,2.52,2.25
2024-05-26 11:00,5,11,6,weekend,475.2,46.98,37.7,31.2,4.7,16.8,0,16.8,30.19,SURPLUS,3.6,2.92,3.06,2.25
2024-05-26 12:00,5,12,6,weekend,470.1,46.89,33.1,29.1,5.9,16.12,0,16.12,30.77,SURPLUS,3.81,3.03,3.24,2.25
2024-05-26 13:00,5,13,6,weekend,474.9,46.86,23.9,31.7,4.9,16.47,0,16.47,30.4,SURPLUS,3.5,2.87,2.97,2.25
2024-05-26 14:00,5,14,6,weekend,426.9,41.84,24.7,33.4,2.7,14.78,0,14.78,27.06,SURPLUS,3.61,2.93,3.07,2.25
2024-05-26 15:00,5,15,6,weekend,348.3,34.9,26.9,28.0,4.9,16.86,0,16.86,18.03,SURPLUS,3.76,3.0,3.2,2.25
2024-05-26 16:00,5,16,6,weekend,215.1,21.33,20.5,30.4,4.1,20.88,0,20.88,0.45,BALANCED,6.64,4.44,5.64,2.25
2024-05-26 17:00,5,17,6,weekend,111.1,11.14,35.3,27.6,4.7,24.3,0,24.3,-13.15,DEFICIT,6.39,4.32,5.43,2.25
2024-05-26 18:00,5,18,6,weekend,24.6,2.48,34.3,26.2,6.5,34.85,12.86,47.71,-45.22,DEFICIT,6.39,4.32,5.43,2.25
2024-05-26 19:00,5,19,6,weekend,0,0,29.2,25.9,3.1,45.42,17.39,62.81,-62.81,DEFICIT,6.8,4.52,5.78,2.25
2024-05-26 20:00,5,20,6,weekend,0,0,41.9,25.7,3.8,40.24,17.85,58.09,-58.09,DEFICIT,6.63,4.44,5.63,2.25
2024-05-26 21:00,5,21,6,weekend,0,0,30.1,25.2,5.2,29.02,10.52,39.54,-39.54,DEFICIT,6.81,4.53,5.79,2.25
2024-05-26 22:00,5,22,6,weekend,0,0,44.6,22.9,4.4,22.71,0.0,22.71,-22.71,DEFICIT,4.73,3.49,4.02,2.25
2024-05-26 23:00,5,23,6,weekend,0,0,35.5,23.7,3.8,17.32,0,17.32,-17.32,DEFICIT,4.4,3.33,3.74,2.25
2024-05-27 00:00,5,0,0,weekday,0,0,15.4,23.8,3.3,11.42,5.14,16.56,-16.56,DEFICIT,5.08,3.66,4.32,2.25
2024-05-27 01:00,5,1,0,weekday,0,0,36.1,22.7,3.9,7.8,0.0,7.8,-7.8,DEFICIT,4.39,3.32,3.73,2.25
2024-05-27 02:00,5,2,0,weekday,0,0,44.1,24.1,4.6,7.09,0.0,7.09,-7.09,DEFICIT,4.47,3.36,3.8,2.25
2024-05-27 03:00,5,3,0,weekday,0,0,26.9,20.3,3.3,5.81,3.32,9.13,-9.13,DEFICIT,4.41,3.33,3.75,2.25
2024-05-27 04:00,5,4,0,weekday,0,0,33.4,22.0,4.3,6.15,0.0,6.15,-6.15,DEFICIT,4.65,3.45,3.96,2.25
2024-05-27 05:00,5,5,0,weekday,0,0,28.1,23.1,5.3,7.96,5.02,12.99,-12.99,DEFICIT,4.73,3.49,4.02,2.25
2024-05-27 06:00,5,6,0,weekday,25.1,2.54,21.0,19.5,3.3,23.45,0,23.45,-20.9,DEFICIT,5.25,3.75,4.46,2.25
2024-05-27 07:00,5,7,0,weekday,108.3,10.94,43.5,26.1,3.7,30.62,0.0,30.62,-19.69,DEFICIT,5.98,4.12,5.08,2.25
2024-05-27 08:00,5,8,0,weekday,188.7,18.86,33.8,28.6,3.7,23.63,0.0,23.63,-4.77,BALANCED,5.94,4.1,5.05,2.25
2024-05-27 09:00,5,9,0,weekday,238.2,23.99,23.4,26.7,4.1,18.58,12.2,30.78,-6.79,DEFICIT,5.28,3.76,4.49,2.25
2024-05-27 10:00,5,10,0,weekday,396.0,40.08,11.0,25.4,4.0,12.61,0,12.61,27.47,SURPLUS,4.14,3.2,3.52,2.25
2024-05-27 11:00,5,11,0,weekday,417.7,41.42,17.5,30.5,3.5,16.9,0,16.9,24.52,SURPLUS,4.08,3.16,3.47,2.25
2024-05-27 12:00,5,12,0,weekday,485.1,48.52,37.8,28.4,4.7,15.75,0,15.75,32.77,SURPLUS,3.33,2.79,2.83,2.25
2024-05-27 13:00,5,13,0,weekday,525.0,51.86,22.9,31.4,4.3,18.3,0,18.3,33.57,SURPLUS,3.85,3.05,3.27,2.25
2024-05-27 14:00,5,14,0,weekday,433.8,42.59,33.3,32.9,3.9,14.52,0,14.52,28.07,SURPLUS,3.26,2.75,2.77,2.25
2024-05-27 15:00,5,15,0,weekday,310.4,30.94,43.1,29.2,5.5,17.31,0,17.31,13.64,SURPLUS,3.78,3.01,3.21,2.25
2024-05-27 16:00,5,16,0,weekday,234.2,23.33,42.8,29.4,5.3,21.87,0,21.87,1.46,BALANCED,6.57,4.41,5.59,2.25
2024-05-27 17:00,5,17,0,weekday,117.5,11.75,32.3,28.3,3.4,24.99,0,24.99,-13.24,DEFICIT,6.53,4.39,5.55,2.25
2024-05-27 18:00,5,18,0,weekday,25.5,2.56,36.8,27.2,5.1,38.92,16.2,55.12,-52.56,DEFICIT,6.77,4.51,5.76,2.25
2024-05-27 19:00,5,19,0,weekday,0,0,22.3,26.6,4.1,39.62,19.49,59.11,-59.11,DEFICIT,7.32,4.78,6.22,2.25
2024-05-27 20:00,5,20,0,weekday,0,0,29.7,24.8,4.5,33.05,10.29,43.34,-43.34,DEFICIT,6.66,4.46,5.67,2.25
2024-05-27 21:00,5,21,0,weekday,0,0,27.4,20.1,2.7,28.14,14.51,42.65,-42.65,DEFICIT,6.81,4.53,5.79,2.25
2024-05-27 22:00,5,22,0,weekday,0,0,42.7,29.1,4.7,19.92,15.41,35.33,-35.33,DEFICIT,4.78,3.52,4.07,2.25
2024-05-27 23:00,5,23,0,weekday,0,0,38.3,26.5,4.4,15.66,0,15.66,-15.66,DEFICIT,5.27,3.76,4.48,2.25
2024-05-28 00:00,5,0,1,weekday,0,0,51.6,23.0,4.5,10.07,0.0,10.07,-10.07,DEFICIT,4.99,3.62,4.24,2.25
2024-05-28 01:00,5,1,1,weekday,0,0,39.6,22.1,4.4,7.17,0.0,7.17,-7.17,DEFICIT,4.6,3.42,3.91,2.25
2024-05-28 02:00,5,2,1,weekday,0,0,49.6,22.4,5.0,6.69,0.0,6.69,-6.69,DEFICIT,4.73,3.49,4.02,2.25
2024-05-28 03:00,5,3,1,weekday,0,0,37.9,21.3,3.6,6.62,0.0,6.62,-6.62,DEFICIT,4.15,3.2,3.53,2.25
2024-05-28 04:00,5,4,1,weekday,0,0,48.7,24.5,4.9,5.82,0.0,5.82,-5.82,DEFICIT,4.95,3.6,4.21,2.25
2024-05-28 05:00,5,5,1,weekday,0,0,31.9,22.1,4.6,7.26,0.0,7.26,-7.26,DEFICIT,4.48,3.36,3.81,2.25
2024-05-28 06:00,5,6,1,weekday,30.8,3.12,48.2,24.5,3.6,20.85,0,20.85,-17.72,DEFICIT,6.01,4.13,5.11,2.25
2024-05-28 07:00,5,7,1,weekday,108.3,10.97,47.2,25.3,4.1,33.24,20.55,53.79,-42.82,DEFICIT,5.9,4.07,5.01,2.25
2024-05-28 08:00,5,8,1,weekday,226.2,22.9,30.0,25.4,3.2,23.69,5.98,29.67,-6.77,DEFICIT,5.73,3.99,4.87,2.25
2024-05-28 09:00,5,9,1,weekday,381.0,38.4,32.8,26.5,5.3,16.29,0.0,16.29,22.12,SURPLUS,5.75,4.0,4.88,2.25
2024-05-28 10:00,5,10,1,weekday,513.2,51.64,23.5,26.9,3.8,14.85,0,14.85,36.8,SURPLUS,3.81,3.03,3.24,2.25
2024-05-28 11:00,5,11,1,weekday,555.1,55.34,39.7,29.2,4.2,13.03,0,13.03,42.3,SURPLUS,4.03,3.14,3.42,2.25
2024-05-28 12:00,5,12,1,weekday,730.5,72.67,41.8,29.7,4.2,16.29,0,16.29,56.38,SURPLUS,3.97,3.11,3.37,2.25
2024-05-28 13:00,5,13,1,weekday,607.1,59.78,42.7,32.2,2.6,15.54,0,15.54,44.24,SURPLUS,3.7,2.98,3.15,2.25
2024-05-28 14:00,5,14,1,weekday,454.6,44.88,25.5,31.6,5.0,14.41,0,14.41,30.47,SURPLUS,3.8,3.03,3.23,2.25
2024-05-28 15:00,5,15,1,weekday,407.6,40.33,43.1,31.1,6.4,14.62,0,14.62,25.71,SURPLUS,3.76,3.01,3.2,2.25
2024-05-28 16:00,5,16,1,weekday,290.2,28.87,37.2,29.7,4.7,17.39,0,17.39,11.48,SURPLUS,6.91,4.58,5.87,2.25
2024-05-28 17:00,5,17,1,weekday,133.4,13.29,33.4,29.4,3.7,22.16,0,22.16,-8.87,DEFICIT,7.24,4.75,6.16,2.25
2024-05-28 18:00,5,18,1,weekday,33.9,3.38,36.6,28.8,4.9,34.06,10.55,44.6,-41.22,DEFICIT,7.12,4.68,6.05,2.25
2024-05-28 19:00,5,19,1,weekday,0,0,41.6,28.2,3.3,38.55,10.74,49.29,-49.29,DEFICIT,6.68,4.46,5.68,2.25
2024-05-28 20:00,5,20,1,weekday,0,0,56.6,26.2,4.7,31.57,0.0,31.57,-31.57,DEFICIT,6.41,4.33,5.45,2.25
2024-05-28 21:00,5,21,1,weekday,0,0,36.6,28.0,3.2,30.02,7.7,37.73,-37.73,DEFICIT,6.9,4.58,5.87,2.25
2024-05-28 22:00,5,22,1,weekday,0,0,54.8,22.6,4.5,20.64,6.09,26.73,-26.73,DEFICIT,4.49,3.37,3.82,2.25
2024-05-28 23:00,5,23,1,weekday,0,0,43.9,25.8,3.3,11.93,0,11.93,-11.93,DEFICIT,4.59,3.42,3.9,2.25
2024-05-29 00:00,5,0,2,weekday,0,0,67.2,24.5,4.4,9.67,0.0,9.67,-9.67,DEFICIT,4.73,3.49,4.02,2.25
2024-05-29 01:00,5,1,2,weekday,0,0,56.5,22.5,4.2,9.5,2.89,12.39,-12.39,DEFICIT,4.68,3.46,3.98,2.25
2024-05-29 02:00,5,2,2,weekday,0,0,61.4,19.6,2.8,6.6,2.52,9.12,-9.12,DEFICIT,4.16,3.2,3.53,2.25
2024-05-29 03:00,5,3,2,weekday,0,0,62.1,21.3,3.2,6.39,0.0,6.39,-6.39,DEFICIT,4.88,3.56,4.14,2.25
2024-05-29 04:00,5,4,2,weekday,0,0,56.9,21.1,5.1,5.79,2.85,8.64,-8.64,DEFICIT,4.59,3.42,3.9,2.25
2024-05-29 05:00,5,5,2,weekday,0,0,70.9,22.5,3.1,8.4,0.0,8.4,-8.4,DEFICIT,4.46,3.35,3.79,2.25
2024-05-29 06:00,5,6,2,weekday,45.7,4.63,57.3,23.5,5.0,23.22,0,23.22,-18.59,DEFICIT,5.29,3.77,4.49,2.25
2024-05-29 07:00,5,7,2,weekday,199.8,20.26,53.1,25.0,3.8,26.66,8.35,35.02,-14.76,DEFICIT,5.96,4.11,5.07,2.25
2024-05-29 08:00,5,8,2,weekday,385.0,39.04,60.7,24.5,5.3,23.63,9.85,33.48,5.56,SURPLUS,5.77,4.01,4.9,2.25
2024-05-29 09:00,5,9,2,weekday,494.2,49.06,69.3,30.2,4.8,16.18,0.0,16.18,32.89,SURPLUS,5.83,4.04,4.96,2.25
2024-05-29 10:00,5,10,2,weekday,784.1,78.29,53.8,28.8,4.4,12.81,0,12.81,65.48,SURPLUS,3.39,2.82,2.88,2.25
2024-05-29 11:00,5,11,2,weekday,929.1,91.77,52.9,31.5,3.9,14.95,0,14.95,76.81,SURPLUS,4.18,3.21,3.55,2.25
2024-05-29 12:00,5,12,2,weekday,1042.7,104.06,61.3,29.0,4.5,16.44,0,16.44,87.62,SURPLUS,3.84,3.05,3.27,2.25
2024-05-29 13:00,5,13,2,weekday,895.7,89.3,53.7,29.2,5.3,16.43,0,16.43,72.87,SURPLUS,3.63,2.94,3.09,2.25
2024-05-29 14:00,5,14,2,weekday,732.4,72.35,64.4,31.4,4.9,13.02,0,13.02,59.33,SURPLUS,3.89,3.07,3.31,2.25
2024-05-29 15:00,5,15,2,weekday,590.4,58.29,63.3,31.6,5.1,16.84,0,16.84,41.45,SURPLUS,3.92,3.09,3.34,2.25
2024-05-29 16:00,5,16,2,weekday,469.1,46.15,65.5,32.5,5.6,18.49,0,18.49,27.66,SURPLUS,6.7,4.48,5.7,2.25
2024-05-29 17:00,5,17,2,weekday,227.1,22.68,65.7,28.8,5.0,25.31,0,25.31,-2.63,BALANCED,6.53,4.39,5.55,2.25
2024-05-29 18:00,5,18,2,weekday,49.2,4.94,63.5,27.6,3.7,32.76,0.0,32.76,-27.83,DEFICIT,6.63,4.44,5.63,2.25
2024-05-29 19:00,5,19,2,weekday,0,0,65.8,25.0,3.1,40.66,8.46,49.12,-49.12,DEFICIT,7.37,4.81,6.26,2.25
2024-05-29 20:00,5,20,2,weekday,0,0,56.8,24.6,3.5,30.99,9.56,40.55,-40.55,DEFICIT,6.53,4.39,5.55,2.25
2024-05-29 21:00,5,21,2,weekday,0,0,55.1,24.1,4.1,25.8,5.75,31.56,-31.56,DEFICIT,6.55,4.4,5.56,2.25
2024-05-29 22:00,5,22,2,weekday,0,0,68.2,25.4,4.1,22.8,0.0,22.8,-22.8,DEFICIT,4.78,3.52,4.07,2.25
2024-05-29 23:00,5,23,2,weekday,0,0,61.8,23.2,4.5,12.15,0,12.15,-12.15,DEFICIT,4.9,3.57,4.16,2.25
2024-05-30 00:00,5,0,3,weekday,0,0,58.3,21.4,3.6,10.3,2.38,12.68,-12.68,DEFICIT,4.8,3.53,4.08,2.25
2024-05-30 01:00,5,1,3,weekday,0,0,63.5,25.1,4.2,6.77,3.37,10.14,-10.14,DEFICIT,4.79,3.52,4.07,2.25
2024-05-30 02:00,5,2,3,weekday,0,0,43.7,22.0,4.4,6.69,0.0,6.69,-6.69,DEFICIT,4.75,3.5,4.04,2.25
2024-05-30 03:00,5,3,3,weekday,0,0,57.3,20.4,4.3,6.54,0.0,6.54,-6.54,DEFICIT,4.34,3.3,3.69,2.25
2024-05-30 04:00,5,4,3,weekday,0,0,54.6,20.3,2.7,5.94,0.0,5.94,-5.94,DEFICIT,4.78,3.52,4.06,2.25
2024-05-30 05:00,5,5,3,weekday,0,0,63.3,19.8,5.0,7.48,0.0,7.48,-7.48,DEFICIT,4.26,3.25,3.62,2.25
2024-05-30 06:00,5,6,3,weekday,43.3,4.39,51.0,22.1,4.8,19.47,0,19.47,-15.08,DEFICIT,5.79,4.02,4.92,2.25
2024-05-30 07:00,5,7,3,weekday,124.4,12.52,53.4,26.9,4.4,33.73,8.44,42.17,-29.65,DEFICIT,6.05,4.15,5.14,2.25
2024-05-30 08:00,5,8,3,weekday,303.5,30.55,33.4,26.8,4.6,25.83,0.0,25.83,4.72,BALANCED,5.94,4.09,5.05,2.25
2024-05-30 09:00,5,9,3,weekday,465.5,46.61,41.8,28.1,4.8,16.5,0.0,16.5,30.11,SURPLUS,5.74,3.99,4.88,2.25
2024-05-30 10:00,5,10,3,weekday,668.2,67.75,35.2,24.9,4.2,12.84,0,12.84,54.92,SURPLUS,4.01,3.13,3.41,2.25
2024-05-30 11:00,5,11,3,weekday,725.4,71.87,50.7,30.7,3.8,15.35,0,15.35,56.51,SURPLUS,3.43,2.84,2.92,2.25
2024-05-30 12:00,5,12,3,weekday,777.2,76.15,39.1,33.4,5.3,17.69,0,17.69,58.47,SURPLUS,3.84,3.04,3.26,2.25
2024-05-30 13:00,5,13,3,weekday,727.4,71.41,51.4,32.9,3.7,15.13,0,15.13,56.28,SURPLUS,3.61,2.93,3.07,2.25
2024-05-30 14:00,5,14,3,weekday,624.1,61.5,64.9,32.0,5.2,11.98,0,11.98,49.53,SURPLUS,4.11,3.18,3.49,2.25
2024-05-30 15:00,5,15,3,weekday,622.3,61.45,37.3,31.5,5.5,14.72,0,14.72,46.73,SURPLUS,3.59,2.92,3.05,2.25
2024-05-30 16:00,5,16,3,weekday,339.0,33.5,52.2,31.4,5.1,18.35,0,18.35,15.16,SURPLUS,6.88,4.57,5.85,2.25
2024-05-30 17:00,5,17,3,weekday,176.1,17.57,37.5,29.0,3.9,23.15,0,23.15,-5.57,DEFICIT,6.65,4.45,5.65,2.25
2024-05-30 18:00,5,18,3,weekday,41.1,4.11,57.3,28.5,4.0,33.37,0.0,33.37,-29.26,DEFICIT,6.02,4.14,5.12,2.25
2024-05-30 19:00,5,19,3,weekday,0,0,52.4,24.3,4.4,41.01,16.78,57.8,-57.8,DEFICIT,6.56,4.41,5.58,2.25
2024-05-30 20:00,5,20,3,weekday,0,0,39.5,25.2,3.6,35.07,20.84,55.91,-55.91,DEFICIT,6.51,4.38,5.54,2.25
2024-05-30 21:00,5,21,3,weekday,0,0,49.0,24.3,3.8,28.89,12.37,41.25,-41.25,DEFICIT,6.73,4.49,5.72,2.25
2024-05-30 22:00,5,22,3,weekday,0,0,70.0,24.1,4.8,14.02,16.68,30.71,-30.71,DEFICIT,4.85,3.55,4.12,2.25
2024-05-30 23:00,5,23,3,weekday,0,0,41.1,25.3,2.0,13.92,0,13.92,-13.92,DEFICIT,4.47,3.36,3.8,2.25
2024-05-31 00:00,5,0,4,weekday,0,0,62.0,24.1,2.7,10.4,0.0,10.4,-10.4,DEFICIT,4.31,3.28,3.66,2.25
2024-05-31 01:00,5,1,4,weekday,0,0,65.3,20.7,4.6,8.63,5.01,13.65,-13.65,DEFICIT,4.32,3.29,3.67,2.25
2024-05-31 02:00,5,2,4,weekday,0,0,62.6,22.9,3.6,6.56,2.86,9.42,-9.42,DEFICIT,4.63,3.44,3.93,2.25
2024-05-31 03:00,5,3,4,weekday,0,0,52.1,23.6,5.5,6.5,0.0,6.5,-6.5,DEFICIT,4.35,3.3,3.7,2.25
2024-05-31 04:00,5,4,4,weekday,0,0,47.8,20.0,3.7,5,0.0,5.0,-5.0,BALANCED,5.02,3.64,4.27,2.25
2024-05-31 05:00,5,5,4,weekday,0,0,60.6,22.9,4.6,7.04,5.57,12.61,-12.61,DEFICIT,4.19,3.22,3.56,2.25
2024-05-31 06:00,5,6,4,weekday,47.4,4.8,48.1,22.9,4.6,27.76,0,27.76,-22.95,DEFICIT,6.03,4.14,5.13,2.25
2024-05-31 07:00,5,7,4,weekday,178.6,18.11,46.2,25.0,2.6,30.61,5.36,35.97,-17.86,DEFICIT,6.37,4.31,5.41,2.25
2024-05-31 08:00,5,8,4,weekday,333.9,33.81,61.9,25.3,5.1,24.54,0.0,24.54,9.27,SURPLUS,5.8,4.02,4.93,2.25
2024-05-31 09:00,5,9,4,weekday,454.2,45.52,42.5,27.9,3.7,17.12,0.0,17.12,28.4,SURPLUS,6.13,4.19,5.21,2.25
2024-05-31 10:00,5,10,4,weekday,628.6,62.72,47.8,29.0,6.0,9.58,0,9.58,53.14,SURPLUS,3.89,3.07,3.3,2.25
2024-05-31 11:00,5,11,4,weekday,867.2,86.03,57.4,30.4,4.9,13.47,0,13.47,72.56,SURPLUS,3.58,2.91,3.04,2.25
2024-05-31 12:00,5,12,4,weekday,869.1,85.74,41.1,31.8,5.5,17.58,0,17.58,68.16,SURPLUS,4.1,3.18,3.49,2.25
2024-05-31 13:00,5,13,4,weekday,743.1,72.98,37.4,32.9,5.9,12.49,0,12.49,60.49,SURPLUS,4.23,3.24,3.6,2.25
2024-05-31 14:00,5,14,4,weekday,607.9,59.87,49.7,32.2,4.9,12.94,0,12.94,46.93,SURPLUS,4.01,3.13,3.41,2.25
2024-05-31 15:00,5,15,4,weekday,626.0,61.59,58.8,32.5,5.2,16.96,0,16.96,44.62,SURPLUS,3.71,2.98,3.16,2.25
2024-05-31 16:00,5,16,4,weekday,392.6,38.89,65.2,30.8,5.0,19.0,0,19.0,19.89,SURPLUS,6.72,4.48,5.71,2.25
2024-05-31 17:00,5,17,4,weekday,196.3,19.49,53.8,30.2,5.3,21.01,0,21.01,-1.51,BALANCED,6.5,4.38,5.53,2.25
2024-05-31 18:00,5,18,4,weekday,40.1,4.02,38.1,27.4,3.4,30.09,18.65,48.74,-44.72,DEFICIT,6.59,4.42,5.6,2.25
2024-05-31 19:00,5,19,4,weekday,0,0,49.2,29.5,3.8,33.36,0.0,33.36,-33.36,DEFICIT,6.32,4.28,5.37,2.25
2024-05-31 20:00,5,20,4,weekday,0,0,46.1,25.6,4.4,36.93,18.0,54.92,-54.92,DEFICIT,7.01,4.63,5.96,2.25
2024-05-31 21:00,5,21,4,weekday,0,0,74.2,24.3,3.6,24.69,0.0,24.69,-24.69,DEFICIT,6.98,4.61,5.93,2.25
2024-05-31 22:00,5,22,4,weekday,0,0,67.9,25.0,4.5,21.62,0.0,21.62,-21.62,DEFICIT,4.72,3.49,4.02,2.25
2024-05-31 23:00,5,23,4,weekday,0,0,58.0,25.4,4.9,16.86,0,16.86,-16.86,DEFICIT,4.55,3.4,3.87,2.25
2024-06-01 00:00,6,0,5,weekend,0,0,59.5,23.0,3.8,8.6,0.0,8.6,-8.6,DEFICIT,4.45,3.35,3.79,2.25
2024-06-01 01:00,6,1,5,weekend,0,0,71.9,22.6,4.8,7.68,3.19,10.87,-10.87,DEFICIT,4.61,3.43,3.92,2.25
2024-06-01 02:00,6,2,5,weekend,0,0,56.3,19.6,4.5,5.77,4.76,10.53,-10.53,DEFICIT,4.72,3.49,4.01,2.25
2024-06-01 03:00,6,3,5,weekend,0,0,62.3,16.7,6.1,6.14,0.0,6.14,-6.14,DEFICIT,4.4,3.32,3.74,2.25
2024-06-01 04:00,6,4,5,weekend,0,0,67.5,22.0,4.7,5,4.56,9.56,-9.56,DEFICIT,4.31,3.28,3.66,2.25
2024-06-01 05:00,6,5,5,weekend,0,0,65.9,20.2,4.7,5.91,0.0,5.91,-5.91,DEFICIT,4.29,3.27,3.65,2.25
2024-06-01 06:00,6,6,5,weekend,25.8,2.61,54.5,19.0,5.5,19.44,0,19.44,-16.82,DEFICIT,5.93,4.09,5.04,2.25
2024-06-01 07:00,6,7,5,weekend,98.2,9.96,44.9,21.1,4.1,25.2,0.0,25.2,-15.24,DEFICIT,5.74,3.99,4.88,2.25
2024-06-01 08:00,6,8,5,weekend,195.7,19.84,59.3,23.2,5.2,19.13,0.0,19.13,0.71,BALANCED,5.85,4.05,4.97,2.25
2024-06-01 09:00,6,9,5,weekend,281.6,28.55,55.8,24.2,4.5,14.15,0.0,14.15,14.41,SURPLUS,6.02,4.13,5.11,2.25
2024-06-01 10:00,6,10,5,weekend,383.2,38.86,66.6,24.9,3.2,10.2,0,10.2,28.66,SURPLUS,3.64,2.94,3.09,2.25
2024-06-01 11:00,6,11,5,weekend,469.8,47.13,67.7,27.7,4.9,12.68,0,12.68,34.44,SURPLUS,3.68,2.96,3.13,2.25
2024-06-01 12:00,6,12,5,weekend,491.9,48.77,67.3,30.6,5.9,12.36,0,12.36,36.41,SURPLUS,3.55,2.9,3.01,2.25
2024-06-01 13:00,6,13,5,weekend,409.7,40.84,47.8,29.2,5.5,13.5,0,13.5,27.34,SURPLUS,3.68,2.97,3.13,2.25
2024-06-01 14:00,6,14,5,weekend,395.8,39.23,61.4,30.6,6.5,13.27,0,13.27,25.97,SURPLUS,3.78,3.01,3.21,2.25
2024-06-01 15:00,6,15,5,weekend,341.3,34.02,50.1,29.3,5.1,12.32,0,12.32,21.69,SURPLUS,3.82,3.03,3.24,2.25
2024-06-01 16:00,6,16,5,weekend,236.9,24.02,75.0,25.1,5.7,13.4,0,13.4,10.62,SURPLUS,6.99,4.62,5.94,2.25
2024-06-01 17:00,6,17,5,weekend,106.0,10.61,63.3,28.1,5.3,16.43,0,16.43,-5.81,DEFICIT,6.9,4.58,5.87,2.25
2024-06-01 18:00,6,18,5,weekend,26.3,2.67,58.3,23.6,4.5,27.03,14.78,41.81,-39.14,DEFICIT,6.61,4.43,5.62,2.25
2024-06-01 19:00,6,19,5,weekend,0,0,68.2,24.3,4.6,34.28,17.7,51.98,-51.98,DEFICIT,6.66,4.46,5.66,2.25
2024-06-01 20:00,6,20,5,weekend,0,0,55.0,25.5,5.7,24.75,8.63,33.39,-33.39,DEFICIT,6.94,4.6,5.9,2.25
2024-06-01 21:00,6,21,5,weekend,0,0,73.8,20.6,4.6,23.89,15.45,39.35,-39.35,DEFICIT,7.19,4.72,6.11,2.25
2024-06-01 22:00,6,22,5,weekend,0,0,69.9,23.6,5.1,14.6,0.0,14.6,-14.6,DEFICIT,4.16,3.21,3.54,2.25
2024-06-01 23:00,6,23,5,weekend,0,0,65.9,20.4,5.8,12.31,0,12.31,-12.31,DEFICIT,4.44,3.34,3.77,2.25
2024-06-02 00:00,6,0,6,weekend,0,0,73.1,22.2,3.7,7.76,3.6,11.36,-11.36,DEFICIT,4.19,3.22,3.56,2.25
2024-06-02 01:00,6,1,6,weekend,0,0,68.7,18.8,4.8,6.72,0.0,6.72,-6.72,DEFICIT,4.76,3.51,4.05,2.25
2024-06-02 02:00,6,2,6,weekend,0,0,85.7,18.3,3.6,5.77,4.27,10.04,-10.04,DEFICIT,4.54,3.39,3.86,2.25
2024-06-02 03:00,6,3,6,weekend,0,0,72.8,20.0,5.3,5,4.89,9.89,-9.89,DEFICIT,5.16,3.71,4.39,2.25
2024-06-02 04:00,6,4,6,weekend,0,0,67.7,18.2,5.0,5,4.65,9.65,-9.65,DEFICIT,4.53,3.39,3.85,2.25
2024-06-02 05:00,6,5,6,weekend,0,0,74.6,20.9,3.9,6.39,0.0,6.39,-6.39,DEFICIT,4.17,3.21,3.54,2.25
2024-06-02 06:00,6,6,6,weekend,29.8,3.02,84.4,20.3,4.6,17.03,0,17.03,-14.02,DEFICIT,5.53,3.89,4.7,2.25
2024-06-02 07:00,6,7,6,weekend,79.6,8.07,80.1,19.9,5.8,24.42,3.44,27.86,-19.79,DEFICIT,6.48,4.36,5.51,2.25
2024-06-02 08:00,6,8,6,weekend,204.1,20.69,83.4,22.0,3.9,17.07,19.8,36.86,-16.17,DEFICIT,5.15,3.7,4.38,2.25
2024-06-02 09:00,6,9,6,weekend,291.2,29.53,68.5,23.7,5.6,14.77,10.24,25.01,4.52,BALANCED,5.89,4.07,5.01,2.25
2024-06-02 10:00,6,10,6,weekend,395.2,40.07,70.0,23.7,3.3,10.25,0,10.25,29.82,SURPLUS,3.85,3.05,3.27,2.25
2024-06-02 11:00,6,11,6,weekend,487.9,48.52,63.8,29.8,3.7,14.39,0,14.39,34.14,SURPLUS,3.71,2.98,3.15,2.25
2024-06-02 12:00,6,12,6,weekend,522.0,52.52,79.0,27.0,4.2,13.33,0,13.33,39.19,SURPLUS,3.82,3.04,3.25,2.25
2024-06-02 13:00,6,13,6,weekend,438.9,44.14,91.6,27.0,6.7,13.1,0,13.1,31.04,SURPLUS,3.81,3.03,3.24,2.25
2024-06-02 14:00,6,14,6,weekend,408.9,40.84,73.6,28.7,5.7,9.26,0,9.26,31.58,SURPLUS,4.1,3.18,3.49,2.25
2024-06-02 15:00,6,15,6,weekend,327.2,32.63,76.8,29.1,6.0,14.51,0,14.51,18.12,SURPLUS,4.24,3.25,3.61,2.25
2024-06-02 16:00,6,16,6,weekend,265.6,26.61,64.2,28.0,4.9,14.41,0,14.41,12.2,SURPLUS,6.41,4.33,5.45,2.25
2024-06-02 17:00,6,17,6,weekend,143.4,14.5,64.3,25.7,4.9,16.97,0,16.97,-2.47,BALANCED,6.51,4.38,5.54,2.25
2024-06-02 18:00,6,18,6,weekend,27.5,2.76,58.2,27.7,4.1,28.23,19.35,47.57,-44.81,DEFICIT,7.0,4.62,5.95,2.25
2024-06-02 19:00,6,19,6,weekend,0,0,72.4,24.3,5.2,38.17,6.9,45.06,-45.06,DEFICIT,6.63,4.44,5.64,2.25
2024-06-02 20:00,6,20,6,weekend,0,0,69.6,22.6,4.1,28.01,19.22,47.23,-47.23,DEFICIT,6.76,4.5,5.74,2.25
2024-06-02 21:00,6,21,6,weekend,0,0,62.9,21.4,4.5,24.07,18.48,42.54,-42.54,DEFICIT,6.97,4.61,5.93,2.25
2024-06-02 22:00,6,22,6,weekend,0,0,81.3,24.0,4.8,15.99,10.11,26.1,-26.1,DEFICIT,4.69,3.47,3.99,2.25
2024-06-02 23:00,6,23,6,weekend,0,0,80.5,20.7,4.1,12.09,0,12.09,-12.09,DEFICIT,4.38,3.31,3.72,2.25
2024-06-03 00:00,6,0,0,weekday,0,0,68.3,21.4,5.6,6.1,4.95,11.05,-11.05,DEFICIT,4.39,3.32,3.73,2.25
2024-06-03 01:00,6,1,0,weekday,0,0,77.4,20.3,4.9,5.19,4.49,9.69,-9.69,DEFICIT,4.08,3.17,3.47,2.25
2024-06-03 02:00,6,2,0,weekday,0,0,74.8,17.1,3.7,5.48,0.0,5.48,-5.48,DEFICIT,4.71,3.48,4.01,2.25
2024-06-03 03:00,6,3,0,weekday,0,0,69.6,18.4,4.9,5,0.0,5.0,-5.0,BALANCED,4.13,3.19,3.51,2.25
2024-06-03 04:00,6,4,0,weekday,0,0,66.9,19.7,5.4,5,3.57,8.57,-8.57,DEFICIT,5.11,3.68,4.35,2.25
2024-06-03 05:00,6,5,0,weekday,0,0,73.5,18.7,4.3,5.87,0.0,5.87,-5.87,DEFICIT,4.51,3.38,3.84,2.25
2024-06-03 06:00,6,6,0,weekday,21.8,2.21,57.5,19.9,4.6,15.41,0,15.41,-13.2,DEFICIT,6.27,4.26,5.33,2.25
2024-06-03 07:00,6,7,0,weekday,93.1,9.44,59.1,20.9,5.6,21.99,12.1,34.09,-24.65,DEFICIT,5.58,3.91,4.74,2.25
2024-06-03 08:00,6,8,0,weekday,191.1,19.38,68.0,23.2,4.9,22.14,8.34,30.48,-11.11,DEFICIT,5.6,3.93,4.76,2.25
2024-06-03 09:00,6,9,0,weekday,300.6,30.09,56.8,28.2,5.1,11.03,13.22,24.25,5.84,SURPLUS,6.25,4.25,5.31,2.25
2024-06-03 10:00,6,10,0,weekday,402.7,40.31,55.0,28.2,4.9,9.84,0,9.84,30.47,SURPLUS,3.22,2.74,2.74,2.25
2024-06-03 11:00,6,11,0,weekday,479.0,48.29,60.5,26.5,5.4,10.32,0,10.32,37.97,SURPLUS,3.48,2.86,2.96,2.25
2024-06-03 12:00,6,12,0,weekday,618.0,62.27,49.0,26.6,6.9,12.21,0,12.21,50.06,SURPLUS,3.83,3.04,3.26,2.25
2024-06-03 13:00,6,13,0,weekday,433.9,43.6,57.5,27.2,5.6,11.32,0,11.32,32.28,SURPLUS,3.37,2.81,2.86,2.25
2024-06-03 14:00,6,14,0,weekday,398.6,39.84,67.0,28.6,7.4,9.62,0,9.62,30.21,SURPLUS,3.75,3.0,3.19,2.25
2024-06-03 15:00,6,15,0,weekday,354.9,35.55,68.2,28.0,3.7,11.69,0,11.69,23.86,SURPLUS,3.29,2.77,2.8,2.25
2024-06-03 16:00,6,16,0,weekday,224.8,22.7,66.9,26.0,7.3,12.92,0,12.92,9.78,SURPLUS,6.77,4.51,5.75,2.25
2024-06-03 17:00,6,17,0,weekday,101.8,10.32,48.0,25.1,5.3,15.35,0,15.35,-5.03,DEFICIT,7.05,4.65,5.99,2.25
2024-06-03 18:00,6,18,0,weekday,27.4,2.78,49.3,24.9,4.3,26.04,11.18,37.22,-34.44,DEFICIT,6.73,4.49,5.72,2.25
2024-06-03 19:00,6,19,0,weekday,0,0,65.6,23.6,3.6,28.62,8.66,37.27,-37.27,DEFICIT,6.78,4.51,5.76,2.25
2024-06-03 20:00,6,20,0,weekday,0,0,75.8,23.6,4.8,26.3,20.22,46.52,-46.52,DEFICIT,6.62,4.44,5.63,2.25
2024-06-03 21:00,6,21,0,weekday,0,0,52.4,20.6,5.6,20.71,0.0,20.71,-20.71,DEFICIT,6.84,4.55,5.82,2.25
2024-06-03 22:00,6,22,0,weekday,0,0,72.3,23.3,5.7,14.68,20.54,35.23,-35.23,DEFICIT,4.59,3.42,3.9,2.25
2024-06-03 23:00,6,23,0,weekday,0,0,75.5,23.5,5.3,9.99,0,9.99,-9.99,DEFICIT,4.23,3.24,3.59,2.25
2024-06-04 00:00,6,0,1,weekday,0,0,74.5,22.3,5.2,7.55,2.46,10.01,-10.01,DEFICIT,4.88,3.56,4.15,2.25
2024-06-04 01:00,6,1,1,weekday,0,0,70.2,22.7,4.0,5,0.0,5.0,-5.0,BALANCED,4.29,3.27,3.64,2.25
2024-06-04 02:00,6,2,1,weekday,0,0,73.8,20.1,5.1,5.84,3.55,9.39,-9.39,DEFICIT,4.27,3.26,3.63,2.25
2024-06-04 03:00,6,3,1,weekday,0,0,68.7,22.2,4.4,5,0.0,5.0,-5.0,BALANCED,4.6,3.43,3.91,2.25
2024-06-04 04:00,6,4,1,weekday,0,0,75.4,19.0,4.7,5,5.25,10.25,-10.25,DEFICIT,4.73,3.49,4.02,2.25
2024-06-04 05:00,6,5,1,weekday,0,0,73.3,22.0,4.5,5.69,0.0,5.69,-5.69,DEFICIT,4.98,3.61,4.23,2.25
2024-06-04 06:00,6,6,1,weekday,26.6,2.69,72.6,19.9,5.5,17.14,0,17.14,-14.45,DEFICIT,5.51,3.88,4.68,2.25
2024-06-04 07:00,6,7,1,weekday,115.7,11.73,66.4,22.2,4.2,20.67,0.0,20.67,-8.94,DEFICIT,6.17,4.21,5.25,2.25
2024-06-04 08:00,6,8,1,weekday,209.5,21.24,74.3,22.5,3.1,16.8,0.0,16.8,4.44,BALANCED,5.56,3.91,4.73,2.25
2024-06-04 09:00,6,9,1,weekday,355.7,36.04,74.3,25.2,5.4,10.27,7.4,17.67,18.37,SURPLUS,5.93,4.09,5.04,2.25
2024-06-04 10:00,6,10,1,weekday,433.7,43.45,60.4,28.0,4.5,6.91,0,6.91,36.54,SURPLUS,3.91,3.08,3.32,2.25
2024-06-04 11:00,6,11,1,weekday,512.9,51.61,76.8,26.9,4.7,11.61,0,11.61,40.0,SURPLUS,3.98,3.12,3.39,2.25
2024-06-04 12:00,6,12,1,weekday,558.5,55.81,67.1,28.6,5.0,10.79,0,10.79,45.03,SURPLUS,3.24,2.74,2.75,2.25
2024-06-04 13:00,6,13,1,weekday,552.2,54.57,66.8,31.4,6.6,9.41,0,9.41,45.16,SURPLUS,3.89,3.07,3.3,2.25
2024-06-04 14:00,6,14,1,weekday,468.4,46.87,77.3,28.3,5.9,10.46,0,10.46,36.41,SURPLUS,4.21,3.23,3.58,2.25
2024-06-04 15:00,6,15,1,weekday,389.4,38.78,72.2,29.5,5.1,12.26,0,12.26,26.52,SURPLUS,3.42,2.84,2.91,2.25
2024-06-04 16:00,6,16,1,weekday,282.6,28.23,66.9,28.8,6.1,13.03,0,13.03,15.2,SURPLUS,6.78,4.52,5.77,2.25
2024-06-04 17:00,6,17,1,weekday,124.9,12.62,70.2,25.9,4.4,13.68,0,13.68,-1.06,BALANCED,6.33,4.29,5.38,2.25
2024-06-04 18:00,6,18,1,weekday,24.9,2.53,75.0,23.3,4.4,28.34,16.02,44.36,-41.83,DEFICIT,6.77,4.51,5.76,2.25
2024-06-04 19:00,6,19,1,weekday,0,0,77.0,21.7,6.2,25.97,0.0,25.97,-25.97,DEFICIT,7.36,4.8,6.25,2.25
2024-06-04 20:00,6,20,1,weekday,0,0,70.8,23.0,4.4,25.06,14.75,39.82,-39.82,DEFICIT,7.04,4.65,5.99,2.25
2024-06-04 21:00,6,21,1,weekday,0,0,85.5,22.9,5.3,20.0,21.69,41.69,-41.69,DEFICIT,6.66,4.46,5.66,2.25
2024-06-04 22:00,6,22,1,weekday,0,0,69.3,24.2,5.6,14.2,0.0,14.2,-14.2,DEFICIT,5.0,3.62,4.25,2.25
2024-06-04 23:00,6,23,1,weekday,0,0,83.4,19.6,3.8,9.66,0,9.66,-9.66,DEFICIT,4.37,3.31,3.71,2.25
2024-06-05 00:00,6,0,2,weekday,0,0,84.1,23.7,5.5,6.44,0.0,6.44,-6.44,DEFICIT,4.68,3.46,3.97,2.25
2024-06-05 01:00,6,1,2,weekday,0,0,84.3,22.9,4.1,6.38,0.0,6.38,-6.38,DEFICIT,4.19,3.22,3.57,2.25
2024-06-05 02:00,6,2,2,weekday,0,0,80.6,21.4,2.8,5.5,3.84,9.34,-9.34,DEFICIT,4.54,3.39,3.86,2.25
2024-06-05 03:00,6,3,2,weekday,0,0,65.0,20.2,4.8,5,0.0,5.0,-5.0,BALANCED,4.63,3.44,3.94,2.25
2024-06-05 04:00,6,4,2,weekday,0,0,87.4,17.3,4.4,5,2.27,7.27,-7.27,DEFICIT,4.52,3.39,3.85,2.25
2024-06-05 05:00,6,5,2,weekday,0,0,81.3,19.8,5.9,5.98,5.3,11.27,-11.27,DEFICIT,4.47,3.36,3.8,2.25
2024-06-05 06:00,6,6,2,weekday,30.6,3.1,70.2,19.7,5.1,13.89,0,13.89,-10.79,DEFICIT,5.96,4.1,5.06,2.25
2024-06-05 07:00,6,7,2,weekday,100.9,10.23,75.4,21.3,5.3,24.68,0.0,24.68,-14.45,DEFICIT,6.42,4.34,5.46,2.25
2024-06-05 08:00,6,8,2,weekday,215.6,21.86,68.4,23.6,6.4,15.59,6.85,22.44,-0.58,BALANCED,5.62,3.93,4.78,2.25
2024-06-05 09:00,6,9,2,weekday,345.5,34.66,72.5,27.6,5.1,10.7,18.66,29.36,5.3,SURPLUS,6.16,4.2,5.23,2.25
2024-06-05 10:00,6,10,2,weekday,383.8,38.81,89.8,25.7,3.0,11.71,0,11.71,27.1,SURPLUS,3.89,3.07,3.3,2.25
2024-06-05 11:00,6,11,2,weekday,521.7,52.69,67.0,26.0,5.6,10.64,0,10.64,42.05,SURPLUS,3.75,3.0,3.19,2.25
2024-06-05 12:00,6,12,2,weekday,516.3,52.35,78.1,24.5,5.7,11.79,0,11.79,40.57,SURPLUS,4.02,3.13,3.41,2.25
2024-06-05 13:00,6,13,2,weekday,518.8,51.69,62.8,29.4,6.5,11.89,0,11.89,39.8,SURPLUS,3.44,2.85,2.93,2.25
2024-06-05 14:00,6,14,2,weekday,469.5,47.31,69.1,26.6,5.0,10.77,0,10.77,36.54,SURPLUS,4.62,3.43,3.92,2.25
2024-06-05 15:00,6,15,2,weekday,361.5,36.26,65.9,27.7,6.1,12.45,0,12.45,23.82,SURPLUS,4.21,3.23,3.58,2.25
2024-06-05 16:00,6,16,2,weekday,266.0,26.64,67.1,28.1,4.1,11.46,0,11.46,15.19,SURPLUS,7.34,4.79,6.24,2.25
2024-06-05 17:00,6,17,2,weekday,124.5,12.48,62.5,27.8,5.4,17.3,0,17.3,-4.82,BALANCED,6.92,4.58,5.88,2.25
2024-06-05 18:00,6,18,2,weekday,26.9,2.73,52.7,25.1,5.7,25.93,0.0,25.93,-23.21,DEFICIT,7.07,4.66,6.01,2.25
2024-06-05 19:00,6,19,2,weekday,0,0,77.8,24.1,3.5,30.87,19.03,49.9,-49.9,DEFICIT,6.51,4.38,5.54,2.25
2024-06-05 20:00,6,20,2,weekday,0,0,69.7,19.6,4.2,24.9,0.0,24.9,-24.9,DEFICIT,6.98,4.61,5.93,2.25
2024-06-05 21:00,6,21,2,weekday,0,0,82.6,20.2,4.6,17.69,20.71,38.4,-38.4,DEFICIT,6.94,4.6,5.9,2.25
2024-06-05 22:00,6,22,2,weekday,0,0,74.8,23.5,4.9,14.83,19.02,33.84,-33.84,DEFICIT,4.84,3.55,4.11,2.25
2024-06-05 23:00,6,23,2,weekday,0,0,62.5,23.2,4.9,10.0,0,10.0,-10.0,DEFICIT,4.86,3.55,4.13,2.25
2024-06-06 00:00,6,0,3,weekday,0,0,28.4,20.7,4.6,7.5,0.0,7.5,-7.5,DEFICIT,4.27,3.26,3.63,2.25
2024-06-06 01:00,6,1,3,weekday,0,0,53.8,21.8,5.7,5.48,0.0,5.48,-5.48,DEFICIT,4.85,3.55,4.13,2.25
2024-06-06 02:00,6,2,3,weekday,0,0,38.3,22.7,3.1,5.18,0.0,5.18,-5.18,DEFICIT,4.35,3.3,3.7,2.25
2024-06-06 03:00,6,3,3,weekday,0,0,43.5,19.2,5.6,5,3.97,8.97,-8.97,DEFICIT,4.29,3.27,3.64,2.25
2024-06-06 04:00,6,4,3,weekday,0,0,26.5,22.7,5.6,5,3.07,8.07,-8.07,DEFICIT,4.23,3.24,3.59,2.25
2024-06-06 05:00,6,5,3,weekday,0,0,36.5,19.8,6.1,5.59,5.01,10.59,-10.59,DEFICIT,4.33,3.29,3.68,2.25
2024-06-06 06:00,6,6,3,weekday,15.6,1.58,49.3,20.8,5.6,16.67,0,16.67,-15.08,DEFICIT,6.16,4.21,5.24,2.25
2024-06-06 07:00,6,7,3,weekday,51.7,5.24,27.6,21.5,5.3,23.67,10.83,34.49,-29.25,DEFICIT,5.6,3.92,4.76,2.25
2024-06-06 08:00,6,8,3,weekday,94.1,9.53,44.4,25.5,4.6,15.85,17.13,32.98,-23.45,DEFICIT,5.97,4.11,5.08,2.25
2024-06-06 09:00,6,9,3,weekday,178.8,18.13,42.7,22.6,5.4,10.07,13.14,23.2,-5.07,DEFICIT,5.68,3.96,4.83,2.25
2024-06-06 10:00,6,10,3,weekday,254.9,25.84,45.9,23.8,5.5,10.46,0,10.46,15.38,SURPLUS,3.64,2.94,3.09,2.25
2024-06-06 11:00,6,11,3,weekday,269.8,27.01,43.3,28.2,4.0,9.85,0,9.85,17.16,SURPLUS,3.83,3.04,3.26,2.25
2024-06-06 12:00,6,12,3,weekday,308.6,30.83,28.4,28.7,6.2,13.29,0,13.29,17.54,SURPLUS,3.84,3.05,3.27,2.25
2024-06-06 13:00,6,13,3,weekday,286.8,28.43,47.0,30.5,6.0,10.51,0,10.51,17.92,SURPLUS,3.77,3.01,3.2,2.25
2024-06-06 14:00,6,14,3,weekday,227.6,22.75,34.3,28.5,6.2,9.78,0,9.78,12.97,SURPLUS,3.3,2.77,2.8,2.25
2024-06-06 15:00,6,15,3,weekday,197.3,19.7,32.7,28.8,5.9,9.44,0,9.44,10.26,SURPLUS,3.49,2.87,2.97,2.25
2024-06-06 16:00,6,16,3,weekday,140.9,14.03,41.5,29.5,5.9,11.54,0,11.54,2.49,BALANCED,6.54,4.4,5.56,2.25
2024-06-06 17:00,6,17,3,weekday,55.4,5.56,22.7,27.5,5.4,16.97,0,16.97,-11.41,DEFICIT,6.85,4.55,5.83,2.25
2024-06-06 18:00,6,18,3,weekday,14.7,1.49,38.8,25.0,5.2,22.53,7.91,30.44,-28.95,DEFICIT,6.83,4.54,5.8,2.25
2024-06-06 19:00,6,19,3,weekday,0,0,33.9,26.7,4.7,28.68,14.59,43.27,-43.27,DEFICIT,6.66,4.45,5.66,2.25
2024-06-06 20:00,6,20,3,weekday,0,0,58.2,22.6,4.2,28.67,11.45,40.12,-40.12,DEFICIT,7.07,4.66,6.01,2.25
2024-06-06 21:00,6,21,3,weekday,0,0,40.4,21.4,6.1,22.93,8.23,31.16,-31.16,DEFICIT,6.77,4.51,5.76,2.25
2024-06-06 22:00,6,22,3,weekday,0,0,44.0,23.3,5.3,17.5,17.86,35.36,-35.36,DEFICIT,4.87,3.56,4.14,2.25
2024-06-06 23:00,6,23,3,weekday,0,0,47.5,22.3,5.6,11.07,0,11.07,-11.07,DEFICIT,4.46,3.36,3.79,2.25
2024-06-07 00:00,6,0,4,weekday,0,0,79.3,17.6,5.6,7.14,0.0,7.14,-7.14,DEFICIT,4.32,3.28,3.67,2.25
2024-06-07 01:00,6,1,4,weekday,0,0,67.3,24.3,4.5,5,0.0,5.0,-5.0,BALANCED,4.79,3.52,4.07,2.25
2024-06-07 02:00,6,2,4,weekday,0,0,58.3,18.3,5.3,5,0.0,5.0,-5.0,BALANCED,4.46,3.36,3.79,2.25
2024-06-07 03:00,6,3,4,weekday,0,0,76.7,18.6,4.2,5,3.11,8.11,-8.11,DEFICIT,4.24,3.25,3.61,2.25
2024-06-07 04:00,6,4,4,weekday,0,0,62.3,20.3,3.8,5,0.0,5.0,-5.0,BALANCED,4.01,3.13,3.41,2.25
2024-06-07 05:00,6,5,4,weekday,0,0,66.3,21.3,5.8,5.44,0.0,5.44,-5.44,DEFICIT,4.42,3.34,3.76,2.25
2024-06-07 06:00,6,6,4,weekday,28.0,2.83,61.8,18.4,4.4,18.46,0,18.46,-15.63,DEFICIT,5.66,3.95,4.81,2.25
2024-06-07 07:00,6,7,4,weekday,95.6,9.7,70.8,22.2,5.8,20.05,0.0,20.05,-10.35,DEFICIT,5.7,3.97,4.84,2.25
2024-06-07 08:00,6,8,4,weekday,197.0,19.97,60.1,23.8,4.2,16.63,13.29,29.92,-9.95,DEFICIT,5.61,3.93,4.77,2.25
2024-06-07 09:00,6,9,4,weekday,332.8,33.56,61.7,26.4,4.4,12.23,8.29,20.52,13.04,SURPLUS,5.69,3.97,4.84,2.25
2024-06-07 10:00,6,10,4,weekday,379.9,38.52,88.8,24.5,4.0,10.52,0,10.52,28.0,SURPLUS,3.53,2.89,3.0,2.25
2024-06-07 11:00,6,11,4,weekday,505.2,51.16,72.7,25.4,6.0,9.55,0,9.55,41.6,SURPLUS,3.91,3.08,3.33,2.25
2024-06-07 12:00,6,12,4,weekday,517.2,52.33,56.1,25.6,3.4,11.71,0,11.71,40.61,SURPLUS,3.71,2.98,3.16,2.25
2024-06-07 13:00,6,13,4,weekday,487.1,48.55,70.8,29.3,4.9,10.23,0,10.23,38.32,SURPLUS,4.24,3.25,3.61,2.25
2024-06-07 14:00,6,14,4,weekday,446.9,44.07,79.7,31.8,5.1,9.17,0,9.17,34.9,SURPLUS,4.12,3.19,3.5,2.25
2024-06-07 15:00,6,15,4,weekday,318.1,31.92,63.1,27.6,4.8,9.18,0,9.18,22.74,SURPLUS,3.55,2.9,3.02,2.25
2024-06-07 16:00,6,16,4,weekday,220.8,22.24,67.7,26.6,6.8,12.4,0,12.4,9.84,SURPLUS,6.5,4.37,5.52,2.25
2024-06-07 17:00,6,17,4,weekday,120.4,12.08,71.7,27.6,4.0,14.98,0,14.98,-2.9,BALANCED,6.67,4.46,5.67,2.25
2024-06-07 18:00,6,18,4,weekday,27.4,2.78,63.8,22.0,4.4,25.6,12.67,38.27,-35.49,DEFICIT,7.04,4.64,5.98,2.25
2024-06-07 19:00,6,19,4,weekday,0,0,81.2,22.6,4.6,33.63,16.35,49.98,-49.98,DEFICIT,6.86,4.55,5.83,2.25
2024-06-07 20:00,6,20,4,weekday,0,0,65.2,20.7,4.2,28.16,15.43,43.58,-43.58,DEFICIT,7.16,4.7,6.09,2.25
2024-06-07 21:00,6,21,4,weekday,0,0,56.7,25.2,4.5,19.4,7.76,27.15,-27.15,DEFICIT,6.69,4.47,5.69,2.25
2024-06-07 22:00,6,22,4,weekday,0,0,87.1,22.2,3.7,11.31,15.88,27.19,-27.19,DEFICIT,4.4,3.32,3.74,2.25
2024-06-07 23:00,6,23,4,weekday,0,0,73.8,23.1,6.3,11.14,0,11.14,-11.14,DEFICIT,4.49,3.37,3.82,2.25
2024-06-08 00:00,6,0,5,weekend,0,0,85.7,19.9,4.6,6.75,0.0,6.75,-6.75,DEFICIT,4.54,3.39,3.86,2.25
2024-06-08 01:00,6,1,5,weekend,0,0,79.1,21.5,4.5,7.15,0.0,7.15,-7.15,DEFICIT,4.65,3.45,3.95,2.25
2024-06-08 02:00,6,2,5,weekend,0,0,64.4,23.5,5.8,6.58,0.0,6.58,-6.58,DEFICIT,4.58,3.41,3.89,2.25
2024-06-08 03:00,6,3,5,weekend,0,0,74.9,19.3,3.7,5.12,0.0,5.12,-5.12,DEFICIT,4.64,3.44,3.94,2.25
2024-06-08 04:00,6,4,5,weekend,0,0,73.9,19.5,2.9,5,4.11,9.11,-9.11,DEFICIT,4.63,3.44,3.94,2.25
2024-06-08 05:00,6,5,5,weekend,0,0,74.5,17.9,3.2,5.69,3.2,8.89,-8.89,DEFICIT,5.03,3.64,4.28,2.25
2024-06-08 06:00,6,6,5,weekend,30.1,3.05,78.2,21.9,3.8,20.64,0,20.64,-17.59,DEFICIT,5.83,4.04,4.96,2.25
2024-06-08 07:00,6,7,5,weekend,108.4,10.99,56.9,22.5,3.7,26.01,10.99,37.0,-26.01,DEFICIT,5.89,4.07,5.0,2.25
2024-06-08 08:00,6,8,5,weekend,189.3,19.19,83.6,23.7,5.2,16.84,7.3,24.14,-4.95,BALANCED,5.95,4.1,5.05,2.25
2024-06-08 09:00,6,9,5,weekend,322.0,32.65,66.0,24.0,5.2,9.81,0.0,9.81,22.84,SURPLUS,6.01,4.13,5.11,2.25
2024-06-08 10:00,6,10,5,weekend,375.1,37.95,65.1,25.6,5.2,13.01,0,13.01,24.94,SURPLUS,4.02,3.13,3.42,2.25
2024-06-08 11:00,6,11,5,weekend,484.9,49.02,67.5,25.7,4.2,10.74,0,10.74,38.28,SURPLUS,4.2,3.23,3.57,2.25
2024-06-08 12:00,6,12,5,weekend,467.3,46.99,78.8,27.1,5.6,11.85,0,11.85,35.14,SURPLUS,3.87,3.06,3.29,2.25
2024-06-08 13:00,6,13,5,weekend,433.9,43.19,65.3,29.6,6.4,12.35,0,12.35,30.83,SURPLUS,3.89,3.07,3.31,2.25
2024-06-08 14:00,6,14,5,weekend,352.5,35.33,56.9,27.9,7.0,10.67,0,10.67,24.67,SURPLUS,3.84,3.04,3.26,2.25
2024-06-08 15:00,6,15,5,weekend,382.4,38.54,56.0,26.5,5.2,12.27,0,12.27,26.27,SURPLUS,3.96,3.11,3.37,2.25
2024-06-08 16:00,6,16,5,weekend,225.1,22.47,66.0,28.9,7.1,14.15,0,14.15,8.32,SURPLUS,6.84,4.54,5.81,2.25
2024-06-08 17:00,6,17,5,weekend,135.9,13.62,49.2,27.8,4.4,16.38,0,16.38,-2.76,BALANCED,7.02,4.64,5.97,2.25
2024-06-08 18:00,6,18,5,weekend,29.4,2.98,59.3,25.1,5.1,27.57,9.2,36.76,-33.79,DEFICIT,7.32,4.78,6.22,2.25
2024-06-08 19:00,6,19,5,weekend,0,0,77.0,23.3,5.3,31.41,9.93,41.34,-41.34,DEFICIT,6.58,4.41,5.59,2.25
2024-06-08 20:00,6,20,5,weekend,0,0,75.8,23.6,3.7,30.0,10.14,40.13,-40.13,DEFICIT,7.02,4.64,5.97,2.25
2024-06-08 21:00,6,21,5,weekend,0,0,63.3,19.7,5.6,20.62,15.15,35.78,-35.78,DEFICIT,7.5,4.88,6.38,2.25
2024-06-08 22:00,6,22,5,weekend,0,0,77.9,21.3,3.8,18.67,14.15,32.82,-32.82,DEFICIT,4.82,3.54,4.1,2.25
2024-06-08 23:00,6,23,5,weekend,0,0,77.5,22.3,3.6,10.56,0,10.56,-10.56,DEFICIT,4.06,3.15,3.45,2.25
2024-06-09 00:00,6,0,6,weekend,0,0,67.9,20.4,5.4,8.09,2.61,10.7,-10.7,DEFICIT,4.5,3.37,3.82,2.25
2024-06-09 01:00,6,1,6,weekend,0,0,88.7,21.3,4.6,6.36,0.0,6.36,-6.36,DEFICIT,4.8,3.53,4.08,2.25
2024-06-09 02:00,6,2,6,weekend,0,0,73.2,19.5,5.1,6.03,5.39,11.41,-11.41,DEFICIT,4.26,3.26,3.62,2.25
2024-06-09 03:00,6,3,6,weekend,0,0,86.2,19.4,5.8,5.98,4.42,10.4,-10.4,DEFICIT,4.51,3.38,3.83,2.25
2024-06-09 04:00,6,4,6,weekend,0,0,74.0,20.4,5.1,5.21,0.0,5.21,-5.21,DEFICIT,4.61,3.43,3.92,2.25
2024-06-09 05:00,6,5,6,weekend,0,0,73.7,19.7,5.7,6.61,5.32,11.93,-11.93,DEFICIT,4.16,3.21,3.54,2.25
2024-06-09 06:00,6,6,6,weekend,28.0,2.84,66.4,20.5,3.8,19.42,0,19.42,-16.58,DEFICIT,5.07,3.66,4.31,2.25
2024-06-09 07:00,6,7,6,weekend,107.3,10.88,76.5,22.1,5.5,27.41,0.0,27.41,-16.53,DEFICIT,5.54,3.9,4.71,2.25
2024-06-09 08:00,6,8,6,weekend,188.0,19.06,70.9,24.9,5.7,19.2,0.0,19.2,-0.15,BALANCED,5.44,3.85,4.63,2.25
2024-06-09 09:00,6,9,6,weekend,314.5,31.89,63.2,23.0,5.4,14.0,0.0,14.0,17.9,SURPLUS,6.14,4.19,5.22,2.25
2024-06-09 10:00,6,10,6,weekend,395.4,40.09,71.9,25.0,4.4,12.58,0,12.58,27.51,SURPLUS,3.55,2.9,3.02,2.25
2024-06-09 11:00,6,11,6,weekend,476.1,47.58,74.5,28.6,4.2,12.15,0,12.15,35.43,SURPLUS,4.22,3.23,3.58,2.25
2024-06-09 12:00,6,12,6,weekend,509.2,51.06,66.5,27.8,5.9,12.23,0,12.23,38.83,SURPLUS,3.82,3.04,3.25,2.25
2024-06-09 13:00,6,13,6,weekend,512.2,51.66,62.6,26.3,5.6,12.56,0,12.56,39.1,SURPLUS,3.72,2.98,3.16,2.25
2024-06-09 14:00,6,14,6,weekend,482.2,48.19,64.2,28.6,6.8,11.25,0,11.25,36.94,SURPLUS,4.16,3.2,3.54,2.25
2024-06-09 15:00,6,15,6,weekend,369.4,36.95,59.8,28.4,5.2,12.18,0,12.18,24.77,SURPLUS,3.97,3.11,3.37,2.25
2024-06-09 16:00,6,16,6,weekend,247.1,25.05,80.1,24.6,5.2,15.07,0,15.07,9.98,SURPLUS,7.46,4.85,6.34,2.25
2024-06-09 17:00,6,17,6,weekend,115.7,11.61,70.0,27.5,5.9,17.95,0,17.95,-6.34,DEFICIT,6.85,4.55,5.83,2.25
2024-06-09 18:00,6,18,6,weekend,25.5,2.58,80.1,26.3,5.0,29.12,0.0,29.12,-26.54,DEFICIT,6.51,4.38,5.54,2.25
2024-06-09 19:00,6,19,6,weekend,0,0,74.1,23.9,4.9,38.01,6.59,44.61,-44.61,DEFICIT,6.28,4.27,5.34,2.25
2024-06-09 20:00,6,20,6,weekend,0,0,73.9,24.9,4.9,24.14,9.25,33.4,-33.4,DEFICIT,6.71,4.48,5.7,2.25
2024-06-09 21:00,6,21,6,weekend,0,0,67.0,22.1,5.3,24.65,0.0,24.65,-24.65,DEFICIT,6.62,4.44,5.63,2.25
2024-06-09 22:00,6,22,6,weekend,0,0,79.5,21.4,3.6,15.23,12.34,27.58,-27.58,DEFICIT,4.85,3.55,4.12,2.25
2024-06-09 23:00,6,23,6,weekend,0,0,68.5,19.8,6.4,11.62,0,11.62,-11.62,DEFICIT,4.33,3.29,3.68,2.25
2024-06-10 00:00,6,0,0,weekday,0,0,58.1,20.7,4.5,8.08,4.08,12.16,-12.16,DEFICIT,4.38,3.32,3.72,2.25
2024-06-10 01:00,6,1,0,weekday,0,0,65.4,21.6,5.4,5,2.45,7.45,-7.45,DEFICIT,4.61,3.43,3.92,2.25
2024-06-10 02:00,6,2,0,weekday,0,0,63.1,19.7,4.8,5.69,5.28,10.96,-10.96,DEFICIT,4.56,3.41,3.88,2.25
2024-06-10 03:00,6,3,0,weekday,0,0,60.8,20.5,6.0,5,2.12,7.12,-7.12,DEFICIT,4.75,3.5,4.04,2.25
2024-06-10 04:00,6,4,0,weekday,0,0,59.4,20.1,4.7,5,2.83,7.83,-7.83,DEFICIT,4.21,3.23,3.58,2.25
2024-06-10 05:00,6,5,0,weekday,0,0,68.2,17.7,5.6,6.23,3.7,9.93,-9.93,DEFICIT,4.71,3.48,4.01,2.25
2024-06-10 06:00,6,6,0,weekday,22.5,2.28,62.0,21.9,4.9,17.17,0,17.17,-14.88,DEFICIT,6.35,4.3,5.4,2.25
2024-06-10 07:00,6,7,0,weekday,82.8,8.4,53.1,24.4,3.7,22.38,0.0,22.38,-13.98,DEFICIT,5.58,3.92,4.74,2.25
2024-06-10 08:00,6,8,0,weekday,170.1,17.25,64.8,23.6,5.3,19.26,18.13,37.38,-20.13,DEFICIT,5.74,4.0,4.88,2.25
2024-06-10 09:00,6,9,0,weekday,254.9,25.47,47.1,28.7,5.3,10.94,4.2,15.13,10.34,SURPLUS,6.18,4.21,5.25,2.25
2024-06-10 10:00,6,10,0,weekday,375.3,37.54,49.5,28.4,3.7,9.24,0,9.24,28.3,SURPLUS,4.28,3.26,3.64,2.25
2024-06-10 11:00,6,11,0,weekday,436.5,43.88,63.0,27.2,5.4,10.55,0,10.55,33.33,SURPLUS,4.07,3.16,3.46,2.25
2024-06-10 12:00,6,12,0,weekday,485.3,48.7,68.0,27.6,4.2,12.04,0,12.04,36.67,SURPLUS,3.19,2.72,2.71,2.25
2024-06-10 13:00,6,13,0,weekday,413.5,41.18,47.5,29.5,5.4,12.09,0,12.09,29.09,SURPLUS,3.87,3.06,3.29,2.25
2024-06-10 14:00,6,14,0,weekday,381.5,37.52,65.3,32.5,4.9,9.58,0,9.58,27.93,SURPLUS,4.01,3.13,3.41,2.25
2024-06-10 15:00,6,15,0,weekday,296.5,29.73,52.5,27.9,5.5,11.43,0,11.43,18.3,SURPLUS,3.5,2.87,2.97,2.25
2024-06-10 16:00,6,16,0,weekday,208.8,20.87,69.6,28.6,6.0,14.4,0,14.4,6.46,SURPLUS,6.7,4.47,5.69,2.25
2024-06-10 17:00,6,17,0,weekday,131.1,13.16,59.9,27.5,5.8,17.36,0,17.36,-4.2,BALANCED,7.08,4.67,6.02,2.25
2024-06-10 18:00,6,18,0,weekday,23.5,2.37,48.8,26.6,5.7,24.58,10.57,35.16,-32.78,DEFICIT,7.26,4.75,6.17,2.25
2024-06-10 19:00,6,19,0,weekday,0,0,60.3,23.3,5.1,30.69,11.37,42.06,-42.06,DEFICIT,7.03,4.64,5.97,2.25
2024-06-10 20:00,6,20,0,weekday,0,0,56.4,23.2,4.0,26.87,16.15,43.02,-43.02,DEFICIT,6.81,4.53,5.79,2.25
2024-06-10 21:00,6,21,0,weekday,0,0,51.3,21.5,4.2,20.97,17.48,38.45,-38.45,DEFICIT,6.97,4.61,5.92,2.25
2024-06-10 22:00,6,22,0,weekday,0,0,55.0,24.0,5.1,14.1,0.0,14.1,-14.1,DEFICIT,4.3,3.27,3.65,2.25
2024-06-10 23:00,6,23,0,weekday,0,0,62.3,21.9,5.1,9.54,0,9.54,-9.54,DEFICIT,4.39,3.32,3.74,2.25
2024-06-11 00:00,6,0,1,weekday,0,0,57.7,20.7,4.4,7.69,0.0,7.69,-7.69,DEFICIT,4.38,3.31,3.72,2.25
2024-06-11 01:00,6,1,1,weekday,0,0,61.7,19.5,5.2,5.84,0.0,5.84,-5.84,DEFICIT,4.12,3.18,3.5,2.25
2024-06-11 02:00,6,2,1,weekday,0,0,81.0,21.8,3.3,5.81,4.08,9.89,-9.89,DEFICIT,3.86,3.06,3.28,2.25
2024-06-11 03:00,6,3,1,weekday,0,0,72.4,21.8,4.8,5,4.39,9.39,-9.39,DEFICIT,4.62,3.43,3.92,2.25
2024-06-11 04:00,6,4,1,weekday,0,0,79.5,20.8,4.3,5,0.0,5.0,-5.0,BALANCED,4.7,3.47,3.99,2.25
2024-06-11 05:00,6,5,1,weekday,0,0,87.0,19.6,6.1,6.04,2.99,9.03,-9.03,DEFICIT,4.79,3.52,4.07,2.25
2024-06-11 06:00,6,6,1,weekday,25.7,2.6,76.5,20.1,5.4,15.4,0,15.4,-12.8,DEFICIT,6.09,4.17,5.18,2.25
2024-06-11 07:00,6,7,1,weekday,106.1,10.75,53.3,22.1,4.9,19.91,6.0,25.9,-15.15,DEFICIT,5.74,3.99,4.88,2.25
2024-06-11 08:00,6,8,1,weekday,217.8,22.09,60.9,23.9,5.6,16.94,10.77,27.71,-5.63,DEFICIT,5.44,3.85,4.63,2.25
2024-06-11 09:00,6,9,1,weekday,353.7,35.86,69.6,22.1,5.8,11.04,14.98,26.03,9.84,SURPLUS,5.99,4.12,5.09,2.25
2024-06-11 10:00,6,10,1,weekday,433.1,43.7,78.2,26.3,5.1,10.42,0,10.42,33.27,SURPLUS,4.31,3.28,3.66,2.25
2024-06-11 11:00,6,11,1,weekday,447.8,44.48,71.3,30.1,3.9,8.94,0,8.94,35.53,SURPLUS,3.66,2.96,3.11,2.25
2024-06-11 12:00,6,12,1,weekday,590.1,59.33,70.4,27.1,4.7,10.66,0,10.66,48.67,SURPLUS,4.17,3.21,3.55,2.25
2024-06-11 13:00,6,13,1,weekday,579.2,58.47,62.0,26.1,6.8,12.82,0,12.82,45.65,SURPLUS,3.24,2.74,2.75,2.25
2024-06-11 14:00,6,14,1,weekday,452.7,45.23,61.8,28.6,6.2,10.77,0,10.77,34.46,SURPLUS,3.6,2.93,3.06,2.25
2024-06-11 15:00,6,15,1,weekday,380.2,38.11,65.8,27.8,6.8,10.18,0,10.18,27.93,SURPLUS,3.75,3.0,3.18,2.25
2024-06-11 16:00,6,16,1,weekday,256.8,25.68,67.9,28.5,6.3,14.42,0,14.42,11.26,SURPLUS,6.83,4.54,5.8,2.25
2024-06-11 17:00,6,17,1,weekday,121.2,12.26,78.7,25.5,5.2,19.02,0,19.02,-6.76,DEFICIT,6.74,4.49,5.73,2.25
2024-06-11 18:00,6,18,1,weekday,28.3,2.86,65.9,25.8,5.5,27.6,0.0,27.6,-24.74,DEFICIT,7.02,4.63,5.96,2.25
2024-06-11 19:00,6,19,1,weekday,0,0,70.1,23.1,5.3,25.87,9.12,34.99,-34.99,DEFICIT,7.02,4.63,5.97,2.25
2024-06-11 20:00,6,20,1,weekday,0,0,71.8,22.8,5.4,24.13,10.31,34.44,-34.44,DEFICIT,6.59,4.42,5.6,2.25
2024-06-11 21:00,6,21,1,weekday,0,0,75.8,24.7,4.1,17.57,13.78,31.36,-31.36,DEFICIT,7.05,4.65,6.0,2.25
2024-06-11 22:00,6,22,1,weekday,0,0,76.6,22.2,5.3,13.28,16.88,30.16,-30.16,DEFICIT,4.53,3.39,3.85,2.25
2024-06-11 23:00,6,23,1,weekday,0,0,56.1,20.3,4.3,10.11,0,10.11,-10.11,DEFICIT,4.55,3.4,3.86,2.25
2024-06-12 00:00,6,0,2,weekday,0,0,82.2,20.6,4.9,6.99,0.0,6.99,-6.99,DEFICIT,4.31,3.28,3.66,2.25
2024-06-12 01:00,6,1,2,weekday,0,0,84.1,21.3,3.7,7.1,0.0,7.1,-7.1,DEFICIT,4.4,3.33,3.74,2.25
2024-06-12 02:00,6,2,2,weekday,0,0,98.9,20.3,3.8,5,2.12,7.12,-7.12,DEFICIT,4.5,3.37,3.82,2.25
2024-06-12 03:00,6,3,2,weekday,0,0,100,17.9,3.9,5,4.44,9.44,-9.44,DEFICIT,4.66,3.45,3.96,2.25
2024-06-12 04:00,6,4,2,weekday,0,0,100,19.4,5.0,5,2.54,7.54,-7.54,DEFICIT,4.76,3.51,4.05,2.25
2024-06-12 05:00,6,5,2,weekday,0,0,100,19.6,3.4,5.3,4.11,9.42,-9.42,DEFICIT,4.8,3.52,4.08,2.25
2024-06-12 06:00,6,6,2,weekday,32.8,3.33,85.5,19.0,4.5,15.38,0,15.38,-12.05,DEFICIT,5.11,3.68,4.34,2.25
2024-06-12 07:00,6,7,2,weekday,127.0,12.88,80.8,24.8,4.9,20.73,0.0,20.73,-7.85,DEFICIT,5.72,3.99,4.87,2.25
2024-06-12 08:00,6,8,2,weekday,272.3,27.61,77.6,20.3,5.5,16.13,11.26,27.39,0.23,BALANCED,6.42,4.33,5.46,2.25
2024-06-12 09:00,6,9,2,weekday,341.1,34.14,86.3,28.2,4.4,13.48,0.0,13.48,20.66,SURPLUS,5.89,4.07,5.0,2.25
2024-06-12 10:00,6,10,2,weekday,594.6,60.29,84.7,24.5,3.6,9.61,0,9.61,50.68,SURPLUS,3.99,3.12,3.39,2.25
2024-06-12 11:00,6,11,2,weekday,748.1,74.11,84.2,30.8,5.9,9.22,0,9.22,64.89,SURPLUS,3.86,3.06,3.28,2.25
2024-06-12 12:00,6,12,2,weekday,869.3,87.94,96.1,25.6,3.8,11.78,0,11.78,76.17,SURPLUS,3.79,3.02,3.22,2.25
2024-06-12 13:00,6,13,2,weekday,735.7,73.78,100,27.8,5.3,11.68,0,11.68,62.09,SURPLUS,4.09,3.17,3.48,2.25
2024-06-12 14:00,6,14,2,weekday,568.3,56.23,100,31.1,5.0,10.85,0,10.85,45.38,SURPLUS,3.64,2.94,3.09,2.25
2024-06-12 15:00,6,15,2,weekday,511.8,51.24,83.8,28.2,7.3,9.56,0,9.56,41.68,SURPLUS,3.46,2.85,2.94,2.25
2024-06-12 16:00,6,16,2,weekday,291.0,29.39,83.6,26.0,5.8,11.99,0,11.99,17.39,SURPLUS,7.19,4.72,6.11,2.25
2024-06-12 17:00,6,17,2,weekday,153.8,15.53,87.2,26.0,3.2,17.85,0,17.85,-2.32,BALANCED,7.21,4.73,6.13,2.25
2024-06-12 18:00,6,18,2,weekday,35.8,3.63,80.2,24.6,5.1,24.45,16.31,40.76,-37.13,DEFICIT,6.64,4.45,5.65,2.25
2024-06-12 19:00,6,19,2,weekday,0,0,100,24.1,4.2,26.12,6.19,32.31,-32.31,DEFICIT,6.06,4.15,5.15,2.25
2024-06-12 20:00,6,20,2,weekday,0,0,100,22.9,5.6,26.38,5.79,32.17,-32.17,DEFICIT,6.83,4.54,5.81,2.25
2024-06-12 21:00,6,21,2,weekday,0,0,97.7,20.1,6.3,24.47,12.63,37.1,-37.1,DEFICIT,6.69,4.47,5.69,2.25
2024-06-12 22:00,6,22,2,weekday,0,0,100,22.2,5.5,15.4,7.68,23.07,-23.07,DEFICIT,4.7,3.47,3.99,2.25
2024-06-12 23:00,6,23,2,weekday,0,0,100,20.9,4.6,8.45,0,8.45,-8.45,DEFICIT,4.27,3.26,3.63,2.25
2024-06-13 00:00,6,0,3,weekday,0,0,92.6,19.5,4.7,6.78,4.24,11.02,-11.02,DEFICIT,4.36,3.31,3.71,2.25
2024-06-13 01:00,6,1,3,weekday,0,0,96.2,21.7,5.0,5.42,0.0,5.42,-5.42,DEFICIT,4.92,3.59,4.18,2.25
2024-06-13 02:00,6,2,3,weekday,0,0,93.1,19.5,5.5,5,4.89,9.89,-9.89,DEFICIT,4.73,3.49,4.02,2.25
2024-06-13 03:00,6,3,3,weekday,0,0,100,20.7,4.9,5,0.0,5.0,-5.0,BALANCED,4.52,3.39,3.84,2.25
2024-06-13 04:00,6,4,3,weekday,0,0,92.7,18.4,6.0,5,0.0,5.0,-5.0,BALANCED,4.76,3.51,4.05,2.25
2024-06-13 05:00,6,5,3,weekday,0,0,100,20.7,3.7,5.34,0.0,5.34,-5.34,DEFICIT,4.67,3.46,3.97,2.25
2024-06-13 06:00,6,6,3,weekday,33.4,3.38,79.3,21.9,4.5,17.43,0,17.43,-14.05,DEFICIT,5.23,3.74,4.44,2.25
2024-06-13 07:00,6,7,3,weekday,130.3,13.21,81.2,21.6,4.7,20.93,4.66,25.59,-12.38,DEFICIT,5.8,4.03,4.93,2.25
2024-06-13 08:00,6,8,3,weekday,294.2,29.83,88.2,22.7,4.7,16.63,13.42,30.05,-0.22,BALANCED,5.41,3.83,4.6,2.25
2024-06-13 09:00,6,9,3,weekday,465.5,47.01,86.1,26.0,5.5,14.19,15.65,29.84,17.17,SURPLUS,5.7,3.98,4.85,2.25
2024-06-13 10:00,6,10,3,weekday,645.0,65.18,76.0,25.9,5.7,8.71,0,8.71,56.47,SURPLUS,3.73,2.99,3.17,2.25
2024-06-13 11:00,6,11,3,weekday,628.7,63.75,90.4,24.7,4.5,10.62,0,10.62,53.13,SURPLUS,4.06,3.16,3.45,2.25
2024-06-13 12:00,6,12,3,weekday,621.5,62.04,91.2,28.9,6.9,11.64,0,11.64,50.4,SURPLUS,3.76,3.01,3.2,2.25
2024-06-13 13:00,6,13,3,weekday,721.0,71.56,80.8,30.3,8.4,11.9,0,11.9,59.66,SURPLUS,3.68,2.96,3.13,2.25
2024-06-13 14:00,6,14,3,weekday,597.4,59.48,94.0,29.5,5.0,10.16,0,10.16,49.32,SURPLUS,3.55,2.9,3.02,2.25
2024-06-13 15:00,6,15,3,weekday,431.1,42.93,100,29.5,6.2,11.58,0,11.58,31.34,SURPLUS,3.65,2.95,3.1,2.25
2024-06-13 16:00,6,16,3,weekday,341.0,34.18,89.1,27.9,5.8,13.6,0,13.6,20.57,SURPLUS,6.86,4.55,5.83,2.25
2024-06-13 17:00,6,17,3,weekday,159.3,16.08,80.6,26.1,4.2,18.89,0,18.89,-2.81,BALANCED,6.26,4.25,5.32,2.25
2024-06-13 18:00,6,18,3,weekday,35.9,3.62,86.2,26.1,5.1,24.39,6.34,30.72,-27.1,DEFICIT,6.53,4.39,5.55,2.25
2024-06-13 19:00,6,19,3,weekday,0,0,94.5,22.2,5.5,28.31,7.54,35.85,-35.85,DEFICIT,6.91,4.58,5.88,2.25
2024-06-13 20:00,6,20,3,weekday,0,0,99.2,22.6,4.4,28.62,0.0,28.62,-28.62,DEFICIT,6.82,4.53,5.79,2.25
2024-06-13 21:00,6,21,3,weekday,0,0,100,21.9,5.1,25.46,20.94,46.4,-46.4,DEFICIT,6.68,4.47,5.68,2.25
2024-06-13 22:00,6,22,3,weekday,0,0,100,20.6,4.7,13.13,21.25,34.37,-34.37,DEFICIT,4.91,3.58,4.17,2.25
2024-06-13 23:00,6,23,3,weekday,0,0,99.5,21.2,4.5,9.34,0,9.34,-9.34,DEFICIT,3.95,3.1,3.35,2.25
2024-06-14 00:00,6,0,4,weekday,0,0,81.6,22.6,6.1,6.7,0.0,6.7,-6.7,DEFICIT,4.59,3.42,3.9,2.25
2024-06-14 01:00,6,1,4,weekday,0,0,69.0,20.3,4.9,5.46,2.57,8.03,-8.03,DEFICIT,4.77,3.51,4.05,2.25
2024-06-14 02:00,6,2,4,weekday,0,0,76.3,18.2,4.0,5.8,0.0,5.8,-5.8,DEFICIT,4.2,3.23,3.57,2.25
2024-06-14 03:00,6,3,4,weekday,0,0,69.0,22.1,3.0,5,2.25,7.25,-7.25,DEFICIT,4.65,3.45,3.95,2.25
2024-06-14 04:00,6,4,4,weekday,0,0,60.9,20.4,4.5,5,4.18,9.18,-9.18,DEFICIT,4.08,3.17,3.47,2.25
2024-06-14 05:00,6,5,4,weekday,0,0,69.0,18.9,5.0,6.11,2.18,8.3,-8.3,DEFICIT,4.58,3.42,3.89,2.25
2024-06-14 06:00,6,6,4,weekday,25.0,2.53,59.8,20.5,6.5,16.75,0,16.75,-14.22,DEFICIT,5.83,4.04,4.96,2.25
2024-06-14 07:00,6,7,4,weekday,83.3,8.45,63.4,22.4,4.9,22.72,0.0,22.72,-14.27,DEFICIT,5.86,4.06,4.99,2.25
2024-06-14 08:00,6,8,4,weekday,203.8,20.66,60.7,25.0,6.2,19.9,0.0,19.9,0.76,BALANCED,5.33,3.79,4.53,2.25
2024-06-14 09:00,6,9,4,weekday,290.8,29.49,58.5,24.9,5.1,10.5,20.94,31.44,-1.96,BALANCED,6.07,4.16,5.16,2.25
2024-06-14 10:00,6,10,4,weekday,401.9,40.27,64.3,28.0,4.4,10.92,0,10.92,29.35,SURPLUS,3.33,2.79,2.83,2.25
2024-06-14 11:00,6,11,4,weekday,442.4,44.62,65.4,26.3,5.7,10.29,0,10.29,34.33,SURPLUS,3.99,3.12,3.39,2.25
2024-06-14 12:00,6,12,4,weekday,543.5,54.21,50.5,29.1,6.2,11.42,0,11.42,42.78,SURPLUS,3.51,2.88,2.98,2.25
2024-06-14 13:00,6,13,4,weekday,412.5,41.57,65.6,26.5,4.9,11.17,0,11.17,30.4,SURPLUS,3.73,2.99,3.17,2.25
2024-06-14 14:00,6,14,4,weekday,450.1,44.84,74.6,29.4,6.2,7.55,0,7.55,37.29,SURPLUS,3.89,3.07,3.31,2.25
2024-06-14 15:00,6,15,4,weekday,372.2,37.66,50.0,25.6,4.5,10.72,0,10.72,26.94,SURPLUS,3.53,2.89,3.0,2.25
2024-06-14 16:00,6,16,4,weekday,210.0,21.0,65.7,28.4,7.1,12.66,0,12.66,8.34,SURPLUS,6.89,4.57,5.86,2.25
2024-06-14 17:00,6,17,4,weekday,120.5,12.08,65.8,27.8,4.8,17.68,0,17.68,-5.6,DEFICIT,6.46,4.36,5.49,2.25
2024-06-14 18:00,6,18,4,weekday,26.2,2.66,53.4,24.7,5.7,25.7,20.83,46.53,-43.87,DEFICIT,7.02,4.64,5.97,2.25
2024-06-14 19:00,6,19,4,weekday,0,0,61.4,24.6,5.1,26.57,13.28,39.85,-39.85,DEFICIT,6.62,4.44,5.63,2.25
2024-06-14 20:00,6,20,4,weekday,0,0,85.4,21.9,5.0,26.27,13.3,39.57,-39.57,DEFICIT,6.85,4.55,5.82,2.25
2024-06-14 21:00,6,21,4,weekday,0,0,75.4,22.4,4.9,21.03,19.34,40.38,-40.38,DEFICIT,6.56,4.41,5.58,2.25
2024-06-14 22:00,6,22,4,weekday,0,0,81.5,22.6,4.5,12.78,5.6,18.38,-18.38,DEFICIT,4.59,3.42,3.9,2.25
2024-06-14 23:00,6,23,4,weekday,0,0,64.7,22.9,4.0,9.55,0,9.55,-9.55,DEFICIT,4.4,3.33,3.74,2.25
2024-06-15 00:00,6,0,5,weekend,0,0,49.6,21.7,4.4,8.64,4.43,13.06,-13.06,DEFICIT,4.51,3.38,3.83,2.25
2024-06-15 01:00,6,1,5,weekend,0,0,66.9,21.4,5.1,6.06,0.0,6.06,-6.06,DEFICIT,4.75,3.5,4.04,2.25
2024-06-15 02:00,6,2,5,weekend,0,0,70.5,20.0,4.8,5.94,0.0,5.94,-5.94,DEFICIT,4.42,3.33,3.76,2.25
2024-06-15 03:00,6,3,5,weekend,0,0,61.3,17.4,4.9,5.54,0.0,5.54,-5.54,DEFICIT,4.67,3.46,3.97,2.25
2024-06-15 04:00,6,4,5,weekend,0,0,65.2,19.9,6.2,5,0.0,5.0,-5.0,BALANCED,4.86,3.55,4.13,2.25
2024-06-15 05:00,6,5,5,weekend,0,0,57.8,18.4,4.4,7.44,0.0,7.44,-7.44,DEFICIT,3.69,2.97,3.14,2.25
2024-06-15 06:00,6,6,5,weekend,22.8,2.32,63.9,20.2,2.9,16.23,0,16.23,-13.91,DEFICIT,5.02,3.63,4.27,2.25
2024-06-15 07:00,6,7,5,weekend,91.6,9.29,59.6,20.7,3.9,24.54,0.0,24.54,-15.25,DEFICIT,5.27,3.76,4.48,2.25
2024-06-15 08:00,6,8,5,weekend,168.2,17.06,61.5,24.3,4.1,20.33,7.46,27.78,-10.73,DEFICIT,5.91,4.08,5.03,2.25
2024-06-15 09:00,6,9,5,weekend,275.6,27.7,67.9,27.2,4.6,14.44,13.55,28.0,-0.3,BALANCED,6.23,4.24,5.29,2.25
2024-06-15 10:00,6,10,5,weekend,295.2,29.79,58.4,26.2,4.1,12.64,0,12.64,17.14,SURPLUS,4.03,3.14,3.42,2.25
2024-06-15 11:00,6,11,5,weekend,422.4,42.05,48.2,29.6,5.6,13.54,0,13.54,28.51,SURPLUS,3.83,3.04,3.26,2.25
2024-06-15 12:00,6,12,5,weekend,447.8,44.61,58.9,29.4,6.9,13.65,0,13.65,30.96,SURPLUS,3.94,3.1,3.35,2.25
2024-06-15 13:00,6,13,5,weekend,443.2,44.59,51.0,27.0,4.2,11.83,0,11.83,32.75,SURPLUS,3.39,2.82,2.88,2.25
2024-06-15 14:00,6,14,5,weekend,373.9,37.5,51.5,27.7,5.9,12.0,0,12.0,25.49,SURPLUS,3.99,3.12,3.39,2.25
2024-06-15 15:00,6,15,5,weekend,311.6,31.26,64.5,27.7,6.5,10.25,0,10.25,21.01,SURPLUS,3.74,3.0,3.18,2.25
2024-06-15 16:00,6,16,5,weekend,212.1,21.15,66.8,29.2,5.7,16.74,0,16.74,4.41,BALANCED,6.8,4.52,5.78,2.25
2024-06-15 17:00,6,17,5,weekend,109.3,11.08,63.5,24.6,4.8,22.01,0,22.01,-10.92,DEFICIT,6.55,4.4,5.57,2.25
2024-06-15 18:00,6,18,5,weekend,22.9,2.29,60.4,28.5,5.6,23.21,0.0,23.21,-20.92,DEFICIT,6.59,4.42,5.6,2.25
2024-06-15 19:00,6,19,5,weekend,0,0,57.5,25.0,4.6,32.87,9.18,42.05,-42.05,DEFICIT,6.95,4.6,5.91,2.25
2024-06-15 20:00,6,20,5,weekend,0,0,65.3,21.8,5.7,30.21,0.0,30.21,-30.21,DEFICIT,6.35,4.3,5.4,2.25
2024-06-15 21:00,6,21,5,weekend,0,0,68.1,21.5,3.5,24.17,20.32,44.49,-44.49,DEFICIT,6.41,4.33,5.45,2.25
2024-06-15 22:00,6,22,5,weekend,0,0,69.1,20.4,3.4,14.49,15.5,29.99,-29.99,DEFICIT,4.01,3.13,3.41,2.25
2024-06-15 23:00,6,23,5,weekend,0,0,55.8,20.7,6.8,11.64,0,11.64,-11.64,DEFICIT,4.62,3.43,3.93,2.25
2024-06-16 00:00,6,0,6,weekend,0,0,96.1,22.4,4.8,9.27,0.0,9.27,-9.27,DEFICIT,4.04,3.15,3.43,2.25
2024-06-16 01:00,6,1,6,weekend,0,0,97.7,21.8,5.9,7.13,0.0,7.13,-7.13,DEFICIT,4.96,3.6,4.21,2.25
2024-06-16 02:00,6,2,6,weekend,0,0,96.6,22.0,4.2,5.27,2.1,7.38,-7.38,DEFICIT,4.61,3.43,3.92,2.25
2024-06-16 03:00,6,3,6,weekend,0,0,85.8,19.4,5.4,5,2.45,7.45,-7.45,DEFICIT,4.31,3.28,3.66,2.25
2024-06-16 04:00,6,4,6,weekend,0,0,97.0,17.8,4.7,5.08,4.77,9.85,-9.85,DEFICIT,4.72,3.49,4.01,2.25
2024-06-16 05:00,6,5,6,weekend,0,0,100,18.5,5.8,7.4,3.25,10.64,-10.64,DEFICIT,4.9,3.58,4.17,2.25
2024-06-16 06:00,6,6,6,weekend,37.9,3.84,85.9,20.9,4.7,19.44,0,19.44,-15.6,DEFICIT,6.24,4.25,5.31,2.25
2024-06-16 07:00,6,7,6,weekend,118.2,11.98,100,21.8,3.2,22.05,6.66,28.71,-16.73,DEFICIT,6.01,4.13,5.11,2.25
2024-06-16 08:00,6,8,6,weekend,286.1,29.01,98.1,24.3,4.8,12.51,3.99,16.49,12.52,SURPLUS,5.92,4.09,5.03,2.25
2024-06-16 09:00,6,9,6,weekend,412.9,41.87,95.2,25.0,4.4,13.82,18.29,32.11,9.76,SURPLUS,5.59,3.92,4.75,2.25
2024-06-16 10:00,6,10,6,weekend,610.7,61.19,99.1,28.0,5.7,11.93,0,11.93,49.26,SURPLUS,4.01,3.13,3.41,2.25
2024-06-16 11:00,6,11,6,weekend,694.3,69.88,92.5,26.8,5.8,11.79,0,11.79,58.09,SURPLUS,3.58,2.91,3.04,2.25
2024-06-16 12:00,6,12,6,weekend,800.1,80.34,96.4,27.4,5.3,14.4,0,14.4,65.94,SURPLUS,3.61,2.93,3.07,2.25
2024-06-16 13:00,6,13,6,weekend,762.0,75.72,97.7,30.0,6.7,12.16,0,12.16,63.56,SURPLUS,3.3,2.78,2.81,2.25
2024-06-16 14:00,6,14,6,weekend,570.4,57.27,100,27.5,4.8,10.85,0,10.85,46.42,SURPLUS,3.77,3.01,3.2,2.25
2024-06-16 15:00,6,15,6,weekend,530.3,52.97,95.0,28.7,5.2,11.51,0,11.51,41.46,SURPLUS,4.5,3.38,3.83,2.25
2024-06-16 16:00,6,16,6,weekend,397.4,39.66,90.3,29.0,4.2,15.34,0,15.34,24.32,SURPLUS,6.11,4.18,5.19,2.25
2024-06-16 17:00,6,17,6,weekend,180.6,18.19,88.8,26.6,3.8,20.12,0,20.12,-1.93,BALANCED,6.73,4.49,5.72,2.25
2024-06-16 18:00,6,18,6,weekend,40.4,4.07,100,26.4,5.8,28.85,0.0,28.85,-24.78,DEFICIT,6.93,4.59,5.89,2.25
2024-06-16 19:00,6,19,6,weekend,0,0,97.6,24.3,4.0,33.86,0.0,33.86,-33.86,DEFICIT,6.83,4.54,5.8,2.25
2024-06-16 20:00,6,20,6,weekend,0,0,100,24.0,6.6,33.8,14.68,48.47,-48.47,DEFICIT,6.53,4.39,5.55,2.25
2024-06-16 21:00,6,21,6,weekend,0,0,100,21.6,5.4,22.08,21.83,43.91,-43.91,DEFICIT,6.58,4.42,5.6,2.25
2024-06-16 22:00,6,22,6,weekend,0,0,96.5,23.3,5.3,18.32,0.0,18.32,-18.32,DEFICIT,4.26,3.26,3.62,2.25
2024-06-16 23:00,6,23,6,weekend,0,0,98.9,19.0,4.1,13.52,0,13.52,-13.52,DEFICIT,4.16,3.21,3.54,2.25
2024-06-17 00:00,6,0,0,weekday,0,0,74.1,19.7,3.8,7.6,2.85,10.45,-10.45,DEFICIT,4.88,3.57,4.15,2.25
2024-06-17 01:00,6,1,0,weekday,0,0,80.3,19.9,4.7,5.09,2.92,8.01,-8.01,DEFICIT,4.71,3.48,4.0,2.25
2024-06-17 02:00,6,2,0,weekday,0,0,71.6,20.0,4.5,5,3.87,8.87,-8.87,DEFICIT,4.79,3.52,4.07,2.25
2024-06-17 03:00,6,3,0,weekday,0,0,73.2,19.3,6.0,5,5.06,10.06,-10.06,DEFICIT,4.31,3.28,3.66,2.25
2024-06-17 04:00,6,4,0,weekday,0,0,69.7,20.2,3.5,5,4.04,9.04,-9.04,DEFICIT,4.78,3.52,4.06,2.25
2024-06-17 05:00,6,5,0,weekday,0,0,72.4,18.9,6.4,6.36,0.0,6.36,-6.36,DEFICIT,4.55,3.4,3.87,2.25
2024-06-17 06:00,6,6,0,weekday,29.9,3.03,52.9,20.8,3.3,18.15,0,18.15,-15.11,DEFICIT,5.54,3.9,4.71,2.25
2024-06-17 07:00,6,7,0,weekday,106.9,10.84,69.3,21.4,5.8,18.65,15.96,34.6,-23.76,DEFICIT,6.15,4.2,5.23,2.25
2024-06-17 08:00,6,8,0,weekday,237.5,24.09,75.4,22.5,3.7,19.18,0.0,19.18,4.91,BALANCED,5.64,3.94,4.79,2.25
2024-06-17 09:00,6,9,0,weekday,348.9,35.38,75.9,24.7,3.8,10.51,6.84,17.35,18.03,SURPLUS,6.21,4.23,5.28,2.25
2024-06-17 10:00,6,10,0,weekday,429.0,43.49,65.5,25.1,3.3,10.22,0,10.22,33.27,SURPLUS,3.86,3.05,3.28,2.25
2024-06-17 11:00,6,11,0,weekday,596.3,59.98,74.9,27.0,4.0,7.36,0,7.36,52.62,SURPLUS,3.66,2.95,3.11,2.25
2024-06-17 12:00,6,12,0,weekday,443.2,44.76,78.6,26.0,6.6,11.24,0,11.24,33.52,SURPLUS,4.2,3.22,3.57,2.25
2024-06-17 13:00,6,13,0,weekday,605.7,60.76,64.9,27.7,5.3,10.44,0,10.44,50.32,SURPLUS,3.84,3.04,3.26,2.25
2024-06-17 14:00,6,14,0,weekday,471.5,47.3,58.5,27.7,5.9,9.58,0,9.58,37.72,SURPLUS,3.81,3.03,3.24,2.25
2024-06-17 15:00,6,15,0,weekday,364.1,36.3,63.0,29.2,4.2,11.98,0,11.98,24.32,SURPLUS,3.43,2.84,2.91,2.25
2024-06-17 16:00,6,16,0,weekday,265.7,26.57,50.3,28.4,5.7,11.1,0,11.1,15.46,SURPLUS,7.43,4.84,6.32,2.25
2024-06-17 17:00,6,17,0,weekday,138.7,13.98,70.4,26.5,4.3,15.28,0,15.28,-1.3,BALANCED,7.13,4.69,6.06,2.25
2024-06-17 18:00,6,18,0,weekday,31.8,3.22,69.4,23.7,6.3,23.58,0.0,23.58,-20.35,DEFICIT,6.56,4.4,5.57,2.25
2024-06-17 19:00,6,19,0,weekday,0,0,75.1,21.1,3.8,27.46,5.9,33.37,-33.37,DEFICIT,6.89,4.57,5.86,2.25
2024-06-17 20:00,6,20,0,weekday,0,0,84.0,22.9,5.7,28.57,21.44,50.01,-50.01,DEFICIT,6.83,4.54,5.8,2.25
2024-06-17 21:00,6,21,0,weekday,0,0,89.4,27.2,3.3,23.26,0.0,23.26,-23.26,DEFICIT,6.71,4.48,5.7,2.25
2024-06-17 22:00,6,22,0,weekday,0,0,79.9,22.4,5.8,14.25,5.62,19.87,-19.87,DEFICIT,4.53,3.39,3.85,2.25
2024-06-17 23:00,6,23,0,weekday,0,0,76.6,22.1,4.0,9.78,0,9.78,-9.78,DEFICIT,4.83,3.54,4.11,2.25
2024-06-18 00:00,6,0,1,weekday,0,0,100,21.8,4.7,7.63,4.78,12.41,-12.41,DEFICIT,4.54,3.39,3.86,2.25
2024-06-18 01:00,6,1,1,weekday,0,0,92.0,19.9,4.9,6.42,5.3,11.72,-11.72,DEFICIT,4.41,3.33,3.75,2.25
2024-06-18 02:00,6,2,1,weekday,0,0,100,19.6,4.1,5.55,0.0,5.55,-5.55,DEFICIT,4.52,3.39,3.84,2.25
2024-06-18 03:00,6,3,1,weekday,0,0,89.1,18.3,4.7,5,2.59,7.59,-7.59,DEFICIT,4.64,3.44,3.94,2.25
2024-06-18 04:00,6,4,1,weekday,0,0,100,18.8,3.9,5,0.0,5.0,-5.0,BALANCED,3.88,3.06,3.3,2.25
2024-06-18 05:00,6,5,1,weekday,0,0,94.7,18.2,4.7,6.85,5.06,11.91,-11.91,DEFICIT,4.6,3.42,3.91,2.25
2024-06-18 06:00,6,6,1,weekday,39.4,4.0,100,21.3,4.8,14.57,0,14.57,-10.57,DEFICIT,5.7,3.98,4.85,2.25
2024-06-18 07:00,6,7,1,weekday,127.9,12.97,89.3,24.6,4.8,19.25,14.41,33.66,-20.69,DEFICIT,6.23,4.24,5.3,2.25
2024-06-18 08:00,6,8,1,weekday,252.7,25.54,99.1,25.8,4.8,17.74,3.49,21.23,4.31,BALANCED,5.78,4.02,4.92,2.25
2024-06-18 09:00,6,9,1,weekday,430.5,43.65,89.3,23.4,5.2,10.64,7.87,18.51,25.14,SURPLUS,5.55,3.9,4.72,2.25
2024-06-18 10:00,6,10,1,weekday,527.9,53.22,75.4,26.4,4.6,9.47,0,9.47,43.75,SURPLUS,3.46,2.85,2.94,2.25
2024-06-18 11:00,6,11,1,weekday,702.2,70.84,89.6,26.3,4.6,10.4,0,10.4,60.43,SURPLUS,4.07,3.16,3.46,2.25
2024-06-18 12:00,6,12,1,weekday,833.2,83.53,100,27.8,5.8,12.18,0,12.18,71.35,SURPLUS,3.27,2.76,2.78,2.25
2024-06-18 13:00,6,13,1,weekday,780.1,77.53,91.1,30.0,6.3,10.99,0,10.99,66.53,SURPLUS,3.69,2.97,3.13,2.25
2024-06-18 14:00,6,14,1,weekday,656.5,65.55,92.5,28.8,5.1,9.4,0,9.4,56.15,SURPLUS,3.52,2.88,2.99,2.25
2024-06-18 15:00,6,15,1,weekday,456.3,46.09,93.6,25.9,5.3,8.06,0,8.06,38.03,SURPLUS,3.86,3.05,3.28,2.25
2024-06-18 16:00,6,16,1,weekday,322.7,32.13,73.6,29.5,6.3,12.02,0,12.02,20.12,SURPLUS,6.58,4.42,5.59,2.25
2024-06-18 17:00,6,17,1,weekday,180.3,18.21,89.2,26.0,4.7,15.88,0,15.88,2.32,BALANCED,6.89,4.57,5.86,2.25
2024-06-18 18:00,6,18,1,weekday,38.3,3.89,71.6,23.0,5.7,23.78,9.41,33.19,-29.3,DEFICIT,6.12,4.18,5.2,2.25
2024-06-18 19:00,6,19,1,weekday,0,0,90.9,25.7,5.5,29.58,7.51,37.09,-37.09,DEFICIT,6.69,4.47,5.69,2.25
2024-06-18 20:00,6,20,1,weekday,0,0,95.6,20.7,5.1,27.33,0.0,27.33,-27.33,DEFICIT,6.32,4.28,5.37,2.25
2024-06-18 21:00,6,21,1,weekday,0,0,100,25.4,5.2,19.27,8.96,28.22,-28.22,DEFICIT,6.43,4.34,5.46,2.25
2024-06-18 22:00,6,22,1,weekday,0,0,99.6,23.9,4.2,14.28,9.9,24.18,-24.18,DEFICIT,4.83,3.54,4.1,2.25
2024-06-18 23:00,6,23,1,weekday,0,0,97.9,21.9,3.8,11.28,0,11.28,-11.28,DEFICIT,4.71,3.48,4.01,2.25
2024-06-19 00:00,6,0,2,weekday,0,0,68.8,22.6,6.2,6.78,0.0,6.78,-6.78,DEFICIT,4.45,3.35,3.78,2.25
2024-06-19 01:00,6,1,2,weekday,0,0,80.1,22.6,5.4,5.14,0.0,5.14,-5.14,DEFICIT,4.49,3.37,3.82,2.25
2024-06-19 02:00,6,2,2,weekday,0,0,67.9,22.2,5.3,5,0.0,5.0,-5.0,BALANCED,4.53,3.39,3.85,2.25
2024-06-19 03:00,6,3,2,weekday,0,0,83.8,19.1,4.7,5,2.42,7.42,-7.42,DEFICIT,4.49,3.37,3.81,2.25
2024-06-19 04:00,6,4,2,weekday,0,0,77.5,19.0,5.0,5,4.59,9.59,-9.59,DEFICIT,4.47,3.36,3.8,2.25
2024-06-19 05:00,6,5,2,weekday,0,0,91.5,21.6,4.9,5.91,0.0,5.91,-5.91,DEFICIT,4.66,3.46,3.96,2.25
2024-06-19 06:00,6,6,2,weekday,29.4,2.98,74.6,20.5,4.8,13.85,0,13.85,-10.87,DEFICIT,6.45,4.35,5.48,2.25
2024-06-19 07:00,6,7,2,weekday,106.4,10.79,61.8,20.9,5.6,19.38,0.0,19.38,-8.59,DEFICIT,5.7,3.98,4.85,2.25
2024-06-19 08:00,6,8,2,weekday,234.5,23.78,78.0,24.7,3.4,15.74,0.0,15.74,8.04,SURPLUS,6.04,4.14,5.13,2.25
2024-06-19 09:00,6,9,2,weekday,360.1,36.51,74.9,24.4,5.6,9.78,19.48,29.26,7.25,SURPLUS,5.36,3.8,4.55,2.25
2024-06-19 10:00,6,10,2,weekday,469.6,47.23,72.7,27.0,5.6,10.06,0,10.06,37.17,SURPLUS,3.89,3.07,3.31,2.25
2024-06-19 11:00,6,11,2,weekday,533.7,53.53,72.8,27.7,4.0,10.88,0,10.88,42.65,SURPLUS,4.26,3.25,3.62,2.25
2024-06-19 12:00,6,12,2,weekday,591.2,59.38,86.1,27.4,5.6,11.72,0,11.72,47.66,SURPLUS,3.59,2.92,3.05,2.25
2024-06-19 13:00,6,13,2,weekday,617.3,62.03,72.8,27.2,4.9,10.36,0,10.36,51.67,SURPLUS,3.67,2.96,3.12,2.25
2024-06-19 14:00,6,14,2,weekday,439.6,44.05,68.9,27.9,5.8,10.12,0,10.12,33.93,SURPLUS,3.98,3.12,3.38,2.25
2024-06-19 15:00,6,15,2,weekday,342.4,34.03,70.5,30.0,4.4,10.15,0,10.15,23.87,SURPLUS,4.19,3.22,3.56,2.25
2024-06-19 16:00,6,16,2,weekday,284.8,28.54,79.1,28.0,6.2,13.9,0,13.9,14.63,SURPLUS,6.92,4.59,5.88,2.25
2024-06-19 17:00,6,17,2,weekday,136.2,13.66,82.4,27.7,6.7,16.71,0,16.71,-3.04,BALANCED,6.54,4.4,5.56,2.25
2024-06-19 18:00,6,18,2,weekday,33.5,3.39,80.6,25.6,4.2,25.1,21.13,46.23,-42.85,DEFICIT,6.75,4.5,5.74,2.25
2024-06-19 19:00,6,19,2,weekday,0,0,83.7,20.3,4.2,30.48,19.21,49.69,-49.69,DEFICIT,6.79,4.52,5.78,2.25
2024-06-19 20:00,6,20,2,weekday,0,0,70.0,22.1,5.2,26.19,0.0,26.19,-26.19,DEFICIT,6.89,4.57,5.86,2.25
2024-06-19 21:00,6,21,2,weekday,0,0,74.5,19.8,5.9,21.23,7.71,28.94,-28.94,DEFICIT,6.51,4.38,5.54,2.25
2024-06-19 22:00,6,22,2,weekday,0,0,100,22.8,4.6,16.24,5.61,21.85,-21.85,DEFICIT,4.74,3.49,4.03,2.25
2024-06-19 23:00,6,23,2,weekday,0,0,93.4,20.7,3.8,8.47,0,8.47,-8.47,DEFICIT,4.48,3.36,3.81,2.25
2024-06-20 00:00,6,0,3,weekday,0,0,66.1,20.6,4.7,8.23,0.0,8.23,-8.23,DEFICIT,4.13,3.19,3.51,2.25
2024-06-20 01:00,6,1,3,weekday,0,0,68.7,21.6,5.5,5.6,4.41,10.02,-10.02,DEFICIT,4.09,3.17,3.48,2.25
2024-06-20 02:00,6,2,3,weekday,0,0,81.5,22.3,5.2,5,3.66,8.66,-8.66,DEFICIT,4.75,3.5,4.03,2.25
2024-06-20 03:00,6,3,3,weekday,0,0,55.6,16.0,5.8,5,5.56,10.56,-10.56,DEFICIT,4.56,3.41,3.88,2.25
2024-06-20 04:00,6,4,3,weekday,0,0,65.5,18.3,3.5,5,5.16,10.16,-10.16,DEFICIT,4.66,3.46,3.96,2.25
2024-06-20 05:00,6,5,3,weekday,0,0,83.3,18.1,7.0,6.94,0.0,6.94,-6.94,DEFICIT,5.08,3.66,4.32,2.25
2024-06-20 06:00,6,6,3,weekday,25.0,2.54,60.6,22.4,5.0,15.55,0,15.55,-13.02,DEFICIT,5.83,4.04,4.95,2.25
2024-06-20 07:00,6,7,3,weekday,76.8,7.79,45.3,19.9,5.4,24.92,0.0,24.92,-17.13,DEFICIT,5.29,3.77,4.49,2.25
2024-06-20 08:00,6,8,3,weekday,190.3,19.18,69.3,26.6,5.1,19.02,0.0,19.02,0.16,BALANCED,5.41,3.83,4.6,2.25
2024-06-20 09:00,6,9,3,weekday,294.6,29.87,61.6,22.9,5.0,13.21,10.92,24.14,5.74,SURPLUS,6.2,4.23,5.27,2.25
2024-06-20 10:00,6,10,3,weekday,368.1,37.18,49.7,26.0,3.6,9.31,0,9.31,27.88,SURPLUS,3.18,2.72,2.71,2.25
2024-06-20 11:00,6,11,3,weekday,479.8,48.18,59.3,27.4,6.2,11.39,0,11.39,36.79,SURPLUS,3.66,2.95,3.11,2.25
2024-06-20 12:00,6,12,3,weekday,546.5,54.2,66.9,30.5,6.1,10.84,0,10.84,43.36,SURPLUS,3.58,2.91,3.04,2.25
2024-06-20 13:00,6,13,3,weekday,427.3,42.43,54.6,30.2,6.2,10.5,0,10.5,31.93,SURPLUS,3.51,2.88,2.99,2.25
2024-06-20 14:00,6,14,3,weekday,454.6,44.84,57.2,31.8,4.6,9.95,0,9.95,34.89,SURPLUS,4.21,3.23,3.58,2.25
2024-06-20 15:00,6,15,3,weekday,359.8,35.98,68.5,28.4,4.9,10.41,0,10.41,25.58,SURPLUS,3.82,3.04,3.25,2.25
2024-06-20 16:00,6,16,3,weekday,258.7,25.95,62.1,27.7,6.5,12.94,0,12.94,13.01,SURPLUS,6.45,4.35,5.48,2.25
2024-06-20 17:00,6,17,3,weekday,105.8,10.54,60.8,29.4,5.9,16.34,0,16.34,-5.8,DEFICIT,6.73,4.49,5.72,2.25
2024-06-20 18:00,6,18,3,weekday,27.1,2.75,66.7,21.9,3.9,20.25,14.05,34.3,-31.55,DEFICIT,6.85,4.55,5.82,2.25
2024-06-20 19:00,6,19,3,weekday,0,0,54.7,23.6,5.8,30.15,18.04,48.2,-48.2,DEFICIT,7.08,4.66,6.02,2.25
2024-06-20 20:00,6,20,3,weekday,0,0,66.0,24.1,5.0,30.23,21.93,52.15,-52.15,DEFICIT,7.03,4.64,5.98,2.25
2024-06-20 21:00,6,21,3,weekday,0,0,81.0,23.4,4.3,20.1,10.56,30.67,-30.67,DEFICIT,7.2,4.72,6.12,2.25
2024-06-20 22:00,6,22,3,weekday,0,0,67.0,18.3,3.8,12.19,0.0,12.19,-12.19,DEFICIT,4.09,3.17,3.47,2.25
2024-06-20 23:00,6,23,3,weekday,0,0,76.4,19.9,4.6,10.72,0,10.72,-10.72,DEFICIT,4.24,3.25,3.6,2.25
2024-06-21 00:00,6,0,4,weekday,0,0,70.4,17.6,4.8,8.08,3.77,11.85,-11.85,DEFICIT,4.47,3.36,3.8,2.25
2024-06-21 01:00,6,1,4,weekday,0,0,92.6,19.5,6.0,5.69,5.04,10.74,-10.74,DEFICIT,4.46,3.36,3.79,2.25
2024-06-21 02:00,6,2,4,weekday,0,0,67.6,19.5,5.2,5.51,5.45,10.96,-10.96,DEFICIT,3.96,3.11,3.37,2.25
2024-06-21 03:00,6,3,4,weekday,0,0,88.8,22.3,4.5,5,0.0,5.0,-5.0,BALANCED,4.86,3.55,4.13,2.25
2024-06-21 04:00,6,4,4,weekday,0,0,80.8,19.3,5.8,5,3.09,8.09,-8.09,DEFICIT,4.66,3.45,3.96,2.25
2024-06-21 05:00,6,5,4,weekday,0,0,83.9,19.6,3.9,5.36,0.0,5.36,-5.36,DEFICIT,4.25,3.25,3.61,2.25
2024-06-21 06:00,6,6,4,weekday,32.6,3.3,65.9,20.4,5.0,11.77,0,11.77,-8.46,DEFICIT,6.21,4.23,5.28,2.25
2024-06-21 07:00,6,7,4,weekday,99.5,10.09,74.9,21.2,4.1,22.01,9.53,31.54,-21.45,DEFICIT,5.73,3.99,4.87,2.25
2024-06-21 08:00,6,8,4,weekday,240.4,24.38,83.8,23.3,5.6,21.42,0.0,21.42,2.96,BALANCED,5.55,3.9,4.72,2.25
2024-06-21 09:00,6,9,4,weekday,339.8,34.41,64.7,25.4,5.4,11.66,5.72,17.38,17.03,SURPLUS,5.62,3.93,4.77,2.25
2024-06-21 10:00,6,10,4,weekday,487.6,48.59,70.3,29.3,4.9,10.28,0,10.28,38.31,SURPLUS,3.97,3.11,3.38,2.25
2024-06-21 11:00,6,11,4,weekday,557.5,55.77,91.9,28.4,4.6,12.37,0,12.37,43.39,SURPLUS,3.65,2.95,3.1,2.25
2024-06-21 12:00,6,12,4,weekday,611.5,61.62,73.1,26.5,5.8,10.94,0,10.94,50.69,SURPLUS,3.17,2.71,2.69,2.25
2024-06-21 13:00,6,13,4,weekday,514.1,52.05,60.1,25.4,6.6,12.22,0,12.22,39.83,SURPLUS,3.8,3.03,3.23,2.25
2024-06-21 14:00,6,14,4,weekday,471.4,47.1,72.5,28.7,5.7,9.58,0,9.58,37.52,SURPLUS,4.14,3.2,3.52,2.25
2024-06-21 15:00,6,15,4,weekday,429.1,42.63,66.0,30.1,5.9,12.62,0,12.62,30.01,SURPLUS,4.09,3.17,3.48,2.25
2024-06-21 16:00,6,16,4,weekday,265.7,26.71,81.6,27.1,4.9,14.46,0,14.46,12.26,SURPLUS,7.07,4.66,6.01,2.25
2024-06-21 17:00,6,17,4,weekday,124.4,12.61,88.5,24.9,4.6,16.95,0,16.95,-4.34,BALANCED,7.0,4.63,5.95,2.25
2024-06-21 18:00,6,18,4,weekday,28.8,2.92,72.4,24.9,3.4,24.44,21.15,45.59,-42.67,DEFICIT,6.89,4.57,5.86,2.25
2024-06-21 19:00,6,19,4,weekday,0,0,63.0,26.1,4.9,30.35,0.0,30.35,-30.35,DEFICIT,7.25,4.75,6.16,2.25
2024-06-21 20:00,6,20,4,weekday,0,0,76.8,23.2,3.6,25.35,7.7,33.05,-33.05,DEFICIT,6.48,4.37,5.51,2.25
2024-06-21 21:00,6,21,4,weekday,0,0,80.6,24.0,4.4,24.18,0.0,24.18,-24.18,DEFICIT,6.64,4.45,5.65,2.25
2024-06-21 22:00,6,22,4,weekday,0,0,74.5,21.7,4.1,13.81,18.44,32.25,-32.25,DEFICIT,4.23,3.24,3.6,2.25
2024-06-21 23:00,6,23,4,weekday,0,0,72.0,22.5,4.3,11.08,0,11.08,-11.08,DEFICIT,4.37,3.31,3.72,2.25
2024-06-22 00:00,6,0,5,weekend,0,0,81.2,20.7,5.1,8.8,0.0,8.8,-8.8,DEFICIT,4.55,3.4,3.87,2.25
2024-06-22 01:00,6,1,5,weekend,0,0,77.5,19.2,3.4,5.79,0.0,5.79,-5.79,DEFICIT,4.45,3.35,3.78,2.25
2024-06-22 02:00,6,2,5,weekend,0,0,85.3,18.1,5.4,5.77,0.0,5.77,-5.77,DEFICIT,4.3,3.27,3.65,2.25
2024-06-22 03:00,6,3,5,weekend,0,0,98.3,21.3,5.0,5,0.0,5.0,-5.0,BALANCED,4.46,3.36,3.8,2.25
2024-06-22 04:00,6,4,5,weekend,0,0,87.5,19.6,5.1,5,0.0,5.0,-5.0,BALANCED,4.8,3.52,4.08,2.25
2024-06-22 05:00,6,5,5,weekend,0,0,82.4,17.3,4.2,6.78,4.83,11.61,-11.61,DEFICIT,4.33,3.29,3.68,2.25
2024-06-22 06:00,6,6,5,weekend,34.0,3.44,87.3,19.4,4.0,17.72,0,17.72,-14.28,DEFICIT,5.99,4.12,5.09,2.25
2024-06-22 07:00,6,7,5,weekend,120.6,12.23,82.1,22.9,5.5,27.85,0.0,27.85,-15.62,DEFICIT,5.98,4.12,5.08,2.25
2024-06-22 08:00,6,8,5,weekend,232.8,23.57,74.1,25.4,5.3,18.92,12.23,31.15,-7.58,DEFICIT,5.66,3.95,4.81,2.25
2024-06-22 09:00,6,9,5,weekend,349.9,35.3,69.4,26.3,5.8,13.34,0.0,13.34,21.96,SURPLUS,6.36,4.3,5.4,2.25
2024-06-22 10:00,6,10,5,weekend,418.7,42.46,80.2,23.9,4.7,13.68,0,13.68,28.78,SURPLUS,3.64,2.95,3.1,2.25
2024-06-22 11:00,6,11,5,weekend,602.8,60.54,85.6,27.4,4.5,10.33,0,10.33,50.21,SURPLUS,3.44,2.85,2.93,2.25
2024-06-22 12:00,6,12,5,weekend,598.2,59.9,75.7,28.1,5.3,11.5,0,11.5,48.4,SURPLUS,3.5,2.88,2.98,2.25
2024-06-22 13:00,6,13,5,weekend,612.1,61.92,79.9,25.6,6.2,12.52,0,12.52,49.4,SURPLUS,4.1,3.17,3.48,2.25
2024-06-22 14:00,6,14,5,weekend,477.9,48.25,63.4,26.1,6.2,12.36,0,12.36,35.89,SURPLUS,3.71,2.98,3.16,2.25
2024-06-22 15:00,6,15,5,weekend,407.3,40.96,70.1,27.0,7.8,12.36,0,12.36,28.6,SURPLUS,3.76,3.0,3.19,2.25
2024-06-22 16:00,6,16,5,weekend,269.4,27.14,69.5,26.6,5.9,15.09,0,15.09,12.05,SURPLUS,6.47,4.36,5.5,2.25
2024-06-22 17:00,6,17,5,weekend,153.8,15.4,80.0,28.1,4.2,20.62,0,20.62,-5.22,DEFICIT,6.76,4.5,5.75,2.25
2024-06-22 18:00,6,18,5,weekend,28.3,2.87,74.3,22.3,6.2,30.47,15.16,45.63,-42.76,DEFICIT,7.59,4.92,6.45,2.25
2024-06-22 19:00,6,19,5,weekend,0,0,76.5,24.0,4.4,36.41,10.44,46.85,-46.85,DEFICIT,6.93,4.59,5.89,2.25
2024-06-22 20:00,6,20,5,weekend,0,0,74.0,24.9,5.2,29.68,13.62,43.3,-43.3,DEFICIT,6.48,4.37,5.51,2.25
2024-06-22 21:00,6,21,5,weekend,0,0,90.2,24.1,5.2,26.12,0.0,26.12,-26.12,DEFICIT,6.84,4.55,5.82,2.25
2024-06-22 22:00,6,22,5,weekend,0,0,81.1,20.9,5.7,16.72,0.0,16.72,-16.72,DEFICIT,4.31,3.28,3.67,2.25
2024-06-22 23:00,6,23,5,weekend,0,0,79.6,19.1,4.0,12.44,0,12.44,-12.44,DEFICIT,4.33,3.29,3.68,2.25
2024-06-23 00:00,6,0,6,weekend,0,0,100,21.4,6.0,7.59,2.89,10.48,-10.48,DEFICIT,4.54,3.4,3.86,2.25
2024-06-23 01:00,6,1,6,weekend,0,0,100,18.8,4.2,7.11,3.69,10.8,-10.8,DEFICIT,4.88,3.57,4.15,2.25
2024-06-23 02:00,6,2,6,weekend,0,0,87.8,22.7,5.4,5.84,0.0,5.84,-5.84,DEFICIT,4.6,3.42,3.91,2.25
2024-06-23 03:00,6,3,6,weekend,0,0,97.8,19.5,4.7,5,0.0,5.0,-5.0,BALANCED,4.49,3.37,3.82,2.25
2024-06-23 04:00,6,4,6,weekend,0,0,100,18.9,5.5,5.39,2.67,8.06,-8.06,DEFICIT,4.86,3.55,4.13,2.25
2024-06-23 05:00,6,5,6,weekend,0,0,86.8,19.7,4.5,5.73,0.0,5.73,-5.73,DEFICIT,4.68,3.47,3.98,2.25
2024-06-23 06:00,6,6,6,weekend,36.1,3.66,83.8,21.9,6.0,16.34,0,16.34,-12.68,DEFICIT,5.37,3.81,4.57,2.25
2024-06-23 07:00,6,7,6,weekend,133.0,13.49,78.7,21.0,5.3,23.04,0.0,23.04,-9.55,DEFICIT,5.44,3.85,4.63,2.25
2024-06-23 08:00,6,8,6,weekend,289.4,29.35,80.3,23.5,4.3,23.29,0.0,23.29,6.06,SURPLUS,5.46,3.86,4.64,2.25
2024-06-23 09:00,6,9,6,weekend,454.4,46.07,80.3,23.2,4.6,12.51,3.94,16.45,29.62,SURPLUS,5.74,4.0,4.88,2.25
2024-06-23 10:00,6,10,6,weekend,606.5,61.33,80.6,25.7,6.2,12.06,0,12.06,49.28,SURPLUS,3.68,2.96,3.13,2.25
2024-06-23 11:00,6,11,6,weekend,620.9,61.46,73.7,31.0,4.9,14.27,0,14.27,47.19,SURPLUS,4.31,3.28,3.66,2.25
2024-06-23 12:00,6,12,6,weekend,714.7,71.08,78.7,29.8,6.0,11.93,0,11.93,59.15,SURPLUS,3.33,2.79,2.83,2.25
2024-06-23 13:00,6,13,6,weekend,645.9,64.88,84.1,27.4,6.8,13.79,0,13.79,51.09,SURPLUS,3.32,2.79,2.82,2.25
2024-06-23 14:00,6,14,6,weekend,668.8,66.55,83.0,29.7,5.3,11.56,0,11.56,54.98,SURPLUS,3.87,3.06,3.29,2.25
2024-06-23 15:00,6,15,6,weekend,440.7,44.32,77.1,27.0,4.4,12.32,0,12.32,32.01,SURPLUS,3.52,2.89,2.99,2.25
2024-06-23 16:00,6,16,6,weekend,346.0,34.78,99.6,27.2,6.1,14.97,0,14.97,19.81,SURPLUS,7.32,4.78,6.22,2.25
2024-06-23 17:00,6,17,6,weekend,153.3,15.51,88.9,25.6,4.7,16.85,0,16.85,-1.35,BALANCED,6.58,4.41,5.59,2.25
2024-06-23 18:00,6,18,6,weekend,37.0,3.72,90.9,27.0,4.3,27.37,15.11,42.49,-38.76,DEFICIT,6.81,4.53,5.79,2.25
2024-06-23 19:00,6,19,6,weekend,0,0,88.0,24.8,5.2,34.36,0.0,34.36,-34.36,DEFICIT,6.89,4.57,5.85,2.25
2024-06-23 20:00,6,20,6,weekend,0,0,96.3,20.3,6.1,23.9,15.51,39.41,-39.41,DEFICIT,6.48,4.37,5.51,2.25
2024-06-23 21:00,6,21,6,weekend,0,0,73.2,23.3,3.9,22.39,5.92,28.31,-28.31,DEFICIT,6.99,4.62,5.94,2.25
2024-06-23 22:00,6,22,6,weekend,0,0,100,20.8,5.7,18.15,0.0,18.15,-18.15,DEFICIT,4.06,3.15,3.45,2.25
2024-06-23 23:00,6,23,6,weekend,0,0,90.8,22.2,3.8,11.64,0,11.64,-11.64,DEFICIT,4.47,3.36,3.8,2.25
2024-06-24 00:00,6,0,0,weekday,0,0,88.8,17.9,6.1,7.11,4.42,11.53,-11.53,DEFICIT,4.78,3.51,4.06,2.25
2024-06-24 01:00,6,1,0,weekday,0,0,84.7,21.4,4.3,6.37,0.0,6.37,-6.37,DEFICIT,3.88,3.07,3.3,2.25
2024-06-24 02:00,6,2,0,weekday,0,0,65.3,19.7,4.9,5.71,0.0,5.71,-5.71,DEFICIT,4.14,3.2,3.52,2.25
2024-06-24 03:00,6,3,0,weekday,0,0,67.9,21.1,3.6,5,3.66,8.66,-8.66,DEFICIT,4.31,3.28,3.66,2.25
2024-06-24 04:00,6,4,0,weekday,0,0,63.2,20.1,3.9,5,4.49,9.49,-9.49,DEFICIT,4.41,3.33,3.75,2.25
2024-06-24 05:00,6,5,0,weekday,0,0,78.0,22.6,5.5,6.04,2.74,8.78,-8.78,DEFICIT,4.45,3.35,3.78,2.25
2024-06-24 06:00,6,6,0,weekday,30.0,3.04,86.4,20.1,3.6,13.46,0,13.46,-10.42,DEFICIT,5.27,3.76,4.48,2.25
2024-06-24 07:00,6,7,0,weekday,113.5,11.51,62.7,23.1,3.6,21.46,15.68,37.14,-25.63,DEFICIT,5.48,3.86,4.66,2.25
2024-06-24 08:00,6,8,0,weekday,218.1,22.11,73.4,22.3,4.5,18.39,18.28,36.67,-14.56,DEFICIT,6.02,4.13,5.11,2.25
2024-06-24 09:00,6,9,0,weekday,336.5,33.67,72.6,28.4,5.2,11.2,0.0,11.2,22.46,SURPLUS,5.82,4.03,4.95,2.25
2024-06-24 10:00,6,10,0,weekday,456.3,46.26,81.7,25.0,5.2,11.05,0,11.05,35.21,SURPLUS,3.74,3.0,3.18,2.25
2024-06-24 11:00,6,11,0,weekday,527.0,53.08,66.9,26.7,4.4,10.58,0,10.58,42.5,SURPLUS,3.68,2.97,3.13,2.25
2024-06-24 12:00,6,12,0,weekday,573.7,57.11,59.2,29.5,4.1,11.13,0,11.13,45.99,SURPLUS,3.58,2.91,3.04,2.25
2024-06-24 13:00,6,13,0,weekday,562.5,56.34,60.5,28.1,4.0,12.26,0,12.26,44.08,SURPLUS,4.06,3.15,3.45,2.25
2024-06-24 14:00,6,14,0,weekday,497.2,49.89,69.4,27.6,5.3,8.55,0,8.55,41.35,SURPLUS,3.84,3.05,3.26,2.25
2024-06-24 15:00,6,15,0,weekday,446.7,44.18,69.0,31.2,6.7,11.11,0,11.11,33.07,SURPLUS,3.53,2.89,3.0,2.25
2024-06-24 16:00,6,16,0,weekday,247.6,24.6,56.5,30.1,6.0,13.12,0,13.12,11.47,SURPLUS,6.71,4.48,5.7,2.25
2024-06-24 17:00,6,17,0,weekday,118.4,11.88,69.4,27.5,6.2,18.29,0,18.29,-6.41,DEFICIT,6.98,4.62,5.93,2.25
2024-06-24 18:00,6,18,0,weekday,29.0,2.92,64.5,26.6,4.8,21.56,17.99,39.55,-36.63,DEFICIT,6.93,4.59,5.89,2.25
2024-06-24 19:00,6,19,0,weekday,0,0,84.5,25.1,4.3,29.1,0.0,29.1,-29.1,DEFICIT,6.9,4.57,5.86,2.25
2024-06-24 20:00,6,20,0,weekday,0,0,84.0,24.7,5.8,26.12,8.57,34.69,-34.69,DEFICIT,6.3,4.27,5.35,2.25
2024-06-24 21:00,6,21,0,weekday,0,0,87.0,22.7,5.0,22.84,14.81,37.65,-37.65,DEFICIT,7.02,4.63,5.96,2.25
2024-06-24 22:00,6,22,0,weekday,0,0,73.9,22.9,4.3,14.96,14.59,29.54,-29.54,DEFICIT,4.56,3.41,3.88,2.25
2024-06-24 23:00,6,23,0,weekday,0,0,83.7,21.0,4.6,10.97,0,10.97,-10.97,DEFICIT,4.14,3.2,3.52,2.25
2024-06-25 00:00,6,0,1,weekday,0,0,98.2,21.7,4.1,6.29,4.14,10.43,-10.43,DEFICIT,4.45,3.35,3.78,2.25
2024-06-25 01:00,6,1,1,weekday,0,0,78.0,21.6,5.4,5.61,2.71,8.32,-8.32,DEFICIT,4.33,3.29,3.68,2.25
2024-06-25 02:00,6,2,1,weekday,0,0,78.3,20.0,3.9,5,2.64,7.64,-7.64,DEFICIT,5.11,3.68,4.34,2.25
2024-06-25 03:00,6,3,1,weekday,0,0,93.6,19.6,5.1,5,2.42,7.42,-7.42,DEFICIT,4.44,3.34,3.77,2.25
2024-06-25 04:00,6,4,1,weekday,0,0,82.9,16.3,5.3,5.17,3.93,9.1,-9.1,DEFICIT,4.56,3.41,3.88,2.25
2024-06-25 05:00,6,5,1,weekday,0,0,81.2,20.3,3.3,6.15,4.01,10.16,-10.16,DEFICIT,4.97,3.61,4.23,2.25
2024-06-25 06:00,6,6,1,weekday,34.6,3.51,61.0,19.7,5.0,16.6,0,16.6,-13.08,DEFICIT,5.52,3.88,4.69,2.25
2024-06-25 07:00,6,7,1,weekday,110.9,11.24,75.4,23.1,7.4,21.8,13.51,35.31,-24.07,DEFICIT,5.83,4.04,4.96,2.25
2024-06-25 08:00,6,8,1,weekday,244.3,24.55,70.5,27.2,5.3,17.27,0.0,17.27,7.28,SURPLUS,5.76,4.0,4.89,2.25
2024-06-25 09:00,6,9,1,weekday,390.5,39.44,61.9,26.0,5.9,11.26,7.0,18.26,21.18,SURPLUS,5.63,3.94,4.78,2.25
2024-06-25 10:00,6,10,1,weekday,505.2,50.86,85.2,26.8,5.8,8.53,0,8.53,42.34,SURPLUS,3.39,2.82,2.88,2.25
2024-06-25 11:00,6,11,1,weekday,575.3,57.85,71.6,27.1,4.4,10.85,0,10.85,47.01,SURPLUS,3.55,2.9,3.02,2.25
2024-06-25 12:00,6,12,1,weekday,655.3,65.46,93.0,28.7,5.9,10.68,0,10.68,54.78,SURPLUS,3.43,2.84,2.92,2.25
2024-06-25 13:00,6,13,1,weekday,510.0,50.85,80.7,29.2,6.7,10.36,0,10.36,40.49,SURPLUS,4.02,3.14,3.42,2.25
2024-06-25 14:00,6,14,1,weekday,478.0,47.58,79.5,29.6,6.0,7.38,0,7.38,40.2,SURPLUS,3.67,2.96,3.12,2.25
2024-06-25 15:00,6,15,1,weekday,418.2,41.55,69.0,30.0,5.5,9.23,0,9.23,32.32,SURPLUS,3.87,3.06,3.29,2.25
2024-06-25 16:00,6,16,1,weekday,300.5,30.47,79.8,24.3,5.5,13.01,0,13.01,17.46,SURPLUS,7.05,4.65,5.99,2.25
2024-06-25 17:00,6,17,1,weekday,139.8,13.99,72.5,28.3,5.5,16.76,0,16.76,-2.77,BALANCED,6.43,4.34,5.47,2.25
2024-06-25 18:00,6,18,1,weekday,28.5,2.88,68.2,26.0,4.4,23.0,20.26,43.25,-40.37,DEFICIT,7.07,4.66,6.01,2.25
2024-06-25 19:00,6,19,1,weekday,0,0,76.5,23.9,4.4,32.07,19.21,51.28,-51.28,DEFICIT,6.72,4.49,5.71,2.25
2024-06-25 20:00,6,20,1,weekday,0,0,87.3,20.7,5.1,29.76,0.0,29.76,-29.76,DEFICIT,7.0,4.62,5.95,2.25
2024-06-25 21:00,6,21,1,weekday,0,0,76.9,24.1,5.7,21.97,0.0,21.97,-21.97,DEFICIT,6.64,4.45,5.65,2.25
2024-06-25 22:00,6,22,1,weekday,0,0,83.9,21.2,4.5,13.35,17.41,30.76,-30.76,DEFICIT,4.02,3.13,3.42,2.25
2024-06-25 23:00,6,23,1,weekday,0,0,89.8,19.9,4.6,11.06,0,11.06,-11.06,DEFICIT,4.56,3.41,3.88,2.25
2024-06-26 00:00,6,0,2,weekday,0,0,61.0,19.5,5.1,7.39,0.0,7.39,-7.39,DEFICIT,4.47,3.36,3.8,2.25
2024-06-26 01:00,6,1,2,weekday,0,0,60.8,21.2,4.6,5.07,0.0,5.07,-5.07,DEFICIT,4.23,3.24,3.6,2.25
2024-06-26 02:00,6,2,2,weekday,0,0,60.2,21.3,5.6,5,0.0,5.0,-5.0,BALANCED,4.31,3.28,3.67,2.25
2024-06-26 03:00,6,3,2,weekday,0,0,42.9,17.8,4.4,5,3.08,8.08,-8.08,DEFICIT,4.6,3.42,3.91,2.25
2024-06-26 04:00,6,4,2,weekday,0,0,56.0,18.1,4.9,5,2.35,7.35,-7.35,DEFICIT,4.21,3.23,3.58,2.25
2024-06-26 05:00,6,5,2,weekday,0,0,67.2,18.9,3.9,5.21,3.72,8.93,-8.93,DEFICIT,4.89,3.57,4.15,2.25
2024-06-26 06:00,6,6,2,weekday,20.9,2.12,74.1,19.4,4.4,17.01,0,17.01,-14.89,DEFICIT,5.06,3.65,4.3,2.25
2024-06-26 07:00,6,7,2,weekday,72.5,7.36,55.7,23.4,5.3,20.56,8.66,29.23,-21.87,DEFICIT,5.77,4.01,4.9,2.25
2024-06-26 08:00,6,8,2,weekday,163.4,16.57,60.9,24.9,6.2,14.17,10.21,24.38,-7.81,DEFICIT,5.41,3.83,4.6,2.25
2024-06-26 09:00,6,9,2,weekday,247.3,24.86,50.2,27.1,5.9,13.13,4.4,17.53,7.33,SURPLUS,6.45,4.35,5.49,2.25
2024-06-26 10:00,6,10,2,weekday,319.6,32.01,46.1,28.0,4.2,9.11,0,9.11,22.9,SURPLUS,3.82,3.03,3.25,2.25
2024-06-26 11:00,6,11,2,weekday,396.2,39.91,51.7,26.6,5.8,10.63,0,10.63,29.29,SURPLUS,3.9,3.08,3.32,2.25
2024-06-26 12:00,6,12,2,weekday,471.9,47.0,49.5,29.5,5.6,10.5,0,10.5,36.5,SURPLUS,3.99,3.12,3.39,2.25
2024-06-26 13:00,6,13,2,weekday,430.6,42.96,43.1,29.0,4.8,11.09,0,11.09,31.87,SURPLUS,3.63,2.94,3.09,2.25
2024-06-26 14:00,6,14,2,weekday,348.6,34.7,63.7,29.5,5.8,9.5,0,9.5,25.21,SURPLUS,3.98,3.12,3.39,2.25
2024-06-26 15:00,6,15,2,weekday,284.4,28.46,42.6,28.2,5.8,12.65,0,12.65,15.81,SURPLUS,3.95,3.1,3.36,2.25
2024-06-26 16:00,6,16,2,weekday,205.3,20.35,53.8,30.6,5.4,14.97,0,14.97,5.38,SURPLUS,6.89,4.57,5.86,2.25
2024-06-26 17:00,6,17,2,weekday,102.4,10.31,48.8,26.7,3.9,14.81,0,14.81,-4.5,BALANCED,7.03,4.64,5.97,2.25
2024-06-26 18:00,6,18,2,weekday,22.4,2.26,65.9,26.1,5.6,19.69,18.9,38.59,-36.33,DEFICIT,6.65,4.45,5.65,2.25
2024-06-26 19:00,6,19,2,weekday,0,0,50.5,22.8,4.3,29.33,17.69,47.01,-47.01,DEFICIT,6.83,4.54,5.8,2.25
2024-06-26 20:00,6,20,2,weekday,0,0,64.4,23.0,5.3,24.83,7.29,32.11,-32.11,DEFICIT,6.69,4.47,5.69,2.25
2024-06-26 21:00,6,21,2,weekday,0,0,62.8,22.9,4.6,21.06,19.15,40.21,-40.21,DEFICIT,6.77,4.51,5.75,2.25
2024-06-26 22:00,6,22,2,weekday,0,0,54.3,21.9,5.2,12.21,11.76,23.96,-23.96,DEFICIT,4.61,3.43,3.92,2.25
2024-06-26 23:00,6,23,2,weekday,0,0,51.3,24.0,3.9,10.87,0,10.87,-10.87,DEFICIT,4.3,3.28,3.66,2.25
2024-06-27 00:00,6,0,3,weekday,0,0,67.3,21.5,6.3,7.44,0.0,7.44,-7.44,DEFICIT,4.6,3.42,3.91,2.25
2024-06-27 01:00,6,1,3,weekday,0,0,55.1,18.2,4.6,5.09,0.0,5.09,-5.09,DEFICIT,4.35,3.3,3.7,2.25
2024-06-27 02:00,6,2,3,weekday,0,0,61.9,22.9,4.6,5,0.0,5.0,-5.0,BALANCED,4.43,3.34,3.77,2.25
2024-06-27 03:00,6,3,3,weekday,0,0,60.3,18.9,4.5,5,0.0,5.0,-5.0,BALANCED,4.56,3.4,3.87,2.25
2024-06-27 04:00,6,4,3,weekday,0,0,73.1,19.0,5.8,5,0.0,5.0,-5.0,BALANCED,4.78,3.52,4.06,2.25
2024-06-27 05:00,6,5,3,weekday,0,0,64.9,20.6,3.4,6.22,3.81,10.03,-10.03,DEFICIT,5.31,3.78,4.51,2.25
2024-06-27 06:00,6,6,3,weekday,24.3,2.46,48.3,19.9,5.6,16.55,0,16.55,-14.09,DEFICIT,6.24,4.24,5.3,2.25
2024-06-27 07:00,6,7,3,weekday,89.1,9.04,44.3,20.8,5.1,22.11,11.07,33.19,-24.15,DEFICIT,5.54,3.89,4.71,2.25
2024-06-27 08:00,6,8,3,weekday,213.7,21.64,68.6,25.3,4.8,16.86,0.0,16.86,4.78,BALANCED,5.92,4.09,5.03,2.25
2024-06-27 09:00,6,9,3,weekday,255.7,25.93,68.9,21.6,6.3,12.61,18.46,31.07,-5.13,DEFICIT,5.48,3.87,4.66,2.25
2024-06-27 10:00,6,10,3,weekday,430.5,43.65,60.5,24.6,4.6,9.14,0,9.14,34.51,SURPLUS,4.01,3.13,3.41,2.25
2024-06-27 11:00,6,11,3,weekday,420.9,42.26,75.1,27.4,4.8,9.36,0,9.36,32.91,SURPLUS,3.35,2.8,2.85,2.25
2024-06-27 12:00,6,12,3,weekday,537.1,54.24,43.0,26.0,5.4,11.47,0,11.47,42.77,SURPLUS,3.46,2.86,2.94,2.25
2024-06-27 13:00,6,13,3,weekday,406.8,40.69,46.6,28.4,5.0,13.0,0,13.0,27.69,SURPLUS,3.83,3.04,3.25,2.25
2024-06-27 14:00,6,14,3,weekday,314.5,30.91,56.7,32.7,5.8,8.74,0,8.74,22.17,SURPLUS,3.43,2.84,2.91,2.25
2024-06-27 15:00,6,15,3,weekday,349.4,34.74,63.3,29.9,5.6,10.95,0,10.95,23.79,SURPLUS,3.6,2.92,3.06,2.25
2024-06-27 16:00,6,16,3,weekday,213.0,21.16,52.1,30.1,6.7,12.66,0,12.66,8.51,SURPLUS,6.33,4.29,5.38,2.25
2024-06-27 17:00,6,17,3,weekday,97.5,9.77,70.6,28.2,5.0,19.1,0,19.1,-9.33,DEFICIT,6.94,4.6,5.9,2.25
2024-06-27 18:00,6,18,3,weekday,24.7,2.51,51.5,24.2,5.0,24.43,20.53,44.96,-42.46,DEFICIT,7.2,4.73,6.12,2.25
2024-06-27 19:00,6,19,3,weekday,0,0,61.4,24.9,4.6,29.7,0.0,29.7,-29.7,DEFICIT,7.03,4.64,5.98,2.25
2024-06-27 20:00,6,20,3,weekday,0,0,75.7,20.4,4.9,23.72,8.93,32.64,-32.64,DEFICIT,6.67,4.46,5.67,2.25
2024-06-27 21:00,6,21,3,weekday,0,0,59.7,21.6,5.9,21.36,8.39,29.74,-29.74,DEFICIT,6.51,4.38,5.53,2.25
2024-06-27 22:00,6,22,3,weekday,0,0,55.0,24.5,5.0,13.68,17.05,30.73,-30.73,DEFICIT,4.37,3.31,3.72,2.25
2024-06-27 23:00,6,23,3,weekday,0,0,59.8,22.5,6.3,10.46,0,10.46,-10.46,DEFICIT,5.0,3.62,4.25,2.25
2024-06-28 00:00,6,0,4,weekday,0,0,100,18.7,2.8,7.94,0.0,7.94,-7.94,DEFICIT,4.32,3.29,3.68,2.25
2024-06-28 01:00,6,1,4,weekday,0,0,100,20.7,4.3,5.6,2.78,8.38,-8.38,DEFICIT,4.91,3.58,4.18,2.25
2024-06-28 02:00,6,2,4,weekday,0,0,100,18.0,6.6,5.04,0.0,5.04,-5.04,DEFICIT,4.48,3.37,3.81,2.25
2024-06-28 03:00,6,3,4,weekday,0,0,100,17.8,3.3,5,3.91,8.91,-8.91,DEFICIT,4.45,3.35,3.78,2.25
2024-06-28 04:00,6,4,4,weekday,0,0,99.2,15.7,5.6,5,0.0,5.0,-5.0,BALANCED,4.51,3.38,3.83,2.25
2024-06-28 05:00,6,5,4,weekday,0,0,100,20.6,5.6,5.26,3.5,8.76,-8.76,DEFICIT,4.7,3.48,4.0,2.25
2024-06-28 06:00,6,6,4,weekday,44.7,4.53,100,19.9,5.9,17.54,0,17.54,-13.01,DEFICIT,5.8,4.02,4.93,2.25
2024-06-28 07:00,6,7,4,weekday,157.8,16.0,100,20.3,4.5,18.26,20.33,38.59,-22.59,DEFICIT,6.14,4.19,5.21,2.25
2024-06-28 08:00,6,8,4,weekday,336.8,34.15,100,24.4,6.2,15.53,7.77,23.3,10.85,SURPLUS,5.62,3.93,4.78,2.25
2024-06-28 09:00,6,9,4,weekday,490.0,49.69,100,25.0,4.4,12.39,6.22,18.61,31.08,SURPLUS,5.66,3.96,4.81,2.25
2024-06-28 10:00,6,10,4,weekday,695.3,70.25,94.9,25.9,4.8,11.24,0,11.24,59.01,SURPLUS,3.78,3.01,3.21,2.25
2024-06-28 11:00,6,11,4,weekday,902.7,90.61,89.1,27.5,4.9,11.14,0,11.14,79.47,SURPLUS,4.34,3.3,3.69,2.25
2024-06-28 12:00,6,12,4,weekday,840.3,83.85,100,29.0,5.2,10.03,0,10.03,73.82,SURPLUS,3.43,2.84,2.92,2.25
2024-06-28 13:00,6,13,4,weekday,990.5,98.71,98.2,29.3,4.9,11.52,0,11.52,87.19,SURPLUS,4.74,3.49,4.03,2.25
2024-06-28 14:00,6,14,4,weekday,705.9,70.33,100,29.4,7.1,9.65,0,9.65,60.68,SURPLUS,4.03,3.14,3.42,2.25
2024-06-28 15:00,6,15,4,weekday,591.3,58.97,100,29.1,4.1,10.63,0,10.63,48.34,SURPLUS,3.57,2.91,3.03,2.25
2024-06-28 16:00,6,16,4,weekday,386.4,38.71,100,28.0,7.3,10.29,0,10.29,28.42,SURPLUS,6.23,4.24,5.29,2.25
2024-06-28 17:00,6,17,4,weekday,197.1,19.81,100,27.2,4.9,18.86,0,18.86,0.95,BALANCED,6.82,4.54,5.8,2.25
2024-06-28 18:00,6,18,4,weekday,41.3,4.19,96.8,22.5,4.7,24.03,6.92,30.95,-26.76,DEFICIT,6.88,4.56,5.85,2.25
2024-06-28 19:00,6,19,4,weekday,0,0,100,22.0,5.4,29.33,0.0,29.33,-29.33,DEFICIT,6.76,4.5,5.74,2.25
2024-06-28 20:00,6,20,4,weekday,0,0,100,21.0,4.7,31.27,0.0,31.27,-31.27,DEFICIT,6.97,4.61,5.93,2.25
2024-06-28 21:00,6,21,4,weekday,0,0,95.2,20.6,4.6,20.03,11.37,31.4,-31.4,DEFICIT,6.46,4.36,5.49,2.25
2024-06-28 22:00,6,22,4,weekday,0,0,95.4,21.7,3.8,14.5,20.64,35.14,-35.14,DEFICIT,4.89,3.57,4.16,2.25
2024-06-28 23:00,6,23,4,weekday,0,0,93.8,23.4,4.4,9.68,0,9.68,-9.68,DEFICIT,4.99,3.62,4.24,2.25
2024-06-29 00:00,6,0,5,weekend,0,0,63.7,21.6,5.1,8.19,5.06,13.24,-13.24,DEFICIT,4.04,3.14,3.43,2.25
2024-06-29 01:00,6,1,5,weekend,0,0,66.9,21.4,2.7,6.6,0.0,6.6,-6.6,DEFICIT,5.07,3.66,4.31,2.25
2024-06-29 02:00,6,2,5,weekend,0,0,71.2,18.7,4.0,7.65,0.0,7.65,-7.65,DEFICIT,4.88,3.57,4.15,2.25
2024-06-29 03:00,6,3,5,weekend,0,0,64.4,17.4,4.5,5.76,0.0,5.76,-5.76,DEFICIT,4.25,3.25,3.61,2.25
2024-06-29 04:00,6,4,5,weekend,0,0,59.1,16.8,3.8,5.18,4.61,9.8,-9.8,DEFICIT,4.22,3.23,3.59,2.25
2024-06-29 05:00,6,5,5,weekend,0,0,50.3,18.6,5.1,6.68,0.0,6.68,-6.68,DEFICIT,4.64,3.44,3.94,2.25
2024-06-29 06:00,6,6,5,weekend,22.6,2.29,45.7,19.6,4.3,16.91,0,16.91,-14.62,DEFICIT,5.7,3.98,4.85,2.25
2024-06-29 07:00,6,7,5,weekend,83.5,8.46,53.6,22.0,4.4,33.93,7.61,41.54,-33.08,DEFICIT,6.37,4.31,5.42,2.25
2024-06-29 08:00,6,8,5,weekend,189.8,19.25,66.8,23.0,6.0,17.38,0.0,17.38,1.87,BALANCED,5.7,3.97,4.84,2.25
2024-06-29 09:00,6,9,5,weekend,273.9,27.47,55.6,27.7,3.7,12.71,9.2,21.92,5.55,SURPLUS,5.47,3.86,4.65,2.25
2024-06-29 10:00,6,10,5,weekend,348.3,35.32,62.3,25.0,2.3,11.74,0,11.74,23.58,SURPLUS,3.95,3.1,3.35,2.25
2024-06-29 11:00,6,11,5,weekend,435.3,43.54,51.9,28.4,4.5,12.37,0,12.37,31.17,SURPLUS,3.34,2.8,2.84,2.25
2024-06-29 12:00,6,12,5,weekend,471.1,47.1,57.8,28.5,5.3,13.13,0,13.13,33.97,SURPLUS,3.68,2.97,3.13,2.25
2024-06-29 13:00,6,13,5,weekend,333.6,33.15,42.2,30.0,8.1,11.76,0,11.76,21.39,SURPLUS,3.63,2.94,3.09,2.25
2024-06-29 14:00,6,14,5,weekend,341.2,34.11,54.2,28.5,5.7,11.48,0,11.48,22.63,SURPLUS,3.78,3.01,3.21,2.25
2024-06-29 15:00,6,15,5,weekend,284.2,28.33,55.7,29.3,5.5,13.75,0,13.75,14.58,SURPLUS,3.79,3.02,3.22,2.25
2024-06-29 16:00,6,16,5,weekend,230.9,23.12,57.8,28.1,4.8,13.98,0,13.98,9.14,SURPLUS,7.17,4.71,6.09,2.25
2024-06-29 17:00,6,17,5,weekend,104.1,10.53,61.1,25.7,4.7,18.14,0,18.14,-7.61,DEFICIT,6.98,4.62,5.93,2.25
2024-06-29 18:00,6,18,5,weekend,22.2,2.25,42.3,24.7,3.8,27.7,21.67,49.37,-47.12,DEFICIT,6.94,4.6,5.9,2.25
2024-06-29 19:00,6,19,5,weekend,0,0,59.9,25.6,3.9,31.71,16.04,47.75,-47.75,DEFICIT,7.23,4.74,6.15,2.25
2024-06-29 20:00,6,20,5,weekend,0,0,65.1,24.8,5.7,26.98,13.66,40.64,-40.64,DEFICIT,6.73,4.49,5.72,2.25
2024-06-29 21:00,6,21,5,weekend,0,0,71.5,23.1,5.4,23.67,9.65,33.33,-33.33,DEFICIT,6.24,4.25,5.31,2.25
2024-06-29 22:00,6,22,5,weekend,0,0,67.3,20.4,3.9,15.34,15.53,30.87,-30.87,DEFICIT,4.87,3.56,4.14,2.25
2024-06-29 23:00,6,23,5,weekend,0,0,53.4,21.7,5.8,12.6,0,12.6,-12.6,DEFICIT,5.4,3.83,4.59,2.25
2024-06-30 00:00,6,0,6,weekend,0,0,88.4,19.1,5.0,7.76,0.0,7.76,-7.76,DEFICIT,4.97,3.61,4.23,2.25
2024-06-30 01:00,6,1,6,weekend,0,0,89.8,20.5,6.0,6.69,2.13,8.82,-8.82,DEFICIT,4.52,3.38,3.84,2.25
2024-06-30 02:00,6,2,6,weekend,0,0,98.9,18.0,4.7,6.2,0.0,6.2,-6.2,DEFICIT,4.18,3.21,3.55,2.25
2024-06-30 03:00,6,3,6,weekend,0,0,89.2,17.1,5.9,5,4.73,9.73,-9.73,DEFICIT,4.7,3.47,3.99,2.25
2024-06-30 04:00,6,4,6,weekend,0,0,100,18.9,5.1,5.17,0.0,5.17,-5.17,DEFICIT,4.05,3.15,3.44,2.25
2024-06-30 05:00,6,5,6,weekend,0,0,94.8,19.4,4.5,5.94,3.99,9.93,-9.93,DEFICIT,4.96,3.61,4.22,2.25
2024-06-30 06:00,6,6,6,weekend,28.7,2.91,89.4,21.2,5.6,18.9,0,18.9,-15.99,DEFICIT,5.66,3.96,4.81,2.25
2024-06-30 07:00,6,7,6,weekend,138.9,14.08,74.6,22.6,4.0,25.69,12.15,37.84,-23.76,DEFICIT,5.72,3.98,4.86,2.25
2024-06-30 08:00,6,8,6,weekend,288.3,29.23,81.4,21.7,3.8,20.67,13.94,34.61,-5.38,DEFICIT,5.45,3.85,4.63,2.25
2024-06-30 09:00,6,9,6,weekend,437.0,44.25,77.1,25.3,4.6,13.81,0.0,13.81,30.44,SURPLUS,5.63,3.94,4.78,2.25
2024-06-30 10:00,6,10,6,weekend,530.9,53.84,67.9,22.9,5.2,11.77,0,11.77,42.07,SURPLUS,3.78,3.02,3.21,2.25
2024-06-30 11:00,6,11,6,weekend,541.9,54.26,77.8,28.1,5.5,11.23,0,11.23,43.03,SURPLUS,3.59,2.92,3.05,2.25
2024-06-30 12:00,6,12,6,weekend,681.7,68.79,73.8,26.2,8.7,14.06,0,14.06,54.73,SURPLUS,3.81,3.03,3.24,2.25
2024-06-30 13:00,6,13,6,weekend,540.5,54.02,79.8,28.6,5.1,13.31,0,13.31,40.71,SURPLUS,3.55,2.9,3.02,2.25
2024-06-30 14:00,6,14,6,weekend,564.1,56.45,76.9,28.3,4.9,12.33,0,12.33,44.12,SURPLUS,4.0,3.12,3.4,2.25
2024-06-30 15:00,6,15,6,weekend,456.2,45.91,78.7,26.9,4.9,11.3,0,11.3,34.61,SURPLUS,4.27,3.26,3.63,2.25
2024-06-30 16:00,6,16,6,weekend,306.5,30.99,93.9,25.7,6.1,17.16,0,17.16,13.83,SURPLUS,6.84,4.55,5.82,2.25
2024-06-30 17:00,6,17,6,weekend,131.1,13.2,86.2,26.7,4.3,20.36,0,20.36,-7.16,DEFICIT,6.79,4.52,5.77,2.25
2024-06-30 18:00,6,18,6,weekend,34.9,3.51,77.7,27.2,5.8,33.78,8.06,41.83,-38.33,DEFICIT,7.25,4.75,6.16,2.25
2024-06-30 19:00,6,19,6,weekend,0,0,93.9,22.3,3.9,34.34,6.06,40.4,-40.4,DEFICIT,7.04,4.65,5.99,2.25
2024-06-30 20:00,6,20,6,weekend,0,0,96.0,23.1,3.5,30.61,0.0,30.61,-30.61,DEFICIT,6.71,4.48,5.7,2.25
2024-06-30 21:00,6,21,6,weekend,0,0,86.8,21.3,4.3,24.35,11.12,35.47,-35.47,DEFICIT,6.68,4.46,5.68,2.25
2024-06-30 22:00,6,22,6,weekend,0,0,95.7,22.4,4.9,14.01,8.43,22.44,-22.44,DEFICIT,4.21,3.23,3.58,2.25
2024-06-30 23:00,6,23,6,weekend,0,0,94.3,23.1,4.7,10.07,0,10.07,-10.07,DEFICIT,4.0,3.12,3.4,2.25
2024-07-01 00:00,7,0,0,weekday,0,0,77.1,19.9,4.7,6.1,4.73,10.83,-10.83,DEFICIT,4.2,3.23,3.57,2.25
2024-07-01 01:00,7,1,0,weekday,0,0,81.9,19.3,5.5,5.51,3.99,9.5,-9.5,DEFICIT,4.84,3.55,4.12,2.25
2024-07-01 02:00,7,2,0,weekday,0,0,79.7,17.7,5.0,5.05,0.0,5.05,-5.05,DEFICIT,4.25,3.25,3.61,2.25
2024-07-01 03:00,7,3,0,weekday,0,0,86.4,16.3,4.7,5,0.0,5.0,-5.0,BALANCED,4.7,3.48,4.0,2.25
2024-07-01 04:00,7,4,0,weekday,0,0,94.6,18.6,5.7,5,3.93,8.93,-8.93,DEFICIT,5.25,3.75,4.46,2.25
2024-07-01 05:00,7,5,0,weekday,0,0,89.6,17.9,4.4,5.44,0.0,5.44,-5.44,DEFICIT,4.31,3.28,3.66,2.25
2024-07-01 06:00,7,6,0,weekday,24.3,2.47,82.5,16.4,2.8,16.47,0,16.47,-14.0,DEFICIT,5.52,3.88,4.69,2.25
2024-07-01 07:00,7,7,0,weekday,77.2,7.83,74.8,20.8,4.1,22.67,0.0,22.67,-14.84,DEFICIT,5.52,3.89,4.69,2.25
2024-07-01 08:00,7,8,0,weekday,204.0,20.69,59.4,20.8,4.9,14.36,0.0,14.36,6.32,SURPLUS,6.12,4.19,5.2,2.25
2024-07-01 09:00,7,9,0,weekday,291.4,29.45,68.6,25.9,3.4,11.24,0.0,11.24,18.22,SURPLUS,4.92,3.58,4.18,2.25
2024-07-01 10:00,7,10,0,weekday,414.4,42.02,78.1,23.4,5.5,8.68,0,8.68,33.35,SURPLUS,3.47,2.86,2.95,2.25
2024-07-01 11:00,7,11,0,weekday,438.3,44.24,88.0,26.1,3.8,11.13,0,11.13,33.12,SURPLUS,3.81,3.03,3.24,2.25
2024-07-01 12:00,7,12,0,weekday,498.2,50.29,76.9,26.2,6.1,12.51,0,12.51,37.78,SURPLUS,3.87,3.06,3.29,2.25
2024-07-01 13:00,7,13,0,weekday,489.8,49.46,88.6,26.1,5.5,12.55,0,12.55,36.91,SURPLUS,3.69,2.97,3.14,2.25
2024-07-01 14:00,7,14,0,weekday,450.5,44.92,77.2,29.2,4.3,9.2,0,9.2,35.71,SURPLUS,4.01,3.13,3.41,2.25
2024-07-01 15:00,7,15,0,weekday,313.9,31.42,87.6,28.2,4.7,12.54,0,12.54,18.89,SURPLUS,3.52,2.89,3.0,2.25
2024-07-01 16:00,7,16,0,weekday,234.5,23.7,71.2,25.8,5.7,13.12,0,13.12,10.58,SURPLUS,6.72,4.49,5.72,2.25
2024-07-01 17:00,7,17,0,weekday,110.0,11.05,90.4,27.3,4.9,17.32,0,17.32,-6.27,DEFICIT,6.92,4.58,5.88,2.25
2024-07-01 18:00,7,18,0,weekday,22.9,2.32,89.2,24.7,4.7,28.35,7.43,35.79,-33.47,DEFICIT,6.39,4.32,5.43,2.25
2024-07-01 19:00,7,19,0,weekday,0,0,89.0,24.8,5.7,31.43,7.07,38.5,-38.5,DEFICIT,7.47,4.86,6.35,2.25
2024-07-01 20:00,7,20,0,weekday,0,0,85.3,20.9,5.0,32.86,18.34,51.2,-51.2,DEFICIT,6.93,4.59,5.89,2.25
2024-07-01 21:00,7,21,0,weekday,0,0,93.3,21.6,5.3,19.31,18.92,38.23,-38.23,DEFICIT,7.14,4.7,6.07,2.25
2024-07-01 22:00,7,22,0,weekday,0,0,72.4,20.7,4.9,17.09,7.77,24.87,-24.87,DEFICIT,4.33,3.29,3.68,2.25
2024-07-01 23:00,7,23,0,weekday,0,0,87.0,23.0,3.5,8.66,0,8.66,-8.66,DEFICIT,4.3,3.28,3.66,2.25
2024-07-02 00:00,7,0,1,weekday,0,0,66.0,18.6,3.8,7.02,4.88,11.91,-11.91,DEFICIT,4.84,3.54,4.11,2.25
2024-07-02 01:00,7,1,1,weekday,0,0,63.7,20.1,5.0,5.8,0.0,5.8,-5.8,DEFICIT,4.31,3.28,3.67,2.25
2024-07-02 02:00,7,2,1,weekday,0,0,71.3,22.5,3.4,5,0.0,5.0,-5.0,BALANCED,4.21,3.23,3.58,2.25
2024-07-02 03:00,7,3,1,weekday,0,0,59.8,18.6,4.3,5,2.99,7.99,-7.99,DEFICIT,4.29,3.27,3.65,2.25
2024-07-02 04:00,7,4,1,weekday,0,0,80.1,18.4,4.4,5,0.0,5.0,-5.0,BALANCED,4.64,3.44,3.94,2.25
2024-07-02 05:00,7,5,1,weekday,0,0,55.7,19.4,4.1,6.34,0.0,6.34,-6.34,DEFICIT,4.29,3.27,3.65,2.25
2024-07-02 06:00,7,6,1,weekday,22.8,2.31,66.9,21.5,3.2,16.79,0,16.79,-14.48,DEFICIT,5.69,3.97,4.84,2.25
2024-07-02 07:00,7,7,1,weekday,84.7,8.59,73.0,22.6,4.5,18.98,10.81,29.8,-21.21,DEFICIT,5.91,4.08,5.03,2.25
2024-07-02 08:00,7,8,1,weekday,153.9,15.6,62.7,21.4,4.3,18.31,0.0,18.31,-2.71,BALANCED,5.8,4.02,4.93,2.25
2024-07-02 09:00,7,9,1,weekday,245.2,24.86,77.3,24.2,3.5,10.82,10.92,21.74,3.12,BALANCED,6.04,4.14,5.13,2.25
2024-07-02 10:00,7,10,1,weekday,275.8,27.75,83.6,26.9,4.0,12.0,0,12.0,15.75,SURPLUS,3.57,2.91,3.03,2.25
2024-07-02 11:00,7,11,1,weekday,430.5,43.59,64.9,25.3,5.6,11.25,0,11.25,32.34,SURPLUS,3.68,2.97,3.13,2.25
2024-07-02 12:00,7,12,1,weekday,403.0,40.39,59.2,27.9,6.5,12.02,0,12.02,28.37,SURPLUS,4.06,3.15,3.45,2.25
2024-07-02 13:00,7,13,1,weekday,421.3,42.41,78.1,26.8,5.4,10.93,0,10.93,31.47,SURPLUS,3.63,2.94,3.09,2.25
2024-07-02 14:00,7,14,1,weekday,405.4,40.54,75.6,28.5,4.4,10.45,0,10.45,30.09,SURPLUS,3.76,3.01,3.2,2.25
2024-07-02 15:00,7,15,1,weekday,252.8,25.55,53.9,25.9,4.8,11.22,0,11.22,14.32,SURPLUS,4.0,3.13,3.4,2.25
2024-07-02 16:00,7,16,1,weekday,205.1,20.57,67.1,27.7,4.1,12.04,0,12.04,8.54,SURPLUS,6.54,4.39,5.56,2.25
2024-07-02 17:00,7,17,1,weekday,75.5,7.65,65.1,24.1,2.7,17.16,0,17.16,-9.5,DEFICIT,7.15,4.7,6.08,2.25
2024-07-02 18:00,7,18,1,weekday,22.7,2.3,65.9,23.8,4.7,23.3,6.68,29.98,-27.68,DEFICIT,6.4,4.32,5.44,2.25
2024-07-02 19:00,7,19,1,weekday,0,0,63.5,25.2,5.1,27.63,8.34,35.97,-35.97,DEFICIT,6.88,4.57,5.85,2.25
2024-07-02 20:00,7,20,1,weekday,0,0,74.7,22.1,4.8,24.65,19.64,44.28,-44.28,DEFICIT,6.27,4.26,5.33,2.25
2024-07-02 21:00,7,21,1,weekday,0,0,99.1,21.9,4.7,20.66,19.92,40.58,-40.58,DEFICIT,6.72,4.49,5.72,2.25
2024-07-02 22:00,7,22,1,weekday,0,0,71.7,21.5,2.8,13.53,0.0,13.53,-13.53,DEFICIT,4.97,3.61,4.22,2.25
2024-07-02 23:00,7,23,1,weekday,0,0,65.5,19.2,3.9,10.11,0,10.11,-10.11,DEFICIT,4.35,3.3,3.7,2.25
2024-07-03 00:00,7,0,2,weekday,0,0,99.6,19.0,4.3,6.95,0.0,6.95,-6.95,DEFICIT,4.62,3.43,3.93,2.25
2024-07-03 01:00,7,1,2,weekday,0,0,89.3,19.5,5.0,5.09,2.39,7.47,-7.47,DEFICIT,4.1,3.17,3.48,2.25
2024-07-03 02:00,7,2,2,weekday,0,0,100,20.0,4.5,5.61,0.0,5.61,-5.61,DEFICIT,4.52,3.38,3.84,2.25
2024-07-03 03:00,7,3,2,weekday,0,0,100,18.9,5.5,5,2.16,7.16,-7.16,DEFICIT,4.91,3.58,4.17,2.25
2024-07-03 04:00,7,4,2,weekday,0,0,97.3,17.3,4.3,5,0.0,5.0,-5.0,BALANCED,4.45,3.35,3.78,2.25
2024-07-03 05:00,7,5,2,weekday,0,0,100,19.3,4.7,6.0,2.24,8.25,-8.25,DEFICIT,5.38,3.82,4.58,2.25
2024-07-03 06:00,7,6,2,weekday,36.1,3.66,100,20.3,6.1,17.4,0,17.4,-13.74,DEFICIT,5.44,3.84,4.62,2.25
2024-07-03 07:00,7,7,2,weekday,120.5,12.22,100,20.6,3.6,22.37,12.75,35.13,-22.91,DEFICIT,6.41,4.33,5.45,2.25
2024-07-03 08:00,7,8,2,weekday,272.6,27.64,100,23.5,2.6,19.63,0.0,19.63,8.01,SURPLUS,5.41,3.83,4.59,2.25
2024-07-03 09:00,7,9,2,weekday,331.5,33.46,100,26.1,5.4,9.07,11.5,20.57,12.89,SURPLUS,5.72,3.98,4.86,2.25
2024-07-03 10:00,7,10,2,weekday,498.4,50.28,100,26.3,4.6,9.73,0,9.73,40.55,SURPLUS,3.93,3.09,3.34,2.25
2024-07-03 11:00,7,11,2,weekday,626.6,63.35,88.1,25.7,4.2,8.35,0,8.35,55.0,SURPLUS,4.09,3.17,3.48,2.25
2024-07-03 12:00,7,12,2,weekday,615.5,62.09,100,26.3,6.2,11.85,0,11.85,50.24,SURPLUS,3.37,2.81,2.87,2.25
2024-07-03 13:00,7,13,2,weekday,592.2,59.37,93.5,27.8,5.7,10.71,0,10.71,48.65,SURPLUS,3.85,3.05,3.27,2.25
2024-07-03 14:00,7,14,2,weekday,517.4,51.67,89.7,28.8,4.8,10.94,0,10.94,40.73,SURPLUS,3.61,2.93,3.06,2.25
2024-07-03 15:00,7,15,2,weekday,399.5,40.46,94.5,25.3,5.6,11.04,0,11.04,29.42,SURPLUS,3.54,2.9,3.01,2.25
2024-07-03 16:00,7,16,2,weekday,288.7,28.85,100,28.6,5.6,12.6,0,12.6,16.25,SURPLUS,6.78,4.52,5.76,2.25
2024-07-03 17:00,7,17,2,weekday,149.8,15.13,100,25.9,4.5,13.91,0,13.91,1.22,BALANCED,6.81,4.53,5.79,2.25
2024-07-03 18:00,7,18,2,weekday,33.1,3.34,100,26.0,4.8,18.66,0.0,18.66,-15.32,DEFICIT,6.79,4.52,5.77,2.25
2024-07-03 19:00,7,19,2,weekday,0,0,100,20.4,3.1,27.38,20.98,48.36,-48.36,DEFICIT,6.36,4.31,5.41,2.25
2024-07-03 20:00,7,20,2,weekday,0,0,100,22.0,3.9,25.23,17.2,42.43,-42.43,DEFICIT,6.77,4.51,5.75,2.25
2024-07-03 21:00,7,21,2,weekday,0,0,91.1,23.5,5.7,23.12,20.11,43.23,-43.23,DEFICIT,6.83,4.54,5.81,2.25
2024-07-03 22:00,7,22,2,weekday,0,0,98.9,21.4,5.1,12.41,13.89,26.29,-26.29,DEFICIT,4.18,3.21,3.55,2.25
2024-07-03 23:00,7,23,2,weekday,0,0,100,21.8,5.6,8.23,0,8.23,-8.23,DEFICIT,4.34,3.29,3.69,2.25
2024-07-04 00:00,7,0,3,weekday,0,0,81.7,19.9,5.6,7.08,0.0,7.08,-7.08,DEFICIT,4.75,3.5,4.04,2.25
2024-07-04 01:00,7,1,3,weekday,0,0,96.6,17.4,5.4,5.73,2.73,8.46,-8.46,DEFICIT,4.76,3.5,4.05,2.25
2024-07-04 02:00,7,2,3,weekday,0,0,77.7,17.3,4.0,5,0.0,5.0,-5.0,BALANCED,4.67,3.46,3.97,2.25
2024-07-04 03:00,7,3,3,weekday,0,0,77.3,18.9,6.1,5,3.83,8.83,-8.83,DEFICIT,4.08,3.17,3.47,2.25
2024-07-04 04:00,7,4,3,weekday,0,0,99.5,18.1,6.2,5,4.14,9.14,-9.14,DEFICIT,4.24,3.25,3.61,2.25
2024-07-04 05:00,7,5,3,weekday,0,0,84.2,22.5,5.3,5.61,5.45,11.06,-11.06,DEFICIT,4.94,3.59,4.2,2.25
2024-07-04 06:00,7,6,3,weekday,25.7,2.6,83.7,17.7,3.7,15.37,0,15.37,-12.76,DEFICIT,5.83,4.04,4.95,2.25
2024-07-04 07:00,7,7,3,weekday,80.6,8.17,73.9,19.9,6.0,19.94,14.04,33.98,-25.81,DEFICIT,6.09,4.17,5.18,2.25
2024-07-04 08:00,7,8,3,weekday,186.7,18.94,85.4,20.5,4.5,14.03,3.65,17.67,1.26,BALANCED,6.06,4.16,5.15,2.25
2024-07-04 09:00,7,9,3,weekday,286.8,28.79,67.0,27.5,4.8,13.24,0.0,13.24,15.56,SURPLUS,5.69,3.97,4.83,2.25
2024-07-04 10:00,7,10,3,weekday,450.3,45.66,81.0,24.4,4.4,8.15,0,8.15,37.5,SURPLUS,4.06,3.16,3.45,2.25
2024-07-04 11:00,7,11,3,weekday,442.1,44.37,61.8,27.6,4.2,10.98,0,10.98,33.39,SURPLUS,3.97,3.11,3.38,2.25
2024-07-04 12:00,7,12,3,weekday,489.7,49.61,86.7,25.2,5.1,12.04,0,12.04,37.58,SURPLUS,3.34,2.79,2.84,2.25
2024-07-04 13:00,7,13,3,weekday,399.7,39.93,70.5,28.7,5.5,10.21,0,10.21,29.72,SURPLUS,3.98,3.11,3.38,2.25
2024-07-04 14:00,7,14,3,weekday,411.0,41.12,74.1,28.3,4.0,8.82,0,8.82,32.3,SURPLUS,3.86,3.05,3.28,2.25
2024-07-04 15:00,7,15,3,weekday,348.9,35.0,79.0,27.6,5.3,10.36,0,10.36,24.64,SURPLUS,3.31,2.78,2.81,2.25
2024-07-04 16:00,7,16,3,weekday,194.3,19.44,69.8,28.3,7.1,11.56,0,11.56,7.88,SURPLUS,6.82,4.54,5.8,2.25
2024-07-04 17:00,7,17,3,weekday,109.7,11.04,58.7,26.9,4.3,16.7,0,16.7,-5.66,DEFICIT,7.15,4.7,6.08,2.25
2024-07-04 18:00,7,18,3,weekday,21.4,2.17,71.4,21.5,3.9,24.25,9.25,33.5,-31.33,DEFICIT,6.4,4.32,5.44,2.25
2024-07-04 19:00,7,19,3,weekday,0,0,68.8,20.8,4.7,32.1,0.0,32.1,-32.1,DEFICIT,7.3,4.77,6.2,2.25
2024-07-04 20:00,7,20,3,weekday,0,0,84.5,22.7,4.9,25.22,0.0,25.22,-25.22,DEFICIT,6.52,4.39,5.54,2.25
2024-07-04 21:00,7,21,3,weekday,0,0,76.8,20.2,3.3,20.94,0.0,20.94,-20.94,DEFICIT,6.87,4.56,5.84,2.25
2024-07-04 22:00,7,22,3,weekday,0,0,72.5,21.7,4.9,15.36,14.78,30.14,-30.14,DEFICIT,4.0,3.12,3.4,2.25
2024-07-04 23:00,7,23,3,weekday,0,0,82.6,21.2,3.6,10.23,0,10.23,-10.23,DEFICIT,4.76,3.51,4.05,2.25
2024-07-05 00:00,7,0,4,weekday,0,0,60.0,20.1,6.4,6.96,0.0,6.96,-6.96,DEFICIT,4.63,3.44,3.93,2.25
2024-07-05 01:00,7,1,4,weekday,0,0,73.1,19.0,4.0,5.66,4.98,10.65,-10.65,DEFICIT,4.65,3.45,3.96,2.25
2024-07-05 02:00,7,2,4,weekday,0,0,63.8,20.1,4.1,5,0.0,5.0,-5.0,BALANCED,4.74,3.5,4.03,2.25
2024-07-05 03:00,7,3,4,weekday,0,0,61.6,20.8,4.5,5,2.26,7.26,-7.26,DEFICIT,4.5,3.38,3.83,2.25
2024-07-05 04:00,7,4,4,weekday,0,0,65.5,19.8,5.8,5,0.0,5.0,-5.0,BALANCED,5.21,3.73,4.43,2.25
2024-07-05 05:00,7,5,4,weekday,0,0,71.9,18.5,2.9,6.25,0.0,6.25,-6.25,DEFICIT,3.73,2.99,3.17,2.25
2024-07-05 06:00,7,6,4,weekday,17.7,1.79,70.0,18.9,4.9,14.27,0,14.27,-12.48,DEFICIT,5.77,4.01,4.91,2.25
2024-07-05 07:00,7,7,4,weekday,64.4,6.53,53.2,20.2,5.9,23.34,0.0,23.34,-16.82,DEFICIT,5.58,3.92,4.74,2.25
2024-07-05 08:00,7,8,4,weekday,148.6,15.06,65.2,23.1,4.5,16.29,0.0,16.29,-1.23,BALANCED,5.61,3.93,4.77,2.25
2024-07-05 09:00,7,9,4,weekday,200.0,20.28,74.5,23.2,5.7,12.48,4.99,17.48,2.8,BALANCED,5.7,3.97,4.84,2.25
2024-07-05 10:00,7,10,4,weekday,282.0,28.56,55.0,25.3,5.2,9.6,0,9.6,18.96,SURPLUS,3.29,2.77,2.8,2.25
2024-07-05 11:00,7,11,4,weekday,313.3,31.75,62.7,25.2,4.3,9.21,0,9.21,22.54,SURPLUS,3.99,3.12,3.39,2.25
2024-07-05 12:00,7,12,4,weekday,364.4,36.89,51.9,25.4,3.7,11.76,0,11.76,25.13,SURPLUS,3.68,2.97,3.13,2.25
2024-07-05 13:00,7,13,4,weekday,329.8,33.07,64.0,27.8,5.2,12.33,0,12.33,20.74,SURPLUS,3.4,2.83,2.89,2.25
2024-07-05 14:00,7,14,4,weekday,316.2,31.55,50.6,29.0,6.7,10.96,0,10.96,20.59,SURPLUS,3.79,3.02,3.22,2.25
2024-07-05 15:00,7,15,4,weekday,208.1,20.92,64.4,27.2,4.5,10.16,0,10.16,10.76,SURPLUS,3.77,3.01,3.21,2.25
2024-07-05 16:00,7,16,4,weekday,151.1,15.29,66.1,25.4,5.1,13.17,0,13.17,2.13,BALANCED,6.45,4.35,5.48,2.25
2024-07-05 17:00,7,17,4,weekday,80.6,8.12,50.3,26.5,2.9,19.61,0,19.61,-11.49,DEFICIT,7.35,4.8,6.24,2.25
2024-07-05 18:00,7,18,4,weekday,18.6,1.88,63.7,25.1,3.7,22.85,13.39,36.24,-34.36,DEFICIT,6.18,4.22,5.25,2.25
2024-07-05 19:00,7,19,4,weekday,0,0,54.6,24.4,4.4,27.32,6.68,34.0,-34.0,DEFICIT,7.39,4.82,6.28,2.25
2024-07-05 20:00,7,20,4,weekday,0,0,68.2,22.6,5.0,24.18,0.0,24.18,-24.18,DEFICIT,6.57,4.41,5.58,2.25
2024-07-05 21:00,7,21,4,weekday,0,0,65.0,22.1,4.9,18.27,9.89,28.15,-28.15,DEFICIT,7.46,4.86,6.34,2.25
2024-07-05 22:00,7,22,4,weekday,0,0,61.5,19.9,2.9,14.86,11.07,25.93,-25.93,DEFICIT,4.8,3.53,4.08,2.25
2024-07-05 23:00,7,23,4,weekday,0,0,40.0,20.8,6.0,10.13,0,10.13,-10.13,DEFICIT,4.2,3.22,3.57,2.25
2024-07-06 00:00,7,0,5,weekend,0,0,90.9,20.2,5.4,9.61,0.0,9.61,-9.61,DEFICIT,5.3,3.77,4.5,2.25
2024-07-06 01:00,7,1,5,weekend,0,0,97.1,22.2,4.2,6.33,0.0,6.33,-6.33,DEFICIT,3.9,3.07,3.31,2.25
2024-07-06 02:00,7,2,5,weekend,0,0,91.1,19.0,4.3,6.19,0.0,6.19,-6.19,DEFICIT,4.01,3.13,3.41,2.25
2024-07-06 03:00,7,3,5,weekend,0,0,94.6,18.3,4.9,5.88,4.63,10.51,-10.51,DEFICIT,4.25,3.25,3.61,2.25
2024-07-06 04:00,7,4,5,weekend,0,0,100,19.9,3.6,5,3.5,8.5,-8.5,DEFICIT,4.43,3.34,3.77,2.25
2024-07-06 05:00,7,5,5,weekend,0,0,99.6,19.0,4.4,7.21,0.0,7.21,-7.21,DEFICIT,4.63,3.44,3.93,2.25
2024-07-06 06:00,7,6,5,weekend,47.2,4.78,100,19.1,3.2,17.77,0,17.77,-12.99,DEFICIT,4.74,3.5,4.03,2.25
2024-07-06 07:00,7,7,5,weekend,129.7,13.16,100,24.4,3.3,18.91,12.01,30.92,-17.76,DEFICIT,5.93,4.09,5.04,2.25
2024-07-06 08:00,7,8,5,weekend,339.2,34.4,100,24.8,4.5,17.58,0.0,17.58,16.81,SURPLUS,5.73,3.99,4.87,2.25
2024-07-06 09:00,7,9,5,weekend,459.9,46.64,100,23.2,4.6,12.23,0.0,12.23,34.41,SURPLUS,5.57,3.91,4.73,2.25
2024-07-06 10:00,7,10,5,weekend,687.9,69.75,100,24.3,5.5,11.41,0,11.41,58.34,SURPLUS,3.6,2.92,3.06,2.25
2024-07-06 11:00,7,11,5,weekend,738.4,74.3,100,26.9,3.8,10.61,0,10.61,63.69,SURPLUS,3.82,3.04,3.25,2.25
2024-07-06 12:00,7,12,5,weekend,696.0,69.76,100,27.9,5.9,15.1,0,15.1,54.67,SURPLUS,3.62,2.93,3.08,2.25
2024-07-06 13:00,7,13,5,weekend,871.4,88.03,100,25.9,4.3,12.37,0,12.37,75.66,SURPLUS,3.66,2.96,3.11,2.25
2024-07-06 14:00,7,14,5,weekend,724.7,72.47,100,28.5,5.8,13.48,0,13.48,58.98,SURPLUS,4.0,3.12,3.4,2.25
2024-07-06 15:00,7,15,5,weekend,570.0,57.58,100,26.0,5.7,14.8,0,14.8,42.77,SURPLUS,3.08,2.67,2.62,2.25
2024-07-06 16:00,7,16,5,weekend,355.6,36.06,100,25.1,6.1,17.21,0,17.21,18.84,SURPLUS,6.92,4.59,5.88,2.25
2024-07-06 17:00,7,17,5,weekend,179.1,18.13,100,25.4,5.1,16.23,0,16.23,1.9,BALANCED,7.25,4.75,6.16,2.25
2024-07-06 18:00,7,18,5,weekend,47.0,4.76,100,24.7,4.6,29.37,16.78,46.15,-41.39,DEFICIT,7.04,4.65,5.99,2.25
2024-07-06 19:00,7,19,5,weekend,0,0,100.0,23.1,3.7,32.98,0.0,32.98,-32.98,DEFICIT,7.22,4.73,6.13,2.25
2024-07-06 20:00,7,20,5,weekend,0,0,99.3,21.9,5.8,29.78,12.07,41.85,-41.85,DEFICIT,7.28,4.76,6.18,2.25
2024-07-06 21:00,7,21,5,weekend,0,0,100,20.5,4.2,20.05,20.23,40.28,-40.28,DEFICIT,6.9,4.58,5.87,2.25
2024-07-06 22:00,7,22,5,weekend,0,0,98.6,23.3,4.2,16.2,13.47,29.66,-29.66,DEFICIT,4.46,3.36,3.79,2.25
2024-07-06 23:00,7,23,5,weekend,0,0,81.9,20.3,5.0,10.3,0,10.3,-10.3,DEFICIT,4.8,3.53,4.08,2.25
2024-07-07 00:00,7,0,6,weekend,0,0,89.1,20.7,4.8,9.34,0.0,9.34,-9.34,DEFICIT,4.86,3.56,4.13,2.25
2024-07-07 01:00,7,1,6,weekend,0,0,79.8,18.6,4.9,7.16,4.09,11.25,-11.25,DEFICIT,4.34,3.29,3.69,2.25
2024-07-07 02:00,7,2,6,weekend,0,0,76.6,19.4,5.3,6.22,3.37,9.58,-9.58,DEFICIT,4.49,3.37,3.81,2.25
2024-07-07 03:00,7,3,6,weekend,0,0,67.3,17.7,5.4,5.8,2.12,7.92,-7.92,DEFICIT,4.7,3.48,4.0,2.25
2024-07-07 04:00,7,4,6,weekend,0,0,75.9,19.3,4.2,5.68,0.0,5.68,-5.68,DEFICIT,4.4,3.33,3.74,2.25
2024-07-07 05:00,7,5,6,weekend,0,0,91.3,19.8,3.2,7.23,3.88,11.11,-11.11,DEFICIT,4.18,3.22,3.56,2.25
2024-07-07 06:00,7,6,6,weekend,23.9,2.42,67.8,17.5,3.2,17.21,0,17.21,-14.79,DEFICIT,6.29,4.27,5.35,2.25
2024-07-07 07:00,7,7,6,weekend,83.8,8.49,79.5,20.0,4.7,26.93,21.79,48.72,-40.23,DEFICIT,5.24,3.75,4.45,2.25
2024-07-07 08:00,7,8,6,weekend,175.2,17.77,65.3,24.4,5.4,15.56,0.0,15.56,2.2,BALANCED,5.6,3.92,4.76,2.25
2024-07-07 09:00,7,9,6,weekend,271.1,27.49,70.5,23.2,4.8,14.66,16.73,31.39,-3.91,BALANCED,6.18,4.22,5.26,2.25
2024-07-07 10:00,7,10,6,weekend,320.9,32.54,76.9,24.2,4.9,10.9,0,10.9,21.63,SURPLUS,3.63,2.94,3.09,2.25
2024-07-07 11:00,7,11,6,weekend,447.0,45.14,62.5,26.0,4.4,13.08,0,13.08,32.06,SURPLUS,3.77,3.01,3.2,2.25
2024-07-07 12:00,7,12,6,weekend,491.0,49.12,73.9,28.3,4.3,11.64,0,11.64,37.48,SURPLUS,3.75,3.0,3.19,2.25
2024-07-07 13:00,7,13,6,weekend,466.2,46.78,77.4,27.6,6.7,12.95,0,12.95,33.84,SURPLUS,3.79,3.02,3.22,2.25
2024-07-07 14:00,7,14,6,weekend,421.9,42.23,79.7,28.2,5.3,11.48,0,11.48,30.75,SURPLUS,3.73,2.99,3.17,2.25
2024-07-07 15:00,7,15,6,weekend,258.8,25.98,59.4,27.6,5.1,13.37,0,13.37,12.61,SURPLUS,3.61,2.93,3.07,2.25
2024-07-07 16:00,7,16,6,weekend,193.2,19.34,71.9,28.2,5.7,13.75,0,13.75,5.59,SURPLUS,6.85,4.55,5.82,2.25
2024-07-07 17:00,7,17,6,weekend,97.9,9.84,68.4,27.4,3.8,21.54,0,21.54,-11.7,DEFICIT,6.92,4.58,5.88,2.25
2024-07-07 18:00,7,18,6,weekend,24.7,2.5,65.6,25.9,4.9,31.59,7.74,39.33,-36.83,DEFICIT,6.2,4.23,5.27,2.25
2024-07-07 19:00,7,19,6,weekend,0,0,65.2,25.9,4.3,32.05,13.44,45.48,-45.48,DEFICIT,7.32,4.78,6.22,2.25
2024-07-07 20:00,7,20,6,weekend,0,0,97.7,23.1,4.7,28.81,0.0,28.81,-28.81,DEFICIT,6.66,4.45,5.66,2.25
2024-07-07 21:00,7,21,6,weekend,0,0,83.6,22.2,4.5,24.17,7.74,31.91,-31.91,DEFICIT,6.83,4.54,5.8,2.25
2024-07-07 22:00,7,22,6,weekend,0,0,75.8,18.1,3.5,17.15,6.61,23.76,-23.76,DEFICIT,4.42,3.34,3.76,2.25
2024-07-07 23:00,7,23,6,weekend,0,0,75.8,22.1,5.3,10.1,0,10.1,-10.1,DEFICIT,3.52,2.89,2.99,2.25
2024-07-08 00:00,7,0,0,weekday,0,0,98.0,19.7,4.6,7.46,0.0,7.46,-7.46,DEFICIT,5.08,3.67,4.32,2.25
2024-07-08 01:00,7,1,0,weekday,0,0,100,20.5,4.0,5.43,4.18,9.62,-9.62,DEFICIT,4.6,3.42,3.91,2.25
2024-07-08 02:00,7,2,0,weekday,0,0,100,16.8,3.8,5.24,0.0,5.24,-5.24,DEFICIT,4.41,3.33,3.75,2.25
2024-07-08 03:00,7,3,0,weekday,0,0,93.8,17.5,3.5,5,2.5,7.5,-7.5,DEFICIT,4.39,3.32,3.73,2.25
2024-07-08 04:00,7,4,0,weekday,0,0,92.5,20.1,4.0,5,0.0,5.0,-5.0,BALANCED,4.36,3.31,3.71,2.25
2024-07-08 05:00,7,5,0,weekday,0,0,98.7,18.8,5.0,5.97,3.67,9.63,-9.63,DEFICIT,4.37,3.31,3.71,2.25
2024-07-08 06:00,7,6,0,weekday,30.2,3.06,96.0,21.3,4.7,17.19,0,17.19,-14.13,DEFICIT,6.42,4.34,5.46,2.25
2024-07-08 07:00,7,7,0,weekday,107.9,10.94,87.2,19.8,4.2,19.49,0.0,19.49,-8.55,DEFICIT,6.1,4.17,5.18,2.25
2024-07-08 08:00,7,8,0,weekday,245.6,24.91,97.9,21.3,4.5,16.61,0.0,16.61,8.29,SURPLUS,6.12,4.19,5.2,2.25
2024-07-08 09:00,7,9,0,weekday,350.5,35.19,92.4,27.4,4.0,10.98,20.81,31.79,3.41,BALANCED,6.05,4.15,5.15,2.25
2024-07-08 10:00,7,10,0,weekday,457.6,46.16,100,26.3,4.5,11.4,0,11.4,34.75,SURPLUS,3.14,2.69,2.67,2.25
2024-07-08 11:00,7,11,0,weekday,522.0,52.55,98.3,26.8,4.5,9.36,0,9.36,43.19,SURPLUS,4.1,3.18,3.49,2.25
2024-07-08 12:00,7,12,0,weekday,606.0,60.56,95.7,28.6,4.7,13.0,0,13.0,47.56,SURPLUS,3.81,3.03,3.24,2.25
2024-07-08 13:00,7,13,0,weekday,597.8,60.53,92.8,25.4,4.3,9.59,0,9.59,50.93,SURPLUS,3.96,3.11,3.37,2.25
2024-07-08 14:00,7,14,0,weekday,489.5,48.6,89.5,30.2,5.3,11.22,0,11.22,37.39,SURPLUS,4.16,3.2,3.54,2.25
2024-07-08 15:00,7,15,0,weekday,405.3,40.65,87.1,27.8,5.0,12.18,0,12.18,28.47,SURPLUS,3.71,2.98,3.15,2.25
2024-07-08 16:00,7,16,0,weekday,346.6,34.87,93.8,27.0,3.8,12.67,0,12.67,22.2,SURPLUS,6.49,4.37,5.52,2.25
2024-07-08 17:00,7,17,0,weekday,142.9,14.37,90.4,27.1,4.5,17.03,0,17.03,-2.66,BALANCED,6.74,4.5,5.73,2.25
2024-07-08 18:00,7,18,0,weekday,33.8,3.42,100,24.8,4.6,24.52,0.0,24.52,-21.1,DEFICIT,6.28,4.26,5.34,2.25
2024-07-08 19:00,7,19,0,weekday,0,0,100,22.2,5.7,22.24,9.57,31.81,-31.81,DEFICIT,7.36,4.8,6.26,2.25
2024-07-08 20:00,7,20,0,weekday,0,0,100,23.6,3.2,25.32,21.43,46.75,-46.75,DEFICIT,7.43,4.84,6.31,2.25
2024-07-08 21:00,7,21,0,weekday,0,0,88.9,21.5,4.1,25.59,5.63,31.22,-31.22,DEFICIT,6.21,4.23,5.28,2.25
2024-07-08 22:00,7,22,0,weekday,0,0,99.4,25.1,5.6,14.77,15.79,30.57,-30.57,DEFICIT,4.81,3.53,4.09,2.25
2024-07-08 23:00,7,23,0,weekday,0,0,100,18.3,5.4,10.15,0,10.15,-10.15,DEFICIT,4.35,3.3,3.7,2.25
2024-07-09 00:00,7,0,1,weekday,0,0,80.2,20.9,4.4,8.37,3.43,11.8,-11.8,DEFICIT,5.03,3.64,4.28,2.25
2024-07-09 01:00,7,1,1,weekday,0,0,98.2,20.3,4.7,5.43,0.0,5.43,-5.43,DEFICIT,4.77,3.51,4.06,2.25
2024-07-09 02:00,7,2,1,weekday,0,0,100,18.8,4.1,5.85,0.0,5.85,-5.85,DEFICIT,4.57,3.41,3.89,2.25
2024-07-09 03:00,7,3,1,weekday,0,0,92.4,18.2,5.0,5,2.83,7.83,-7.83,DEFICIT,4.58,3.41,3.89,2.25
2024-07-09 04:00,7,4,1,weekday,0,0,85.9,19.0,3.7,5,2.12,7.12,-7.12,DEFICIT,4.6,3.43,3.91,2.25
2024-07-09 05:00,7,5,1,weekday,0,0,83.5,18.3,4.0,5.13,0.0,5.13,-5.13,DEFICIT,4.4,3.32,3.74,2.25
2024-07-09 06:00,7,6,1,weekday,21.2,2.15,69.7,16.9,5.4,16.45,0,16.45,-14.3,DEFICIT,6.13,4.19,5.21,2.25
2024-07-09 07:00,7,7,1,weekday,89.5,9.07,64.1,18.1,6.4,23.41,7.39,30.8,-21.73,DEFICIT,5.75,4.0,4.88,2.25
2024-07-09 08:00,7,8,1,weekday,164.4,16.67,70.3,21.0,5.0,15.14,0.0,15.14,1.53,BALANCED,5.31,3.78,4.51,2.25
2024-07-09 09:00,7,9,1,weekday,259.7,26.33,83.8,23.8,4.0,10.7,0.0,10.7,15.63,SURPLUS,5.95,4.1,5.06,2.25
2024-07-09 10:00,7,10,1,weekday,365.2,36.81,80.8,26.5,4.6,8.02,0,8.02,28.79,SURPLUS,3.58,2.91,3.04,2.25
2024-07-09 11:00,7,11,1,weekday,431.2,43.37,76.7,27.1,5.4,9.73,0,9.73,33.64,SURPLUS,3.91,3.08,3.33,2.25
2024-07-09 12:00,7,12,1,weekday,489.2,49.46,61.5,25.7,5.7,9.5,0,9.5,39.96,SURPLUS,3.74,2.99,3.18,2.25
2024-07-09 13:00,7,13,1,weekday,422.5,42.11,65.2,29.3,5.5,13.47,0,13.47,28.64,SURPLUS,4.02,3.14,3.42,2.25
2024-07-09 14:00,7,14,1,weekday,397.1,39.84,56.3,27.7,5.0,10.8,0,10.8,29.04,SURPLUS,3.78,3.02,3.22,2.25
2024-07-09 15:00,7,15,1,weekday,271.2,26.98,79.9,29.7,6.9,11.07,0,11.07,15.91,SURPLUS,3.7,2.97,3.14,2.25
2024-07-09 16:00,7,16,1,weekday,225.9,22.82,69.2,26.0,5.2,11.8,0,11.8,11.02,SURPLUS,7.18,4.72,6.11,2.25
2024-07-09 17:00,7,17,1,weekday,102.6,10.4,65.8,24.9,4.4,16.74,0,16.74,-6.33,DEFICIT,6.86,4.56,5.83,2.25
2024-07-09 18:00,7,18,1,weekday,22.7,2.29,67.8,25.5,5.2,23.44,17.61,41.06,-38.77,DEFICIT,7.02,4.63,5.96,2.25
2024-07-09 19:00,7,19,1,weekday,0,0,73.5,19.8,5.0,23.04,9.15,32.19,-32.19,DEFICIT,6.76,4.5,5.75,2.25
2024-07-09 20:00,7,20,1,weekday,0,0,82.9,19.6,4.1,30.03,17.9,47.93,-47.93,DEFICIT,7.02,4.63,5.97,2.25
2024-07-09 21:00,7,21,1,weekday,0,0,73.8,21.1,4.3,19.43,6.69,26.12,-26.12,DEFICIT,7.26,4.76,6.17,2.25
2024-07-09 22:00,7,22,1,weekday,0,0,83.4,18.3,4.4,11.74,8.15,19.89,-19.89,DEFICIT,4.42,3.33,3.75,2.25
2024-07-09 23:00,7,23,1,weekday,0,0,65.8,20.7,4.6,11.54,0,11.54,-11.54,DEFICIT,4.05,3.15,3.44,2.25
2024-07-10 00:00,7,0,2,weekday,0,0,78.6,19.4,3.6,7.11,5.33,12.44,-12.44,DEFICIT,4.17,3.21,3.54,2.25
2024-07-10 01:00,7,1,2,weekday,0,0,70.3,20.0,4.0,5.91,4.86,10.77,-10.77,DEFICIT,4.31,3.28,3.67,2.25
2024-07-10 02:00,7,2,2,weekday,0,0,77.8,17.6,5.1,5.37,0.0,5.37,-5.37,DEFICIT,5.14,3.69,4.37,2.25
2024-07-10 03:00,7,3,2,weekday,0,0,76.1,17.5,4.5,5,2.53,7.53,-7.53,DEFICIT,4.79,3.52,4.07,2.25
2024-07-10 04:00,7,4,2,weekday,0,0,76.0,20.5,4.9,5,0.0,5.0,-5.0,BALANCED,4.53,3.39,3.85,2.25
2024-07-10 05:00,7,5,2,weekday,0,0,55.7,20.1,4.3,5.38,0.0,5.38,-5.38,DEFICIT,5.0,3.63,4.25,2.25
2024-07-10 06:00,7,6,2,weekday,20.1,2.03,69.0,20.7,3.8,17.3,0,17.3,-15.26,DEFICIT,5.87,4.06,4.99,2.25
2024-07-10 07:00,7,7,2,weekday,71.6,7.26,61.7,20.1,5.4,17.26,0.0,17.26,-10.0,DEFICIT,5.46,3.85,4.64,2.25
2024-07-10 08:00,7,8,2,weekday,170.6,17.3,65.7,23.6,3.0,20.49,17.37,37.86,-20.56,DEFICIT,6.0,4.12,5.1,2.25
2024-07-10 09:00,7,9,2,weekday,232.8,23.61,66.2,22.2,4.7,10.43,0.0,10.43,13.18,SURPLUS,5.93,4.09,5.04,2.25
2024-07-10 10:00,7,10,2,weekday,301.1,30.33,68.3,26.6,4.4,9.23,0,9.23,21.11,SURPLUS,3.91,3.08,3.33,2.25
2024-07-10 11:00,7,11,2,weekday,400.9,40.16,60.3,28.0,3.2,9.42,0,9.42,30.74,SURPLUS,4.2,3.22,3.57,2.25
2024-07-10 12:00,7,12,2,weekday,459.0,46.34,68.3,26.1,4.7,12.2,0,12.2,34.15,SURPLUS,4.48,3.36,3.81,2.25
2024-07-10 13:00,7,13,2,weekday,429.3,43.16,61.3,27.1,6.7,11.6,0,11.6,31.56,SURPLUS,4.18,3.22,3.56,2.25
2024-07-10 14:00,7,14,2,weekday,359.8,35.78,64.6,29.9,4.5,10.01,0,10.01,25.77,SURPLUS,3.44,2.85,2.92,2.25
2024-07-10 15:00,7,15,2,weekday,222.5,22.2,68.4,29.0,5.4,10.19,0,10.19,12.02,SURPLUS,3.93,3.09,3.34,2.25
2024-07-10 16:00,7,16,2,weekday,196.4,19.75,62.6,27.1,5.8,13.82,0,13.82,5.93,SURPLUS,7.26,4.76,6.17,2.25
2024-07-10 17:00,7,17,2,weekday,96.8,9.81,54.8,24.6,4.0,13.28,0,13.28,-3.47,BALANCED,6.48,4.36,5.51,2.25
2024-07-10 18:00,7,18,2,weekday,22.3,2.24,71.4,27.3,3.7,19.98,16.71,36.69,-34.45,DEFICIT,7.7,4.98,6.55,2.25
2024-07-10 19:00,7,19,2,weekday,0,0,82.5,21.4,4.9,29.28,16.72,46.0,-46.0,DEFICIT,7.04,4.65,5.99,2.25
2024-07-10 20:00,7,20,2,weekday,0,0,65.2,22.1,3.7,26.6,20.69,47.29,-47.29,DEFICIT,6.96,4.61,5.92,2.25
2024-07-10 21:00,7,21,2,weekday,0,0,66.9,19.3,4.3,19.69,9.59,29.28,-29.28,DEFICIT,6.62,4.43,5.62,2.25
2024-07-10 22:00,7,22,2,weekday,0,0,77.2,20.1,4.3,16.63,14.38,31.01,-31.01,DEFICIT,4.63,3.44,3.94,2.25
2024-07-10 23:00,7,23,2,weekday,0,0,70.3,19.7,4.1,9.8,0,9.8,-9.8,DEFICIT,4.33,3.29,3.68,2.25
2024-07-11 00:00,7,0,3,weekday,0,0,40.1,20.2,5.0,7.31,0.0,7.31,-7.31,DEFICIT,4.24,3.24,3.6,2.25
2024-07-11 01:00,7,1,3,weekday,0,0,44.6,18.1,4.9,5.38,0.0,5.38,-5.38,DEFICIT,4.06,3.16,3.45,2.25
2024-07-11 02:00,7,2,3,weekday,0,0,40.5,18.7,6.3,5,2.97,7.97,-7.97,DEFICIT,4.77,3.51,4.06,2.25
2024-07-11 03:00,7,3,3,weekday,0,0,40.6,19.1,3.9,5,0.0,5.0,-5.0,BALANCED,4.37,3.31,3.71,2.25
2024-07-11 04:00,7,4,3,weekday,0,0,37.3,21.9,3.5,5,3.04,8.04,-8.04,DEFICIT,4.48,3.36,3.81,2.25
2024-07-11 05:00,7,5,3,weekday,0,0,45.0,20.0,2.2,6.68,0.0,6.68,-6.68,DEFICIT,5.13,3.69,4.36,2.25
2024-07-11 06:00,7,6,3,weekday,16.0,1.63,46.9,19.9,4.6,14.92,0,14.92,-13.29,DEFICIT,5.58,3.91,4.74,2.25
2024-07-11 07:00,7,7,3,weekday,44.7,4.53,41.1,23.2,4.4,24.27,0.0,24.27,-19.74,DEFICIT,6.12,4.18,5.2,2.25
2024-07-11 08:00,7,8,3,weekday,107.9,10.94,55.4,22.9,4.5,16.66,17.0,33.66,-22.72,DEFICIT,6.13,4.19,5.21,2.25
2024-07-11 09:00,7,9,3,weekday,166.0,16.84,43.3,22.8,5.2,10.55,7.12,17.67,-0.83,BALANCED,5.82,4.04,4.95,2.25
2024-07-11 10:00,7,10,3,weekday,254.7,25.78,36.0,25.4,3.4,11.24,0,11.24,14.54,SURPLUS,4.15,3.2,3.52,2.25
2024-07-11 11:00,7,11,3,weekday,234.3,23.76,45.5,24.7,5.3,8.02,0,8.02,15.74,SURPLUS,4.36,3.3,3.7,2.25
2024-07-11 12:00,7,12,3,weekday,270.9,27.4,44.9,25.7,5.3,11.14,0,11.14,16.26,SURPLUS,3.73,2.99,3.17,2.25
2024-07-11 13:00,7,13,3,weekday,268.3,26.96,25.2,27.3,4.7,9.96,0,9.96,17.0,SURPLUS,3.42,2.83,2.91,2.25
2024-07-11 14:00,7,14,3,weekday,238.0,23.73,40.7,29.2,7.5,9.6,0,9.6,14.13,SURPLUS,3.84,3.05,3.27,2.25
2024-07-11 15:00,7,15,3,weekday,182.7,18.4,46.2,26.6,4.8,11.19,0,11.19,7.21,SURPLUS,3.8,3.02,3.23,2.25
2024-07-11 16:00,7,16,3,weekday,131.7,13.21,44.7,27.8,6.6,13.95,0,13.95,-0.74,BALANCED,6.59,4.42,5.6,2.25
2024-07-11 17:00,7,17,3,weekday,62.2,6.31,27.3,25.0,4.9,18.21,0,18.21,-11.9,DEFICIT,7.14,4.7,6.07,2.25
2024-07-11 18:00,7,18,3,weekday,14.5,1.47,38.7,22.4,3.9,21.26,15.5,36.76,-35.29,DEFICIT,6.65,4.45,5.65,2.25
2024-07-11 19:00,7,19,3,weekday,0,0,40.9,22.3,5.9,27.18,21.88,49.06,-49.06,DEFICIT,7.14,4.7,6.07,2.25
2024-07-11 20:00,7,20,3,weekday,0,0,39.3,24.5,4.3,22.89,20.89,43.78,-43.78,DEFICIT,5.97,4.11,5.08,2.25
2024-07-11 21:00,7,21,3,weekday,0,0,50.9,24.2,5.4,17.41,12.42,29.83,-29.83,DEFICIT,6.54,4.4,5.56,2.25
2024-07-11 22:00,7,22,3,weekday,0,0,50.7,21.3,3.0,16.21,0.0,16.21,-16.21,DEFICIT,4.42,3.33,3.75,2.25
2024-07-11 23:00,7,23,3,weekday,0,0,53.6,20.6,5.4,9.13,0,9.13,-9.13,DEFICIT,4.45,3.35,3.78,2.25
2024-07-12 00:00,7,0,4,weekday,0,0,100,18.8,3.9,7.54,0.0,7.54,-7.54,DEFICIT,4.23,3.24,3.6,2.25
2024-07-12 01:00,7,1,4,weekday,0,0,100,19.8,5.0,6.46,2.43,8.9,-8.9,DEFICIT,4.69,3.47,3.98,2.25
2024-07-12 02:00,7,2,4,weekday,0,0,90.9,19.9,6.5,5.23,0.0,5.23,-5.23,DEFICIT,4.42,3.33,3.76,2.25
2024-07-12 03:00,7,3,4,weekday,0,0,100,15.4,4.4,5,0.0,5.0,-5.0,BALANCED,5.0,3.62,4.25,2.25
2024-07-12 04:00,7,4,4,weekday,0,0,100,18.6,3.2,5,3.11,8.11,-8.11,DEFICIT,4.74,3.49,4.03,2.25
2024-07-12 05:00,7,5,4,weekday,0,0,94.9,18.9,3.9,5.86,2.94,8.79,-8.79,DEFICIT,4.55,3.4,3.86,2.25
2024-07-12 06:00,7,6,4,weekday,32.6,3.3,100,19.7,3.9,16.2,0,16.2,-12.9,DEFICIT,6.06,4.16,5.16,2.25
2024-07-12 07:00,7,7,4,weekday,124.9,12.67,100,19.8,5.0,21.94,7.93,29.87,-17.2,DEFICIT,5.56,3.9,4.73,2.25
2024-07-12 08:00,7,8,4,weekday,262.6,26.63,100,21.0,5.0,18.72,5.91,24.63,2.0,BALANCED,5.17,3.71,4.4,2.25
2024-07-12 09:00,7,9,4,weekday,420.8,42.52,96.2,25.9,3.1,12.84,0.0,12.84,29.68,SURPLUS,5.78,4.01,4.91,2.25
2024-07-12 10:00,7,10,4,weekday,498.9,49.8,100,28.9,5.8,8.94,0,8.94,40.86,SURPLUS,4.39,3.32,3.73,2.25
2024-07-12 11:00,7,11,4,weekday,557.1,56.34,100,25.7,3.9,9.63,0,9.63,46.71,SURPLUS,4.3,3.27,3.65,2.25
2024-07-12 12:00,7,12,4,weekday,640.8,64.28,100,27.7,3.6,11.17,0,11.17,53.11,SURPLUS,3.36,2.81,2.86,2.25
2024-07-12 13:00,7,13,4,weekday,654.2,65.58,100,27.9,5.5,12.86,0,12.86,52.72,SURPLUS,4.01,3.13,3.41,2.25
2024-07-12 14:00,7,14,4,weekday,618.3,61.87,85.7,28.3,7.3,10.26,0,10.26,51.61,SURPLUS,3.77,3.01,3.2,2.25
2024-07-12 15:00,7,15,4,weekday,460.3,46.41,100,26.5,7.1,11.99,0,11.99,34.41,SURPLUS,3.53,2.89,3.0,2.25
2024-07-12 16:00,7,16,4,weekday,338.0,33.84,97.2,28.2,6.1,15.29,0,15.29,18.55,SURPLUS,6.74,4.5,5.73,2.25
2024-07-12 17:00,7,17,4,weekday,138.3,13.96,100,26.2,4.2,15.6,0,15.6,-1.64,BALANCED,6.53,4.39,5.55,2.25
2024-07-12 18:00,7,18,4,weekday,32.8,3.33,100,25.3,4.6,24.75,0.0,24.75,-21.42,DEFICIT,7.07,4.66,6.01,2.25
2024-07-12 19:00,7,19,4,weekday,0,0,100,21.4,5.0,27.99,12.08,40.08,-40.08,DEFICIT,6.78,4.51,5.76,2.25
2024-07-12 20:00,7,20,4,weekday,0,0,96.8,21.3,3.9,27.39,6.73,34.12,-34.12,DEFICIT,6.36,4.3,5.4,2.25
2024-07-12 21:00,7,21,4,weekday,0,0,100,22.9,4.5,20.53,8.06,28.59,-28.59,DEFICIT,6.34,4.29,5.39,2.25
2024-07-12 22:00,7,22,4,weekday,0,0,99.6,21.2,5.2,11.56,0.0,11.56,-11.56,DEFICIT,4.72,3.48,4.01,2.25
2024-07-12 23:00,7,23,4,weekday,0,0,100,20.5,4.4,9.77,0,9.77,-9.77,DEFICIT,4.39,3.32,3.73,2.25
2024-07-13 00:00,7,0,5,weekend,0,0,47.7,20.8,3.6,8.65,0.0,8.65,-8.65,DEFICIT,4.62,3.44,3.93,2.25
2024-07-13 01:00,7,1,5,weekend,0,0,34.7,18.4,5.7,5.47,2.42,7.9,-7.9,DEFICIT,4.14,3.19,3.51,2.25
2024-07-13 02:00,7,2,5,weekend,0,0,40.9,16.8,5.2,5.17,2.23,7.39,-7.39,DEFICIT,4.62,3.43,3.92,2.25
2024-07-13 03:00,7,3,5,weekend,0,0,42.1,17.2,4.4,5,0.0,5.0,-5.0,BALANCED,4.25,3.25,3.61,2.25
2024-07-13 04:00,7,4,5,weekend,0,0,42.8,14.4,3.3,5.47,4.22,9.69,-9.69,DEFICIT,4.25,3.25,3.61,2.25
2024-07-13 05:00,7,5,5,weekend,0,0,46.0,17.5,4.0,5.98,0.0,5.98,-5.98,DEFICIT,4.19,3.22,3.56,2.25
2024-07-13 06:00,7,6,5,weekend,15.1,1.53,45.4,21.6,5.0,15.5,0,15.5,-13.97,DEFICIT,6.07,4.16,5.16,2.25
2024-07-13 07:00,7,7,5,weekend,51.3,5.2,32.5,20.7,6.0,22.57,0.0,22.57,-17.37,DEFICIT,5.7,3.97,4.84,2.25
2024-07-13 08:00,7,8,5,weekend,111.1,11.26,35.9,23.5,3.7,16.48,19.92,36.4,-25.14,DEFICIT,6.03,4.14,5.13,2.25
2024-07-13 09:00,7,9,5,weekend,162.4,16.47,44.6,24.2,3.4,12.75,8.87,21.62,-5.15,DEFICIT,5.98,4.11,5.08,2.25
2024-07-13 10:00,7,10,5,weekend,213.9,21.53,51.0,26.8,4.6,11.78,0,11.78,9.75,SURPLUS,4.28,3.27,3.64,2.25
2024-07-13 11:00,7,11,5,weekend,291.4,29.54,37.7,25.1,4.4,8.63,0,8.63,20.9,SURPLUS,4.03,3.14,3.43,2.25
2024-07-13 12:00,7,12,5,weekend,295.8,29.72,42.3,27.3,7.6,15.9,0,15.9,13.82,SURPLUS,4.2,3.22,3.57,2.25
2024-07-13 13:00,7,13,5,weekend,240.8,24.17,43.7,27.5,4.6,11.19,0,11.19,12.98,SURPLUS,3.81,3.03,3.24,2.25
2024-07-13 14:00,7,14,5,weekend,227.7,23.0,39.5,26.0,7.3,12.26,0,12.26,10.73,SURPLUS,4.15,3.2,3.53,2.25
2024-07-13 15:00,7,15,5,weekend,181.0,18.21,46.2,26.8,7.6,12.98,0,12.98,5.23,SURPLUS,3.94,3.1,3.35,2.25
2024-07-13 16:00,7,16,5,weekend,111.6,11.31,42.2,24.9,4.3,14.95,0,14.95,-3.64,BALANCED,7.03,4.64,5.98,2.25
2024-07-13 17:00,7,17,5,weekend,62.7,6.35,41.2,24.9,4.2,20.49,0,20.49,-14.14,DEFICIT,6.94,4.59,5.9,2.25
2024-07-13 18:00,7,18,5,weekend,13.8,1.4,53.4,23.0,4.7,24.3,14.36,38.66,-37.26,DEFICIT,7.14,4.7,6.07,2.25
2024-07-13 19:00,7,19,5,weekend,0,0,49.9,23.4,5.2,30.29,0.0,30.29,-30.29,DEFICIT,6.63,4.44,5.64,2.25
2024-07-13 20:00,7,20,5,weekend,0,0,43.7,22.5,3.6,34.05,0.0,34.05,-34.05,DEFICIT,6.65,4.45,5.65,2.25
2024-07-13 21:00,7,21,5,weekend,0,0,61.4,22.4,3.8,26.22,19.04,45.26,-45.26,DEFICIT,6.62,4.44,5.63,2.25
2024-07-13 22:00,7,22,5,weekend,0,0,37.1,21.5,4.3,16.92,12.16,29.09,-29.09,DEFICIT,4.27,3.26,3.63,2.25
2024-07-13 23:00,7,23,5,weekend,0,0,51.5,20.8,3.6,11.07,0,11.07,-11.07,DEFICIT,4.35,3.3,3.7,2.25
2024-07-14 00:00,7,0,6,weekend,0,0,60.0,19.6,3.6,7.27,3.85,11.11,-11.11,DEFICIT,4.51,3.38,3.83,2.25
2024-07-14 01:00,7,1,6,weekend,0,0,56.3,18.5,6.3,6.46,4.39,10.85,-10.85,DEFICIT,4.37,3.31,3.71,2.25
2024-07-14 02:00,7,2,6,weekend,0,0,53.5,20.8,5.3,5.11,0.0,5.11,-5.11,DEFICIT,4.23,3.24,3.6,2.25
2024-07-14 03:00,7,3,6,weekend,0,0,45.9,19.0,4.3,5,5.22,10.22,-10.22,DEFICIT,4.15,3.2,3.53,2.25
2024-07-14 04:00,7,4,6,weekend,0,0,69.8,19.3,5.7,5.11,5.47,10.58,-10.58,DEFICIT,4.58,3.42,3.9,2.25
2024-07-14 05:00,7,5,6,weekend,0,0,58.6,17.7,4.5,6.78,0.0,6.78,-6.78,DEFICIT,4.14,3.19,3.52,2.25
2024-07-14 06:00,7,6,6,weekend,17.2,1.75,58.4,21.7,3.6,17.74,0,17.74,-15.99,DEFICIT,5.76,4.01,4.9,2.25
2024-07-14 07:00,7,7,6,weekend,55.2,5.6,59.7,20.3,4.8,23.46,0.0,23.46,-17.86,DEFICIT,5.6,3.93,4.76,2.25
2024-07-14 08:00,7,8,6,weekend,130.5,13.23,52.7,20.9,4.1,19.93,0.0,19.93,-6.7,DEFICIT,5.32,3.78,4.52,2.25
2024-07-14 09:00,7,9,6,weekend,225.4,22.86,52.0,23.0,3.9,14.27,0.0,14.27,8.59,SURPLUS,5.94,4.09,5.05,2.25
2024-07-14 10:00,7,10,6,weekend,290.2,29.42,58.8,23.5,2.9,12.6,0,12.6,16.82,SURPLUS,4.02,3.14,3.42,2.25
2024-07-14 11:00,7,11,6,weekend,329.1,33.37,45.6,24.8,4.8,10.4,0,10.4,22.97,SURPLUS,4.02,3.14,3.42,2.25
2024-07-14 12:00,7,12,6,weekend,321.6,32.17,58.0,28.4,4.0,13.42,0,13.42,18.75,SURPLUS,3.72,2.98,3.16,2.25
2024-07-14 13:00,7,13,6,weekend,292.2,29.5,52.1,26.1,6.0,15.21,0,15.21,14.29,SURPLUS,3.7,2.97,3.14,2.25
2024-07-14 14:00,7,14,6,weekend,278.4,27.95,51.3,27.5,5.4,14.18,0,14.18,13.77,SURPLUS,4.21,3.23,3.58,2.25
2024-07-14 15:00,7,15,6,weekend,245.0,24.62,55.6,27.2,3.6,11.14,0,11.14,13.48,SURPLUS,3.71,2.98,3.15,2.25
2024-07-14 16:00,7,16,6,weekend,161.5,16.28,57.6,26.5,5.6,13.44,0,13.44,2.84,BALANCED,6.71,4.48,5.71,2.25
2024-07-14 17:00,7,17,6,weekend,72.7,7.37,36.1,22.7,4.9,22.32,0,22.32,-14.95,DEFICIT,6.93,4.59,5.89,2.25
2024-07-14 18:00,7,18,6,weekend,19.6,1.99,59.8,22.9,4.9,25.3,0.0,25.3,-23.31,DEFICIT,6.54,4.4,5.56,2.25
2024-07-14 19:00,7,19,6,weekend,0,0,50.2,22.8,5.3,34.05,13.93,47.97,-47.97,DEFICIT,7.47,4.86,6.35,2.25
2024-07-14 20:00,7,20,6,weekend,0,0,69.8,24.2,5.1,30.74,19.57,50.31,-50.31,DEFICIT,6.61,4.43,5.61,2.25
2024-07-14 21:00,7,21,6,weekend,0,0,63.4,21.0,5.1,22.12,0.0,22.12,-22.12,DEFICIT,6.72,4.49,5.72,2.25
2024-07-14 22:00,7,22,6,weekend,0,0,60.6,20.5,3.4,15.84,17.72,33.56,-33.56,DEFICIT,4.9,3.57,4.16,2.25
2024-07-14 23:00,7,23,6,weekend,0,0,62.1,19.8,5.0,12.49,0,12.49,-12.49,DEFICIT,4.16,3.2,3.53,2.25
2024-07-15 00:00,7,0,0,weekday,0,0,93.9,21.7,4.3,6.88,0.0,6.88,-6.88,DEFICIT,4.83,3.54,4.11,2.25
2024-07-15 01:00,7,1,0,weekday,0,0,97.1,18.8,4.9,5.36,3.48,8.84,-8.84,DEFICIT,4.12,3.19,3.5,2.25
2024-07-15 02:00,7,2,0,weekday,0,0,92.1,16.7,3.9,5.89,2.76,8.64,-8.64,DEFICIT,4.31,3.28,3.67,2.25
2024-07-15 03:00,7,3,0,weekday,0,0,82.4,19.3,4.1,5,0.0,5.0,-5.0,BALANCED,4.57,3.41,3.88,2.25
2024-07-15 04:00,7,4,0,weekday,0,0,90.2,19.1,5.7,5,0.0,5.0,-5.0,BALANCED,4.1,3.17,3.48,2.25
2024-07-15 05:00,7,5,0,weekday,0,0,95.2,18.6,2.9,5.81,2.96,8.77,-8.77,DEFICIT,4.43,3.34,3.77,2.25
2024-07-15 06:00,7,6,0,weekday,27.5,2.79,82.5,19.2,5.6,15.13,0,15.13,-12.34,DEFICIT,5.43,3.84,4.62,2.25
2024-07-15 07:00,7,7,0,weekday,107.5,10.9,81.1,20.6,4.1,19.62,0.0,19.62,-8.72,DEFICIT,4.94,3.59,4.2,2.25
2024-07-15 08:00,7,8,0,weekday,189.5,19.21,84.0,24.5,4.6,16.41,0.0,16.41,2.81,BALANCED,6.18,4.21,5.25,2.25
2024-07-15 09:00,7,9,0,weekday,315.7,32.01,67.5,23.9,5.0,11.48,8.17,19.66,12.35,SURPLUS,5.5,3.87,4.67,2.25
2024-07-15 10:00,7,10,0,weekday,406.4,41.21,82.2,24.8,3.8,9.37,0,9.37,31.84,SURPLUS,3.73,2.99,3.17,2.25
2024-07-15 11:00,7,11,0,weekday,462.5,46.76,63.3,25.7,4.4,10.7,0,10.7,36.06,SURPLUS,3.65,2.95,3.1,2.25
2024-07-15 12:00,7,12,0,weekday,478.5,48.44,91.8,25.4,6.0,12.29,0,12.29,36.15,SURPLUS,4.3,3.28,3.66,2.25
2024-07-15 13:00,7,13,0,weekday,466.1,46.21,87.8,30.6,4.8,8.79,0,8.79,37.42,SURPLUS,3.49,2.87,2.97,2.25
2024-07-15 14:00,7,14,0,weekday,412.9,41.63,72.9,26.4,5.2,8.79,0,8.79,32.84,SURPLUS,3.37,2.81,2.87,2.25
2024-07-15 15:00,7,15,0,weekday,319.7,31.92,93.6,28.8,4.9,10.54,0,10.54,21.38,SURPLUS,4.04,3.14,3.43,2.25
2024-07-15 16:00,7,16,0,weekday,198.9,20.07,77.7,26.2,5.1,14.56,0,14.56,5.51,SURPLUS,7.0,4.63,5.95,2.25
2024-07-15 17:00,7,17,0,weekday,110.1,11.11,83.1,26.1,4.8,17.25,0,17.25,-6.15,DEFICIT,7.11,4.68,6.04,2.25
2024-07-15 18:00,7,18,0,weekday,21.0,2.13,73.1,23.6,4.0,23.66,0.0,23.66,-21.53,DEFICIT,6.93,4.59,5.89,2.25
2024-07-15 19:00,7,19,0,weekday,0,0,92.7,24.3,4.5,31.07,0.0,31.07,-31.07,DEFICIT,7.2,4.73,6.12,2.25
2024-07-15 20:00,7,20,0,weekday,0,0,85.8,22.8,3.8,23.74,18.72,42.46,-42.46,DEFICIT,6.03,4.14,5.13,2.25
2024-07-15 21:00,7,21,0,weekday,0,0,79.0,23.2,4.4,17.79,0.0,17.79,-17.79,DEFICIT,7.04,4.64,5.98,2.25
2024-07-15 22:00,7,22,0,weekday,0,0,92.8,21.7,4.6,13.65,16.03,29.67,-29.67,DEFICIT,4.14,3.19,3.52,2.25
2024-07-15 23:00,7,23,0,weekday,0,0,100,17.4,4.0,9.74,0,9.74,-9.74,DEFICIT,4.72,3.49,4.01,2.25
2024-07-16 00:00,7,0,1,weekday,0,0,86.6,19.5,4.1,7.5,0.0,7.5,-7.5,DEFICIT,4.04,3.15,3.44,2.25
2024-07-16 01:00,7,1,1,weekday,0,0,82.4,20.0,4.3,6.03,0.0,6.03,-6.03,DEFICIT,4.68,3.46,3.97,2.25
2024-07-16 02:00,7,2,1,weekday,0,0,90.6,17.5,6.3,5.01,0.0,5.01,-5.01,DEFICIT,4.86,3.56,4.13,2.25
2024-07-16 03:00,7,3,1,weekday,0,0,91.1,20.0,4.4,5,0.0,5.0,-5.0,BALANCED,4.38,3.31,3.72,2.25
2024-07-16 04:00,7,4,1,weekday,0,0,81.4,18.5,5.9,5,0.0,5.0,-5.0,BALANCED,4.51,3.38,3.83,2.25
2024-07-16 05:00,7,5,1,weekday,0,0,77.4,21.6,5.0,6.34,4.9,11.24,-11.24,DEFICIT,4.63,3.44,3.94,2.25
2024-07-16 06:00,7,6,1,weekday,21.6,2.19,76.0,22.1,3.5,14.04,0,14.04,-11.85,DEFICIT,5.55,3.9,4.72,2.25
2024-07-16 07:00,7,7,1,weekday,77.0,7.81,64.4,20.0,3.4,20.85,17.51,38.36,-30.55,DEFICIT,6.01,4.13,5.11,2.25
2024-07-16 08:00,7,8,1,weekday,172.6,17.5,71.2,24.9,5.2,15.99,0.0,15.99,1.52,BALANCED,5.54,3.9,4.71,2.25
2024-07-16 09:00,7,9,1,weekday,279.7,28.36,58.6,24.9,5.1,11.75,0.0,11.75,16.61,SURPLUS,6.01,4.13,5.11,2.25
2024-07-16 10:00,7,10,1,weekday,348.7,35.05,78.8,27.2,5.0,8.5,0,8.5,26.55,SURPLUS,3.72,2.99,3.16,2.25
2024-07-16 11:00,7,11,1,weekday,394.3,39.63,70.2,27.2,2.4,10.69,0,10.69,28.94,SURPLUS,3.69,2.97,3.14,2.25
2024-07-16 12:00,7,12,1,weekday,491.3,49.75,87.1,25.3,3.8,12.29,0,12.29,37.46,SURPLUS,4.2,3.23,3.57,2.25
2024-07-16 13:00,7,13,1,weekday,444.5,44.56,78.2,27.8,6.4,10.89,0,10.89,33.66,SURPLUS,3.72,2.98,3.16,2.25
2024-07-16 14:00,7,14,1,weekday,335.5,33.66,63.1,27.6,5.1,10.63,0,10.63,23.03,SURPLUS,3.67,2.96,3.12,2.25
2024-07-16 15:00,7,15,1,weekday,302.5,30.67,68.9,25.1,4.8,10.86,0,10.86,19.81,SURPLUS,3.66,2.95,3.11,2.25
2024-07-16 16:00,7,16,1,weekday,219.7,22.17,69.2,26.2,6.0,11.51,0,11.51,10.66,SURPLUS,6.74,4.5,5.73,2.25
2024-07-16 17:00,7,17,1,weekday,104.5,10.49,64.7,27.4,5.0,17.49,0,17.49,-7.0,DEFICIT,7.0,4.62,5.95,2.25
2024-07-16 18:00,7,18,1,weekday,22.3,2.25,66.3,26.3,4.6,27.34,17.37,44.7,-42.45,DEFICIT,6.91,4.58,5.87,2.25
2024-07-16 19:00,7,19,1,weekday,0,0,71.3,23.4,5.0,29.16,7.25,36.41,-36.41,DEFICIT,6.91,4.58,5.88,2.25
2024-07-16 20:00,7,20,1,weekday,0,0,89.1,21.5,4.6,25.94,21.82,47.76,-47.76,DEFICIT,6.82,4.54,5.8,2.25
2024-07-16 21:00,7,21,1,weekday,0,0,79.9,21.6,4.5,15.89,17.23,33.12,-33.12,DEFICIT,6.56,4.4,5.57,2.25
2024-07-16 22:00,7,22,1,weekday,0,0,71.5,20.0,4.7,12.95,16.02,28.97,-28.97,DEFICIT,4.03,3.14,3.43,2.25
2024-07-16 23:00,7,23,1,weekday,0,0,69.0,20.5,5.2,10.23,0,10.23,-10.23,DEFICIT,5.2,3.72,4.42,2.25
2024-07-17 00:00,7,0,2,weekday,0,0,93.1,17.0,5.4,7.58,3.07,10.65,-10.65,DEFICIT,4.16,3.2,3.54,2.25
2024-07-17 01:00,7,1,2,weekday,0,0,100,21.1,3.9,5.48,0.0,5.48,-5.48,DEFICIT,4.71,3.48,4.01,2.25
2024-07-17 02:00,7,2,2,weekday,0,0,99.5,17.0,3.4,5.03,2.83,7.86,-7.86,DEFICIT,4.61,3.43,3.92,2.25
2024-07-17 03:00,7,3,2,weekday,0,0,96.4,18.3,4.5,5,0.0,5.0,-5.0,BALANCED,4.28,3.27,3.64,2.25
2024-07-17 04:00,7,4,2,weekday,0,0,100,19.1,4.9,5,0.0,5.0,-5.0,BALANCED,3.97,3.11,3.37,2.25
2024-07-17 05:00,7,5,2,weekday,0,0,100,17.3,5.2,5.56,0.0,5.56,-5.56,DEFICIT,4.15,3.2,3.53,2.25
2024-07-17 06:00,7,6,2,weekday,31.2,3.17,94.6,20.3,4.5,16.63,0,16.63,-13.47,DEFICIT,6.03,4.14,5.13,2.25
2024-07-17 07:00,7,7,2,weekday,104.1,10.55,96.5,18.4,5.9,17.54,0.0,17.54,-6.99,DEFICIT,5.88,4.07,5.0,2.25
2024-07-17 08:00,7,8,2,weekday,225.7,22.88,89.3,21.3,4.7,17.76,0.0,17.76,5.12,SURPLUS,6.19,4.22,5.26,2.25
2024-07-17 09:00,7,9,2,weekday,322.3,32.68,88.2,23.0,4.7,14.22,8.5,22.72,9.96,SURPLUS,5.77,4.01,4.9,2.25
2024-07-17 10:00,7,10,2,weekday,408.8,41.46,100,24.7,4.6,9.7,0,9.7,31.76,SURPLUS,4.06,3.16,3.45,2.25
2024-07-17 11:00,7,11,2,weekday,635.9,63.81,94.0,27.6,4.5,8.87,0,8.87,54.94,SURPLUS,3.85,3.05,3.27,2.25
2024-07-17 12:00,7,12,2,weekday,603.7,60.95,100,26.1,6.2,14.85,0,14.85,46.09,SURPLUS,3.84,3.05,3.27,2.25
2024-07-17 13:00,7,13,2,weekday,595.2,60.09,94.9,26.1,5.7,10.85,0,10.85,49.24,SURPLUS,3.33,2.79,2.83,2.25
2024-07-17 14:00,7,14,2,weekday,538.1,53.8,86.4,28.5,5.3,11.94,0,11.94,41.86,SURPLUS,4.34,3.3,3.69,2.25
2024-07-17 15:00,7,15,2,weekday,413.6,41.8,94.8,25.8,6.9,11.11,0,11.11,30.69,SURPLUS,3.58,2.92,3.04,2.25
2024-07-17 16:00,7,16,2,weekday,332.1,33.52,85.0,26.1,5.8,12.58,0,12.58,20.94,SURPLUS,6.54,4.4,5.56,2.25
2024-07-17 17:00,7,17,2,weekday,136.6,13.82,95.0,25.5,4.7,17.5,0,17.5,-3.67,BALANCED,6.0,4.13,5.1,2.25
2024-07-17 18:00,7,18,2,weekday,30.3,3.06,100,26.1,3.6,24.89,6.51,31.4,-28.34,DEFICIT,7.16,4.7,6.08,2.25
2024-07-17 19:00,7,19,2,weekday,0,0,85.8,23.9,3.8,29.9,10.79,40.7,-40.7,DEFICIT,6.64,4.44,5.64,2.25
2024-07-17 20:00,7,20,2,weekday,0,0,100,21.7,4.2,24.13,7.19,31.32,-31.32,DEFICIT,6.86,4.56,5.83,2.25
2024-07-17 21:00,7,21,2,weekday,0,0,89.6,21.9,5.7,20.66,11.02,31.68,-31.68,DEFICIT,6.56,4.41,5.58,2.25
2024-07-17 22:00,7,22,2,weekday,0,0,100,22.3,4.7,15.35,14.67,30.02,-30.02,DEFICIT,4.49,3.37,3.81,2.25
2024-07-17 23:00,7,23,2,weekday,0,0,100,18.6,5.4,10.27,0,10.27,-10.27,DEFICIT,3.42,2.83,2.91,2.25
2024-07-18 00:00,7,0,3,weekday,0,0,85.7,19.4,6.5,5.91,2.56,8.47,-8.47,DEFICIT,4.78,3.51,4.06,2.25
2024-07-18 01:00,7,1,3,weekday,0,0,87.4,20.9,4.7,5,4.6,9.6,-9.6,DEFICIT,4.96,3.61,4.22,2.25
2024-07-18 02:00,7,2,3,weekday,0,0,74.3,17.5,4.6,5,0.0,5.0,-5.0,BALANCED,4.61,3.43,3.92,2.25
2024-07-18 03:00,7,3,3,weekday,0,0,84.8,16.4,4.9,5,0.0,5.0,-5.0,BALANCED,4.13,3.19,3.51,2.25
2024-07-18 04:00,7,4,3,weekday,0,0,74.5,17.5,3.4,5,0.0,5.0,-5.0,BALANCED,4.59,3.42,3.9,2.25
2024-07-18 05:00,7,5,3,weekday,0,0,91.5,17.3,3.9,6.59,5.35,11.95,-11.95,DEFICIT,4.55,3.4,3.86,2.25
2024-07-18 06:00,7,6,3,weekday,23.6,2.39,67.0,19.5,4.4,14.52,0,14.52,-12.13,DEFICIT,5.18,3.71,4.4,2.25
2024-07-18 07:00,7,7,3,weekday,84.0,8.52,79.7,24.9,3.8,20.49,8.9,29.39,-20.87,DEFICIT,6.21,4.23,5.28,2.25
2024-07-18 08:00,7,8,3,weekday,190.2,19.29,68.7,23.0,3.8,17.37,8.07,25.44,-6.16,DEFICIT,5.92,4.08,5.03,2.25
2024-07-18 09:00,7,9,3,weekday,276.5,27.9,74.7,26.2,4.6,12.62,0.0,12.62,15.28,SURPLUS,6.26,4.25,5.32,2.25
2024-07-18 10:00,7,10,3,weekday,346.5,35.13,67.7,23.0,3.7,9.5,0,9.5,25.64,SURPLUS,3.68,2.97,3.13,2.25
2024-07-18 11:00,7,11,3,weekday,420.2,42.16,77.4,27.6,3.0,9.84,0,9.84,32.32,SURPLUS,3.83,3.04,3.26,2.25
2024-07-18 12:00,7,12,3,weekday,483.8,48.17,73.9,29.5,5.8,11.38,0,11.38,36.79,SURPLUS,3.6,2.92,3.06,2.25
2024-07-18 13:00,7,13,3,weekday,495.0,49.77,71.5,27.1,5.1,9.98,0,9.98,39.79,SURPLUS,3.69,2.97,3.13,2.25
2024-07-18 14:00,7,14,3,weekday,372.3,37.37,80.6,27.6,5.1,10.79,0,10.79,26.58,SURPLUS,3.8,3.03,3.23,2.25
2024-07-18 15:00,7,15,3,weekday,309.7,31.05,57.9,27.8,5.0,9.32,0,9.32,21.73,SURPLUS,3.35,2.8,2.85,2.25
2024-07-18 16:00,7,16,3,weekday,226.5,22.97,75.6,24.8,6.7,12.62,0,12.62,10.35,SURPLUS,7.11,4.68,6.04,2.25
2024-07-18 17:00,7,17,3,weekday,98.5,9.94,73.2,26.2,4.9,17.09,0,17.09,-7.15,DEFICIT,7.24,4.74,6.15,2.25
2024-07-18 18:00,7,18,3,weekday,22.9,2.32,77.0,23.3,3.6,19.59,0.0,19.59,-17.27,DEFICIT,6.54,4.4,5.56,2.25
2024-07-18 19:00,7,19,3,weekday,0,0,100,21.9,4.1,29.19,0.0,29.19,-29.19,DEFICIT,6.55,4.4,5.57,2.25
2024-07-18 20:00,7,20,3,weekday,0,0,90.3,20.9,3.9,20.73,12.04,32.77,-32.77,DEFICIT,7.36,4.81,6.26,2.25
2024-07-18 21:00,7,21,3,weekday,0,0,93.5,19.2,4.4,19.39,13.83,33.22,-33.22,DEFICIT,6.87,4.56,5.84,2.25
2024-07-18 22:00,7,22,3,weekday,0,0,100,20.5,5.0,15.2,11.65,26.85,-26.85,DEFICIT,4.48,3.36,3.81,2.25
2024-07-18 23:00,7,23,3,weekday,0,0,79.5,22.5,4.6,10.55,0,10.55,-10.55,DEFICIT,4.51,3.38,3.84,2.25
2024-07-19 00:00,7,0,4,weekday,0,0,51.4,20.7,5.0,6.96,4.41,11.37,-11.37,DEFICIT,4.52,3.39,3.84,2.25
2024-07-19 01:00,7,1,4,weekday,0,0,64.0,20.0,4.1,5.81,4.41,10.22,-10.22,DEFICIT,4.56,3.4,3.87,2.25
2024-07-19 02:00,7,2,4,weekday,0,0,43.9,17.2,3.9,5.71,0.0,5.71,-5.71,DEFICIT,4.25,3.25,3.61,2.25
2024-07-19 03:00,7,3,4,weekday,0,0,48.7,18.3,4.7,5,0.0,5.0,-5.0,BALANCED,4.12,3.19,3.5,2.25
2024-07-19 04:00,7,4,4,weekday,0,0,49.7,19.1,2.6,5,0.0,5.0,-5.0,BALANCED,4.4,3.32,3.74,2.25
2024-07-19 05:00,7,5,4,weekday,0,0,53.0,21.5,5.8,6.65,0.0,6.65,-6.65,DEFICIT,3.99,3.12,3.39,2.25
2024-07-19 06:00,7,6,4,weekday,14.7,1.49,50.4,19.4,5.0,16.41,0,16.41,-14.92,DEFICIT,5.62,3.93,4.77,2.25
2024-07-19 07:00,7,7,4,weekday,56.7,5.74,53.1,19.9,5.1,23.22,0.0,23.22,-17.48,DEFICIT,5.74,3.99,4.88,2.25
2024-07-19 08:00,7,8,4,weekday,113.0,11.46,63.3,22.2,4.0,17.5,0.0,17.5,-6.04,DEFICIT,5.47,3.86,4.65,2.25
2024-07-19 09:00,7,9,4,weekday,186.2,18.88,66.8,23.0,4.9,9.55,4.92,14.47,4.41,BALANCED,5.88,4.07,5.0,2.25
2024-07-19 10:00,7,10,4,weekday,237.6,24.09,42.5,24.6,5.6,11.35,0,11.35,12.74,SURPLUS,3.78,3.01,3.21,2.25
2024-07-19 11:00,7,11,4,weekday,304.0,30.42,56.1,28.3,5.4,9.21,0,9.21,21.21,SURPLUS,3.85,3.05,3.27,2.25
2024-07-19 12:00,7,12,4,weekday,297.3,29.66,54.0,29.1,5.0,10.86,0,10.86,18.8,SURPLUS,3.86,3.06,3.28,2.25
2024-07-19 13:00,7,13,4,weekday,261.0,26.15,48.5,28.0,5.1,10.15,0,10.15,16.0,SURPLUS,3.61,2.93,3.07,2.25
2024-07-19 14:00,7,14,4,weekday,227.0,22.55,41.1,30.1,6.9,9.49,0,9.49,13.06,SURPLUS,3.67,2.96,3.12,2.25
2024-07-19 15:00,7,15,4,weekday,200.5,20.13,50.5,27.5,5.5,10.36,0,10.36,9.77,SURPLUS,3.87,3.06,3.29,2.25
2024-07-19 16:00,7,16,4,weekday,129.0,13.05,35.3,25.7,4.3,11.5,0,11.5,1.54,BALANCED,6.62,4.43,5.62,2.25
2024-07-19 17:00,7,17,4,weekday,73.1,7.42,52.7,23.6,3.0,16.51,0,16.51,-9.09,DEFICIT,6.7,4.48,5.7,2.25
2024-07-19 18:00,7,18,4,weekday,15.5,1.58,19.2,24.5,3.6,30.33,16.83,47.16,-45.59,DEFICIT,6.72,4.49,5.71,2.25
2024-07-19 19:00,7,19,4,weekday,0,0,54.3,21.0,4.6,30.96,21.64,52.6,-52.6,DEFICIT,6.48,4.37,5.51,2.25
2024-07-19 20:00,7,20,4,weekday,0,0,55.6,22.5,4.8,28.93,10.04,38.97,-38.97,DEFICIT,6.34,4.29,5.39,2.25
2024-07-19 21:00,7,21,4,weekday,0,0,63.2,21.4,4.1,17.26,8.29,25.55,-25.55,DEFICIT,6.36,4.3,5.4,2.25
2024-07-19 22:00,7,22,4,weekday,0,0,51.2,21.5,4.7,13.18,18.88,32.05,-32.05,DEFICIT,4.1,3.18,3.49,2.25
2024-07-19 23:00,7,23,4,weekday,0,0,59.2,20.5,3.7,9.39,0,9.39,-9.39,DEFICIT,4.56,3.41,3.88,2.25
2024-07-20 00:00,7,0,5,weekend,0,0,84.6,22.7,4.9,8.79,3.82,12.62,-12.62,DEFICIT,4.92,3.59,4.19,2.25
2024-07-20 01:00,7,1,5,weekend,0,0,86.5,18.4,5.4,6.14,4.88,11.02,-11.02,DEFICIT,4.51,3.38,3.83,2.25
2024-07-20 02:00,7,2,5,weekend,0,0,85.2,20.4,4.8,5.4,0.0,5.4,-5.4,DEFICIT,4.62,3.43,3.93,2.25
2024-07-20 03:00,7,3,5,weekend,0,0,84.6,17.9,4.5,5,4.91,9.91,-9.91,DEFICIT,4.1,3.17,3.48,2.25
2024-07-20 04:00,7,4,5,weekend,0,0,89.0,18.4,3.1,5,4.39,9.39,-9.39,DEFICIT,4.25,3.25,3.61,2.25
2024-07-20 05:00,7,5,5,weekend,0,0,93.0,17.2,4.6,6.71,2.19,8.89,-8.89,DEFICIT,4.66,3.45,3.96,2.25
2024-07-20 06:00,7,6,5,weekend,26.6,2.7,71.0,20.1,4.8,19.99,0,19.99,-17.29,DEFICIT,6.07,4.16,5.16,2.25
2024-07-20 07:00,7,7,5,weekend,94.3,9.57,66.9,16.9,5.4,21.16,0.0,21.16,-11.59,DEFICIT,5.79,4.02,4.92,2.25
2024-07-20 08:00,7,8,5,weekend,173.1,17.55,79.6,21.8,5.2,19.25,0.0,19.25,-1.7,BALANCED,5.76,4.0,4.89,2.25
2024-07-20 09:00,7,9,5,weekend,301.8,30.6,79.6,23.7,4.7,13.54,0.0,13.54,17.06,SURPLUS,6.31,4.28,5.37,2.25
2024-07-20 10:00,7,10,5,weekend,383.2,38.85,89.4,24.4,3.0,10.0,0,10.0,28.85,SURPLUS,3.79,3.02,3.22,2.25
2024-07-20 11:00,7,11,5,weekend,489.6,49.21,86.4,27.2,3.7,12.93,0,12.93,36.28,SURPLUS,3.81,3.03,3.24,2.25
2024-07-20 12:00,7,12,5,weekend,518.0,51.84,69.3,28.3,5.3,14.56,0,14.56,37.27,SURPLUS,3.75,3.0,3.18,2.25
2024-07-20 13:00,7,13,5,weekend,562.2,56.6,89.6,26.8,6.6,11.34,0,11.34,45.26,SURPLUS,3.6,2.92,3.06,2.25
2024-07-20 14:00,7,14,5,weekend,439.3,44.12,77.8,27.4,4.8,11.79,0,11.79,32.33,SURPLUS,4.17,3.21,3.54,2.25
2024-07-20 15:00,7,15,5,weekend,351.3,35.33,90.5,27.0,5.1,11.96,0,11.96,23.38,SURPLUS,3.75,3.0,3.19,2.25
2024-07-20 16:00,7,16,5,weekend,203.3,20.44,81.3,27.2,4.6,11.93,0,11.93,8.51,SURPLUS,7.01,4.63,5.96,2.25
2024-07-20 17:00,7,17,5,weekend,120.2,12.13,93.4,26.4,5.3,18.65,0,18.65,-6.52,DEFICIT,7.05,4.65,5.99,2.25
2024-07-20 18:00,7,18,5,weekend,26.3,2.66,66.4,25.0,4.6,25.81,0.0,25.81,-23.15,DEFICIT,7.04,4.65,5.98,2.25
2024-07-20 19:00,7,19,5,weekend,0,0,83.5,22.5,4.7,30.74,0.0,30.74,-30.74,DEFICIT,6.73,4.49,5.72,2.25
2024-07-20 20:00,7,20,5,weekend,0,0,84.1,23.5,5.7,27.93,8.43,36.36,-36.36,DEFICIT,6.73,4.49,5.72,2.25
2024-07-20 21:00,7,21,5,weekend,0,0,86.8,21.3,3.8,21.09,9.86,30.96,-30.96,DEFICIT,6.5,4.37,5.52,2.25
2024-07-20 22:00,7,22,5,weekend,0,0,76.6,24.9,5.3,15.93,16.39,32.32,-32.32,DEFICIT,4.55,3.4,3.87,2.25
2024-07-20 23:00,7,23,5,weekend,0,0,80.8,19.7,4.0,11.31,0,11.31,-11.31,DEFICIT,5.16,3.7,4.38,2.25
2024-07-21 00:00,7,0,6,weekend,0,0,95.9,22.2,4.1,8.56,0.0,8.56,-8.56,DEFICIT,4.04,3.14,3.43,2.25
2024-07-21 01:00,7,1,6,weekend,0,0,81.6,19.8,6.3,7.4,0.0,7.4,-7.4,DEFICIT,4.51,3.38,3.83,2.25
2024-07-21 02:00,7,2,6,weekend,0,0,87.6,19.2,4.7,5.88,5.44,11.32,-11.32,DEFICIT,5.13,3.69,4.36,2.25
2024-07-21 03:00,7,3,6,weekend,0,0,84.6,18.1,5.3,5,5.5,10.5,-10.5,DEFICIT,4.75,3.5,4.03,2.25
2024-07-21 04:00,7,4,6,weekend,0,0,94.2,17.8,4.3,5.41,0.0,5.41,-5.41,DEFICIT,4.3,3.28,3.66,2.25
2024-07-21 05:00,7,5,6,weekend,0,0,92.7,18.5,4.0,6.42,2.88,9.3,-9.3,DEFICIT,4.3,3.28,3.66,2.25
2024-07-21 06:00,7,6,6,weekend,24.5,2.48,90.7,18.5,4.6,19.43,0,19.43,-16.95,DEFICIT,5.26,3.76,4.47,2.25
2024-07-21 07:00,7,7,6,weekend,101.3,10.27,100,21.7,2.7,19.94,10.55,30.49,-20.21,DEFICIT,5.78,4.02,4.91,2.25
2024-07-21 08:00,7,8,6,weekend,184.6,18.6,90.8,26.5,5.2,22.37,7.97,30.34,-11.73,DEFICIT,6.02,4.14,5.12,2.25
2024-07-21 09:00,7,9,6,weekend,278.0,28.19,82.4,22.6,4.5,13.17,0.0,13.17,15.01,SURPLUS,5.98,4.11,5.08,2.25
2024-07-21 10:00,7,10,6,weekend,457.4,46.38,81.3,24.7,5.2,13.16,0,13.16,33.22,SURPLUS,3.23,2.74,2.74,2.25
2024-07-21 11:00,7,11,6,weekend,483.8,48.58,82.6,27.5,4.6,15.39,0,15.39,33.19,SURPLUS,3.68,2.96,3.13,2.25
2024-07-21 12:00,7,12,6,weekend,484.5,48.69,79.5,27.2,5.8,15.54,0,15.54,33.15,SURPLUS,4.04,3.15,3.44,2.25
2024-07-21 13:00,7,13,6,weekend,428.1,42.71,77.7,29.0,4.5,12.8,0,12.8,29.91,SURPLUS,3.48,2.87,2.96,2.25
2024-07-21 14:00,7,14,6,weekend,450.3,45.23,80.1,27.4,6.0,13.57,0,13.57,31.65,SURPLUS,3.45,2.85,2.93,2.25
2024-07-21 15:00,7,15,6,weekend,338.5,33.86,68.4,28.4,6.0,11.87,0,11.87,21.98,SURPLUS,4.05,3.15,3.44,2.25
2024-07-21 16:00,7,16,6,weekend,249.1,24.96,96.2,27.9,5.0,18.39,0,18.39,6.57,SURPLUS,6.88,4.57,5.85,2.25
2024-07-21 17:00,7,17,6,weekend,117.1,11.87,82.9,23.7,3.8,19.88,0,19.88,-8.01,DEFICIT,6.69,4.47,5.69,2.25
2024-07-21 18:00,7,18,6,weekend,24.5,2.49,92.1,23.1,4.6,27.97,17.33,45.3,-42.81,DEFICIT,7.02,4.64,5.97,2.25
2024-07-21 19:00,7,19,6,weekend,0,0,87.7,23.9,5.9,26.44,15.54,41.98,-41.98,DEFICIT,7.05,4.65,5.99,2.25
2024-07-21 20:00,7,20,6,weekend,0,0,99.8,21.7,3.6,30.89,12.15,43.04,-43.04,DEFICIT,7.01,4.63,5.96,2.25
2024-07-21 21:00,7,21,6,weekend,0,0,91.2,20.9,4.3,24.5,19.42,43.92,-43.92,DEFICIT,6.15,4.2,5.23,2.25
2024-07-21 22:00,7,22,6,weekend,0,0,94.3,20.9,5.1,16.14,12.61,28.75,-28.75,DEFICIT,4.2,3.23,3.57,2.25
2024-07-21 23:00,7,23,6,weekend,0,0,82.5,20.7,2.9,10.94,0,10.94,-10.94,DEFICIT,4.38,3.31,3.72,2.25
2024-07-22 00:00,7,0,0,weekday,0,0,57.2,19.5,5.2,8.31,3.67,11.98,-11.98,DEFICIT,4.34,3.29,3.69,2.25
2024-07-22 01:00,7,1,0,weekday,0,0,70.2,21.2,5.3,5.29,4.07,9.36,-9.36,DEFICIT,4.45,3.35,3.78,2.25
2024-07-22 02:00,7,2,0,weekday,0,0,66.8,16.1,3.1,5,4.27,9.27,-9.27,DEFICIT,4.7,3.48,4.0,2.25
2024-07-22 03:00,7,3,0,weekday,0,0,71.0,19.2,3.3,5,3.7,8.7,-8.7,DEFICIT,4.68,3.47,3.98,2.25
2024-07-22 04:00,7,4,0,weekday,0,0,80.8,19.7,4.2,5,3.98,8.98,-8.98,DEFICIT,4.19,3.22,3.56,2.25
2024-07-22 05:00,7,5,0,weekday,0,0,68.4,19.4,4.2,5.78,0.0,5.78,-5.78,DEFICIT,4.63,3.44,3.94,2.25
2024-07-22 06:00,7,6,0,weekday,24.1,2.45,67.9,18.5,4.0,13.88,0,13.88,-11.44,DEFICIT,6.49,4.37,5.51,2.25
2024-07-22 07:00,7,7,0,weekday,75.4,7.64,71.3,21.0,5.4,20.48,6.69,27.17,-19.53,DEFICIT,5.71,3.98,4.85,2.25
2024-07-22 08:00,7,8,0,weekday,173.5,17.59,61.1,21.3,5.4,18.08,12.35,30.42,-12.83,DEFICIT,5.84,4.05,4.97,2.25
2024-07-22 09:00,7,9,0,weekday,231.4,23.46,70.4,22.0,3.4,10.45,0.0,10.45,13.01,SURPLUS,5.97,4.11,5.07,2.25
2024-07-22 10:00,7,10,0,weekday,322.2,32.18,59.3,28.8,4.6,9.55,0,9.55,22.63,SURPLUS,3.38,2.82,2.88,2.25
2024-07-22 11:00,7,11,0,weekday,434.8,43.1,63.8,30.6,4.8,10.67,0,10.67,32.43,SURPLUS,4.31,3.28,3.67,2.25
2024-07-22 12:00,7,12,0,weekday,429.2,43.46,67.8,25.4,3.9,10.55,0,10.55,32.91,SURPLUS,3.96,3.11,3.37,2.25
2024-07-22 13:00,7,13,0,weekday,413.9,41.57,60.4,27.3,5.6,9.85,0,9.85,31.72,SURPLUS,4.17,3.21,3.55,2.25
2024-07-22 14:00,7,14,0,weekday,345.4,34.59,65.0,28.1,6.9,8.44,0,8.44,26.16,SURPLUS,3.88,3.06,3.3,2.25
2024-07-22 15:00,7,15,0,weekday,258.6,25.98,63.3,27.3,5.6,10.83,0,10.83,15.15,SURPLUS,3.99,3.12,3.39,2.25
2024-07-22 16:00,7,16,0,weekday,181.8,18.19,45.7,28.4,5.8,11.73,0,11.73,6.46,SURPLUS,6.71,4.48,5.71,2.25
2024-07-22 17:00,7,17,0,weekday,89.1,9.04,64.5,24.0,5.1,16.69,0,16.69,-7.66,DEFICIT,7.11,4.68,6.05,2.25
2024-07-22 18:00,7,18,0,weekday,19.5,1.97,52.9,26.0,5.0,20.15,0.0,20.15,-18.18,DEFICIT,6.9,4.58,5.87,2.25
2024-07-22 19:00,7,19,0,weekday,0,0,78.1,21.6,4.6,24.82,6.86,31.68,-31.68,DEFICIT,7.19,4.72,6.12,2.25
2024-07-22 20:00,7,20,0,weekday,0,0,80.3,17.7,4.8,21.73,0.0,21.73,-21.73,DEFICIT,6.3,4.28,5.36,2.25
2024-07-22 21:00,7,21,0,weekday,0,0,76.9,17.7,4.1,18.45,13.62,32.07,-32.07,DEFICIT,7.01,4.63,5.96,2.25
2024-07-22 22:00,7,22,0,weekday,0,0,67.1,22.5,4.6,14.89,20.81,35.7,-35.7,DEFICIT,4.36,3.3,3.71,2.25
2024-07-22 23:00,7,23,0,weekday,0,0,78.3,18.0,3.4,10.02,0,10.02,-10.02,DEFICIT,4.79,3.52,4.07,2.25
2024-07-23 00:00,7,0,1,weekday,0,0,58.2,20.1,4.4,6.36,0.0,6.36,-6.36,DEFICIT,4.41,3.33,3.75,2.25
2024-07-23 01:00,7,1,1,weekday,0,0,65.2,18.2,4.5,5.95,0.0,5.95,-5.95,DEFICIT,4.22,3.23,3.59,2.25
2024-07-23 02:00,7,2,1,weekday,0,0,67.2,18.0,5.0,5.13,0.0,5.13,-5.13,DEFICIT,4.89,3.57,4.16,2.25
2024-07-23 03:00,7,3,1,weekday,0,0,74.3,20.2,3.6,5,0.0,5.0,-5.0,BALANCED,4.44,3.34,3.77,2.25
2024-07-23 04:00,7,4,1,weekday,0,0,50.3,18.3,4.9,5,0.0,5.0,-5.0,BALANCED,5.27,3.76,4.48,2.25
2024-07-23 05:00,7,5,1,weekday,0,0,74.2,18.3,5.2,5.49,5.33,10.83,-10.83,DEFICIT,4.22,3.23,3.58,2.25
2024-07-23 06:00,7,6,1,weekday,19.0,1.93,53.3,20.2,4.4,14.03,0,14.03,-12.1,DEFICIT,5.7,3.98,4.85,2.25
2024-07-23 07:00,7,7,1,weekday,62.9,6.38,66.8,20.6,4.0,20.7,0.0,20.7,-14.32,DEFICIT,5.35,3.8,4.55,2.25
2024-07-23 08:00,7,8,1,weekday,155.8,15.8,66.8,22.0,3.0,19.49,18.18,37.67,-21.87,DEFICIT,5.57,3.91,4.73,2.25
2024-07-23 09:00,7,9,1,weekday,229.1,23.23,60.2,22.5,4.0,11.99,7.32,19.31,3.92,BALANCED,5.78,4.01,4.91,2.25
2024-07-23 10:00,7,10,1,weekday,297.1,30.13,42.7,23.5,4.8,9.6,0,9.6,20.53,SURPLUS,3.55,2.9,3.02,2.25
2024-07-23 11:00,7,11,1,weekday,357.3,36.13,63.4,25.7,4.2,10.07,0,10.07,26.06,SURPLUS,3.47,2.86,2.95,2.25
2024-07-23 12:00,7,12,1,weekday,361.1,36.43,59.0,26.3,4.4,11.01,0,11.01,25.42,SURPLUS,3.98,3.11,3.38,2.25
2024-07-23 13:00,7,13,1,weekday,380.2,38.16,54.4,27.6,5.8,10.92,0,10.92,27.24,SURPLUS,3.71,2.98,3.16,2.25
2024-07-23 14:00,7,14,1,weekday,287.4,28.43,63.1,31.2,6.3,11.7,0,11.7,16.73,SURPLUS,3.36,2.8,2.85,2.25
2024-07-23 15:00,7,15,1,weekday,251.6,25.34,52.1,26.6,5.3,10.64,0,10.64,14.7,SURPLUS,3.55,2.9,3.02,2.25
2024-07-23 16:00,7,16,1,weekday,180.6,18.27,73.8,25.6,4.2,13.63,0,13.63,4.65,BALANCED,6.81,4.53,5.79,2.25
2024-07-23 17:00,7,17,1,weekday,95.0,9.58,62.0,26.6,4.8,19.25,0,19.25,-9.67,DEFICIT,6.94,4.6,5.9,2.25
2024-07-23 18:00,7,18,1,weekday,20.7,2.1,55.3,25.0,4.8,24.52,0.0,24.52,-22.42,DEFICIT,6.35,4.3,5.4,2.25
2024-07-23 19:00,7,19,1,weekday,0,0,59.8,23.0,4.9,26.12,14.52,40.64,-40.64,DEFICIT,6.75,4.5,5.73,2.25
2024-07-23 20:00,7,20,1,weekday,0,0,69.6,22.9,5.0,27.95,11.82,39.78,-39.78,DEFICIT,6.94,4.6,5.9,2.25
2024-07-23 21:00,7,21,1,weekday,0,0,71.5,23.5,4.2,19.45,11.8,31.25,-31.25,DEFICIT,6.45,4.35,5.48,2.25
2024-07-23 22:00,7,22,1,weekday,0,0,67.7,19.2,3.4,13.76,18.84,32.6,-32.6,DEFICIT,4.69,3.47,3.99,2.25
2024-07-23 23:00,7,23,1,weekday,0,0,60.0,21.2,5.2,8.81,0,8.81,-8.81,DEFICIT,4.69,3.47,3.99,2.25
2024-07-24 00:00,7,0,2,weekday,0,0,100,19.9,4.4,5.92,4.59,10.51,-10.51,DEFICIT,4.36,3.3,3.7,2.25
2024-07-24 01:00,7,1,2,weekday,0,0,91.4,19.5,4.5,6.38,0.0,6.38,-6.38,DEFICIT,4.23,3.24,3.6,2.25
2024-07-24 02:00,7,2,2,weekday,0,0,96.2,16.1,3.5,5.17,2.55,7.72,-7.72,DEFICIT,3.55,2.9,3.02,2.25
2024-07-24 03:00,7,3,2,weekday,0,0,85.7,20.8,4.2,5,0.0,5.0,-5.0,BALANCED,4.01,3.13,3.41,2.25
2024-07-24 04:00,7,4,2,weekday,0,0,100,20.3,4.2,5,0.0,5.0,-5.0,BALANCED,4.75,3.5,4.04,2.25
2024-07-24 05:00,7,5,2,weekday,0,0,97.2,17.8,3.2,5.85,0.0,5.85,-5.85,DEFICIT,4.61,3.43,3.92,2.25
2024-07-24 06:00,7,6,2,weekday,29.6,3.0,93.8,22.4,4.2,15.81,0,15.81,-12.81,DEFICIT,5.83,4.04,4.95,2.25
2024-07-24 07:00,7,7,2,weekday,96.4,9.78,94.7,22.4,4.3,18.35,0.0,18.35,-8.57,DEFICIT,6.08,4.17,5.17,2.25
2024-07-24 08:00,7,8,2,weekday,274.2,27.8,95.9,21.9,5.5,19.38,8.2,27.58,0.22,BALANCED,5.42,3.83,4.6,2.25
2024-07-24 09:00,7,9,2,weekday,335.8,33.91,87.2,26.1,3.4,12.93,6.51,19.44,14.47,SURPLUS,5.83,4.04,4.96,2.25
2024-07-24 10:00,7,10,2,weekday,484.6,49.13,100,23.9,4.8,11.79,0,11.79,37.35,SURPLUS,3.1,2.67,2.63,2.25
2024-07-24 11:00,7,11,2,weekday,482.8,48.95,100,25.0,4.2,11.63,0,11.63,37.32,SURPLUS,3.6,2.93,3.06,2.25
2024-07-24 12:00,7,12,2,weekday,638.1,64.23,91.8,26.8,5.3,12.31,0,12.31,51.92,SURPLUS,3.64,2.94,3.09,2.25
2024-07-24 13:00,7,13,2,weekday,547.3,54.5,91.2,29.5,4.6,10.76,0,10.76,43.74,SURPLUS,3.5,2.88,2.98,2.25
2024-07-24 14:00,7,14,2,weekday,424.7,42.04,100,31.0,4.8,9.93,0,9.93,32.11,SURPLUS,3.89,3.07,3.31,2.25
2024-07-24 15:00,7,15,2,weekday,392.8,39.42,96.2,27.6,6.6,10.49,0,10.49,28.93,SURPLUS,3.78,3.02,3.21,2.25
2024-07-24 16:00,7,16,2,weekday,257.7,25.94,97.3,26.8,3.4,11.37,0,11.37,14.57,SURPLUS,6.31,4.28,5.37,2.25
2024-07-24 17:00,7,17,2,weekday,126.5,12.74,95.8,26.8,6.3,17.32,0,17.32,-4.58,BALANCED,6.82,4.53,5.8,2.25
2024-07-24 18:00,7,18,2,weekday,31.0,3.14,88.7,22.9,5.3,26.17,9.23,35.4,-32.25,DEFICIT,6.73,4.49,5.72,2.25
2024-07-24 19:00,7,19,2,weekday,0,0,100,22.0,3.9,24.67,8.19,32.86,-32.86,DEFICIT,6.83,4.54,5.8,2.25
2024-07-24 20:00,7,20,2,weekday,0,0,100,21.4,3.8,27.49,14.93,42.42,-42.42,DEFICIT,7.06,4.65,6.0,2.25
2024-07-24 21:00,7,21,2,weekday,0,0,93.3,21.2,6.2,18.97,10.5,29.47,-29.47,DEFICIT,7.49,4.87,6.36,2.25
2024-07-24 22:00,7,22,2,weekday,0,0,100,20.5,5.0,13.67,9.89,23.56,-23.56,DEFICIT,3.96,3.11,3.37,2.25
2024-07-24 23:00,7,23,2,weekday,0,0,96.1,19.2,4.2,9.55,0,9.55,-9.55,DEFICIT,3.95,3.1,3.36,2.25
2024-07-25 00:00,7,0,3,weekday,0,0,100,19.8,4.4,8.19,0.0,8.19,-8.19,DEFICIT,4.13,3.19,3.51,2.25
2024-07-25 01:00,7,1,3,weekday,0,0,96.4,18.1,3.0,5.93,3.86,9.8,-9.8,DEFICIT,4.93,3.59,4.19,2.25
2024-07-25 02:00,7,2,3,weekday,0,0,94.5,17.4,4.6,5.67,0.0,5.67,-5.67,DEFICIT,4.24,3.25,3.61,2.25
2024-07-25 03:00,7,3,3,weekday,0,0,98.6,18.2,4.1,5,0.0,5.0,-5.0,BALANCED,4.12,3.19,3.5,2.25
2024-07-25 04:00,7,4,3,weekday,0,0,87.2,19.1,3.9,5,0.0,5.0,-5.0,BALANCED,4.91,3.58,4.17,2.25
2024-07-25 05:00,7,5,3,weekday,0,0,96.8,18.8,4.4,5.14,0.0,5.14,-5.14,DEFICIT,5.17,3.71,4.39,2.25
2024-07-25 06:00,7,6,3,weekday,32.6,3.31,100,17.9,4.0,13.9,0,13.9,-10.59,DEFICIT,6.26,4.25,5.32,2.25
2024-07-25 07:00,7,7,3,weekday,117.2,11.89,93.4,21.6,4.5,23.03,5.53,28.56,-16.67,DEFICIT,5.84,4.05,4.97,2.25
2024-07-25 08:00,7,8,3,weekday,249.8,25.33,83.6,23.1,4.2,17.6,0.0,17.6,7.74,SURPLUS,5.84,4.05,4.97,2.25
2024-07-25 09:00,7,9,3,weekday,298.7,30.28,98.0,24.6,4.2,10.98,12.73,23.71,6.57,SURPLUS,5.54,3.89,4.71,2.25
2024-07-25 10:00,7,10,3,weekday,490.3,49.72,98.5,24.6,3.3,8.49,0,8.49,41.22,SURPLUS,4.39,3.32,3.73,2.25
2024-07-25 11:00,7,11,3,weekday,528.1,53.47,100,25.4,6.2,10.82,0,10.82,42.65,SURPLUS,3.99,3.12,3.39,2.25
2024-07-25 12:00,7,12,3,weekday,706.3,71.0,99.2,27.2,3.6,10.19,0,10.19,60.81,SURPLUS,3.7,2.97,3.14,2.25
2024-07-25 13:00,7,13,3,weekday,568.8,56.76,96.8,29.0,5.3,9.77,0,9.77,46.99,SURPLUS,4.47,3.36,3.8,2.25
2024-07-25 14:00,7,14,3,weekday,490.2,48.91,93.6,29.0,4.7,10.8,0,10.8,38.1,SURPLUS,3.42,2.84,2.91,2.25
2024-07-25 15:00,7,15,3,weekday,414.0,41.64,100,27.0,6.2,11.06,0,11.06,30.58,SURPLUS,3.94,3.1,3.35,2.25
2024-07-25 16:00,7,16,3,weekday,252.4,25.39,100,27.0,5.8,11.82,0,11.82,13.56,SURPLUS,6.92,4.59,5.88,2.25
2024-07-25 17:00,7,17,3,weekday,120.1,12.18,100,23.0,4.2,20.35,0,20.35,-8.16,DEFICIT,7.03,4.64,5.98,2.25
2024-07-25 18:00,7,18,3,weekday,32.3,3.27,100,23.2,5.0,25.85,7.22,33.08,-29.81,DEFICIT,6.91,4.58,5.88,2.25
2024-07-25 19:00,7,19,3,weekday,0,0,100,23.1,4.4,30.0,15.35,45.35,-45.35,DEFICIT,6.24,4.24,5.3,2.25
2024-07-25 20:00,7,20,3,weekday,0,0,93.3,21.5,4.8,23.6,14.6,38.2,-38.2,DEFICIT,6.73,4.49,5.72,2.25
2024-07-25 21:00,7,21,3,weekday,0,0,100,21.8,3.7,21.35,7.96,29.32,-29.32,DEFICIT,6.69,4.47,5.69,2.25
2024-07-25 22:00,7,22,3,weekday,0,0,100,20.7,5.2,12.4,18.01,30.41,-30.41,DEFICIT,4.83,3.54,4.1,2.25
2024-07-25 23:00,7,23,3,weekday,0,0,100,21.6,6.0,9.3,0,9.3,-9.3,DEFICIT,4.93,3.59,4.19,2.25
2024-07-26 00:00,7,0,4,weekday,0,0,68.2,21.6,4.1,7.03,0.0,7.03,-7.03,DEFICIT,4.18,3.21,3.55,2.25
2024-07-26 01:00,7,1,4,weekday,0,0,76.2,19.2,4.9,5.88,3.17,9.05,-9.05,DEFICIT,4.89,3.57,4.16,2.25
2024-07-26 02:00,7,2,4,weekday,0,0,64.8,19.8,4.7,5.28,0.0,5.28,-5.28,DEFICIT,4.84,3.55,4.11,2.25
2024-07-26 03:00,7,3,4,weekday,0,0,75.8,18.8,4.6,5,0.0,5.0,-5.0,BALANCED,4.69,3.47,3.99,2.25
2024-07-26 04:00,7,4,4,weekday,0,0,81.0,18.3,5.4,5,4.09,9.09,-9.09,DEFICIT,4.59,3.42,3.9,2.25
2024-07-26 05:00,7,5,4,weekday,0,0,68.6,20.1,5.9,5.91,2.79,8.7,-8.7,DEFICIT,4.86,3.55,4.13,2.25
2024-07-26 06:00,7,6,4,weekday,22.5,2.29,66.6,18.6,5.2,15.78,0,15.78,-13.49,DEFICIT,5.47,3.86,4.65,2.25
2024-07-26 07:00,7,7,4,weekday,78.6,7.97,66.1,20.8,5.4,21.16,5.64,26.8,-18.83,DEFICIT,5.53,3.89,4.7,2.25
2024-07-26 08:00,7,8,4,weekday,171.3,17.37,60.3,20.8,4.8,21.13,0.0,21.13,-3.75,BALANCED,5.56,3.91,4.73,2.25
2024-07-26 09:00,7,9,4,weekday,246.1,24.95,66.9,22.3,5.5,10.17,0.0,10.17,14.78,SURPLUS,5.7,3.98,4.85,2.25
2024-07-26 10:00,7,10,4,weekday,355.0,35.93,59.7,25.5,3.2,9.28,0,9.28,26.65,SURPLUS,3.52,2.89,2.99,2.25
2024-07-26 11:00,7,11,4,weekday,430.3,43.33,63.5,26.7,4.9,9.76,0,9.76,33.57,SURPLUS,3.28,2.76,2.79,2.25
2024-07-26 12:00,7,12,4,weekday,456.8,46.32,68.8,25.0,4.8,13.51,0,13.51,32.81,SURPLUS,3.48,2.87,2.96,2.25
2024-07-26 13:00,7,13,4,weekday,435.9,43.83,55.6,27.1,5.1,10.97,0,10.97,32.86,SURPLUS,3.66,2.96,3.11,2.25
2024-07-26 14:00,7,14,4,weekday,328.5,32.79,79.1,28.9,5.5,11.48,0,11.48,21.31,SURPLUS,4.39,3.32,3.73,2.25
2024-07-26 15:00,7,15,4,weekday,239.3,24.07,69.8,27.0,4.0,12.95,0,12.95,11.12,SURPLUS,3.66,2.95,3.11,2.25
2024-07-26 16:00,7,16,4,weekday,220.5,22.34,74.5,25.2,7.3,12.59,0,12.59,9.75,SURPLUS,6.52,4.38,5.54,2.25
2024-07-26 17:00,7,17,4,weekday,101.5,10.29,63.9,23.2,4.5,14.57,0,14.57,-4.28,BALANCED,7.49,4.87,6.37,2.25
2024-07-26 18:00,7,18,4,weekday,20.7,2.1,64.7,23.4,5.6,23.81,20.78,44.6,-42.5,DEFICIT,6.81,4.53,5.79,2.25
2024-07-26 19:00,7,19,4,weekday,0,0,78.0,20.8,3.4,30.99,17.84,48.82,-48.82,DEFICIT,6.65,4.45,5.65,2.25
2024-07-26 20:00,7,20,4,weekday,0,0,87.5,20.9,4.6,28.0,0.0,28.0,-28.0,DEFICIT,7.01,4.63,5.96,2.25
2024-07-26 21:00,7,21,4,weekday,0,0,65.7,21.4,3.2,17.67,0.0,17.67,-17.67,DEFICIT,6.7,4.47,5.69,2.25
2024-07-26 22:00,7,22,4,weekday,0,0,68.4,21.0,4.2,14.61,9.05,23.66,-23.66,DEFICIT,4.55,3.4,3.87,2.25
2024-07-26 23:00,7,23,4,weekday,0,0,85.3,19.6,4.3,10.36,0,10.36,-10.36,DEFICIT,4.09,3.17,3.47,2.25
2024-07-27 00:00,7,0,5,weekend,0,0,67.3,18.4,5.1,9.3,0.0,9.3,-9.3,DEFICIT,5.08,3.66,4.32,2.25
2024-07-27 01:00,7,1,5,weekend,0,0,66.4,20.0,4.4,6.72,0.0,6.72,-6.72,DEFICIT,4.64,3.44,3.94,2.25
2024-07-27 02:00,7,2,5,weekend,0,0,62.0,19.6,4.7,6.17,0.0,6.17,-6.17,DEFICIT,4.22,3.24,3.59,2.25
2024-07-27 03:00,7,3,5,weekend,0,0,58.0,18.6,4.2,5,2.26,7.26,-7.26,DEFICIT,4.51,3.38,3.84,2.25
2024-07-27 04:00,7,4,5,weekend,0,0,65.2,20.3,4.0,5.19,4.22,9.4,-9.4,DEFICIT,4.53,3.39,3.85,2.25
2024-07-27 05:00,7,5,5,weekend,0,0,45.5,21.5,5.6,7.26,4.32,11.58,-11.58,DEFICIT,4.18,3.22,3.56,2.25
2024-07-27 06:00,7,6,5,weekend,17.7,1.8,51.1,19.5,4.9,18.19,0,18.19,-16.39,DEFICIT,4.89,3.57,4.16,2.25
2024-07-27 07:00,7,7,5,weekend,51.9,5.26,32.4,21.1,4.0,26.35,0.0,26.35,-21.09,DEFICIT,5.91,4.08,5.03,2.25
2024-07-27 08:00,7,8,5,weekend,134.5,13.64,57.5,22.2,5.9,19.61,8.35,27.97,-14.33,DEFICIT,6.02,4.14,5.12,2.25
2024-07-27 09:00,7,9,5,weekend,186.8,18.95,45.3,23.9,4.2,12.76,0.0,12.76,6.18,SURPLUS,5.68,3.96,4.83,2.25
2024-07-27 10:00,7,10,5,weekend,239.4,24.21,55.3,25.7,6.2,11.04,0,11.04,13.17,SURPLUS,3.86,3.05,3.28,2.25
2024-07-27 11:00,7,11,5,weekend,300.7,30.49,43.9,24.5,4.4,10.16,0,10.16,20.32,SURPLUS,4.04,3.15,3.44,2.25
2024-07-27 12:00,7,12,5,weekend,308.4,31.03,45.6,26.9,5.1,11.36,0,11.36,19.67,SURPLUS,3.89,3.07,3.3,2.25
2024-07-27 13:00,7,13,5,weekend,332.9,33.18,59.8,29.3,6.3,12.64,0,12.64,20.54,SURPLUS,3.42,2.83,2.91,2.25
2024-07-27 14:00,7,14,5,weekend,253.7,25.3,63.2,29.1,4.9,11.37,0,11.37,13.93,SURPLUS,3.78,3.01,3.21,2.25
2024-07-27 15:00,7,15,5,weekend,201.1,20.21,44.4,27.2,4.5,13.95,0,13.95,6.26,SURPLUS,3.97,3.11,3.38,2.25
2024-07-27 16:00,7,16,5,weekend,152.3,15.34,55.6,26.7,4.5,15.13,0,15.13,0.2,BALANCED,6.71,4.48,5.7,2.25
2024-07-27 17:00,7,17,5,weekend,80.5,8.12,48.9,26.5,5.2,18.34,0,18.34,-10.22,DEFICIT,7.29,4.77,6.2,2.25
2024-07-27 18:00,7,18,5,weekend,17.1,1.73,56.4,25.5,5.6,31.3,19.74,51.04,-49.32,DEFICIT,6.78,4.52,5.77,2.25
2024-07-27 19:00,7,19,5,weekend,0,0,64.3,21.6,5.3,33.64,8.29,41.93,-41.93,DEFICIT,6.92,4.59,5.88,2.25
2024-07-27 20:00,7,20,5,weekend,0,0,47.7,23.9,4.0,30.6,0.0,30.6,-30.6,DEFICIT,7.18,4.71,6.1,2.25
2024-07-27 21:00,7,21,5,weekend,0,0,67.8,22.1,5.1,25.01,0.0,25.01,-25.01,DEFICIT,6.69,4.47,5.68,2.25
2024-07-27 22:00,7,22,5,weekend,0,0,50.5,20.4,4.9,18.64,19.57,38.21,-38.21,DEFICIT,4.76,3.5,4.04,2.25
2024-07-27 23:00,7,23,5,weekend,0,0,43.8,21.1,5.0,12.45,0,12.45,-12.45,DEFICIT,4.5,3.38,3.83,2.25
2024-07-28 00:00,7,0,6,weekend,0,0,68.3,21.8,5.0,9.58,3.63,13.21,-13.21,DEFICIT,4.7,3.47,3.99,2.25
2024-07-28 01:00,7,1,6,weekend,0,0,74.6,19.2,5.7,6.64,0.0,6.64,-6.64,DEFICIT,4.32,3.29,3.68,2.25
2024-07-28 02:00,7,2,6,weekend,0,0,68.1,17.9,3.2,5.56,3.25,8.81,-8.81,DEFICIT,4.8,3.53,4.08,2.25
2024-07-28 03:00,7,3,6,weekend,0,0,74.2,19.1,5.2,5,4.34,9.34,-9.34,DEFICIT,4.72,3.49,4.01,2.25
2024-07-28 04:00,7,4,6,weekend,0,0,74.6,18.3,3.5,5,0.0,5.0,-5.0,BALANCED,4.44,3.35,3.77,2.25
2024-07-28 05:00,7,5,6,weekend,0,0,78.9,18.2,5.3,7.64,2.2,9.83,-9.83,DEFICIT,4.96,3.61,4.22,2.25
2024-07-28 06:00,7,6,6,weekend,20.1,2.04,68.6,19.0,4.3,17.81,0,17.81,-15.77,DEFICIT,6.05,4.15,5.14,2.25
2024-07-28 07:00,7,7,6,weekend,81.1,8.22,71.0,20.7,4.0,21.62,9.89,31.51,-23.29,DEFICIT,5.68,3.97,4.83,2.25
2024-07-28 08:00,7,8,6,weekend,169.9,17.23,70.6,23.0,3.7,21.35,15.33,36.67,-19.44,DEFICIT,6.13,4.19,5.21,2.25
2024-07-28 09:00,7,9,6,weekend,244.3,24.66,65.9,26.1,5.9,14.7,9.69,24.38,0.28,BALANCED,5.38,3.82,4.58,2.25
2024-07-28 10:00,7,10,6,weekend,360.2,36.2,71.1,27.2,4.2,11.43,0,11.43,24.77,SURPLUS,3.82,3.03,3.25,2.25
2024-07-28 11:00,7,11,6,weekend,502.6,50.96,67.9,24.1,4.8,11.28,0,11.28,39.68,SURPLUS,3.81,3.03,3.24,2.25
2024-07-28 12:00,7,12,6,weekend,376.3,37.74,62.8,27.7,4.0,14.5,0,14.5,23.24,SURPLUS,3.54,2.89,3.01,2.25
2024-07-28 13:00,7,13,6,weekend,443.7,44.23,63.2,29.2,5.0,13.39,0,13.39,30.84,SURPLUS,3.74,3.0,3.18,2.25
2024-07-28 14:00,7,14,6,weekend,369.0,37.25,70.3,26.2,5.7,10.33,0,10.33,26.92,SURPLUS,3.76,3.0,3.2,2.25
2024-07-28 15:00,7,15,6,weekend,297.8,29.59,59.7,30.0,3.7,13.01,0,13.01,16.58,SURPLUS,3.92,3.08,3.33,2.25
2024-07-28 16:00,7,16,6,weekend,206.9,20.84,70.0,26.6,5.1,13.53,0,13.53,7.31,SURPLUS,6.84,4.55,5.82,2.25
2024-07-28 17:00,7,17,6,weekend,106.4,10.72,63.2,26.7,4.1,18.35,0,18.35,-7.63,DEFICIT,6.86,4.56,5.83,2.25
2024-07-28 18:00,7,18,6,weekend,23.2,2.35,64.3,23.1,3.5,25.8,16.77,42.57,-40.22,DEFICIT,6.31,4.28,5.36,2.25
2024-07-28 19:00,7,19,6,weekend,0,0,70.2,22.2,5.2,34.68,8.91,43.58,-43.58,DEFICIT,7.1,4.67,6.03,2.25
2024-07-28 20:00,7,20,6,weekend,0,0,72.6,22.8,4.0,27.75,20.81,48.56,-48.56,DEFICIT,6.67,4.46,5.67,2.25
2024-07-28 21:00,7,21,6,weekend,0,0,77.8,21.0,4.4,23.8,18.33,42.12,-42.12,DEFICIT,6.6,4.42,5.61,2.25
2024-07-28 22:00,7,22,6,weekend,0,0,86.5,21.8,3.2,16.0,16.87,32.87,-32.87,DEFICIT,4.45,3.35,3.79,2.25
2024-07-28 23:00,7,23,6,weekend,0,0,76.3,22.8,5.5,10.73,0,10.73,-10.73,DEFICIT,4.96,3.6,4.22,2.25
2024-07-29 00:00,7,0,0,weekday,0,0,91.1,18.8,3.4,6.32,3.52,9.83,-9.83,DEFICIT,4.38,3.31,3.72,2.25
2024-07-29 01:00,7,1,0,weekday,0,0,89.3,19.8,4.5,7.29,0.0,7.29,-7.29,DEFICIT,4.9,3.57,4.16,2.25
2024-07-29 02:00,7,2,0,weekday,0,0,100,16.6,4.1,5.39,2.78,8.17,-8.17,DEFICIT,4.55,3.4,3.87,2.25
2024-07-29 03:00,7,3,0,weekday,0,0,96.6,18.5,4.4,5.19,0.0,5.19,-5.19,DEFICIT,4.41,3.33,3.75,2.25
2024-07-29 04:00,7,4,0,weekday,0,0,91.1,17.3,3.8,5,2.7,7.7,-7.7,DEFICIT,4.45,3.35,3.78,2.25
2024-07-29 05:00,7,5,0,weekday,0,0,86.3,19.9,4.7,6.11,3.71,9.81,-9.81,DEFICIT,4.45,3.35,3.78,2.25
2024-07-29 06:00,7,6,0,weekday,29.1,2.95,94.9,18.0,4.4,12.52,0,12.52,-9.57,DEFICIT,5.99,4.12,5.09,2.25
2024-07-29 07:00,7,7,0,weekday,96.7,9.81,71.8,23.5,4.8,22.04,5.34,27.38,-17.57,DEFICIT,5.58,3.91,4.74,2.25
2024-07-29 08:00,7,8,0,weekday,201.7,20.45,81.5,21.0,4.2,20.07,0.0,20.07,0.39,BALANCED,5.55,3.9,4.72,2.25
2024-07-29 09:00,7,9,0,weekday,313.4,31.69,74.5,25.7,3.8,12.42,3.87,16.3,15.39,SURPLUS,5.69,3.97,4.84,2.25
2024-07-29 10:00,7,10,0,weekday,414.8,41.87,81.8,26.1,3.4,10.12,0,10.12,31.75,SURPLUS,4.16,3.21,3.54,2.25
2024-07-29 11:00,7,11,0,weekday,469.6,47.5,95.6,25.6,6.3,7.92,0,7.92,39.57,SURPLUS,3.95,3.1,3.36,2.25
2024-07-29 12:00,7,12,0,weekday,589.5,59.2,90.6,27.4,6.5,10.61,0,10.61,48.59,SURPLUS,4.01,3.13,3.41,2.25
2024-07-29 13:00,7,13,0,weekday,493.0,49.81,73.7,25.9,4.2,12.56,0,12.56,37.25,SURPLUS,4.04,3.15,3.44,2.25
2024-07-29 14:00,7,14,0,weekday,460.8,45.94,90.5,29.2,5.8,9.91,0,9.91,36.04,SURPLUS,3.22,2.73,2.74,2.25
2024-07-29 15:00,7,15,0,weekday,345.7,34.96,86.6,25.7,7.2,9.75,0,9.75,25.21,SURPLUS,4.52,3.38,3.84,2.25
2024-07-29 16:00,7,16,0,weekday,261.4,26.25,75.8,27.3,5.3,15.03,0,15.03,11.22,SURPLUS,6.87,4.56,5.84,2.25
2024-07-29 17:00,7,17,0,weekday,120.4,12.21,85.2,24.8,3.9,18.04,0,18.04,-5.83,DEFICIT,7.27,4.76,6.18,2.25
2024-07-29 18:00,7,18,0,weekday,26.3,2.66,82.6,21.9,6.4,23.62,13.26,36.88,-34.22,DEFICIT,7.33,4.79,6.23,2.25
2024-07-29 19:00,7,19,0,weekday,0,0,99.5,23.9,4.8,26.09,12.26,38.35,-38.35,DEFICIT,6.96,4.6,5.92,2.25
2024-07-29 20:00,7,20,0,weekday,0,0,96.2,24.8,3.8,24.33,21.04,45.38,-45.38,DEFICIT,6.32,4.28,5.37,2.25
2024-07-29 21:00,7,21,0,weekday,0,0,100,19.7,5.8,24.18,0.0,24.18,-24.18,DEFICIT,7.06,4.65,6.0,2.25
2024-07-29 22:00,7,22,0,weekday,0,0,94.0,21.7,4.6,12.83,17.39,30.22,-30.22,DEFICIT,5.02,3.63,4.26,2.25
2024-07-29 23:00,7,23,0,weekday,0,0,92.0,22.5,4.9,10.46,0,10.46,-10.46,DEFICIT,4.49,3.37,3.82,2.25
2024-07-30 00:00,7,0,1,weekday,0,0,100,21.0,4.0,7.6,4.86,12.47,-12.47,DEFICIT,4.48,3.37,3.81,2.25
2024-07-30 01:00,7,1,1,weekday,0,0,97.7,21.3,4.6,6.05,0.0,6.05,-6.05,DEFICIT,4.41,3.33,3.74,2.25
2024-07-30 02:00,7,2,1,weekday,0,0,99.8,19.5,3.4,5.03,4.26,9.29,-9.29,DEFICIT,4.78,3.51,4.06,2.25
2024-07-30 03:00,7,3,1,weekday,0,0,88.9,18.8,5.0,5,3.87,8.87,-8.87,DEFICIT,4.49,3.37,3.82,2.25
2024-07-30 04:00,7,4,1,weekday,0,0,100,18.8,4.6,5.01,0.0,5.01,-5.01,DEFICIT,4.79,3.52,4.07,2.25
2024-07-30 05:00,7,5,1,weekday,0,0,100,20.3,4.8,5.45,2.34,7.78,-7.78,DEFICIT,4.89,3.57,4.16,2.25
2024-07-30 06:00,7,6,1,weekday,38.7,3.93,100,20.7,5.2,13.63,0,13.63,-9.7,DEFICIT,5.7,3.97,4.84,2.25
2024-07-30 07:00,7,7,1,weekday,126.5,12.82,100,19.8,3.7,21.95,17.42,39.37,-26.54,DEFICIT,5.66,3.95,4.81,2.25
2024-07-30 08:00,7,8,1,weekday,289.0,29.3,100,22.8,3.5,17.24,0.0,17.24,12.07,SURPLUS,5.49,3.87,4.67,2.25
2024-07-30 09:00,7,9,1,weekday,471.5,47.81,100,24.0,4.1,12.07,8.92,20.99,26.82,SURPLUS,5.54,3.9,4.71,2.25
2024-07-30 10:00,7,10,1,weekday,602.6,60.99,100,25.5,4.5,10.38,0,10.38,50.61,SURPLUS,3.87,3.06,3.29,2.25
2024-07-30 11:00,7,11,1,weekday,876.7,88.61,100,25.8,5.0,10.75,0,10.75,77.87,SURPLUS,3.51,2.88,2.98,2.25
2024-07-30 12:00,7,12,1,weekday,764.2,77.15,100,26.1,5.0,9.28,0,9.28,67.87,SURPLUS,3.55,2.9,3.02,2.25
2024-07-30 13:00,7,13,1,weekday,772.8,78.0,100,26.1,3.8,12.39,0,12.39,65.61,SURPLUS,3.74,3.0,3.18,2.25
2024-07-30 14:00,7,14,1,weekday,662.3,66.26,100,28.3,4.9,10.04,0,10.04,56.22,SURPLUS,3.88,3.07,3.3,2.25
2024-07-30 15:00,7,15,1,weekday,529.1,53.27,100,26.8,6.4,10.23,0,10.23,43.04,SURPLUS,3.91,3.08,3.33,2.25
2024-07-30 16:00,7,16,1,weekday,342.6,34.57,100,26.3,6.2,13.36,0,13.36,21.21,SURPLUS,6.9,4.57,5.86,2.25
2024-07-30 17:00,7,17,1,weekday,153.6,15.57,100,25.0,3.8,19.87,0,19.87,-4.3,BALANCED,6.59,4.42,5.6,2.25
2024-07-30 18:00,7,18,1,weekday,36.5,3.7,100,21.8,4.3,24.03,18.95,42.98,-39.28,DEFICIT,6.41,4.33,5.44,2.25
2024-07-30 19:00,7,19,1,weekday,0,0,91.0,24.2,5.5,26.73,17.16,43.89,-43.89,DEFICIT,6.85,4.55,5.83,2.25
2024-07-30 20:00,7,20,1,weekday,0,0,87.1,22.1,4.3,21.58,11.84,33.41,-33.41,DEFICIT,6.93,4.59,5.89,2.25
2024-07-30 21:00,7,21,1,weekday,0,0,100,22.8,3.6,19.53,0.0,19.53,-19.53,DEFICIT,7.12,4.69,6.05,2.25
2024-07-30 22:00,7,22,1,weekday,0,0,100,19.8,4.7,15.09,17.48,32.57,-32.57,DEFICIT,4.38,3.31,3.72,2.25
2024-07-30 23:00,7,23,1,weekday,0,0,98.2,19.9,5.7,10.66,0,10.66,-10.66,DEFICIT,4.24,3.25,3.6,2.25
2024-07-31 00:00,7,0,2,weekday,0,0,92.2,19.4,3.8,6.76,0.0,6.76,-6.76,DEFICIT,4.14,3.2,3.52,2.25
2024-07-31 01:00,7,1,2,weekday,0,0,88.1,20.5,4.4,5.88,0.0,5.88,-5.88,DEFICIT,4.49,3.37,3.82,2.25
2024-07-31 02:00,7,2,2,weekday,0,0,95.8,19.7,4.4,5.36,3.74,9.11,-9.11,DEFICIT,4.62,3.44,3.93,2.25
2024-07-31 03:00,7,3,2,weekday,0,0,100,17.4,4.2,5,0.0,5.0,-5.0,BALANCED,4.23,3.24,3.6,2.25
2024-07-31 04:00,7,4,2,weekday,0,0,96.8,17.3,3.8,5,2.56,7.56,-7.56,DEFICIT,4.29,3.27,3.65,2.25
2024-07-31 05:00,7,5,2,weekday,0,0,100,17.8,4.4,6.42,0.0,6.42,-6.42,DEFICIT,4.55,3.4,3.87,2.25
2024-07-31 06:00,7,6,2,weekday,27.3,2.77,87.7,20.0,3.6,15.47,0,15.47,-12.7,DEFICIT,5.47,3.86,4.65,2.25
2024-07-31 07:00,7,7,2,weekday,104.1,10.55,88.3,18.9,6.7,17.33,0.0,17.33,-6.78,DEFICIT,5.77,4.01,4.9,2.25
2024-07-31 08:00,7,8,2,weekday,214.5,21.7,100,25.6,4.8,17.51,7.34,24.86,-3.16,BALANCED,5.83,4.04,4.95,2.25
2024-07-31 09:00,7,9,2,weekday,412.4,41.82,77.8,23.9,5.9,12.27,5.47,17.74,24.08,SURPLUS,5.55,3.9,4.72,2.25
2024-07-31 10:00,7,10,2,weekday,444.4,45.06,96.8,22.7,3.4,10.68,0,10.68,34.38,SURPLUS,3.61,2.93,3.07,2.25
2024-07-31 11:00,7,11,2,weekday,477.0,48.05,88.1,26.7,3.5,10.28,0,10.28,37.77,SURPLUS,3.97,3.11,3.37,2.25
2024-07-31 12:00,7,12,2,weekday,585.0,58.74,88.7,27.4,5.5,12.67,0,12.67,46.07,SURPLUS,3.72,2.99,3.17,2.25
2024-07-31 13:00,7,13,2,weekday,478.6,48.53,99.7,24.6,5.6,9.73,0,9.73,38.8,SURPLUS,3.97,3.11,3.37,2.25
2024-07-31 14:00,7,14,2,weekday,445.4,44.35,87.6,29.5,4.9,10.71,0,10.71,33.65,SURPLUS,3.72,2.99,3.16,2.25
2024-07-31 15:00,7,15,2,weekday,368.0,36.93,100,27.6,6.1,11.53,0,11.53,25.39,SURPLUS,3.95,3.1,3.35,2.25
2024-07-31 16:00,7,16,2,weekday,247.5,25.09,100,25.1,7.0,14.7,0,14.7,10.39,SURPLUS,7.07,4.66,6.01,2.25
2024-07-31 17:00,7,17,2,weekday,137.8,13.98,86.4,24.3,4.5,17.77,0,17.77,-3.79,BALANCED,6.43,4.34,5.47,2.25
2024-07-31 18:00,7,18,2,weekday,26.2,2.66,95.5,24.5,3.6,20.29,7.51,27.8,-25.14,DEFICIT,6.8,4.52,5.78,2.25
2024-07-31 19:00,7,19,2,weekday,0,0,100,22.5,4.3,26.1,11.25,37.35,-37.35,DEFICIT,7.25,4.75,6.16,2.25
2024-07-31 20:00,7,20,2,weekday,0,0,99.9,21.9,5.4,29.35,0.0,29.35,-29.35,DEFICIT,6.77,4.51,5.76,2.25
2024-07-31 21:00,7,21,2,weekday,0,0,96.0,22.3,4.2,20.87,15.81,36.68,-36.68,DEFICIT,6.57,4.41,5.59,2.25
2024-07-31 22:00,7,22,2,weekday,0,0,100,23.8,6.5,13.86,9.54,23.41,-23.41,DEFICIT,4.49,3.37,3.82,2.25
2024-07-31 23:00,7,23,2,weekday,0,0,93.9,21.4,3.1,9.38,0,9.38,-9.38,DEFICIT,4.39,3.32,3.73,2.25
2024-08-01 00:00,8,0,3,weekday,0,0,83.6,21.0,4.5,6.74,0.0,6.74,-6.74,DEFICIT,4.53,3.39,3.85,2.25
2024-08-01 01:00,8,1,3,weekday,0,0,100,20.8,4.3,5.2,0.0,5.2,-5.2,DEFICIT,4.52,3.39,3.84,2.25
2024-08-01 02:00,8,2,3,weekday,0,0,80.7,18.0,3.9,5,0.0,5.0,-5.0,BALANCED,4.4,3.33,3.74,2.25
2024-08-01 03:00,8,3,3,weekday,0,0,82.1,20.2,4.8,5,5.43,10.43,-10.43,DEFICIT,4.14,3.2,3.52,2.25
2024-08-01 04:00,8,4,3,weekday,0,0,88.1,19.8,4.0,5,5.03,10.03,-10.03,DEFICIT,4.12,3.18,3.5,2.25
2024-08-01 05:00,8,5,3,weekday,0,0,100,13.6,5.1,5.73,2.61,8.34,-8.34,DEFICIT,4.51,3.38,3.84,2.25
2024-08-01 06:00,8,6,3,weekday,28.6,2.9,100,19.2,5.0,18.6,0,18.6,-15.7,DEFICIT,6.41,4.33,5.45,2.25
2024-08-01 07:00,8,7,3,weekday,101.5,10.29,74.2,20.8,3.5,21.07,20.31,41.38,-31.09,DEFICIT,5.88,4.07,5.0,2.25
2024-08-01 08:00,8,8,3,weekday,199.0,20.18,83.7,20.7,3.7,14.52,0.0,14.52,5.66,SURPLUS,5.7,3.97,4.84,2.25
2024-08-01 09:00,8,9,3,weekday,362.3,36.4,87.0,27.3,4.0,10.74,8.81,19.54,16.86,SURPLUS,5.63,3.94,4.78,2.25
2024-08-01 10:00,8,10,3,weekday,424.1,42.89,83.1,25.7,4.0,10.04,0,10.04,32.85,SURPLUS,3.88,3.06,3.29,2.25
2024-08-01 11:00,8,11,3,weekday,495.6,49.77,86.3,27.4,3.8,8.22,0,8.22,41.55,SURPLUS,3.56,2.91,3.03,2.25
2024-08-01 12:00,8,12,3,weekday,577.7,58.08,80.1,27.2,5.1,12.67,0,12.67,45.41,SURPLUS,3.84,3.05,3.27,2.25
2024-08-01 13:00,8,13,3,weekday,584.1,58.67,71.3,27.4,6.1,12.1,0,12.1,46.57,SURPLUS,4.33,3.29,3.68,2.25
2024-08-01 14:00,8,14,3,weekday,514.1,51.69,87.7,27.1,5.4,10.88,0,10.88,40.81,SURPLUS,3.51,2.88,2.99,2.25
2024-08-01 15:00,8,15,3,weekday,336.7,33.88,70.5,26.9,5.2,11.45,0,11.45,22.44,SURPLUS,3.52,2.88,2.99,2.25
2024-08-01 16:00,8,16,3,weekday,251.6,25.44,73.3,25.7,7.2,11.35,0,11.35,14.09,SURPLUS,6.67,4.46,5.67,2.25
2024-08-01 17:00,8,17,3,weekday,117.2,11.8,75.5,26.8,3.5,17.14,0,17.14,-5.34,DEFICIT,6.79,4.52,5.77,2.25
2024-08-01 18:00,8,18,3,weekday,27.7,2.81,95.5,22.6,4.1,23.5,15.56,39.06,-36.25,DEFICIT,7.43,4.84,6.32,2.25
2024-08-01 19:00,8,19,3,weekday,0,0,100,22.6,4.1,24.53,13.76,38.29,-38.29,DEFICIT,7.04,4.64,5.98,2.25
2024-08-01 20:00,8,20,3,weekday,0,0,84.6,21.0,4.7,24.33,12.28,36.61,-36.61,DEFICIT,6.98,4.61,5.93,2.25
2024-08-01 21:00,8,21,3,weekday,0,0,83.1,20.8,3.8,20.5,21.24,41.74,-41.74,DEFICIT,6.95,4.6,5.91,2.25
2024-08-01 22:00,8,22,3,weekday,0,0,89.7,19.5,4.0,14.02,5.95,19.97,-19.97,DEFICIT,4.79,3.52,4.07,2.25
2024-08-01 23:00,8,23,3,weekday,0,0,97.4,22.3,3.7,9.99,0,9.99,-9.99,DEFICIT,4.24,3.25,3.61,2.25
2024-08-02 00:00,8,0,4,weekday,0,0,92.5,17.9,4.8,6.9,4.69,11.59,-11.59,DEFICIT,4.82,3.54,4.1,2.25
2024-08-02 01:00,8,1,4,weekday,0,0,100,20.8,4.3,6.26,4.29,10.56,-10.56,DEFICIT,4.49,3.37,3.81,2.25
2024-08-02 02:00,8,2,4,weekday,0,0,85.9,19.9,3.6,5.52,0.0,5.52,-5.52,DEFICIT,4.96,3.61,4.22,2.25
2024-08-02 03:00,8,3,4,weekday,0,0,100,18.5,4.9,5,4.15,9.15,-9.15,DEFICIT,4.49,3.37,3.82,2.25
2024-08-02 04:00,8,4,4,weekday,0,0,94.2,18.0,4.2,5,2.95,7.95,-7.95,DEFICIT,4.76,3.5,4.04,2.25
2024-08-02 05:00,8,5,4,weekday,0,0,99.3,20.6,4.6,5.27,2.89,8.17,-8.17,DEFICIT,4.26,3.26,3.62,2.25
2024-08-02 06:00,8,6,4,weekday,33.5,3.4,94.7,20.0,3.6,16.54,0,16.54,-13.14,DEFICIT,5.38,3.81,4.57,2.25
2024-08-02 07:00,8,7,4,weekday,117.0,11.86,97.5,19.9,3.2,23.73,0.0,23.73,-11.86,DEFICIT,5.27,3.76,4.48,2.25
2024-08-02 08:00,8,8,4,weekday,237.4,24.07,90.6,23.7,6.4,17.47,0.0,17.47,6.6,SURPLUS,5.79,4.02,4.92,2.25
2024-08-02 09:00,8,9,4,weekday,336.0,33.88,92.1,26.4,3.8,12.79,11.29,24.08,9.8,SURPLUS,5.7,3.98,4.85,2.25
2024-08-02 10:00,8,10,4,weekday,459.9,46.64,83.4,24.9,4.0,9.38,0,9.38,37.25,SURPLUS,3.63,2.94,3.09,2.25
2024-08-02 11:00,8,11,4,weekday,626.2,62.93,96.9,27.2,4.2,9.88,0,9.88,53.05,SURPLUS,3.84,3.04,3.26,2.25
2024-08-02 12:00,8,12,4,weekday,775.2,77.1,90.8,29.8,5.9,10.14,0,10.14,66.96,SURPLUS,3.75,3.0,3.19,2.25
2024-08-02 13:00,8,13,4,weekday,562.3,56.64,83.4,26.6,5.3,11.22,0,11.22,45.42,SURPLUS,3.46,2.85,2.94,2.25
2024-08-02 14:00,8,14,4,weekday,602.5,59.66,87.2,30.9,4.9,9.61,0,9.61,50.04,SURPLUS,4.12,3.19,3.5,2.25
2024-08-02 15:00,8,15,4,weekday,397.1,39.64,94.9,28.9,3.6,9.71,0,9.71,29.93,SURPLUS,3.88,3.06,3.29,2.25
2024-08-02 16:00,8,16,4,weekday,308.5,31.21,94.3,25.6,3.7,10.44,0,10.44,20.77,SURPLUS,6.74,4.49,5.73,2.25
2024-08-02 17:00,8,17,4,weekday,146.6,14.78,93.2,26.4,2.9,18.94,0,18.94,-4.16,BALANCED,6.59,4.42,5.6,2.25
2024-08-02 18:00,8,18,4,weekday,30.8,3.12,90.9,24.9,3.8,21.33,9.17,30.5,-27.38,DEFICIT,6.08,4.17,5.17,2.25
2024-08-02 19:00,8,19,4,weekday,0,0,100,20.3,4.3,27.0,9.16,36.17,-36.17,DEFICIT,7.01,4.63,5.96,2.25
2024-08-02 20:00,8,20,4,weekday,0,0,100,22.7,3.9,21.73,10.15,31.87,-31.87,DEFICIT,6.37,4.31,5.41,2.25
2024-08-02 21:00,8,21,4,weekday,0,0,86.6,22.1,5.0,18.49,5.8,24.29,-24.29,DEFICIT,6.66,4.46,5.66,2.25
2024-08-02 22:00,8,22,4,weekday,0,0,100,19.5,5.5,15.31,9.36,24.66,-24.66,DEFICIT,4.54,3.39,3.86,2.25
2024-08-02 23:00,8,23,4,weekday,0,0,96.2,19.1,5.7,9.72,0,9.72,-9.72,DEFICIT,4.86,3.56,4.13,2.25
2024-08-03 00:00,8,0,5,weekend,0,0,100,20.5,3.2,7.27,0.0,7.27,-7.27,DEFICIT,4.49,3.37,3.81,2.25
2024-08-03 01:00,8,1,5,weekend,0,0,98.1,19.9,5.0,7.21,3.84,11.04,-11.04,DEFICIT,4.49,3.37,3.81,2.25
2024-08-03 02:00,8,2,5,weekend,0,0,97.1,19.5,4.4,6.34,2.58,8.92,-8.92,DEFICIT,4.25,3.25,3.61,2.25
2024-08-03 03:00,8,3,5,weekend,0,0,97.1,19.1,5.5,5.85,2.48,8.32,-8.32,DEFICIT,4.26,3.25,3.62,2.25
2024-08-03 04:00,8,4,5,weekend,0,0,97.7,17.6,6.0,5,0.0,5.0,-5.0,BALANCED,4.44,3.35,3.78,2.25
2024-08-03 05:00,8,5,5,weekend,0,0,97.5,17.3,4.3,6.18,4.69,10.87,-10.87,DEFICIT,4.35,3.3,3.7,2.25
2024-08-03 06:00,8,6,5,weekend,34.6,3.51,83.1,20.0,3.2,19.93,0,19.93,-16.43,DEFICIT,5.83,4.04,4.95,2.25
2024-08-03 07:00,8,7,5,weekend,126.4,12.82,84.7,21.7,3.5,28.38,0.0,28.38,-15.56,DEFICIT,5.69,3.97,4.83,2.25
2024-08-03 08:00,8,8,5,weekend,238.5,24.18,96.3,21.5,3.5,21.06,0.0,21.06,3.12,BALANCED,5.92,4.09,5.03,2.25
2024-08-03 09:00,8,9,5,weekend,414.6,41.79,88.4,26.5,3.0,15.53,0.0,15.53,26.26,SURPLUS,5.95,4.1,5.06,2.25
2024-08-03 10:00,8,10,5,weekend,500.0,50.7,87.4,25.0,4.1,11.33,0,11.33,39.36,SURPLUS,3.51,2.88,2.99,2.25
2024-08-03 11:00,8,11,5,weekend,628.0,63.58,95.9,25.4,5.2,11.86,0,11.86,51.73,SURPLUS,2.84,2.55,2.42,2.25
2024-08-03 12:00,8,12,5,weekend,602.2,60.62,90.9,26.8,6.4,15.4,0,15.4,45.22,SURPLUS,4.36,3.31,3.71,2.25
2024-08-03 13:00,8,13,5,weekend,543.3,54.66,81.0,27.0,2.8,11.63,0,11.63,43.03,SURPLUS,4.08,3.16,3.46,2.25
2024-08-03 14:00,8,14,5,weekend,582.8,58.74,86.8,26.5,5.6,10.58,0,10.58,48.16,SURPLUS,3.83,3.04,3.26,2.25
2024-08-03 15:00,8,15,5,weekend,434.6,43.27,92.1,29.6,5.3,14.68,0,14.68,28.59,SURPLUS,2.92,2.58,2.48,2.25
2024-08-03 16:00,8,16,5,weekend,286.0,28.96,96.7,25.3,6.4,14.87,0,14.87,14.1,SURPLUS,6.39,4.32,5.43,2.25
2024-08-03 17:00,8,17,5,weekend,132.2,13.4,100,24.1,3.5,22.99,0,22.99,-9.58,DEFICIT,7.11,4.68,6.04,2.25
2024-08-03 18:00,8,18,5,weekend,27.7,2.81,85.9,22.4,4.8,28.52,13.21,41.73,-38.92,DEFICIT,6.81,4.53,5.79,2.25
2024-08-03 19:00,8,19,5,weekend,0,0,99.7,24.4,4.1,43.07,21.87,64.93,-64.93,DEFICIT,6.48,4.36,5.51,2.25
2024-08-03 20:00,8,20,5,weekend,0,0,92.7,23.6,2.1,29.94,0.0,29.94,-29.94,DEFICIT,6.45,4.35,5.48,2.25
2024-08-03 21:00,8,21,5,weekend,0,0,97.2,21.2,4.1,23.95,0.0,23.95,-23.95,DEFICIT,6.98,4.61,5.93,2.25
2024-08-03 22:00,8,22,5,weekend,0,0,97.2,20.1,4.6,15.05,13.99,29.04,-29.04,DEFICIT,4.14,3.2,3.52,2.25
2024-08-03 23:00,8,23,5,weekend,0,0,100,20.5,4.3,11.38,0,11.38,-11.38,DEFICIT,4.59,3.42,3.9,2.25
2024-08-04 00:00,8,0,6,weekend,0,0,90.3,20.0,4.6,7.67,0.0,7.67,-7.67,DEFICIT,4.98,3.62,4.24,2.25
2024-08-04 01:00,8,1,6,weekend,0,0,96.0,21.2,5.8,7.08,0.0,7.08,-7.08,DEFICIT,3.8,3.02,3.23,2.25
2024-08-04 02:00,8,2,6,weekend,0,0,91.0,18.5,5.1,5.96,4.65,10.61,-10.61,DEFICIT,4.28,3.27,3.64,2.25
2024-08-04 03:00,8,3,6,weekend,0,0,100,17.8,4.2,5,0.0,5.0,-5.0,BALANCED,4.47,3.36,3.8,2.25
2024-08-04 04:00,8,4,6,weekend,0,0,85.2,19.2,3.9,5,0.0,5.0,-5.0,BALANCED,4.34,3.29,3.69,2.25
2024-08-04 05:00,8,5,6,weekend,0,0,92.7,18.5,3.7,8.08,4.39,12.47,-12.47,DEFICIT,4.43,3.34,3.76,2.25
2024-08-04 06:00,8,6,6,weekend,27.1,2.75,84.5,20.0,5.2,16.64,0,16.64,-13.89,DEFICIT,5.89,4.07,5.01,2.25
2024-08-04 07:00,8,7,6,weekend,112.7,11.43,95.8,20.1,3.8,24.06,3.79,27.84,-16.42,DEFICIT,5.96,4.11,5.07,2.25
2024-08-04 08:00,8,8,6,weekend,243.0,24.64,74.1,20.6,3.1,18.1,0.0,18.1,6.55,SURPLUS,6.05,4.15,5.14,2.25
2024-08-04 09:00,8,9,6,weekend,365.8,37.09,71.5,23.3,5.0,13.1,7.16,20.26,16.83,SURPLUS,5.42,3.83,4.61,2.25
2024-08-04 10:00,8,10,6,weekend,405.1,40.93,75.0,25.9,5.8,10.62,0,10.62,30.31,SURPLUS,4.13,3.19,3.51,2.25
2024-08-04 11:00,8,11,6,weekend,460.2,46.39,68.3,26.4,4.7,11.64,0,11.64,34.76,SURPLUS,3.18,2.72,2.71,2.25
2024-08-04 12:00,8,12,6,weekend,503.1,50.99,80.1,25.1,4.7,15.12,0,15.12,35.87,SURPLUS,3.76,3.01,3.2,2.25
2024-08-04 13:00,8,13,6,weekend,548.0,54.85,86.2,28.2,5.1,14.46,0,14.46,40.39,SURPLUS,3.62,2.93,3.07,2.25
2024-08-04 14:00,8,14,6,weekend,468.7,47.28,74.6,26.3,4.9,11.6,0,11.6,35.68,SURPLUS,3.58,2.91,3.04,2.25
2024-08-04 15:00,8,15,6,weekend,399.8,40.54,82.1,24.3,4.2,12.75,0,12.75,27.8,SURPLUS,3.76,3.0,3.19,2.25
2024-08-04 16:00,8,16,6,weekend,271.1,27.39,88.2,25.9,5.2,14.23,0,14.23,13.16,SURPLUS,6.94,4.59,5.9,2.25
2024-08-04 17:00,8,17,6,weekend,117.3,11.8,86.1,26.9,2.7,21.0,0,21.0,-9.2,DEFICIT,6.4,4.32,5.44,2.25
2024-08-04 18:00,8,18,6,weekend,29.4,2.96,82.0,26.5,4.6,24.74,9.7,34.44,-31.48,DEFICIT,6.87,4.56,5.84,2.25
2024-08-04 19:00,8,19,6,weekend,0,0,100,22.5,6.0,35.9,13.97,49.87,-49.87,DEFICIT,6.79,4.52,5.77,2.25
2024-08-04 20:00,8,20,6,weekend,0,0,100,20.6,4.7,28.51,0.0,28.51,-28.51,DEFICIT,7.12,4.69,6.05,2.25
2024-08-04 21:00,8,21,6,weekend,0,0,87.6,21.5,4.1,24.08,18.29,42.37,-42.37,DEFICIT,6.67,4.46,5.67,2.25
2024-08-04 22:00,8,22,6,weekend,0,0,97.8,21.5,4.2,14.66,10.58,25.24,-25.24,DEFICIT,4.39,3.32,3.73,2.25
2024-08-04 23:00,8,23,6,weekend,0,0,85.3,23.2,4.3,10.39,0,10.39,-10.39,DEFICIT,4.85,3.55,4.12,2.25
2024-08-05 00:00,8,0,0,weekday,0,0,74.0,20.9,4.6,6.61,4.47,11.08,-11.08,DEFICIT,4.59,3.42,3.9,2.25
2024-08-05 01:00,8,1,0,weekday,0,0,74.1,21.1,5.2,6.64,0.0,6.64,-6.64,DEFICIT,4.09,3.17,3.48,2.25
2024-08-05 02:00,8,2,0,weekday,0,0,74.8,15.9,4.1,5.64,0.0,5.64,-5.64,DEFICIT,4.74,3.49,4.03,2.25
2024-08-05 03:00,8,3,0,weekday,0,0,79.5,19.0,4.1,5,0.0,5.0,-5.0,BALANCED,4.23,3.24,3.6,2.25
2024-08-05 04:00,8,4,0,weekday,0,0,73.5,17.8,5.0,5,0.0,5.0,-5.0,BALANCED,4.15,3.2,3.53,2.25
2024-08-05 05:00,8,5,0,weekday,0,0,80.2,19.8,5.8,5,0.0,5.0,-5.0,BALANCED,4.16,3.2,3.53,2.25
2024-08-05 06:00,8,6,0,weekday,24.0,2.43,73.0,19.5,3.7,15.18,0,15.18,-12.74,DEFICIT,5.75,4.0,4.89,2.25
2024-08-05 07:00,8,7,0,weekday,91.0,9.23,63.1,21.0,4.4,21.32,9.05,30.37,-21.15,DEFICIT,6.04,4.14,5.13,2.25
2024-08-05 08:00,8,8,0,weekday,178.8,18.13,55.6,21.3,4.4,14.99,0.0,14.99,3.13,BALANCED,6.08,4.16,5.17,2.25
2024-08-05 09:00,8,9,0,weekday,282.1,28.6,77.0,23.7,4.5,11.63,8.86,20.5,8.11,SURPLUS,6.23,4.24,5.29,2.25
2024-08-05 10:00,8,10,0,weekday,326.6,33.12,63.9,23.9,4.1,10.02,0,10.02,23.1,SURPLUS,3.45,2.85,2.94,2.25
2024-08-05 11:00,8,11,0,weekday,403.1,39.95,63.8,30.7,4.1,7.86,0,7.86,32.09,SURPLUS,3.52,2.88,2.99,2.25
2024-08-05 12:00,8,12,0,weekday,501.6,50.73,58.7,25.6,4.6,11.92,0,11.92,38.81,SURPLUS,4.12,3.19,3.51,2.25
2024-08-05 13:00,8,13,0,weekday,449.1,45.35,62.3,26.1,3.5,11.32,0,11.32,34.03,SURPLUS,3.32,2.79,2.82,2.25
2024-08-05 14:00,8,14,0,weekday,410.3,40.89,85.4,29.3,5.3,11.15,0,11.15,29.74,SURPLUS,3.9,3.07,3.31,2.25
2024-08-05 15:00,8,15,0,weekday,352.0,35.45,64.8,26.7,4.1,10.47,0,10.47,24.98,SURPLUS,3.93,3.09,3.34,2.25
2024-08-05 16:00,8,16,0,weekday,213.6,21.65,68.4,24.5,6.5,10.78,0,10.78,10.87,SURPLUS,6.85,4.55,5.82,2.25
2024-08-05 17:00,8,17,0,weekday,103.6,10.51,50.7,24.8,5.4,18.87,0,18.87,-8.36,DEFICIT,7.48,4.86,6.36,2.25
2024-08-05 18:00,8,18,0,weekday,23.6,2.39,65.9,23.7,4.2,24.29,13.04,37.33,-34.94,DEFICIT,6.82,4.54,5.8,2.25
2024-08-05 19:00,8,19,0,weekday,0,0,79.5,24.9,3.9,26.4,14.06,40.46,-40.46,DEFICIT,6.8,4.52,5.78,2.25
2024-08-05 20:00,8,20,0,weekday,0,0,67.9,23.0,3.5,30.85,5.97,36.82,-36.82,DEFICIT,6.81,4.53,5.79,2.25
2024-08-05 21:00,8,21,0,weekday,0,0,78.0,20.9,5.0,24.38,8.28,32.66,-32.66,DEFICIT,6.91,4.58,5.88,2.25
2024-08-05 22:00,8,22,0,weekday,0,0,79.3,20.0,3.4,11.83,0.0,11.83,-11.83,DEFICIT,3.98,3.12,3.38,2.25
2024-08-05 23:00,8,23,0,weekday,0,0,69.6,21.3,4.0,9.05,0,9.05,-9.05,DEFICIT,4.61,3.43,3.92,2.25
2024-08-06 00:00,8,0,1,weekday,0,0,85.8,18.0,4.4,7.6,2.31,9.91,-9.91,DEFICIT,4.99,3.62,4.24,2.25
2024-08-06 01:00,8,1,1,weekday,0,0,97.5,16.9,3.4,6.13,3.12,9.25,-9.25,DEFICIT,4.32,3.29,3.67,2.25
2024-08-06 02:00,8,2,1,weekday,0,0,80.6,18.0,5.0,5,0.0,5.0,-5.0,BALANCED,4.41,3.33,3.75,2.25
2024-08-06 03:00,8,3,1,weekday,0,0,82.6,15.8,3.7,5,3.48,8.48,-8.48,DEFICIT,4.9,3.58,4.17,2.25
2024-08-06 04:00,8,4,1,weekday,0,0,87.3,17.3,4.4,5,3.46,8.46,-8.46,DEFICIT,4.55,3.4,3.87,2.25
2024-08-06 05:00,8,5,1,weekday,0,0,92.7,19.1,2.9,6.49,0.0,6.49,-6.49,DEFICIT,4.67,3.46,3.97,2.25
2024-08-06 06:00,8,6,1,weekday,33.4,3.38,84.0,19.2,4.5,14.64,0,14.64,-11.25,DEFICIT,6.07,4.16,5.16,2.25
2024-08-06 07:00,8,7,1,weekday,97.0,9.84,76.8,19.0,1.5,24.74,9.87,34.61,-24.77,DEFICIT,5.64,3.95,4.8,2.25
2024-08-06 08:00,8,8,1,weekday,185.0,18.75,76.4,21.9,5.2,18.75,0.0,18.75,0.0,BALANCED,5.83,4.04,4.95,2.25
2024-08-06 09:00,8,9,1,weekday,358.9,36.39,93.7,25.0,4.6,12.2,5.66,17.86,18.53,SURPLUS,5.79,4.02,4.93,2.25
2024-08-06 10:00,8,10,1,weekday,450.5,45.68,75.0,23.8,5.5,9.03,0,9.03,36.65,SURPLUS,3.67,2.96,3.12,2.25
2024-08-06 11:00,8,11,1,weekday,545.8,55.27,80.2,25.4,4.8,8.83,0,8.83,46.43,SURPLUS,3.43,2.84,2.92,2.25
2024-08-06 12:00,8,12,1,weekday,570.3,57.09,85.4,28.2,6.0,11.35,0,11.35,45.74,SURPLUS,4.22,3.24,3.59,2.25
2024-08-06 13:00,8,13,1,weekday,563.0,55.9,87.6,30.2,5.7,10.33,0,10.33,45.58,SURPLUS,3.44,2.85,2.92,2.25
2024-08-06 14:00,8,14,1,weekday,441.9,44.63,85.6,26.0,4.5,11.08,0,11.08,33.56,SURPLUS,3.71,2.98,3.15,2.25
2024-08-06 15:00,8,15,1,weekday,362.8,36.34,74.6,28.0,5.9,8.79,0,8.79,27.55,SURPLUS,3.67,2.96,3.12,2.25
2024-08-06 16:00,8,16,1,weekday,311.1,31.54,87.3,24.6,4.3,12.62,0,12.62,18.93,SURPLUS,7.41,4.83,6.3,2.25
2024-08-06 17:00,8,17,1,weekday,124.6,12.59,96.4,25.9,4.9,16.23,0,16.23,-3.64,BALANCED,6.98,4.61,5.93,2.25
2024-08-06 18:00,8,18,1,weekday,29.2,2.96,77.5,23.5,4.4,27.29,7.41,34.69,-31.73,DEFICIT,6.77,4.51,5.76,2.25
2024-08-06 19:00,8,19,1,weekday,0,0,93.0,20.0,4.2,34.66,19.32,53.97,-53.97,DEFICIT,7.08,4.67,6.02,2.25
2024-08-06 20:00,8,20,1,weekday,0,0,84.6,20.8,4.8,29.15,0.0,29.15,-29.15,DEFICIT,6.48,4.36,5.51,2.25
2024-08-06 21:00,8,21,1,weekday,0,0,94.4,19.5,3.5,22.17,10.62,32.79,-32.79,DEFICIT,7.01,4.63,5.96,2.25
2024-08-06 22:00,8,22,1,weekday,0,0,78.3,19.5,3.9,14.35,17.32,31.68,-31.68,DEFICIT,4.41,3.33,3.75,2.25
2024-08-06 23:00,8,23,1,weekday,0,0,91.6,21.5,3.7,11.81,0,11.81,-11.81,DEFICIT,4.21,3.23,3.58,2.25
2024-08-07 00:00,8,0,2,weekday,0,0,77.0,18.7,3.7,8.43,0.0,8.43,-8.43,DEFICIT,4.52,3.38,3.84,2.25
2024-08-07 01:00,8,1,2,weekday,0,0,74.6,19.1,1.6,5,2.59,7.59,-7.59,DEFICIT,4.84,3.55,4.12,2.25
2024-08-07 02:00,8,2,2,weekday,0,0,72.8,16.4,4.1,5.38,2.68,8.06,-8.06,DEFICIT,4.21,3.23,3.58,2.25
2024-08-07 03:00,8,3,2,weekday,0,0,73.3,21.3,4.3,5,0.0,5.0,-5.0,BALANCED,4.83,3.54,4.1,2.25
2024-08-07 04:00,8,4,2,weekday,0,0,72.0,20.1,3.9,5,0.0,5.0,-5.0,BALANCED,4.37,3.31,3.71,2.25
2024-08-07 05:00,8,5,2,weekday,0,0,72.2,18.1,5.5,6.01,2.98,8.99,-8.99,DEFICIT,4.36,3.31,3.71,2.25
2024-08-07 06:00,8,6,2,weekday,25.2,2.55,68.0,21.3,3.5,15.74,0,15.74,-13.19,DEFICIT,6.43,4.34,5.47,2.25
2024-08-07 07:00,8,7,2,weekday,92.8,9.41,63.0,24.7,4.7,19.44,12.06,31.51,-22.09,DEFICIT,5.9,4.07,5.01,2.25
2024-08-07 08:00,8,8,2,weekday,205.5,20.83,85.0,22.1,3.5,16.61,0.0,16.61,4.23,BALANCED,6.16,4.21,5.24,2.25
2024-08-07 09:00,8,9,2,weekday,281.8,28.58,58.2,22.1,4.0,12.63,0.0,12.63,15.95,SURPLUS,5.72,3.99,4.86,2.25
2024-08-07 10:00,8,10,2,weekday,377.3,38.26,71.2,24.8,5.5,9.78,0,9.78,28.48,SURPLUS,3.74,2.99,3.18,2.25
2024-08-07 11:00,8,11,2,weekday,504.4,50.68,60.4,27.3,4.1,10.25,0,10.25,40.43,SURPLUS,3.65,2.95,3.1,2.25
2024-08-07 12:00,8,12,2,weekday,536.3,53.65,65.0,28.3,5.2,11.83,0,11.83,41.82,SURPLUS,4.02,3.13,3.41,2.25
2024-08-07 13:00,8,13,2,weekday,474.9,47.71,80.1,27.3,5.1,11.42,0,11.42,36.29,SURPLUS,3.94,3.09,3.35,2.25
2024-08-07 14:00,8,14,2,weekday,409.3,40.57,63.9,30.6,5.7,10.09,0,10.09,30.48,SURPLUS,3.79,3.02,3.22,2.25
2024-08-07 15:00,8,15,2,weekday,344.2,34.68,61.2,26.6,4.6,13.52,0,13.52,21.15,SURPLUS,3.44,2.85,2.93,2.25
2024-08-07 16:00,8,16,2,weekday,236.7,23.97,70.2,25.4,4.8,13.92,0,13.92,10.04,SURPLUS,6.59,4.42,5.6,2.25
2024-08-07 17:00,8,17,2,weekday,113.7,11.47,69.8,26.2,3.2,18.95,0,18.95,-7.47,DEFICIT,6.86,4.56,5.83,2.25
2024-08-07 18:00,8,18,2,weekday,20.7,2.1,63.7,24.2,4.8,26.9,0.0,26.9,-24.8,DEFICIT,6.59,4.42,5.61,2.25
2024-08-07 19:00,8,19,2,weekday,0,0,71.9,22.8,3.6,31.88,11.05,42.93,-42.93,DEFICIT,6.39,4.32,5.43,2.25
2024-08-07 20:00,8,20,2,weekday,0,0,82.6,22.1,3.7,27.8,7.68,35.48,-35.48,DEFICIT,6.84,4.55,5.81,2.25
2024-08-07 21:00,8,21,2,weekday,0,0,84.3,20.1,4.1,19.31,21.42,40.73,-40.73,DEFICIT,6.5,4.38,5.53,2.25
2024-08-07 22:00,8,22,2,weekday,0,0,74.5,21.9,4.1,12.84,16.17,29.01,-29.01,DEFICIT,4.74,3.49,4.03,2.25
2024-08-07 23:00,8,23,2,weekday,0,0,75.8,21.0,5.4,10.88,0,10.88,-10.88,DEFICIT,4.61,3.43,3.92,2.25
2024-08-08 00:00,8,0,3,weekday,0,0,47.9,20.1,5.5,7.67,0.0,7.67,-7.67,DEFICIT,4.43,3.34,3.76,2.25
2024-08-08 01:00,8,1,3,weekday,0,0,35.9,21.8,3.5,6.35,0.0,6.35,-6.35,DEFICIT,4.72,3.49,4.01,2.25
2024-08-08 02:00,8,2,3,weekday,0,0,29.8,17.9,4.1,5,5.18,10.18,-10.18,DEFICIT,4.66,3.45,3.96,2.25
2024-08-08 03:00,8,3,3,weekday,0,0,55.1,17.6,4.7,5,5.03,10.03,-10.03,DEFICIT,4.22,3.24,3.59,2.25
2024-08-08 04:00,8,4,3,weekday,0,0,38.3,22.1,5.1,5,2.23,7.23,-7.23,DEFICIT,4.11,3.18,3.5,2.25
2024-08-08 05:00,8,5,3,weekday,0,0,19.9,18.7,6.4,6.15,3.97,10.12,-10.12,DEFICIT,4.27,3.26,3.63,2.25
2024-08-08 06:00,8,6,3,weekday,12.1,1.23,14.8,20.5,3.7,17.33,0,17.33,-16.11,DEFICIT,5.41,3.83,4.6,2.25
2024-08-08 07:00,8,7,3,weekday,47.1,4.78,46.3,23.8,3.5,18.36,3.46,21.82,-17.04,DEFICIT,5.16,3.7,4.38,2.25
2024-08-08 08:00,8,8,3,weekday,99.4,10.08,46.1,19.8,4.2,16.45,0.0,16.45,-6.37,DEFICIT,5.79,4.02,4.92,2.25
2024-08-08 09:00,8,9,3,weekday,137.1,13.87,43.6,25.6,4.9,11.27,10.16,21.43,-7.56,DEFICIT,6.38,4.31,5.42,2.25
2024-08-08 10:00,8,10,3,weekday,203.7,20.47,28.4,27.2,5.0,9.34,0,9.34,11.14,SURPLUS,3.89,3.07,3.31,2.25
2024-08-08 11:00,8,11,3,weekday,213.2,21.59,36.9,25.4,3.8,7.61,0,7.61,13.98,SURPLUS,3.68,2.96,3.13,2.25
2024-08-08 12:00,8,12,3,weekday,249.0,25.13,44.1,26.2,5.1,12.34,0,12.34,12.79,SURPLUS,3.81,3.03,3.24,2.25
2024-08-08 13:00,8,13,3,weekday,231.0,23.22,51.8,27.1,3.9,11.42,0,11.42,11.8,SURPLUS,3.73,2.99,3.17,2.25
2024-08-08 14:00,8,14,3,weekday,190.0,18.81,26.1,30.9,3.7,11.26,0,11.26,7.55,SURPLUS,3.67,2.96,3.12,2.25
2024-08-08 15:00,8,15,3,weekday,149.0,14.75,44.6,31.0,5.7,9.69,0,9.69,5.06,SURPLUS,4.23,3.24,3.6,2.25
2024-08-08 16:00,8,16,3,weekday,125.9,12.69,24.8,26.5,5.7,11.66,0,11.66,1.03,BALANCED,6.95,4.6,5.91,2.25
2024-08-08 17:00,8,17,3,weekday,54.3,5.51,30.4,23.4,5.7,18.61,0,18.61,-13.1,DEFICIT,7.16,4.71,6.09,2.25
2024-08-08 18:00,8,18,3,weekday,12.9,1.3,43.3,25.8,3.7,21.59,20.63,42.22,-40.92,DEFICIT,6.97,4.61,5.92,2.25
2024-08-08 19:00,8,19,3,weekday,0,0,52.8,25.1,4.7,30.06,6.18,36.25,-36.25,DEFICIT,7.43,4.84,6.31,2.25
2024-08-08 20:00,8,20,3,weekday,0,0,48.9,21.1,4.4,25.73,0.0,25.73,-25.73,DEFICIT,6.63,4.44,5.64,2.25
2024-08-08 21:00,8,21,3,weekday,0,0,22.3,20.6,3.7,22.85,0.0,22.85,-22.85,DEFICIT,7.08,4.67,6.02,2.25
2024-08-08 22:00,8,22,3,weekday,0,0,33.2,20.9,4.4,13.01,0.0,13.01,-13.01,DEFICIT,4.65,3.45,3.95,2.25
2024-08-08 23:00,8,23,3,weekday,0,0,47.6,15.6,4.5,10.33,0,10.33,-10.33,DEFICIT,4.48,3.37,3.81,2.25
2024-08-09 00:00,8,0,4,weekday,0,0,90.3,17.9,4.9,7.15,4.72,11.87,-11.87,DEFICIT,4.31,3.28,3.67,2.25
2024-08-09 01:00,8,1,4,weekday,0,0,94.1,18.8,4.4,6.18,4.12,10.29,-10.29,DEFICIT,4.49,3.37,3.82,2.25
2024-08-09 02:00,8,2,4,weekday,0,0,88.4,18.0,3.9,5.86,4.51,10.38,-10.38,DEFICIT,3.96,3.11,3.37,2.25
2024-08-09 03:00,8,3,4,weekday,0,0,78.2,19.0,4.5,5,3.66,8.66,-8.66,DEFICIT,4.83,3.54,4.11,2.25
2024-08-09 04:00,8,4,4,weekday,0,0,93.6,17.5,2.9,5,0.0,5.0,-5.0,BALANCED,3.82,3.04,3.25,2.25
2024-08-09 05:00,8,5,4,weekday,0,0,86.1,17.8,5.4,6.07,0.0,6.07,-6.07,DEFICIT,4.49,3.37,3.82,2.25
2024-08-09 06:00,8,6,4,weekday,26.2,2.66,69.5,18.2,4.6,13.46,0,13.46,-10.8,DEFICIT,5.65,3.95,4.8,2.25
2024-08-09 07:00,8,7,4,weekday,98.9,10.03,89.3,19.8,5.3,21.57,11.06,32.62,-22.6,DEFICIT,5.81,4.03,4.94,2.25
2024-08-09 08:00,8,8,4,weekday,211.8,21.43,84.8,25.6,3.0,20.68,0.0,20.68,0.75,BALANCED,6.27,4.26,5.33,2.25
2024-08-09 09:00,8,9,4,weekday,355.9,36.09,82.4,22.6,3.5,11.52,18.56,30.08,6.01,SURPLUS,5.95,4.1,5.05,2.25
2024-08-09 10:00,8,10,4,weekday,428.0,43.26,85.2,25.8,5.5,9.97,0,9.97,33.29,SURPLUS,3.48,2.87,2.96,2.25
2024-08-09 11:00,8,11,4,weekday,513.3,51.68,97.6,26.8,5.8,10.17,0,10.17,41.51,SURPLUS,3.81,3.03,3.24,2.25
2024-08-09 12:00,8,12,4,weekday,521.2,52.51,73.6,26.6,4.6,8.96,0,8.96,43.55,SURPLUS,3.72,2.99,3.16,2.25
2024-08-09 13:00,8,13,4,weekday,494.7,49.82,76.9,26.7,5.9,10.3,0,10.3,39.52,SURPLUS,3.24,2.75,2.76,2.25
2024-08-09 14:00,8,14,4,weekday,500.1,49.81,92.5,29.4,6.6,10.4,0,10.4,39.41,SURPLUS,3.52,2.89,2.99,2.25
2024-08-09 15:00,8,15,4,weekday,421.4,42.73,92.0,24.0,5.1,11.31,0,11.31,31.42,SURPLUS,2.81,2.53,2.39,2.25
2024-08-09 16:00,8,16,4,weekday,242.7,24.5,87.1,26.2,4.9,13.29,0,13.29,11.21,SURPLUS,6.69,4.47,5.69,2.25
2024-08-09 17:00,8,17,4,weekday,137.9,13.86,77.3,27.2,4.4,17.16,0,17.16,-3.3,BALANCED,6.92,4.58,5.88,2.25
2024-08-09 18:00,8,18,4,weekday,30.4,3.08,89.1,21.4,3.6,28.33,11.36,39.69,-36.61,DEFICIT,6.92,4.58,5.88,2.25
2024-08-09 19:00,8,19,4,weekday,0,0,91.5,21.5,4.4,26.96,13.49,40.45,-40.45,DEFICIT,6.22,4.24,5.29,2.25
2024-08-09 20:00,8,20,4,weekday,0,0,82.3,22.5,4.2,24.97,15.22,40.19,-40.19,DEFICIT,6.07,4.16,5.16,2.25
2024-08-09 21:00,8,21,4,weekday,0,0,85.6,23.0,4.3,20.37,12.72,33.1,-33.1,DEFICIT,7.22,4.74,6.14,2.25
2024-08-09 22:00,8,22,4,weekday,0,0,85.1,21.6,5.6,11.34,13.43,24.77,-24.77,DEFICIT,4.53,3.39,3.85,2.25
2024-08-09 23:00,8,23,4,weekday,0,0,98.7,21.3,3.9,11.01,0,11.01,-11.01,DEFICIT,4.33,3.29,3.68,2.25
2024-08-10 00:00,8,0,5,weekend,0,0,77.1,18.7,3.8,8.46,3.69,12.14,-12.14,DEFICIT,4.48,3.37,3.81,2.25
2024-08-10 01:00,8,1,5,weekend,0,0,77.8,19.8,4.3,5.9,3.14,9.03,-9.03,DEFICIT,4.36,3.3,3.7,2.25
2024-08-10 02:00,8,2,5,weekend,0,0,66.7,20.2,4.6,6.03,4.43,10.46,-10.46,DEFICIT,4.51,3.38,3.83,2.25
2024-08-10 03:00,8,3,5,weekend,0,0,72.4,18.6,4.7,5,2.23,7.23,-7.23,DEFICIT,4.22,3.23,3.59,2.25
2024-08-10 04:00,8,4,5,weekend,0,0,74.5,19.2,3.6,5.18,4.4,9.57,-9.57,DEFICIT,4.64,3.44,3.94,2.25
2024-08-10 05:00,8,5,5,weekend,0,0,69.7,19.6,3.8,6.83,2.96,9.79,-9.79,DEFICIT,4.43,3.34,3.76,2.25
2024-08-10 06:00,8,6,5,weekend,23.4,2.37,60.2,18.6,3.8,19.58,0,19.58,-17.21,DEFICIT,5.3,3.77,4.5,2.25
2024-08-10 07:00,8,7,5,weekend,84.7,8.59,58.9,18.8,3.9,22.54,0.0,22.54,-13.95,DEFICIT,5.4,3.83,4.59,2.25
2024-08-10 08:00,8,8,5,weekend,173.8,17.62,80.8,23.0,4.9,22.96,9.19,32.15,-14.53,DEFICIT,5.8,4.02,4.93,2.25
2024-08-10 09:00,8,9,5,weekend,312.3,31.67,65.6,23.6,6.5,14.9,17.19,32.09,-0.42,BALANCED,6.34,4.29,5.39,2.25
2024-08-10 10:00,8,10,5,weekend,405.9,41.16,67.7,24.3,4.1,12.66,0,12.66,28.5,SURPLUS,3.5,2.87,2.97,2.25
2024-08-10 11:00,8,11,5,weekend,499.7,50.38,57.9,26.4,4.0,12.12,0,12.12,38.26,SURPLUS,4.17,3.21,3.54,2.25
2024-08-10 12:00,8,12,5,weekend,519.5,52.11,49.2,27.7,5.1,12.83,0,12.83,39.27,SURPLUS,3.74,3.0,3.18,2.25
2024-08-10 13:00,8,13,5,weekend,426.5,42.71,65.7,28.1,4.6,12.44,0,12.44,30.27,SURPLUS,3.52,2.88,2.99,2.25
2024-08-10 14:00,8,14,5,weekend,364.0,36.68,59.4,26.5,6.8,12.15,0,12.15,24.53,SURPLUS,3.17,2.71,2.69,2.25
2024-08-10 15:00,8,15,5,weekend,264.0,26.52,74.7,27.4,5.2,11.51,0,11.51,15.0,SURPLUS,3.46,2.86,2.94,2.25
2024-08-10 16:00,8,16,5,weekend,176.5,17.9,54.1,24.7,6.3,13.02,0,13.02,4.87,BALANCED,7.08,4.67,6.02,2.25
2024-08-10 17:00,8,17,5,weekend,96.0,9.73,67.4,22.0,4.2,23.0,0,23.0,-13.27,DEFICIT,6.74,4.5,5.73,2.25
2024-08-10 18:00,8,18,5,weekend,23.1,2.35,64.6,21.2,4.1,27.79,0.0,27.79,-25.44,DEFICIT,6.78,4.51,5.76,2.25
2024-08-10 19:00,8,19,5,weekend,0,0,69.4,23.9,5.7,32.55,0.0,32.55,-32.55,DEFICIT,6.87,4.56,5.84,2.25
2024-08-10 20:00,8,20,5,weekend,0,0,68.0,23.0,5.5,29.15,21.53,50.68,-50.68,DEFICIT,6.24,4.25,5.31,2.25
2024-08-10 21:00,8,21,5,weekend,0,0,59.4,21.1,4.8,20.34,0.0,20.34,-20.34,DEFICIT,6.57,4.41,5.59,2.25
2024-08-10 22:00,8,22,5,weekend,0,0,72.5,21.6,3.9,14.46,11.24,25.71,-25.71,DEFICIT,4.78,3.51,4.06,2.25
2024-08-10 23:00,8,23,5,weekend,0,0,83.2,22.0,5.9,11.24,0,11.24,-11.24,DEFICIT,4.81,3.53,4.09,2.25
2024-08-11 00:00,8,0,6,weekend,0,0,61.6,20.4,5.1,9.0,4.08,13.08,-13.08,DEFICIT,4.87,3.56,4.14,2.25
2024-08-11 01:00,8,1,6,weekend,0,0,56.0,20.4,4.7,7.21,4.28,11.49,-11.49,DEFICIT,4.73,3.49,4.02,2.25
2024-08-11 02:00,8,2,6,weekend,0,0,60.6,16.6,5.9,5.81,0.0,5.81,-5.81,DEFICIT,4.1,3.17,3.48,2.25
2024-08-11 03:00,8,3,6,weekend,0,0,58.6,19.0,4.2,5.15,4.71,9.86,-9.86,DEFICIT,3.96,3.11,3.37,2.25
2024-08-11 04:00,8,4,6,weekend,0,0,54.3,21.1,5.2,5.53,3.34,8.87,-8.87,DEFICIT,4.13,3.19,3.51,2.25
2024-08-11 05:00,8,5,6,weekend,0,0,47.6,20.4,3.8,6.27,5.53,11.8,-11.8,DEFICIT,4.08,3.17,3.47,2.25
2024-08-11 06:00,8,6,6,weekend,17.7,1.79,73.7,18.3,3.0,16.86,0,16.86,-15.07,DEFICIT,5.77,4.01,4.9,2.25
2024-08-11 07:00,8,7,6,weekend,74.0,7.5,58.7,20.8,3.0,28.09,4.76,32.85,-25.35,DEFICIT,6.19,4.22,5.26,2.25
2024-08-11 08:00,8,8,6,weekend,137.4,13.93,55.0,22.6,6.7,19.66,12.54,32.19,-18.26,DEFICIT,5.96,4.11,5.07,2.25
2024-08-11 09:00,8,9,6,weekend,236.7,24.0,59.7,24.8,4.7,12.27,7.07,19.34,4.66,BALANCED,5.67,3.96,4.82,2.25
2024-08-11 10:00,8,10,6,weekend,331.9,33.66,56.4,24.7,3.8,12.78,0,12.78,20.88,SURPLUS,3.57,2.91,3.03,2.25
2024-08-11 11:00,8,11,6,weekend,353.3,35.44,54.3,27.7,3.4,12.75,0,12.75,22.69,SURPLUS,4.31,3.28,3.67,2.25
2024-08-11 12:00,8,12,6,weekend,369.3,37.28,48.3,26.1,3.8,12.88,0,12.88,24.4,SURPLUS,3.94,3.09,3.35,2.25
2024-08-11 13:00,8,13,6,weekend,370.1,37.05,63.9,28.2,4.3,13.37,0,13.37,23.68,SURPLUS,3.9,3.07,3.31,2.25
2024-08-11 14:00,8,14,6,weekend,348.9,34.78,52.2,29.2,5.7,12.55,0,12.55,22.23,SURPLUS,3.74,2.99,3.18,2.25
2024-08-11 15:00,8,15,6,weekend,247.4,24.94,59.4,26.5,5.4,11.22,0,11.22,13.72,SURPLUS,3.83,3.04,3.25,2.25
2024-08-11 16:00,8,16,6,weekend,189.4,19.2,54.2,24.4,3.8,13.3,0,13.3,5.9,SURPLUS,6.65,4.45,5.65,2.25
2024-08-11 17:00,8,17,6,weekend,92.5,9.26,55.5,28.2,4.8,16.7,0,16.7,-7.44,DEFICIT,7.44,4.84,6.32,2.25
2024-08-11 18:00,8,18,6,weekend,20.5,2.08,41.9,24.5,5.1,23.13,0.0,23.13,-21.05,DEFICIT,6.68,4.47,5.68,2.25
2024-08-11 19:00,8,19,6,weekend,0,0,70.3,23.1,4.1,30.13,0.0,30.13,-30.13,DEFICIT,6.69,4.47,5.69,2.25
2024-08-11 20:00,8,20,6,weekend,0,0,70.9,20.0,4.0,32.9,18.34,51.23,-51.23,DEFICIT,6.63,4.44,5.64,2.25
2024-08-11 21:00,8,21,6,weekend,0,0,65.5,26.1,3.6,23.13,6.52,29.65,-29.65,DEFICIT,6.92,4.58,5.88,2.25
2024-08-11 22:00,8,22,6,weekend,0,0,74.4,21.1,4.6,14.95,21.63,36.58,-36.58,DEFICIT,4.77,3.51,4.05,2.25
2024-08-11 23:00,8,23,6,weekend,0,0,68.4,18.7,3.7,9.65,0,9.65,-9.65,DEFICIT,4.54,3.4,3.86,2.25
2024-08-12 00:00,8,0,0,weekday,0,0,55.0,20.3,4.4,7.44,0.0,7.44,-7.44,DEFICIT,4.45,3.35,3.78,2.25
2024-08-12 01:00,8,1,0,weekday,0,0,50.3,17.7,4.2,6.39,0.0,6.39,-6.39,DEFICIT,4.61,3.43,3.92,2.25
2024-08-12 02:00,8,2,0,weekday,0,0,41.4,16.8,4.6,5.36,0.0,5.36,-5.36,DEFICIT,4.01,3.13,3.41,2.25
2024-08-12 03:00,8,3,0,weekday,0,0,45.7,21.6,4.6,5,0.0,5.0,-5.0,BALANCED,4.66,3.46,3.96,2.25
2024-08-12 04:00,8,4,0,weekday,0,0,44.6,19.1,5.2,5,3.7,8.7,-8.7,DEFICIT,4.57,3.41,3.89,2.25
2024-08-12 05:00,8,5,0,weekday,0,0,62.4,16.9,6.7,6.3,2.75,9.05,-9.05,DEFICIT,5.05,3.65,4.3,2.25
2024-08-12 06:00,8,6,0,weekday,18.9,1.91,47.0,17.8,5.4,16.33,0,16.33,-14.42,DEFICIT,5.88,4.07,5.0,2.25
2024-08-12 07:00,8,7,0,weekday,64.6,6.55,37.3,22.0,3.2,20.95,4.66,25.61,-19.06,DEFICIT,5.91,4.08,5.02,2.25
2024-08-12 08:00,8,8,0,weekday,112.4,11.4,42.2,22.7,3.6,19.52,0.0,19.52,-8.12,DEFICIT,5.4,3.82,4.59,2.25
2024-08-12 09:00,8,9,0,weekday,197.2,20.0,51.4,22.3,5.0,10.45,0.0,10.45,9.54,SURPLUS,5.92,4.09,5.03,2.25
2024-08-12 10:00,8,10,0,weekday,283.2,28.56,56.8,26.4,5.5,12.24,0,12.24,16.32,SURPLUS,3.67,2.96,3.12,2.25
2024-08-12 11:00,8,11,0,weekday,336.8,33.84,38.3,27.3,3.9,8.95,0,8.95,24.88,SURPLUS,4.09,3.17,3.48,2.25
2024-08-12 12:00,8,12,0,weekday,332.1,33.12,47.5,29.1,3.4,11.16,0,11.16,21.97,SURPLUS,3.3,2.77,2.8,2.25
2024-08-12 13:00,8,13,0,weekday,318.2,32.16,47.5,25.8,4.7,9.14,0,9.14,23.02,SURPLUS,3.99,3.12,3.39,2.25
2024-08-12 14:00,8,14,0,weekday,286.9,28.97,43.4,26.0,4.7,11.43,0,11.43,17.54,SURPLUS,4.19,3.22,3.57,2.25
2024-08-12 15:00,8,15,0,weekday,218.2,21.93,45.6,27.2,4.8,9.95,0,9.95,11.98,SURPLUS,3.6,2.92,3.06,2.25
2024-08-12 16:00,8,16,0,weekday,156.7,15.89,33.3,23.8,6.3,13.49,0,13.49,2.4,BALANCED,6.46,4.36,5.49,2.25
2024-08-12 17:00,8,17,0,weekday,76.7,7.77,46.6,24.7,3.8,15.4,0,15.4,-7.63,DEFICIT,6.86,4.55,5.83,2.25
2024-08-12 18:00,8,18,0,weekday,15.7,1.6,42.6,24.5,6.1,22.94,18.47,41.41,-39.81,DEFICIT,6.37,4.31,5.42,2.25
2024-08-12 19:00,8,19,0,weekday,0,0,42.6,21.9,3.8,30.59,0.0,30.59,-30.59,DEFICIT,6.3,4.28,5.36,2.25
2024-08-12 20:00,8,20,0,weekday,0,0,49.3,21.7,4.3,24.7,12.96,37.66,-37.66,DEFICIT,6.98,4.62,5.93,2.25
2024-08-12 21:00,8,21,0,weekday,0,0,46.7,19.4,3.7,19.34,17.45,36.79,-36.79,DEFICIT,7.04,4.64,5.98,2.25
2024-08-12 22:00,8,22,0,weekday,0,0,63.3,23.2,4.3,11.94,15.9,27.84,-27.84,DEFICIT,4.15,3.2,3.52,2.25
2024-08-12 23:00,8,23,0,weekday,0,0,54.6,18.5,4.2,9.99,0,9.99,-9.99,DEFICIT,4.5,3.37,3.82,2.25
2024-08-13 00:00,8,0,1,weekday,0,0,68.7,23.4,4.1,7.35,0.0,7.35,-7.35,DEFICIT,4.66,3.45,3.96,2.25
2024-08-13 01:00,8,1,1,weekday,0,0,67.7,18.4,5.1,5.1,3.58,8.68,-8.68,DEFICIT,4.45,3.35,3.79,2.25
2024-08-13 02:00,8,2,1,weekday,0,0,75.0,18.1,5.1,5.93,2.5,8.43,-8.43,DEFICIT,3.92,3.08,3.33,2.25
2024-08-13 03:00,8,3,1,weekday,0,0,84.1,19.6,4.2,5,0.0,5.0,-5.0,BALANCED,4.48,3.37,3.81,2.25
2024-08-13 04:00,8,4,1,weekday,0,0,78.4,20.7,4.8,5,4.48,9.48,-9.48,DEFICIT,4.62,3.44,3.93,2.25
2024-08-13 05:00,8,5,1,weekday,0,0,77.9,17.4,5.4,5.16,0.0,5.16,-5.16,DEFICIT,4.63,3.44,3.94,2.25
2024-08-13 06:00,8,6,1,weekday,23.3,2.37,65.2,20.2,4.3,16.36,0,16.36,-14.0,DEFICIT,5.67,3.96,4.82,2.25
2024-08-13 07:00,8,7,1,weekday,99.4,10.08,72.1,20.3,6.0,21.56,0.0,21.56,-11.48,DEFICIT,5.73,3.99,4.87,2.25
2024-08-13 08:00,8,8,1,weekday,180.3,18.28,69.5,18.7,2.6,19.35,0.0,19.35,-1.07,BALANCED,5.77,4.01,4.91,2.25
2024-08-13 09:00,8,9,1,weekday,311.7,31.35,56.3,27.1,3.5,10.66,6.95,17.62,13.73,SURPLUS,5.97,4.11,5.08,2.25
2024-08-13 10:00,8,10,1,weekday,324.4,32.89,61.9,24.9,4.2,9.43,0,9.43,23.46,SURPLUS,3.83,3.04,3.26,2.25
2024-08-13 11:00,8,11,1,weekday,423.0,42.89,76.2,24.0,4.3,13.08,0,13.08,29.81,SURPLUS,3.96,3.11,3.37,2.25
2024-08-13 12:00,8,12,1,weekday,504.9,50.79,62.9,27.0,7.2,11.3,0,11.3,39.49,SURPLUS,3.68,2.97,3.13,2.25
2024-08-13 13:00,8,13,1,weekday,488.1,49.25,78.3,26.2,4.8,8.64,0,8.64,40.61,SURPLUS,3.54,2.89,3.01,2.25
2024-08-13 14:00,8,14,1,weekday,410.0,40.43,72.2,31.9,5.1,8.39,0,8.39,32.05,SURPLUS,3.7,2.98,3.15,2.25
2024-08-13 15:00,8,15,1,weekday,309.9,31.22,60.0,26.6,4.7,12.07,0,12.07,19.16,SURPLUS,3.25,2.75,2.76,2.25
2024-08-13 16:00,8,16,1,weekday,252.5,25.61,76.9,24.5,5.6,12.61,0,12.61,12.99,SURPLUS,6.63,4.44,5.64,2.25
2024-08-13 17:00,8,17,1,weekday,114.2,11.58,57.4,24.5,4.4,18.91,0,18.91,-7.33,DEFICIT,6.93,4.59,5.89,2.25
2024-08-13 18:00,8,18,1,weekday,24.5,2.48,68.6,23.1,5.0,23.78,18.68,42.45,-39.97,DEFICIT,6.79,4.52,5.77,2.25
2024-08-13 19:00,8,19,1,weekday,0,0,78.6,24.9,3.1,32.31,15.33,47.63,-47.63,DEFICIT,6.96,4.6,5.92,2.25
2024-08-13 20:00,8,20,1,weekday,0,0,77.6,22.9,5.4,26.22,7.65,33.87,-33.87,DEFICIT,6.76,4.51,5.75,2.25
2024-08-13 21:00,8,21,1,weekday,0,0,85.4,20.7,4.2,21.47,16.61,38.08,-38.08,DEFICIT,6.91,4.58,5.87,2.25
2024-08-13 22:00,8,22,1,weekday,0,0,62.8,23.6,4.8,11.77,0.0,11.77,-11.77,DEFICIT,4.69,3.47,3.99,2.25
2024-08-13 23:00,8,23,1,weekday,0,0,88.9,18.9,4.9,8.73,0,8.73,-8.73,DEFICIT,4.95,3.6,4.21,2.25
2024-08-14 00:00,8,0,2,weekday,0,0,80.0,16.8,3.4,6.45,0.0,6.45,-6.45,DEFICIT,4.17,3.21,3.54,2.25
2024-08-14 01:00,8,1,2,weekday,0,0,87.0,18.8,5.7,5.18,4.13,9.31,-9.31,DEFICIT,4.19,3.22,3.56,2.25
2024-08-14 02:00,8,2,2,weekday,0,0,80.7,18.5,4.3,5,0.0,5.0,-5.0,BALANCED,4.78,3.51,4.06,2.25
2024-08-14 03:00,8,3,2,weekday,0,0,82.4,20.7,4.9,5,0.0,5.0,-5.0,BALANCED,4.45,3.35,3.78,2.25
2024-08-14 04:00,8,4,2,weekday,0,0,87.5,17.3,3.4,5,0.0,5.0,-5.0,BALANCED,4.55,3.4,3.87,2.25
2024-08-14 05:00,8,5,2,weekday,0,0,79.9,18.2,5.0,5.67,0.0,5.67,-5.67,DEFICIT,4.5,3.37,3.82,2.25
2024-08-14 06:00,8,6,2,weekday,27.1,2.75,79.3,20.9,3.2,15.24,0,15.24,-12.49,DEFICIT,6.11,4.18,5.2,2.25
2024-08-14 07:00,8,7,2,weekday,100.2,10.16,78.1,21.6,4.0,21.02,4.63,25.66,-15.49,DEFICIT,5.6,3.92,4.76,2.25
2024-08-14 08:00,8,8,2,weekday,191.7,19.44,68.5,22.2,3.9,17.6,16.86,34.46,-15.02,DEFICIT,6.03,4.14,5.12,2.25
2024-08-14 09:00,8,9,2,weekday,297.3,30.14,73.2,23.2,3.9,10.46,0.0,10.46,19.68,SURPLUS,5.65,3.95,4.8,2.25
2024-08-14 10:00,8,10,2,weekday,451.0,44.94,79.8,29.3,4.1,10.09,0,10.09,34.86,SURPLUS,3.54,2.9,3.01,2.25
2024-08-14 11:00,8,11,2,weekday,432.9,43.9,71.2,23.0,5.0,12.12,0,12.12,31.78,SURPLUS,3.88,3.07,3.3,2.25
2024-08-14 12:00,8,12,2,weekday,495.4,49.49,88.2,28.7,3.9,11.25,0,11.25,38.24,SURPLUS,3.35,2.8,2.85,2.25
2024-08-14 13:00,8,13,2,weekday,568.0,57.49,89.9,25.5,4.6,10.17,0,10.17,47.32,SURPLUS,4.09,3.17,3.48,2.25
2024-08-14 14:00,8,14,2,weekday,425.1,42.87,62.5,26.4,4.1,10.05,0,10.05,32.81,SURPLUS,3.68,2.97,3.13,2.25
2024-08-14 15:00,8,15,2,weekday,325.1,32.76,77.2,26.6,4.6,10.84,0,10.84,21.92,SURPLUS,4.58,3.41,3.89,2.25
2024-08-14 16:00,8,16,2,weekday,243.3,24.17,75.7,30.1,5.0,12.51,0,12.51,11.66,SURPLUS,6.13,4.19,5.21,2.25
2024-08-14 17:00,8,17,2,weekday,111.1,11.27,76.9,23.9,3.5,20.97,0,20.97,-9.7,DEFICIT,6.76,4.5,5.75,2.25
2024-08-14 18:00,8,18,2,weekday,27.1,2.75,66.9,23.1,3.8,22.66,0.0,22.66,-19.91,DEFICIT,6.4,4.33,5.44,2.25
2024-08-14 19:00,8,19,2,weekday,0,0,94.9,22.1,3.2,25.38,13.79,39.17,-39.17,DEFICIT,6.83,4.54,5.81,2.25
2024-08-14 20:00,8,20,2,weekday,0,0,87.7,20.1,2.8,27.39,15.15,42.53,-42.53,DEFICIT,7.05,4.65,6.0,2.25
2024-08-14 21:00,8,21,2,weekday,0,0,79.6,19.1,5.5,20.16,19.99,40.15,-40.15,DEFICIT,7.01,4.63,5.96,2.25
2024-08-14 22:00,8,22,2,weekday,0,0,88.1,18.6,3.7,14.91,17.35,32.26,-32.26,DEFICIT,4.61,3.43,3.92,2.25
2024-08-14 23:00,8,23,2,weekday,0,0,91.6,19.7,3.3,10.58,0,10.58,-10.58,DEFICIT,4.41,3.33,3.75,2.25
2024-08-15 00:00,8,0,3,weekday,0,0,97.2,22.1,4.6,6.69,2.96,9.65,-9.65,DEFICIT,4.52,3.38,3.84,2.25
2024-08-15 01:00,8,1,3,weekday,0,0,99.8,19.9,4.6,5.68,2.13,7.81,-7.81,DEFICIT,4.52,3.39,3.84,2.25
2024-08-15 02:00,8,2,3,weekday,0,0,86.8,18.8,4.4,5.75,2.67,8.42,-8.42,DEFICIT,4.56,3.4,3.87,2.25
2024-08-15 03:00,8,3,3,weekday,0,0,100,19.6,3.5,5,3.42,8.42,-8.42,DEFICIT,4.05,3.15,3.44,2.25
2024-08-15 04:00,8,4,3,weekday,0,0,100,17.1,3.8,5,3.8,8.8,-8.8,DEFICIT,4.42,3.33,3.76,2.25
2024-08-15 05:00,8,5,3,weekday,0,0,92.2,18.1,3.5,6.34,3.93,10.27,-10.27,DEFICIT,4.62,3.44,3.93,2.25
2024-08-15 06:00,8,6,3,weekday,34.3,3.48,100,17.5,5.5,13.96,0,13.96,-10.48,DEFICIT,5.59,3.92,4.75,2.25
2024-08-15 07:00,8,7,3,weekday,138.0,13.99,96.6,21.5,4.2,23.21,7.59,30.8,-16.81,DEFICIT,5.27,3.76,4.48,2.25
2024-08-15 08:00,8,8,3,weekday,303.7,30.8,100,21.8,4.2,19.18,5.12,24.31,6.49,SURPLUS,5.72,3.99,4.86,2.25
2024-08-15 09:00,8,9,3,weekday,425.9,43.19,100,24.1,3.5,11.79,0.0,11.79,31.4,SURPLUS,5.91,4.08,5.02,2.25
2024-08-15 10:00,8,10,3,weekday,577.9,58.6,100,23.1,3.5,9.94,0,9.94,48.67,SURPLUS,3.19,2.72,2.71,2.25
2024-08-15 11:00,8,11,3,weekday,698.1,70.79,100,22.0,4.6,10.51,0,10.51,60.28,SURPLUS,3.45,2.85,2.93,2.25
2024-08-15 12:00,8,12,3,weekday,705.1,70.8,100,27.4,4.3,10.95,0,10.95,59.86,SURPLUS,3.71,2.98,3.16,2.25
2024-08-15 13:00,8,13,3,weekday,738.2,74.09,100,27.6,4.9,11.12,0,11.12,62.97,SURPLUS,3.79,3.02,3.22,2.25
2024-08-15 14:00,8,14,3,weekday,599.4,60.02,100,28.1,5.4,10.99,0,10.99,49.03,SURPLUS,4.11,3.18,3.5,2.25
2024-08-15 15:00,8,15,3,weekday,440.1,44.62,100,23.3,5.3,11.65,0,11.65,32.98,SURPLUS,4.41,3.33,3.75,2.25
2024-08-15 16:00,8,16,3,weekday,316.3,31.84,93.7,26.8,4.7,13.66,0,13.66,18.18,SURPLUS,6.94,4.6,5.9,2.25
2024-08-15 17:00,8,17,3,weekday,159.6,16.19,96.4,24.9,2.4,17.91,0,17.91,-1.73,BALANCED,6.99,4.62,5.94,2.25
2024-08-15 18:00,8,18,3,weekday,33.6,3.4,100,25.4,4.6,21.72,0.0,21.72,-18.31,DEFICIT,7.12,4.68,6.05,2.25
2024-08-15 19:00,8,19,3,weekday,0,0,87.4,22.0,3.7,27.23,9.78,37.01,-37.01,DEFICIT,7.1,4.68,6.04,2.25
2024-08-15 20:00,8,20,3,weekday,0,0,77.6,22.9,2.4,27.17,5.76,32.93,-32.93,DEFICIT,7.1,4.68,6.04,2.25
2024-08-15 21:00,8,21,3,weekday,0,0,87.2,20.7,3.5,19.45,15.53,34.98,-34.98,DEFICIT,6.2,4.23,5.27,2.25
2024-08-15 22:00,8,22,3,weekday,0,0,95.1,18.9,5.1,14.31,21.23,35.54,-35.54,DEFICIT,5.02,3.64,4.27,2.25
2024-08-15 23:00,8,23,3,weekday,0,0,100,20.0,3.0,9.17,0,9.17,-9.17,DEFICIT,5.46,3.86,4.64,2.25
2024-08-16 00:00,8,0,4,weekday,0,0,75.9,18.5,4.8,8.61,0.0,8.61,-8.61,DEFICIT,4.28,3.27,3.64,2.25
2024-08-16 01:00,8,1,4,weekday,0,0,71.7,21.0,4.3,6.1,0.0,6.1,-6.1,DEFICIT,4.72,3.48,4.01,2.25
2024-08-16 02:00,8,2,4,weekday,0,0,66.3,20.3,4.9,5.88,0.0,5.88,-5.88,DEFICIT,4.54,3.4,3.86,2.25
2024-08-16 03:00,8,3,4,weekday,0,0,72.6,17.7,3.5,5,2.68,7.68,-7.68,DEFICIT,4.58,3.42,3.9,2.25
2024-08-16 04:00,8,4,4,weekday,0,0,84.6,17.0,5.1,5,4.45,9.45,-9.45,DEFICIT,3.93,3.09,3.34,2.25
2024-08-16 05:00,8,5,4,weekday,0,0,69.4,20.6,3.9,6.37,4.78,11.15,-11.15,DEFICIT,4.3,3.28,3.66,2.25
2024-08-16 06:00,8,6,4,weekday,19.6,1.98,74.2,17.8,3.6,17.67,0,17.67,-15.68,DEFICIT,6.03,4.14,5.12,2.25
2024-08-16 07:00,8,7,4,weekday,87.6,8.88,50.3,23.4,5.1,22.02,0.0,22.02,-13.14,DEFICIT,5.97,4.11,5.08,2.25
2024-08-16 08:00,8,8,4,weekday,146.2,14.82,68.8,21.1,4.8,19.95,0.0,19.95,-5.12,DEFICIT,5.44,3.84,4.62,2.25
2024-08-16 09:00,8,9,4,weekday,254.5,25.81,49.6,24.5,4.9,13.58,5.03,18.61,7.2,SURPLUS,5.3,3.78,4.51,2.25
2024-08-16 10:00,8,10,4,weekday,331.0,33.56,60.5,25.0,5.5,9.83,0,9.83,23.73,SURPLUS,3.86,3.06,3.28,2.25
2024-08-16 11:00,8,11,4,weekday,428.4,43.44,65.8,24.2,5.9,10.08,0,10.08,33.36,SURPLUS,3.65,2.95,3.11,2.25
2024-08-16 12:00,8,12,4,weekday,409.0,41.01,55.7,27.8,4.8,11.42,0,11.42,29.59,SURPLUS,3.38,2.81,2.87,2.25
2024-08-16 13:00,8,13,4,weekday,410.7,41.65,64.1,23.3,3.0,12.06,0,12.06,29.59,SURPLUS,3.65,2.95,3.1,2.25
2024-08-16 14:00,8,14,4,weekday,369.4,37.16,66.2,27.0,4.4,10.6,0,10.6,26.56,SURPLUS,3.2,2.73,2.72,2.25
2024-08-16 15:00,8,15,4,weekday,322.3,32.55,65.5,26.0,6.2,10.34,0,10.34,22.21,SURPLUS,3.59,2.92,3.05,2.25
2024-08-16 16:00,8,16,4,weekday,207.4,20.72,57.0,28.7,4.6,15.2,0,15.2,5.52,SURPLUS,6.59,4.42,5.6,2.25
2024-08-16 17:00,8,17,4,weekday,111.5,11.3,51.5,23.4,3.0,17.52,0,17.52,-6.21,DEFICIT,6.77,4.51,5.76,2.25
2024-08-16 18:00,8,18,4,weekday,22.8,2.31,66.0,25.2,4.8,20.79,0.0,20.79,-18.47,DEFICIT,6.54,4.4,5.56,2.25
2024-08-16 19:00,8,19,4,weekday,0,0,66.8,22.6,5.0,29.5,19.32,48.82,-48.82,DEFICIT,7.14,4.69,6.06,2.25
2024-08-16 20:00,8,20,4,weekday,0,0,59.7,22.4,4.4,25.99,21.35,47.34,-47.34,DEFICIT,7.05,4.65,5.99,2.25
2024-08-16 21:00,8,21,4,weekday,0,0,61.1,21.5,5.2,19.65,17.38,37.03,-37.03,DEFICIT,6.1,4.17,5.18,2.25
2024-08-16 22:00,8,22,4,weekday,0,0,76.0,22.0,3.8,14.25,0.0,14.25,-14.25,DEFICIT,4.22,3.24,3.59,2.25
2024-08-16 23:00,8,23,4,weekday,0,0,74.1,18.8,4.1,9.94,0,9.94,-9.94,DEFICIT,4.46,3.35,3.79,2.25
2024-08-17 00:00,8,0,5,weekend,0,0,76.2,22.1,4.4,8.75,2.22,10.96,-10.96,DEFICIT,4.31,3.28,3.67,2.25
2024-08-17 01:00,8,1,5,weekend,0,0,69.4,18.1,4.8,7.15,5.16,12.31,-12.31,DEFICIT,4.09,3.17,3.48,2.25
2024-08-17 02:00,8,2,5,weekend,0,0,84.7,17.9,3.9,5.54,0.0,5.54,-5.54,DEFICIT,4.34,3.29,3.69,2.25
2024-08-17 03:00,8,3,5,weekend,0,0,67.1,16.9,4.9,5,0.0,5.0,-5.0,BALANCED,4.57,3.41,3.88,2.25
2024-08-17 04:00,8,4,5,weekend,0,0,79.0,20.4,4.7,5,0.0,5.0,-5.0,BALANCED,4.66,3.45,3.96,2.25
2024-08-17 05:00,8,5,5,weekend,0,0,86.2,17.6,4.2,5.84,0.0,5.84,-5.84,DEFICIT,4.97,3.61,4.22,2.25
2024-08-17 06:00,8,6,5,weekend,26.2,2.65,81.6,18.8,4.5,19.48,0,19.48,-16.83,DEFICIT,5.46,3.85,4.64,2.25
2024-08-17 07:00,8,7,5,weekend,79.9,8.1,61.4,19.3,3.7,25.84,0.0,25.84,-17.74,DEFICIT,5.77,4.01,4.9,2.25
2024-08-17 08:00,8,8,5,weekend,177.0,17.95,87.5,23.2,4.2,19.44,14.24,33.67,-15.72,DEFICIT,5.93,4.09,5.04,2.25
2024-08-17 09:00,8,9,5,weekend,305.3,30.96,82.2,23.2,3.3,14.72,0.0,14.72,16.24,SURPLUS,5.47,3.86,4.65,2.25
2024-08-17 10:00,8,10,5,weekend,386.8,38.85,77.2,27.4,5.1,11.15,0,11.15,27.69,SURPLUS,4.03,3.14,3.42,2.25
2024-08-17 11:00,8,11,5,weekend,481.2,48.79,76.1,24.4,3.7,11.25,0,11.25,37.55,SURPLUS,4.39,3.32,3.73,2.25
2024-08-17 12:00,8,12,5,weekend,505.2,51.13,68.4,25.5,5.5,13.73,0,13.73,37.4,SURPLUS,3.88,3.07,3.3,2.25
2024-08-17 13:00,8,13,5,weekend,478.8,48.27,75.4,26.4,5.9,12.0,0,12.0,36.27,SURPLUS,3.98,3.12,3.39,2.25
2024-08-17 14:00,8,14,5,weekend,435.9,43.28,80.9,30.2,5.1,12.1,0,12.1,31.18,SURPLUS,3.42,2.84,2.91,2.25
2024-08-17 15:00,8,15,5,weekend,335.2,33.78,72.0,26.5,6.2,10.91,0,10.91,22.87,SURPLUS,4.17,3.21,3.55,2.25
2024-08-17 16:00,8,16,5,weekend,215.3,21.5,64.4,28.8,3.6,12.14,0,12.14,9.36,SURPLUS,6.52,4.38,5.54,2.25
2024-08-17 17:00,8,17,5,weekend,109.8,11.14,66.7,23.4,3.5,17.61,0,17.61,-6.47,DEFICIT,6.48,4.36,5.51,2.25
2024-08-17 18:00,8,18,5,weekend,25.5,2.58,76.2,24.0,4.3,23.23,0.0,23.23,-20.64,DEFICIT,7.04,4.64,5.98,2.25
2024-08-17 19:00,8,19,5,weekend,0,0,63.4,23.2,5.5,38.45,15.93,54.37,-54.37,DEFICIT,7.08,4.67,6.02,2.25
2024-08-17 20:00,8,20,5,weekend,0,0,73.3,23.0,4.6,27.82,0.0,27.82,-27.82,DEFICIT,6.58,4.41,5.59,2.25
2024-08-17 21:00,8,21,5,weekend,0,0,71.0,21.9,5.2,23.02,19.12,42.15,-42.15,DEFICIT,6.63,4.44,5.64,2.25
2024-08-17 22:00,8,22,5,weekend,0,0,100,19.9,4.1,18.93,0.0,18.93,-18.93,DEFICIT,5.0,3.63,4.25,2.25
2024-08-17 23:00,8,23,5,weekend,0,0,71.9,19.3,4.0,9.39,0,9.39,-9.39,DEFICIT,4.48,3.36,3.81,2.25
2024-08-18 00:00,8,0,6,weekend,0,0,100,21.4,2.9,7.21,4.68,11.89,-11.89,DEFICIT,4.64,3.44,3.94,2.25
2024-08-18 01:00,8,1,6,weekend,0,0,100,19.0,3.4,6.71,3.08,9.79,-9.79,DEFICIT,4.38,3.32,3.73,2.25
2024-08-18 02:00,8,2,6,weekend,0,0,99.0,17.7,5.6,5.81,4.53,10.34,-10.34,DEFICIT,5.03,3.64,4.28,2.25
2024-08-18 03:00,8,3,6,weekend,0,0,100,18.8,4.6,5.33,2.4,7.74,-7.74,DEFICIT,4.68,3.46,3.98,2.25
2024-08-18 04:00,8,4,6,weekend,0,0,95.8,20.8,4.4,5.47,0.0,5.47,-5.47,DEFICIT,4.7,3.47,3.99,2.25
2024-08-18 05:00,8,5,6,weekend,0,0,100,18.0,5.4,6.66,5.35,12.01,-12.01,DEFICIT,4.79,3.52,4.07,2.25
2024-08-18 06:00,8,6,6,weekend,29.7,3.01,76.0,19.8,3.8,19.63,0,19.63,-16.62,DEFICIT,6.09,4.17,5.18,2.25
2024-08-18 07:00,8,7,6,weekend,110.0,11.15,98.4,23.9,3.6,22.34,0.0,22.34,-11.19,DEFICIT,5.49,3.87,4.66,2.25
2024-08-18 08:00,8,8,6,weekend,253.8,25.74,96.1,23.0,3.8,22.65,0.0,22.65,3.08,BALANCED,5.89,4.07,5.0,2.25
2024-08-18 09:00,8,9,6,weekend,410.4,41.46,100,26.0,4.7,14.42,10.41,24.83,16.63,SURPLUS,5.97,4.11,5.08,2.25
2024-08-18 10:00,8,10,6,weekend,538.0,54.56,97.5,21.7,3.6,11.96,0,11.96,42.59,SURPLUS,4.0,3.13,3.4,2.25
2024-08-18 11:00,8,11,6,weekend,565.3,57.32,91.5,24.1,5.0,12.7,0,12.7,44.62,SURPLUS,3.72,2.99,3.16,2.25
2024-08-18 12:00,8,12,6,weekend,695.1,69.35,89.7,29.0,4.3,13.49,0,13.49,55.86,SURPLUS,3.48,2.86,2.96,2.25
2024-08-18 13:00,8,13,6,weekend,490.6,49.37,100,26.9,5.2,13.0,0,13.0,36.36,SURPLUS,3.56,2.9,3.03,2.25
2024-08-18 14:00,8,14,6,weekend,549.2,54.89,88.8,28.6,6.1,10.17,0,10.17,44.73,SURPLUS,4.03,3.14,3.43,2.25
2024-08-18 15:00,8,15,6,weekend,397.0,39.9,100,27.2,5.1,12.52,0,12.52,27.39,SURPLUS,3.72,2.98,3.16,2.25
2024-08-18 16:00,8,16,6,weekend,275.2,27.91,78.1,24.5,4.6,14.05,0,14.05,13.86,SURPLUS,6.88,4.56,5.84,2.25
2024-08-18 17:00,8,17,6,weekend,149.0,15.1,100,22.8,4.1,18.5,0,18.5,-3.39,BALANCED,7.06,4.65,6.0,2.25
2024-08-18 18:00,8,18,6,weekend,34.1,3.45,92.4,25.0,4.7,28.55,6.54,35.09,-31.64,DEFICIT,7.01,4.63,5.96,2.25
2024-08-18 19:00,8,19,6,weekend,0,0,100,23.7,3.9,32.47,0.0,32.47,-32.47,DEFICIT,6.44,4.35,5.48,2.25
2024-08-18 20:00,8,20,6,weekend,0,0,100,21.4,4.7,32.31,0.0,32.31,-32.31,DEFICIT,6.95,4.6,5.9,2.25
2024-08-18 21:00,8,21,6,weekend,0,0,87.9,20.6,4.0,25.96,21.51,47.47,-47.47,DEFICIT,6.58,4.41,5.59,2.25
2024-08-18 22:00,8,22,6,weekend,0,0,100,22.2,4.4,14.08,8.6,22.68,-22.68,DEFICIT,4.37,3.31,3.72,2.25
2024-08-18 23:00,8,23,6,weekend,0,0,93.8,20.2,4.3,12.42,0,12.42,-12.42,DEFICIT,4.64,3.44,3.94,2.25
2024-08-19 00:00,8,0,0,weekday,0,0,77.9,19.6,4.8,5.79,0.0,5.79,-5.79,DEFICIT,4.5,3.37,3.82,2.25
2024-08-19 01:00,8,1,0,weekday,0,0,89.2,18.7,4.6,5.82,0.0,5.82,-5.82,DEFICIT,4.22,3.24,3.59,2.25
2024-08-19 02:00,8,2,0,weekday,0,0,73.6,22.3,3.8,5.89,2.47,8.35,-8.35,DEFICIT,5.04,3.64,4.28,2.25
2024-08-19 03:00,8,3,0,weekday,0,0,59.2,19.3,5.4,5.17,5.47,10.63,-10.63,DEFICIT,4.93,3.59,4.19,2.25
2024-08-19 04:00,8,4,0,weekday,0,0,84.0,19.8,4.4,5,2.22,7.22,-7.22,DEFICIT,4.56,3.4,3.87,2.25
2024-08-19 05:00,8,5,0,weekday,0,0,92.1,17.6,3.4,5.24,0.0,5.24,-5.24,DEFICIT,4.34,3.3,3.69,2.25
2024-08-19 06:00,8,6,0,weekday,22.5,2.28,80.3,21.2,3.3,14.32,0,14.32,-12.04,DEFICIT,6.1,4.18,5.19,2.25
2024-08-19 07:00,8,7,0,weekday,114.3,11.59,74.7,19.4,2.6,25.83,0.0,25.83,-14.24,DEFICIT,6.05,4.15,5.14,2.25
2024-08-19 08:00,8,8,0,weekday,212.9,21.58,71.2,24.4,4.5,18.45,21.29,39.74,-18.15,DEFICIT,5.61,3.93,4.76,2.25
2024-08-19 09:00,8,9,0,weekday,314.2,31.86,72.9,19.9,4.8,11.94,0.0,11.94,19.91,SURPLUS,5.81,4.03,4.94,2.25
2024-08-19 10:00,8,10,0,weekday,423.0,42.79,73.4,25.6,4.8,9.57,0,9.57,33.22,SURPLUS,3.91,3.08,3.32,2.25
2024-08-19 11:00,8,11,0,weekday,437.1,43.95,89.1,27.1,3.1,10.2,0,10.2,33.75,SURPLUS,4.5,3.37,3.82,2.25
2024-08-19 12:00,8,12,0,weekday,527.1,53.42,76.7,25.1,4.4,12.96,0,12.96,40.46,SURPLUS,3.46,2.86,2.94,2.25
2024-08-19 13:00,8,13,0,weekday,464.3,46.42,67.1,28.5,5.6,11.16,0,11.16,35.25,SURPLUS,3.82,3.04,3.25,2.25
2024-08-19 14:00,8,14,0,weekday,457.4,45.92,80.6,27.5,3.6,8.98,0,8.98,36.95,SURPLUS,3.98,3.12,3.39,2.25
2024-08-19 15:00,8,15,0,weekday,381.1,38.34,71.9,27.0,5.1,10.08,0,10.08,28.26,SURPLUS,4.11,3.18,3.49,2.25
2024-08-19 16:00,8,16,0,weekday,258.2,25.96,71.5,27.1,4.3,10.63,0,10.63,15.33,SURPLUS,6.65,4.45,5.66,2.25
2024-08-19 17:00,8,17,0,weekday,133.6,13.55,80.6,24.7,5.1,18.31,0,18.31,-4.77,BALANCED,6.87,4.56,5.84,2.25
2024-08-19 18:00,8,18,0,weekday,24.9,2.52,86.3,23.7,5.6,25.98,9.55,35.53,-33.01,DEFICIT,6.76,4.51,5.75,2.25
2024-08-19 19:00,8,19,0,weekday,0,0,64.9,24.5,5.6,29.8,14.95,44.76,-44.76,DEFICIT,6.61,4.43,5.62,2.25
2024-08-19 20:00,8,20,0,weekday,0,0,78.1,21.0,5.7,26.36,16.99,43.34,-43.34,DEFICIT,6.52,4.39,5.55,2.25
2024-08-19 21:00,8,21,0,weekday,0,0,97.0,21.0,4.3,20.02,0.0,20.02,-20.02,DEFICIT,6.01,4.13,5.11,2.25
2024-08-19 22:00,8,22,0,weekday,0,0,93.3,22.9,5.6,16.01,9.71,25.72,-25.72,DEFICIT,4.97,3.61,4.22,2.25
2024-08-19 23:00,8,23,0,weekday,0,0,89.2,20.3,4.2,10.2,0,10.2,-10.2,DEFICIT,5.04,3.65,4.29,2.25
2024-08-20 00:00,8,0,1,weekday,0,0,65.9,21.0,4.3,7.77,0.0,7.77,-7.77,DEFICIT,4.58,3.41,3.89,2.25
2024-08-20 01:00,8,1,1,weekday,0,0,63.7,18.7,4.7,5.55,0.0,5.55,-5.55,DEFICIT,4.67,3.46,3.97,2.25
2024-08-20 02:00,8,2,1,weekday,0,0,77.1,18.5,6.1,5.8,0.0,5.8,-5.8,DEFICIT,4.63,3.44,3.94,2.25
2024-08-20 03:00,8,3,1,weekday,0,0,63.1,18.4,3.0,5,0.0,5.0,-5.0,BALANCED,4.32,3.28,3.67,2.25
2024-08-20 04:00,8,4,1,weekday,0,0,83.6,19.1,3.1,5,2.4,7.4,-7.4,DEFICIT,4.53,3.39,3.85,2.25
2024-08-20 05:00,8,5,1,weekday,0,0,70.7,16.5,3.6,5.49,2.26,7.76,-7.76,DEFICIT,4.53,3.39,3.85,2.25
2024-08-20 06:00,8,6,1,weekday,19.2,1.94,55.4,18.5,3.2,15.08,0,15.08,-13.13,DEFICIT,5.79,4.02,4.92,2.25
2024-08-20 07:00,8,7,1,weekday,76.8,7.79,48.3,22.2,3.5,22.73,0.0,22.73,-14.95,DEFICIT,5.97,4.11,5.08,2.25
2024-08-20 08:00,8,8,1,weekday,174.8,17.73,71.8,22.7,5.4,18.83,0.0,18.83,-1.1,BALANCED,5.78,4.02,4.91,2.25
2024-08-20 09:00,8,9,1,weekday,264.3,26.8,59.6,24.7,4.9,13.91,13.98,27.88,-1.09,BALANCED,6.05,4.15,5.14,2.25
2024-08-20 10:00,8,10,1,weekday,351.1,35.61,68.6,24.2,4.7,11.2,0,11.2,24.4,SURPLUS,4.08,3.17,3.47,2.25
2024-08-20 11:00,8,11,1,weekday,389.6,39.5,64.1,24.4,4.8,10.46,0,10.46,29.04,SURPLUS,4.13,3.19,3.51,2.25
2024-08-20 12:00,8,12,1,weekday,440.8,44.53,61.2,25.9,5.8,12.45,0,12.45,32.08,SURPLUS,3.51,2.88,2.99,2.25
2024-08-20 13:00,8,13,1,weekday,340.0,34.01,53.5,28.4,5.5,9.11,0,9.11,24.9,SURPLUS,4.25,3.25,3.61,2.25
2024-08-20 14:00,8,14,1,weekday,422.7,42.48,69.4,27.2,6.2,9.31,0,9.31,33.17,SURPLUS,4.38,3.31,3.72,2.25
2024-08-20 15:00,8,15,1,weekday,252.4,25.55,54.1,25.4,3.8,11.93,0,11.93,13.62,SURPLUS,3.89,3.07,3.31,2.25
2024-08-20 16:00,8,16,1,weekday,188.2,18.88,59.9,27.7,5.5,12.76,0,12.76,6.12,SURPLUS,6.78,4.51,5.76,2.25
2024-08-20 17:00,8,17,1,weekday,106.8,10.77,65.6,26.3,4.4,15.82,0,15.82,-5.06,DEFICIT,6.63,4.44,5.64,2.25
2024-08-20 18:00,8,18,1,weekday,22.6,2.29,64.0,23.0,5.8,21.5,11.82,33.32,-31.03,DEFICIT,6.76,4.51,5.75,2.25
2024-08-20 19:00,8,19,1,weekday,0,0,72.0,19.7,3.8,22.9,15.43,38.32,-38.32,DEFICIT,6.5,4.37,5.52,2.25
2024-08-20 20:00,8,20,1,weekday,0,0,82.9,20.5,4.1,26.61,16.23,42.85,-42.85,DEFICIT,6.88,4.56,5.85,2.25
2024-08-20 21:00,8,21,1,weekday,0,0,71.4,20.5,4.2,20.96,15.44,36.4,-36.4,DEFICIT,6.78,4.52,5.77,2.25
2024-08-20 22:00,8,22,1,weekday,0,0,62.3,22.3,3.8,14.99,0.0,14.99,-14.99,DEFICIT,4.35,3.3,3.69,2.25
2024-08-20 23:00,8,23,1,weekday,0,0,51.8,18.9,3.9,9.42,0,9.42,-9.42,DEFICIT,4.19,3.22,3.56,2.25
2024-08-21 00:00,8,0,2,weekday,0,0,96.5,19.3,5.8,7.96,3.35,11.32,-11.32,DEFICIT,4.43,3.34,3.76,2.25
2024-08-21 01:00,8,1,2,weekday,0,0,81.4,20.0,5.2,5.88,3.12,9.0,-9.0,DEFICIT,4.71,3.48,4.0,2.25
2024-08-21 02:00,8,2,2,weekday,0,0,100,20.0,4.8,5,0.0,5.0,-5.0,BALANCED,4.71,3.48,4.01,2.25
2024-08-21 03:00,8,3,2,weekday,0,0,90.5,19.8,4.1,5,0.0,5.0,-5.0,BALANCED,4.03,3.14,3.43,2.25
2024-08-21 04:00,8,4,2,weekday,0,0,90.4,14.5,4.4,5,4.41,9.41,-9.41,DEFICIT,4.27,3.26,3.63,2.25
2024-08-21 05:00,8,5,2,weekday,0,0,85.1,19.2,5.0,5.36,0.0,5.36,-5.36,DEFICIT,4.74,3.49,4.03,2.25
2024-08-21 06:00,8,6,2,weekday,25.1,2.54,68.6,21.8,4.4,16.23,0,16.23,-13.69,DEFICIT,6.39,4.32,5.43,2.25
2024-08-21 07:00,8,7,2,weekday,108.3,10.98,81.5,20.9,2.3,20.92,4.05,24.97,-13.99,DEFICIT,5.68,3.96,4.82,2.25
2024-08-21 08:00,8,8,2,weekday,188.4,19.11,96.7,22.7,3.6,17.93,0.0,17.93,1.18,BALANCED,5.48,3.87,4.66,2.25
2024-08-21 09:00,8,9,2,weekday,322.2,32.68,90.9,22.8,4.4,14.25,7.77,22.02,10.66,SURPLUS,5.67,3.96,4.82,2.25
2024-08-21 10:00,8,10,2,weekday,466.0,47.2,67.5,25.3,4.1,10.49,0,10.49,36.71,SURPLUS,4.05,3.15,3.44,2.25
2024-08-21 11:00,8,11,2,weekday,478.5,47.92,78.8,28.1,5.2,9.44,0,9.44,38.48,SURPLUS,3.72,2.99,3.16,2.25
2024-08-21 12:00,8,12,2,weekday,599.4,60.11,74.9,27.7,6.2,12.55,0,12.55,47.56,SURPLUS,4.15,3.2,3.53,2.25
2024-08-21 13:00,8,13,2,weekday,509.1,51.07,76.8,27.7,4.0,11.03,0,11.03,40.04,SURPLUS,4.06,3.15,3.45,2.25
2024-08-21 14:00,8,14,2,weekday,402.5,40.57,81.1,26.5,6.4,11.21,0,11.21,29.36,SURPLUS,2.95,2.6,2.51,2.25
2024-08-21 15:00,8,15,2,weekday,346.3,34.83,91.0,27.0,4.2,12.84,0,12.84,21.98,SURPLUS,3.76,3.0,3.19,2.25
2024-08-21 16:00,8,16,2,weekday,265.4,26.83,87.6,25.8,5.2,14.92,0,14.92,11.91,SURPLUS,6.5,4.37,5.52,2.25
2024-08-21 17:00,8,17,2,weekday,132.2,13.41,69.8,24.2,4.2,20.13,0,20.13,-6.72,DEFICIT,6.67,4.46,5.67,2.25
2024-08-21 18:00,8,18,2,weekday,27.8,2.82,84.9,21.6,5.3,29.38,5.92,35.3,-32.48,DEFICIT,6.97,4.61,5.92,2.25
2024-08-21 19:00,8,19,2,weekday,0,0,88.7,20.7,3.5,28.7,8.11,36.8,-36.8,DEFICIT,6.83,4.54,5.8,2.25
2024-08-21 20:00,8,20,2,weekday,0,0,93.3,24.1,3.1,25.42,13.96,39.37,-39.37,DEFICIT,7.21,4.73,6.13,2.25
2024-08-21 21:00,8,21,2,weekday,0,0,87.5,21.6,4.3,19.62,11.36,30.98,-30.98,DEFICIT,6.37,4.31,5.41,2.25
2024-08-21 22:00,8,22,2,weekday,0,0,100,18.9,4.4,14.79,15.92,30.71,-30.71,DEFICIT,4.67,3.46,3.97,2.25
2024-08-21 23:00,8,23,2,weekday,0,0,100,21.6,4.8,9.97,0,9.97,-9.97,DEFICIT,4.09,3.17,3.48,2.25
2024-08-22 00:00,8,0,3,weekday,0,0,90.9,19.2,5.1,7.98,2.22,10.2,-10.2,DEFICIT,4.73,3.49,4.02,2.25
2024-08-22 01:00,8,1,3,weekday,0,0,62.2,18.5,5.4,5.1,2.72,7.82,-7.82,DEFICIT,4.07,3.16,3.46,2.25
2024-08-22 02:00,8,2,3,weekday,0,0,75.6,19.1,4.1,6.9,0.0,6.9,-6.9,DEFICIT,4.35,3.3,3.7,2.25
2024-08-22 03:00,8,3,3,weekday,0,0,70.8,18.6,5.7,5.07,0.0,5.07,-5.07,DEFICIT,4.15,3.2,3.52,2.25
2024-08-22 04:00,8,4,3,weekday,0,0,77.4,17.2,3.9,5,0.0,5.0,-5.0,BALANCED,4.34,3.3,3.69,2.25
2024-08-22 05:00,8,5,3,weekday,0,0,81.4,19.0,3.5,5.75,0.0,5.75,-5.75,DEFICIT,4.22,3.23,3.59,2.25
2024-08-22 06:00,8,6,3,weekday,26.3,2.67,71.0,18.0,3.7,13.52,0,13.52,-10.85,DEFICIT,6.03,4.14,5.12,2.25
2024-08-22 07:00,8,7,3,weekday,83.9,8.51,80.5,21.9,2.9,21.6,0.0,21.6,-13.09,DEFICIT,5.66,3.96,4.81,2.25
2024-08-22 08:00,8,8,3,weekday,195.5,19.82,52.2,21.5,4.8,19.95,8.86,28.81,-8.99,DEFICIT,6.03,4.14,5.12,2.25
2024-08-22 09:00,8,9,3,weekday,276.2,27.91,69.7,25.9,4.7,10.94,8.3,19.24,8.66,SURPLUS,5.4,3.83,4.59,2.25
2024-08-22 10:00,8,10,3,weekday,381.1,38.64,64.4,24.3,5.7,10.67,0,10.67,27.97,SURPLUS,3.61,2.93,3.07,2.25
2024-08-22 11:00,8,11,3,weekday,475.7,48.23,54.1,24.4,3.2,12.22,0,12.22,36.02,SURPLUS,4.25,3.25,3.61,2.25
2024-08-22 12:00,8,12,3,weekday,434.9,43.31,67.6,29.5,4.1,12.8,0,12.8,30.51,SURPLUS,3.77,3.01,3.21,2.25
2024-08-22 13:00,8,13,3,weekday,405.0,41.07,67.9,24.7,4.9,10.16,0,10.16,30.91,SURPLUS,3.65,2.95,3.1,2.25
2024-08-22 14:00,8,14,3,weekday,440.9,44.48,68.0,26.2,4.7,10.51,0,10.51,33.97,SURPLUS,3.38,2.82,2.87,2.25
2024-08-22 15:00,8,15,3,weekday,303.6,30.74,73.1,25.4,5.5,10.59,0,10.59,20.15,SURPLUS,3.93,3.09,3.34,2.25
2024-08-22 16:00,8,16,3,weekday,223.4,22.37,74.5,28.2,4.6,12.19,0,12.19,10.18,SURPLUS,6.84,4.54,5.81,2.25
2024-08-22 17:00,8,17,3,weekday,108.1,10.96,68.2,24.4,5.3,16.35,0,16.35,-5.39,DEFICIT,6.9,4.58,5.87,2.25
2024-08-22 18:00,8,18,3,weekday,25.0,2.54,66.4,25.1,2.8,23.73,18.83,42.56,-40.02,DEFICIT,6.93,4.59,5.89,2.25
2024-08-22 19:00,8,19,3,weekday,0,0,82.4,22.3,5.2,31.07,0.0,31.07,-31.07,DEFICIT,7.34,4.79,6.24,2.25
2024-08-22 20:00,8,20,3,weekday,0,0,64.6,22.3,3.7,29.46,11.65,41.11,-41.11,DEFICIT,6.86,4.55,5.83,2.25
2024-08-22 21:00,8,21,3,weekday,0,0,69.3,18.9,4.0,20.55,11.13,31.68,-31.68,DEFICIT,6.68,4.46,5.68,2.25
2024-08-22 22:00,8,22,3,weekday,0,0,72.9,19.5,5.7,11.84,8.14,19.98,-19.98,DEFICIT,4.6,3.43,3.91,2.25
2024-08-22 23:00,8,23,3,weekday,0,0,82.5,21.3,4.1,11.25,0,11.25,-11.25,DEFICIT,4.37,3.31,3.72,2.25
2024-08-23 00:00,8,0,4,weekday,0,0,89.0,21.6,4.1,7.36,0.0,7.36,-7.36,DEFICIT,4.31,3.28,3.66,2.25
2024-08-23 01:00,8,1,4,weekday,0,0,97.8,19.0,3.2,5.97,4.6,10.57,-10.57,DEFICIT,3.99,3.12,3.39,2.25
2024-08-23 02:00,8,2,4,weekday,0,0,100,18.2,3.3,5.41,5.21,10.61,-10.61,DEFICIT,4.9,3.58,4.17,2.25
2024-08-23 03:00,8,3,4,weekday,0,0,90.5,19.0,5.4,5,2.31,7.31,-7.31,DEFICIT,4.5,3.37,3.82,2.25
2024-08-23 04:00,8,4,4,weekday,0,0,100,19.4,5.5,5,5.19,10.19,-10.19,DEFICIT,4.57,3.41,3.88,2.25
2024-08-23 05:00,8,5,4,weekday,0,0,100,19.7,4.3,6.28,0.0,6.28,-6.28,DEFICIT,4.83,3.54,4.11,2.25
2024-08-23 06:00,8,6,4,weekday,30.8,3.12,94.7,20.0,3.0,15.62,0,15.62,-12.5,DEFICIT,5.94,4.1,5.05,2.25
2024-08-23 07:00,8,7,4,weekday,105.6,10.71,82.6,20.9,3.6,25.03,0.0,25.03,-14.33,DEFICIT,5.46,3.85,4.64,2.25
2024-08-23 08:00,8,8,4,weekday,241.5,24.49,86.7,20.8,4.6,18.58,17.94,36.52,-12.03,DEFICIT,5.82,4.04,4.95,2.25
2024-08-23 09:00,8,9,4,weekday,387.5,39.29,100,22.1,5.5,12.89,0.0,12.89,26.41,SURPLUS,6.3,4.28,5.36,2.25
2024-08-23 10:00,8,10,4,weekday,520.5,52.77,97.9,23.8,4.4,9.82,0,9.82,42.95,SURPLUS,4.16,3.2,3.53,2.25
2024-08-23 11:00,8,11,4,weekday,549.8,55.38,100,26.6,5.1,10.75,0,10.75,44.63,SURPLUS,4.28,3.26,3.63,2.25
2024-08-23 12:00,8,12,4,weekday,641.9,65.07,64.3,25.1,6.3,11.38,0,11.38,53.69,SURPLUS,3.69,2.97,3.14,2.25
2024-08-23 13:00,8,13,4,weekday,646.0,65.25,87.0,26.0,4.8,8.84,0,8.84,56.41,SURPLUS,3.8,3.02,3.23,2.25
2024-08-23 14:00,8,14,4,weekday,546.5,55.24,93.1,25.8,5.2,10.02,0,10.02,45.21,SURPLUS,4.13,3.19,3.51,2.25
2024-08-23 15:00,8,15,4,weekday,409.2,41.21,88.2,26.7,3.5,11.93,0,11.93,29.28,SURPLUS,3.26,2.76,2.77,2.25
2024-08-23 16:00,8,16,4,weekday,268.6,26.98,88.2,27.4,6.1,12.16,0,12.16,14.82,SURPLUS,6.96,4.61,5.92,2.25
2024-08-23 17:00,8,17,4,weekday,144.5,14.58,95.1,26.2,3.9,21.83,0,21.83,-7.25,DEFICIT,6.72,4.49,5.72,2.25
2024-08-23 18:00,8,18,4,weekday,34.5,3.5,85.5,20.7,4.2,26.7,11.67,38.37,-34.87,DEFICIT,6.56,4.41,5.58,2.25
2024-08-23 19:00,8,19,4,weekday,0,0,100,23.5,5.1,33.21,7.62,40.82,-40.82,DEFICIT,6.87,4.56,5.84,2.25
2024-08-23 20:00,8,20,4,weekday,0,0,95.6,23.3,3.9,24.81,21.85,46.66,-46.66,DEFICIT,7.21,4.73,6.13,2.25
2024-08-23 21:00,8,21,4,weekday,0,0,100,20.0,4.4,17.27,0.0,17.27,-17.27,DEFICIT,6.67,4.46,5.67,2.25
2024-08-23 22:00,8,22,4,weekday,0,0,100,19.3,3.4,17.27,0.0,17.27,-17.27,DEFICIT,4.51,3.38,3.83,2.25
2024-08-23 23:00,8,23,4,weekday,0,0,100,17.8,3.4,10.78,0,10.78,-10.78,DEFICIT,3.84,3.04,3.26,2.25
2024-08-24 00:00,8,0,5,weekend,0,0,75.2,21.2,5.3,9.61,0.0,9.61,-9.61,DEFICIT,4.5,3.37,3.82,2.25
2024-08-24 01:00,8,1,5,weekend,0,0,83.2,18.2,5.0,8.21,2.29,10.5,-10.5,DEFICIT,4.77,3.51,4.06,2.25
2024-08-24 02:00,8,2,5,weekend,0,0,95.6,18.5,5.1,5.32,3.57,8.89,-8.89,DEFICIT,4.84,3.54,4.11,2.25
2024-08-24 03:00,8,3,5,weekend,0,0,74.8,18.8,3.7,5,0.0,5.0,-5.0,BALANCED,4.17,3.21,3.55,2.25
2024-08-24 04:00,8,4,5,weekend,0,0,72.3,16.1,3.6,5.0,0.0,5.0,-5.0,DEFICIT,5.18,3.72,4.4,2.25
2024-08-24 05:00,8,5,5,weekend,0,0,70.4,20.6,5.6,7.24,4.68,11.92,-11.92,DEFICIT,4.21,3.23,3.58,2.25
2024-08-24 06:00,8,6,5,weekend,25.4,2.58,75.0,17.5,5.0,15.51,0,15.51,-12.93,DEFICIT,5.76,4.0,4.89,2.25
2024-08-24 07:00,8,7,5,weekend,101.1,10.25,79.4,20.5,4.3,24.7,3.59,28.28,-18.03,DEFICIT,5.72,3.98,4.86,2.25
2024-08-24 08:00,8,8,5,weekend,212.5,21.55,68.7,23.1,3.2,20.38,0.0,20.38,1.17,BALANCED,6.34,4.29,5.39,2.25
2024-08-24 09:00,8,9,5,weekend,291.6,29.57,79.7,23.1,6.7,13.7,0.0,13.7,15.87,SURPLUS,5.67,3.96,4.82,2.25
2024-08-24 10:00,8,10,5,weekend,414.6,42.04,74.6,24.4,5.2,11.25,0,11.25,30.78,SURPLUS,3.67,2.96,3.12,2.25
2024-08-24 11:00,8,11,5,weekend,427.6,43.21,70.2,25.9,3.7,11.52,0,11.52,31.69,SURPLUS,4.22,3.23,3.58,2.25
2024-08-24 12:00,8,12,5,weekend,472.0,47.63,77.0,26.2,4.9,12.82,0,12.82,34.82,SURPLUS,3.67,2.96,3.12,2.25
2024-08-24 13:00,8,13,5,weekend,458.5,46.07,75.1,27.2,5.1,13.68,0,13.68,32.39,SURPLUS,4.4,3.32,3.74,2.25
2024-08-24 14:00,8,14,5,weekend,434.0,43.4,72.3,28.4,4.7,11.56,0,11.56,31.84,SURPLUS,3.58,2.92,3.04,2.25
2024-08-24 15:00,8,15,5,weekend,345.5,34.47,70.8,29.0,5.2,10.55,0,10.55,23.92,SURPLUS,3.65,2.95,3.1,2.25
2024-08-24 16:00,8,16,5,weekend,240.9,24.26,59.1,26.8,4.0,13.24,0,13.24,11.02,SURPLUS,7.21,4.73,6.13,2.25
2024-08-24 17:00,8,17,5,weekend,104.1,10.51,78.7,26.0,3.5,18.79,0,18.79,-8.28,DEFICIT,7.07,4.66,6.01,2.25
2024-08-24 18:00,8,18,5,weekend,26.6,2.7,72.8,24.6,2.4,27.67,15.18,42.84,-40.15,DEFICIT,6.55,4.4,5.57,2.25
2024-08-24 19:00,8,19,5,weekend,0,0,90.0,23.6,3.9,34.71,11.92,46.64,-46.64,DEFICIT,6.69,4.47,5.69,2.25
2024-08-24 20:00,8,20,5,weekend,0,0,76.1,21.3,2.8,29.44,0.0,29.44,-29.44,DEFICIT,6.97,4.61,5.92,2.25
2024-08-24 21:00,8,21,5,weekend,0,0,76.7,18.5,3.7,23.02,21.27,44.29,-44.29,DEFICIT,6.35,4.3,5.39,2.25
2024-08-24 22:00,8,22,5,weekend,0,0,73.9,19.0,4.4,14.71,21.77,36.48,-36.48,DEFICIT,5.0,3.62,4.25,2.25
2024-08-24 23:00,8,23,5,weekend,0,0,86.8,22.0,3.9,9.0,0,9.0,-9.0,DEFICIT,4.37,3.31,3.72,2.25
2024-08-25 00:00,8,0,6,weekend,0,0,98.4,19.9,4.2,7.05,5.24,12.29,-12.29,DEFICIT,4.89,3.57,4.16,2.25
2024-08-25 01:00,8,1,6,weekend,0,0,100,19.8,3.2,6.14,4.06,10.21,-10.21,DEFICIT,4.7,3.47,3.99,2.25
2024-08-25 02:00,8,2,6,weekend,0,0,76.0,17.4,3.8,5.5,4.43,9.93,-9.93,DEFICIT,4.53,3.39,3.85,2.25
2024-08-25 03:00,8,3,6,weekend,0,0,78.6,17.6,4.7,5,5.34,10.34,-10.34,DEFICIT,4.41,3.33,3.75,2.25
2024-08-25 04:00,8,4,6,weekend,0,0,86.8,18.3,5.8,5,2.53,7.53,-7.53,DEFICIT,4.81,3.53,4.09,2.25
2024-08-25 05:00,8,5,6,weekend,0,0,93.8,19.7,3.4,6.84,3.61,10.45,-10.45,DEFICIT,4.4,3.32,3.74,2.25
2024-08-25 06:00,8,6,6,weekend,25.6,2.6,82.6,21.3,3.3,16.86,0,16.86,-14.26,DEFICIT,5.94,4.1,5.05,2.25
2024-08-25 07:00,8,7,6,weekend,96.8,9.81,75.2,21.3,3.2,23.09,0.0,23.09,-13.28,DEFICIT,5.44,3.84,4.62,2.25
2024-08-25 08:00,8,8,6,weekend,219.3,22.24,66.0,24.0,3.5,19.45,11.51,30.95,-8.72,DEFICIT,6.11,4.18,5.2,2.25
2024-08-25 09:00,8,9,6,weekend,345.5,35.04,71.7,24.8,4.5,10.91,14.07,24.98,10.06,SURPLUS,5.49,3.87,4.67,2.25
2024-08-25 10:00,8,10,6,weekend,374.3,37.91,69.9,25.3,2.7,11.81,0,11.81,26.11,SURPLUS,3.86,3.06,3.28,2.25
2024-08-25 11:00,8,11,6,weekend,516.6,51.99,64.2,26.9,2.4,12.08,0,12.08,39.91,SURPLUS,3.99,3.12,3.39,2.25
2024-08-25 12:00,8,12,6,weekend,585.6,58.87,78.3,27.2,5.8,13.85,0,13.85,45.02,SURPLUS,3.72,2.98,3.16,2.25
2024-08-25 13:00,8,13,6,weekend,583.5,57.95,82.1,30.2,4.1,11.34,0,11.34,46.61,SURPLUS,3.48,2.86,2.96,2.25
2024-08-25 14:00,8,14,6,weekend,444.7,44.69,85.6,27.3,5.7,11.52,0,11.52,33.17,SURPLUS,3.77,3.01,3.2,2.25
2024-08-25 15:00,8,15,6,weekend,422.7,42.15,74.7,29.1,4.1,14.14,0,14.14,28.02,SURPLUS,3.69,2.97,3.14,2.25
2024-08-25 16:00,8,16,6,weekend,221.2,22.43,88.4,24.2,5.1,13.33,0,13.33,9.1,SURPLUS,6.81,4.53,5.79,2.25
2024-08-25 17:00,8,17,6,weekend,130.7,13.24,83.8,25.3,3.6,14.35,0,14.35,-1.11,BALANCED,7.18,4.72,6.1,2.25
2024-08-25 18:00,8,18,6,weekend,28.2,2.86,83.4,23.3,5.1,28.25,21.21,49.46,-46.61,DEFICIT,6.44,4.34,5.47,2.25
2024-08-25 19:00,8,19,6,weekend,0,0,82.9,23.2,2.9,28.76,11.66,40.43,-40.43,DEFICIT,6.86,4.56,5.83,2.25
2024-08-25 20:00,8,20,6,weekend,0,0,76.3,21.5,3.9,36.65,9.54,46.2,-46.2,DEFICIT,6.61,4.43,5.62,2.25
2024-08-25 21:00,8,21,6,weekend,0,0,81.8,20.1,4.5,26.87,0.0,26.87,-26.87,DEFICIT,6.55,4.4,5.57,2.25
2024-08-25 22:00,8,22,6,weekend,0,0,94.9,21.5,3.9,15.22,9.03,24.25,-24.25,DEFICIT,4.6,3.42,3.91,2.25
2024-08-25 23:00,8,23,6,weekend,0,0,88.8,16.6,3.6,11.43,0,11.43,-11.43,DEFICIT,4.41,3.33,3.75,2.25
2024-08-26 00:00,8,0,0,weekday,0,0,97.0,19.4,4.4,6.67,4.48,11.16,-11.16,DEFICIT,4.77,3.51,4.05,2.25
2024-08-26 01:00,8,1,0,weekday,0,0,100,19.4,6.2,6.87,0.0,6.87,-6.87,DEFICIT,3.94,3.1,3.35,2.25
2024-08-26 02:00,8,2,0,weekday,0,0,93.5,21.2,4.5,5.65,0.0,5.65,-5.65,DEFICIT,4.14,3.19,3.52,2.25
2024-08-26 03:00,8,3,0,weekday,0,0,100,18.6,4.0,5,4.25,9.25,-9.25,DEFICIT,4.16,3.21,3.54,2.25
2024-08-26 04:00,8,4,0,weekday,0,0,94.5,17.9,4.2,5,0.0,5.0,-5.0,BALANCED,4.51,3.38,3.84,2.25
2024-08-26 05:00,8,5,0,weekday,0,0,86.7,18.5,4.7,5.07,0.0,5.07,-5.07,DEFICIT,4.53,3.39,3.85,2.25
2024-08-26 06:00,8,6,0,weekday,32.7,3.32,100,21.3,3.1,14.66,0,14.66,-11.34,DEFICIT,5.81,4.03,4.94,2.25
2024-08-26 07:00,8,7,0,weekday,118.1,11.97,100,20.5,4.9,22.66,10.29,32.95,-20.97,DEFICIT,5.69,3.97,4.83,2.25
2024-08-26 08:00,8,8,0,weekday,259.5,26.32,89.9,21.7,3.7,20.74,0.0,20.74,5.57,SURPLUS,6.17,4.21,5.25,2.25
2024-08-26 09:00,8,9,0,weekday,404.4,41.01,91.4,19.4,4.7,10.98,7.84,18.82,22.19,SURPLUS,5.9,4.08,5.02,2.25
2024-08-26 10:00,8,10,0,weekday,557.3,56.15,100,26.6,4.7,8.9,0,8.9,47.25,SURPLUS,4.5,3.38,3.83,2.25
2024-08-26 11:00,8,11,0,weekday,564.0,56.52,99.2,27.9,3.6,10.75,0,10.75,45.77,SURPLUS,3.44,2.84,2.92,2.25
2024-08-26 12:00,8,12,0,weekday,731.6,73.29,100,28.0,6.7,10.53,0,10.53,62.76,SURPLUS,3.61,2.93,3.07,2.25
2024-08-26 13:00,8,13,0,weekday,653.4,66.25,100,24.3,4.1,8.88,0,8.88,57.37,SURPLUS,3.76,3.0,3.2,2.25
2024-08-26 14:00,8,14,0,weekday,601.4,60.64,99.7,26.4,4.0,10.23,0,10.23,50.4,SURPLUS,3.67,2.96,3.12,2.25
2024-08-26 15:00,8,15,0,weekday,499.1,50.1,97.1,27.5,5.1,12.91,0,12.91,37.19,SURPLUS,3.73,2.99,3.17,2.25
2024-08-26 16:00,8,16,0,weekday,264.5,26.76,100,25.6,5.9,8.83,0,8.83,17.93,SURPLUS,6.31,4.28,5.36,2.25
2024-08-26 17:00,8,17,0,weekday,144.0,14.6,100,24.3,4.9,16.73,0,16.73,-2.14,BALANCED,6.9,4.58,5.87,2.25
2024-08-26 18:00,8,18,0,weekday,37.9,3.84,96.7,23.3,5.0,21.68,18.43,40.12,-36.28,DEFICIT,6.73,4.49,5.72,2.25
2024-08-26 19:00,8,19,0,weekday,0,0,92.2,21.8,4.4,25.72,17.48,43.2,-43.2,DEFICIT,6.68,4.47,5.68,2.25
2024-08-26 20:00,8,20,0,weekday,0,0,100,22.0,3.7,22.94,20.47,43.4,-43.4,DEFICIT,6.96,4.61,5.92,2.25
2024-08-26 21:00,8,21,0,weekday,0,0,91.6,21.8,4.1,21.27,16.48,37.74,-37.74,DEFICIT,7.1,4.67,6.03,2.25
2024-08-26 22:00,8,22,0,weekday,0,0,95.7,17.6,4.8,14.95,15.17,30.13,-30.13,DEFICIT,4.86,3.56,4.13,2.25
2024-08-26 23:00,8,23,0,weekday,0,0,86.8,18.5,3.3,10.99,0,10.99,-10.99,DEFICIT,4.42,3.34,3.76,2.25
2024-08-27 00:00,8,0,1,weekday,0,0,100,22.2,4.6,7.37,0.0,7.37,-7.37,DEFICIT,4.94,3.59,4.2,2.25
2024-08-27 01:00,8,1,1,weekday,0,0,100,19.1,4.2,5.67,0.0,5.67,-5.67,DEFICIT,4.84,3.55,4.12,2.25
2024-08-27 02:00,8,2,1,weekday,0,0,94.0,20.8,5.6,5.17,0.0,5.17,-5.17,DEFICIT,4.6,3.43,3.91,2.25
2024-08-27 03:00,8,3,1,weekday,0,0,100,15.3,4.0,5,3.21,8.21,-8.21,DEFICIT,4.68,3.47,3.98,2.25
2024-08-27 04:00,8,4,1,weekday,0,0,97.3,18.7,4.5,5.09,3.89,8.98,-8.98,DEFICIT,4.8,3.52,4.08,2.25
2024-08-27 05:00,8,5,1,weekday,0,0,100,17.3,4.5,6.9,0.0,6.9,-6.9,DEFICIT,4.34,3.29,3.68,2.25
2024-08-27 06:00,8,6,1,weekday,27.2,2.75,64.8,18.5,4.0,14.6,0,14.6,-11.85,DEFICIT,6.04,4.14,5.13,2.25
2024-08-27 07:00,8,7,1,weekday,129.1,13.09,90.3,19.4,5.1,21.97,0.0,21.97,-8.87,DEFICIT,6.24,4.25,5.3,2.25
2024-08-27 08:00,8,8,1,weekday,224.5,22.77,61.3,20.8,4.7,17.04,0.0,17.04,5.73,SURPLUS,5.35,3.8,4.55,2.25
2024-08-27 09:00,8,9,1,weekday,328.6,33.32,85.0,23.6,4.3,11.4,7.66,19.06,14.27,SURPLUS,5.7,3.97,4.84,2.25
2024-08-27 10:00,8,10,1,weekday,489.7,49.56,78.2,25.5,5.3,8.25,0,8.25,41.31,SURPLUS,4.06,3.16,3.45,2.25
2024-08-27 11:00,8,11,1,weekday,629.8,63.58,87.0,26.1,4.5,10.05,0,10.05,53.53,SURPLUS,3.53,2.89,3.0,2.25
2024-08-27 12:00,8,12,1,weekday,610.8,61.18,79.0,28.0,5.3,11.31,0,11.31,49.87,SURPLUS,4.02,3.14,3.42,2.25
2024-08-27 13:00,8,13,1,weekday,566.1,56.13,97.8,30.6,5.0,12.27,0,12.27,43.86,SURPLUS,4.03,3.14,3.43,2.25
2024-08-27 14:00,8,14,1,weekday,514.8,51.71,88.3,27.4,3.3,9.35,0,9.35,42.36,SURPLUS,3.88,3.06,3.3,2.25
2024-08-27 15:00,8,15,1,weekday,401.1,40.31,90.3,27.2,6.3,9.79,0,9.79,30.52,SURPLUS,4.22,3.23,3.58,2.25
2024-08-27 16:00,8,16,1,weekday,261.6,26.51,84.7,25.2,7.0,12.35,0,12.35,14.16,SURPLUS,7.17,4.71,6.09,2.25
2024-08-27 17:00,8,17,1,weekday,128.6,12.83,95.2,29.0,3.1,17.49,0,17.49,-4.66,BALANCED,7.03,4.64,5.98,2.25
2024-08-27 18:00,8,18,1,weekday,35.7,3.61,76.9,25.6,5.1,24.06,17.68,41.74,-38.13,DEFICIT,6.3,4.27,5.35,2.25
2024-08-27 19:00,8,19,1,weekday,0,0,96.2,24.3,5.1,30.86,16.19,47.06,-47.06,DEFICIT,6.62,4.43,5.62,2.25
2024-08-27 20:00,8,20,1,weekday,0,0,96.9,23.1,4.5,28.19,19.33,47.52,-47.52,DEFICIT,6.34,4.29,5.38,2.25
2024-08-27 21:00,8,21,1,weekday,0,0,90.2,23.4,3.2,19.26,14.71,33.97,-33.97,DEFICIT,6.87,4.56,5.84,2.25
2024-08-27 22:00,8,22,1,weekday,0,0,100,20.9,3.3,14.16,12.2,26.36,-26.36,DEFICIT,4.79,3.52,4.07,2.25
2024-08-27 23:00,8,23,1,weekday,0,0,98.3,21.7,3.9,12.49,0,12.49,-12.49,DEFICIT,4.76,3.51,4.05,2.25
2024-08-28 00:00,8,0,2,weekday,0,0,76.6,20.0,4.2,6.41,0.0,6.41,-6.41,DEFICIT,5.08,3.66,4.32,2.25
2024-08-28 01:00,8,1,2,weekday,0,0,98.2,17.4,2.7,6.72,0.0,6.72,-6.72,DEFICIT,4.49,3.37,3.81,2.25
2024-08-28 02:00,8,2,2,weekday,0,0,83.7,18.2,6.4,5.15,4.78,9.93,-9.93,DEFICIT,4.08,3.17,3.47,2.25
2024-08-28 03:00,8,3,2,weekday,0,0,81.3,18.4,3.5,5,0.0,5.0,-5.0,BALANCED,4.56,3.41,3.88,2.25
2024-08-28 04:00,8,4,2,weekday,0,0,93.0,17.8,3.7,5,0.0,5.0,-5.0,BALANCED,4.12,3.18,3.5,2.25
2024-08-28 05:00,8,5,2,weekday,0,0,100,18.4,4.4,5.73,0.0,5.73,-5.73,DEFICIT,4.17,3.21,3.55,2.25
2024-08-28 06:00,8,6,2,weekday,30.6,3.1,82.2,18.1,5.5,13.22,0,13.22,-10.12,DEFICIT,5.52,3.89,4.69,2.25
2024-08-28 07:00,8,7,2,weekday,107.0,10.85,80.3,19.3,5.0,21.68,0.0,21.68,-10.83,DEFICIT,5.85,4.05,4.98,2.25
2024-08-28 08:00,8,8,2,weekday,236.5,23.98,84.4,20.2,4.4,20.05,12.63,32.68,-8.7,DEFICIT,5.76,4.01,4.9,2.25
2024-08-28 09:00,8,9,2,weekday,295.4,29.95,86.1,23.6,3.9,11.6,0.0,11.6,18.35,SURPLUS,5.75,4.0,4.89,2.25
2024-08-28 10:00,8,10,2,weekday,452.1,45.84,67.4,23.7,3.0,12.14,0,12.14,33.7,SURPLUS,3.71,2.98,3.15,2.25
2024-08-28 11:00,8,11,2,weekday,481.7,48.04,83.0,29.1,5.1,9.38,0,9.38,38.66,SURPLUS,3.91,3.08,3.32,2.25
2024-08-28 12:00,8,12,2,weekday,613.5,62.02,88.9,25.8,6.1,12.45,0,12.45,49.57,SURPLUS,4.1,3.18,3.49,2.25
2024-08-28 13:00,8,13,2,weekday,526.3,52.53,84.8,28.9,5.3,11.26,0,11.26,41.27,SURPLUS,3.72,2.98,3.16,2.25
2024-08-28 14:00,8,14,2,weekday,407.8,40.69,94.5,29.0,4.5,11.96,0,11.96,28.73,SURPLUS,3.8,3.02,3.23,2.25
2024-08-28 15:00,8,15,2,weekday,381.0,38.53,71.7,25.6,5.5,11.32,0,11.32,27.22,SURPLUS,4.27,3.26,3.63,2.25
2024-08-28 16:00,8,16,2,weekday,250.5,25.39,75.5,25.1,5.8,15.94,0,15.94,9.45,SURPLUS,6.01,4.13,5.11,2.25
2024-08-28 17:00,8,17,2,weekday,133.6,13.52,79.8,25.5,3.2,16.88,0,16.88,-3.36,BALANCED,7.05,4.65,5.99,2.25
2024-08-28 18:00,8,18,2,weekday,32.5,3.29,91.1,22.8,4.1,26.39,17.91,44.3,-41.01,DEFICIT,6.86,4.55,5.83,2.25
2024-08-28 19:00,8,19,2,weekday,0,0,100,20.9,2.2,27.49,7.38,34.87,-34.87,DEFICIT,6.77,4.51,5.75,2.25
2024-08-28 20:00,8,20,2,weekday,0,0,93.0,21.2,3.4,25.3,0.0,25.3,-25.3,DEFICIT,6.64,4.44,5.64,2.25
2024-08-28 21:00,8,21,2,weekday,0,0,78.9,21.2,4.3,21.12,9.45,30.56,-30.56,DEFICIT,6.24,4.24,5.3,2.25
2024-08-28 22:00,8,22,2,weekday,0,0,82.6,20.8,4.2,14.87,21.2,36.06,-36.06,DEFICIT,4.04,3.15,3.44,2.25
2024-08-28 23:00,8,23,2,weekday,0,0,85.6,18.3,3.7,8.38,0,8.38,-8.38,DEFICIT,4.91,3.58,4.17,2.25
2024-08-29 00:00,8,0,3,weekday,0,0,63.5,18.3,5.4,6.1,4.0,10.09,-10.09,DEFICIT,4.8,3.53,4.08,2.25
2024-08-29 01:00,8,1,3,weekday,0,0,92.8,17.0,4.8,6.8,0.0,6.8,-6.8,DEFICIT,3.96,3.11,3.37,2.25
2024-08-29 02:00,8,2,3,weekday,0,0,76.4,22.2,4.9,6.01,0.0,6.01,-6.01,DEFICIT,4.26,3.25,3.62,2.25
2024-08-29 03:00,8,3,3,weekday,0,0,77.6,19.4,5.1,5,0.0,5.0,-5.0,BALANCED,4.45,3.35,3.78,2.25
2024-08-29 04:00,8,4,3,weekday,0,0,65.7,20.3,3.5,5,5.29,10.29,-10.29,DEFICIT,3.99,3.12,3.4,2.25
2024-08-29 05:00,8,5,3,weekday,0,0,73.9,19.2,4.7,6.89,0.0,6.89,-6.89,DEFICIT,4.93,3.59,4.19,2.25
2024-08-29 06:00,8,6,3,weekday,26.2,2.65,78.1,18.2,4.0,17.04,0,17.04,-14.38,DEFICIT,6.54,4.4,5.56,2.25
2024-08-29 07:00,8,7,3,weekday,90.6,9.19,64.6,22.4,4.3,20.01,0.0,20.01,-10.83,DEFICIT,5.78,4.02,4.91,2.25
2024-08-29 08:00,8,8,3,weekday,207.2,21.01,68.8,22.0,3.7,15.78,20.27,36.05,-15.04,DEFICIT,5.51,3.88,4.68,2.25
2024-08-29 09:00,8,9,3,weekday,328.8,33.34,70.5,24.6,3.2,12.95,5.48,18.43,14.92,SURPLUS,6.42,4.33,5.45,2.25
2024-08-29 10:00,8,10,3,weekday,352.8,35.77,60.8,22.5,4.2,8.18,0,8.18,27.59,SURPLUS,4.12,3.18,3.5,2.25
2024-08-29 11:00,8,11,3,weekday,503.6,50.56,83.7,27.4,3.8,9.77,0,9.77,40.79,SURPLUS,3.57,2.91,3.04,2.25
2024-08-29 12:00,8,12,3,weekday,539.6,54.14,78.8,27.6,4.4,9.68,0,9.68,44.46,SURPLUS,3.62,2.93,3.08,2.25
2024-08-29 13:00,8,13,3,weekday,555.3,55.13,80.3,30.2,6.0,10.07,0,10.07,45.06,SURPLUS,4.44,3.34,3.77,2.25
2024-08-29 14:00,8,14,3,weekday,411.4,41.37,83.5,27.1,6.0,9.36,0,9.36,32.01,SURPLUS,4.04,3.15,3.44,2.25
2024-08-29 15:00,8,15,3,weekday,344.8,34.67,75.6,27.1,5.3,11.46,0,11.46,23.21,SURPLUS,3.79,3.02,3.22,2.25
2024-08-29 16:00,8,16,3,weekday,239.9,24.13,81.4,27.1,5.4,14.05,0,14.05,10.07,SURPLUS,7.04,4.64,5.98,2.25
2024-08-29 17:00,8,17,3,weekday,125.6,12.58,82.2,28.0,4.5,16.71,0,16.71,-4.13,BALANCED,6.69,4.47,5.69,2.25
2024-08-29 18:00,8,18,3,weekday,27.9,2.82,82.4,26.3,3.3,23.5,11.15,34.64,-31.83,DEFICIT,6.67,4.46,5.67,2.25
2024-08-29 19:00,8,19,3,weekday,0,0,91.7,23.7,3.2,31.27,11.97,43.24,-43.24,DEFICIT,7.05,4.65,6.0,2.25
2024-08-29 20:00,8,20,3,weekday,0,0,85.0,24.4,4.4,24.76,0.0,24.76,-24.76,DEFICIT,6.82,4.54,5.8,2.25
2024-08-29 21:00,8,21,3,weekday,0,0,82.0,21.4,6.0,23.33,11.75,35.08,-35.08,DEFICIT,6.73,4.49,5.72,2.25
2024-08-29 22:00,8,22,3,weekday,0,0,87.7,19.1,4.5,13.5,8.1,21.6,-21.6,DEFICIT,4.45,3.35,3.78,2.25
2024-08-29 23:00,8,23,3,weekday,0,0,84.5,19.6,3.2,11.09,0,11.09,-11.09,DEFICIT,4.25,3.25,3.62,2.25
2024-08-30 00:00,8,0,4,weekday,0,0,61.9,20.5,3.7,6.8,2.72,9.53,-9.53,DEFICIT,4.43,3.34,3.77,2.25
2024-08-30 01:00,8,1,4,weekday,0,0,61.5,19.5,5.0,5.67,0.0,5.67,-5.67,DEFICIT,4.62,3.43,3.93,2.25
2024-08-30 02:00,8,2,4,weekday,0,0,54.5,19.1,5.6,5.59,4.25,9.84,-9.84,DEFICIT,4.74,3.49,4.03,2.25
2024-08-30 03:00,8,3,4,weekday,0,0,64.4,19.2,4.5,5,0.0,5.0,-5.0,BALANCED,4.31,3.28,3.66,2.25
2024-08-30 04:00,8,4,4,weekday,0,0,61.6,19.0,4.8,5,0.0,5.0,-5.0,BALANCED,4.44,3.35,3.78,2.25
2024-08-30 05:00,8,5,4,weekday,0,0,71.4,17.5,3.4,7.13,3.4,10.53,-10.53,DEFICIT,4.05,3.15,3.45,2.25
2024-08-30 06:00,8,6,4,weekday,20.1,2.04,63.6,17.7,2.0,13.32,0,13.32,-11.28,DEFICIT,6.05,4.15,5.15,2.25
2024-08-30 07:00,8,7,4,weekday,65.4,6.63,65.3,21.1,5.2,21.17,20.11,41.29,-34.66,DEFICIT,5.84,4.05,4.97,2.25
2024-08-30 08:00,8,8,4,weekday,135.3,13.72,51.6,22.2,4.4,18.55,0.0,18.55,-4.83,BALANCED,5.86,4.06,4.98,2.25
2024-08-30 09:00,8,9,4,weekday,240.2,24.35,49.4,23.1,3.8,10.52,0.0,10.52,13.84,SURPLUS,5.44,3.84,4.62,2.25
2024-08-30 10:00,8,10,4,weekday,271.0,27.48,54.9,25.1,5.6,10.11,0,10.11,17.37,SURPLUS,3.82,3.03,3.24,2.25
2024-08-30 11:00,8,11,4,weekday,400.7,39.99,44.6,28.9,3.6,10.42,0,10.42,29.58,SURPLUS,4.14,3.2,3.52,2.25
2024-08-30 12:00,8,12,4,weekday,387.0,38.9,55.7,27.2,5.5,12.32,0,12.32,26.58,SURPLUS,3.76,3.0,3.19,2.25
2024-08-30 13:00,8,13,4,weekday,320.2,32.03,52.2,28.4,4.1,10.89,0,10.89,21.14,SURPLUS,4.14,3.2,3.52,2.25
2024-08-30 14:00,8,14,4,weekday,304.9,30.9,50.9,25.1,5.4,7.33,0,7.33,23.57,SURPLUS,3.92,3.08,3.33,2.25
2024-08-30 15:00,8,15,4,weekday,256.0,25.58,45.6,28.6,6.3,11.18,0,11.18,14.4,SURPLUS,4.17,3.21,3.55,2.25
2024-08-30 16:00,8,16,4,weekday,169.4,17.12,62.8,25.9,4.3,11.86,0,11.86,5.26,SURPLUS,7.17,4.71,6.1,2.25
2024-08-30 17:00,8,17,4,weekday,89.1,9.04,56.0,24.8,3.1,16.24,0,16.24,-7.2,DEFICIT,7.11,4.68,6.05,2.25
2024-08-30 18:00,8,18,4,weekday,17.4,1.75,44.9,26.2,3.4,26.1,8.28,34.38,-32.63,DEFICIT,6.44,4.34,5.47,2.25
2024-08-30 19:00,8,19,4,weekday,0,0,49.1,20.4,3.9,31.5,20.39,51.88,-51.88,DEFICIT,6.82,4.54,5.8,2.25
2024-08-30 20:00,8,20,4,weekday,0,0,58.7,18.6,5.8,28.01,17.47,45.48,-45.48,DEFICIT,6.57,4.41,5.59,2.25
2024-08-30 21:00,8,21,4,weekday,0,0,52.3,24.2,4.9,19.91,0.0,19.91,-19.91,DEFICIT,7.06,4.66,6.0,2.25
2024-08-30 22:00,8,22,4,weekday,0,0,47.3,21.3,3.8,13.87,12.11,25.98,-25.98,DEFICIT,4.1,3.17,3.48,2.25
2024-08-30 23:00,8,23,4,weekday,0,0,67.8,18.7,4.2,10.11,0,10.11,-10.11,DEFICIT,4.59,3.42,3.9,2.25
2024-08-31 00:00,8,0,5,weekend,0,0,95.0,20.3,4.2,6.71,3.0,9.71,-9.71,DEFICIT,4.33,3.29,3.68,2.25
2024-08-31 01:00,8,1,5,weekend,0,0,94.0,17.8,2.5,5.9,5.24,11.14,-11.14,DEFICIT,4.31,3.28,3.66,2.25
2024-08-31 02:00,8,2,5,weekend,0,0,83.3,18.7,4.9,5,5.31,10.31,-10.31,DEFICIT,4.34,3.29,3.69,2.25
2024-08-31 03:00,8,3,5,weekend,0,0,89.7,17.4,4.4,5.27,0.0,5.27,-5.27,DEFICIT,4.07,3.16,3.46,2.25
2024-08-31 04:00,8,4,5,weekend,0,0,93.6,19.3,4.9,5,4.32,9.32,-9.32,DEFICIT,4.02,3.14,3.42,2.25
2024-08-31 05:00,8,5,5,weekend,0,0,100,17.7,2.9,6.4,0.0,6.4,-6.4,DEFICIT,4.59,3.42,3.9,2.25
2024-08-31 06:00,8,6,5,weekend,33.5,3.39,81.6,21.3,3.3,21.69,0,21.69,-18.3,DEFICIT,5.81,4.03,4.94,2.25
2024-08-31 07:00,8,7,5,weekend,114.3,11.59,95.0,18.2,3.3,24.29,10.95,35.23,-23.64,DEFICIT,6.26,4.26,5.32,2.25
2024-08-31 08:00,8,8,5,weekend,248.2,25.17,96.0,21.6,3.8,18.71,9.68,28.39,-3.22,BALANCED,6.29,4.27,5.35,2.25
2024-08-31 09:00,8,9,5,weekend,379.4,38.47,86.3,24.6,3.5,13.37,0.0,13.37,25.1,SURPLUS,5.6,3.93,4.76,2.25
2024-08-31 10:00,8,10,5,weekend,460.0,46.65,81.0,24.7,4.7,10.39,0,10.39,36.26,SURPLUS,3.48,2.87,2.96,2.25
2024-08-31 11:00,8,11,5,weekend,549.1,55.5,84.7,25.8,3.5,10.26,0,10.26,45.23,SURPLUS,3.66,2.96,3.11,2.25
2024-08-31 12:00,8,12,5,weekend,626.0,63.48,84.4,24.1,6.0,12.53,0,12.53,50.95,SURPLUS,3.7,2.97,3.14,2.25
2024-08-31 13:00,8,13,5,weekend,683.2,68.62,88.3,27.4,5.8,13.44,0,13.44,55.18,SURPLUS,3.58,2.92,3.04,2.25
2024-08-31 14:00,8,14,5,weekend,604.0,60.22,95.3,29.2,4.7,10.24,0,10.24,49.97,SURPLUS,3.67,2.96,3.12,2.25
2024-08-31 15:00,8,15,5,weekend,428.3,43.17,81.9,26.5,4.0,14.59,0,14.59,28.57,SURPLUS,3.96,3.1,3.37,2.25
2024-08-31 16:00,8,16,5,weekend,291.3,29.33,79.1,26.8,5.3,15.68,0,15.68,13.65,SURPLUS,6.05,4.15,5.14,2.25
2024-08-31 17:00,8,17,5,weekend,113.1,11.35,100,27.6,3.2,21.13,0,21.13,-9.78,DEFICIT,7.23,4.74,6.14,2.25
2024-08-31 18:00,8,18,5,weekend,31.6,3.17,100,27.6,4.2,30.07,7.91,37.98,-34.81,DEFICIT,6.99,4.62,5.95,2.25
2024-08-31 19:00,8,19,5,weekend,0,0,87.4,22.4,4.7,33.48,9.92,43.4,-43.4,DEFICIT,7.02,4.63,5.96,2.25
2024-08-31 20:00,8,20,5,weekend,0,0,85.4,23.0,3.6,27.89,7.47,35.35,-35.35,DEFICIT,7.03,4.64,5.98,2.25
2024-08-31 21:00,8,21,5,weekend,0,0,87.3,20.3,4.2,18.59,0.0,18.59,-18.59,DEFICIT,6.56,4.4,5.57,2.25
2024-08-31 22:00,8,22,5,weekend,0,0,100,20.0,4.1,18.59,13.21,31.8,-31.8,DEFICIT,4.43,3.34,3.77,2.25
2024-08-31 23:00,8,23,5,weekend,0,0,91.0,19.9,5.5,11.9,0,11.9,-11.9,DEFICIT,4.64,3.45,3.95,2.25
2024-09-01 00:00,9,0,6,weekend,0,0,72.2,21.5,3.3,8.19,3.54,11.74,-11.74,DEFICIT,4.33,3.29,3.68,2.25
2024-09-01 01:00,9,1,6,weekend,0,0,81.2,19.3,4.0,5.83,2.36,8.19,-8.19,DEFICIT,4.44,3.34,3.77,2.25
2024-09-01 02:00,9,2,6,weekend,0,0,76.2,18.9,3.3,6.21,3.34,9.56,-9.56,DEFICIT,4.54,3.4,3.86,2.25
2024-09-01 03:00,9,3,6,weekend,0,0,59.4,17.1,2.8,6.06,0.0,6.06,-6.06,DEFICIT,5.01,3.63,4.26,2.25
2024-09-01 04:00,9,4,6,weekend,0,0,84.1,20.2,2.4,5.5,4.65,10.15,-10.15,DEFICIT,4.86,3.55,4.13,2.25
2024-09-01 05:00,9,5,6,weekend,0,0,64.6,20.0,4.3,7.62,2.73,10.36,-10.36,DEFICIT,4.44,3.34,3.77,2.25
2024-09-01 06:00,9,6,6,weekend,27.9,2.82,57.5,18.7,4.3,17.35,0,17.35,-14.52,DEFICIT,5.98,4.12,5.08,2.25
2024-09-01 07:00,9,7,6,weekend,105.5,10.7,66.9,17.3,4.0,26.89,12.35,39.24,-28.54,DEFICIT,5.85,4.05,4.97,2.25
2024-09-01 08:00,9,8,6,weekend,209.6,21.26,65.2,22.9,2.4,20.71,18.17,38.87,-17.62,DEFICIT,5.94,4.09,5.05,2.25
2024-09-01 09:00,9,9,6,weekend,353.4,35.83,67.0,23.1,3.5,13.17,0.0,13.17,22.66,SURPLUS,6.09,4.17,5.18,2.25
2024-09-01 10:00,9,10,6,weekend,456.0,45.87,86.6,27.0,5.2,11.46,0,11.46,34.42,SURPLUS,3.79,3.02,3.22,2.25
2024-09-01 11:00,9,11,6,weekend,589.6,59.79,63.6,25.0,3.2,10.63,0,10.63,49.16,SURPLUS,4.19,3.22,3.56,2.25
2024-09-01 12:00,9,12,6,weekend,564.1,56.61,65.3,27.6,3.9,13.99,0,13.99,42.63,SURPLUS,3.45,2.85,2.93,2.25
2024-09-01 13:00,9,13,6,weekend,569.9,57.11,64.1,28.0,4.4,12.54,0,12.54,44.57,SURPLUS,3.33,2.79,2.83,2.25
2024-09-01 14:00,9,14,6,weekend,488.5,48.78,63.1,28.8,5.3,9.43,0,9.43,39.35,SURPLUS,3.34,2.8,2.84,2.25
2024-09-01 15:00,9,15,6,weekend,374.5,37.75,75.8,26.5,5.1,11.69,0,11.69,26.07,SURPLUS,3.52,2.88,2.99,2.25
2024-09-01 16:00,9,16,6,weekend,315.6,31.74,72.5,27.0,5.0,15.43,0,15.43,16.31,SURPLUS,6.46,4.35,5.49,2.25
2024-09-01 17:00,9,17,6,weekend,156.1,15.64,63.9,28.0,3.8,18.8,0,18.8,-3.16,BALANCED,6.87,4.56,5.84,2.25
2024-09-01 18:00,9,18,6,weekend,34.3,3.45,77.3,26.9,3.4,30.07,8.95,39.02,-35.57,DEFICIT,7.21,4.73,6.13,2.25
2024-09-01 19:00,9,19,6,weekend,0,0,61.0,23.1,3.5,31.42,6.75,38.18,-38.18,DEFICIT,7.3,4.77,6.2,2.25
2024-09-01 20:00,9,20,6,weekend,0,0,69.1,21.9,3.3,27.1,16.78,43.88,-43.88,DEFICIT,7.43,4.84,6.32,2.25
2024-09-01 21:00,9,21,6,weekend,0,0,68.9,20.5,2.3,23.66,21.37,45.03,-45.03,DEFICIT,6.73,4.49,5.72,2.25
2024-09-01 22:00,9,22,6,weekend,0,0,81.7,22.6,3.6,13.88,12.65,26.54,-26.54,DEFICIT,4.83,3.54,4.11,2.25
2024-09-01 23:00,9,23,6,weekend,0,0,61.7,18.8,3.4,11.13,0,11.13,-11.13,DEFICIT,4.87,3.56,4.14,2.25
2024-09-02 00:00,9,0,0,weekday,0,0,100,20.2,2.8,7.34,4.06,11.4,-11.4,DEFICIT,4.53,3.39,3.85,2.25
2024-09-02 01:00,9,1,0,weekday,0,0,95.8,19.4,2.4,5.7,0.0,5.7,-5.7,DEFICIT,4.4,3.32,3.74,2.25
2024-09-02 02:00,9,2,0,weekday,0,0,93.9,18.5,3.8,5,5.49,10.49,-10.49,DEFICIT,4.72,3.48,4.01,2.25
2024-09-02 03:00,9,3,0,weekday,0,0,96.6,21.8,3.6,5,0.0,5.0,-5.0,BALANCED,4.29,3.27,3.65,2.25
2024-09-02 04:00,9,4,0,weekday,0,0,87.9,17.1,3.3,5,2.9,7.9,-7.9,DEFICIT,3.94,3.09,3.35,2.25
2024-09-02 05:00,9,5,0,weekday,0,0,84.3,18.0,2.0,6.75,0.0,6.75,-6.75,DEFICIT,4.53,3.39,3.85,2.25
2024-09-02 06:00,9,6,0,weekday,39.1,3.97,85.5,19.6,4.3,14.01,0,14.01,-10.04,DEFICIT,5.74,3.99,4.88,2.25
2024-09-02 07:00,9,7,0,weekday,133.6,13.54,78.3,21.7,4.1,20.94,8.0,28.94,-15.4,DEFICIT,5.73,3.99,4.87,2.25
2024-09-02 08:00,9,8,0,weekday,301.6,30.59,86.9,20.2,3.1,16.09,8.07,24.16,6.43,SURPLUS,5.79,4.02,4.92,2.25
2024-09-02 09:00,9,9,0,weekday,407.4,41.31,68.7,23.1,3.8,12.05,0.0,12.05,29.26,SURPLUS,5.91,4.08,5.02,2.25
2024-09-02 10:00,9,10,0,weekday,616.0,61.86,100,27.4,2.8,9.99,0,9.99,51.87,SURPLUS,3.77,3.01,3.21,2.25
2024-09-02 11:00,9,11,0,weekday,747.5,75.8,79.2,24.2,3.6,8.63,0,8.63,67.17,SURPLUS,3.47,2.86,2.95,2.25
2024-09-02 12:00,9,12,0,weekday,762.0,76.7,84.1,26.9,5.1,11.66,0,11.66,65.04,SURPLUS,3.76,3.01,3.2,2.25
2024-09-02 13:00,9,13,0,weekday,697.0,70.13,85.2,27.0,3.9,10.3,0,10.3,59.83,SURPLUS,3.23,2.74,2.74,2.25
2024-09-02 14:00,9,14,0,weekday,673.1,67.59,66.9,27.4,4.7,9.58,0,9.58,58.02,SURPLUS,3.5,2.88,2.98,2.25
2024-09-02 15:00,9,15,0,weekday,501.8,49.83,83.0,30.2,4.0,10.69,0,10.69,39.14,SURPLUS,3.79,3.02,3.22,2.25
2024-09-02 16:00,9,16,0,weekday,326.8,33.14,80.3,21.1,4.1,11.07,0,11.07,22.07,SURPLUS,6.16,4.21,5.24,2.25
2024-09-02 17:00,9,17,0,weekday,174.3,17.67,82.8,23.4,4.6,21.13,0,21.13,-3.46,BALANCED,6.95,4.6,5.9,2.25
2024-09-02 18:00,9,18,0,weekday,40.9,4.14,88.8,21.5,2.4,27.24,14.98,42.22,-38.08,DEFICIT,6.73,4.49,5.72,2.25
2024-09-02 19:00,9,19,0,weekday,0,0,94.5,26.1,2.6,29.25,15.98,45.22,-45.22,DEFICIT,7.15,4.7,6.08,2.25
2024-09-02 20:00,9,20,0,weekday,0,0,80.9,21.7,2.7,25.39,9.58,34.97,-34.97,DEFICIT,7.11,4.68,6.04,2.25
2024-09-02 21:00,9,21,0,weekday,0,0,94.3,21.8,3.3,17.99,8.15,26.14,-26.14,DEFICIT,6.56,4.41,5.58,2.25
2024-09-02 22:00,9,22,0,weekday,0,0,100,20.5,2.2,13.72,21.54,35.25,-35.25,DEFICIT,4.33,3.29,3.68,2.25
2024-09-02 23:00,9,23,0,weekday,0,0,94.4,21.6,5.5,11.36,0,11.36,-11.36,DEFICIT,4.69,3.47,3.98,2.25
2024-09-03 00:00,9,0,1,weekday,0,0,54.6,18.9,4.0,6.34,5.24,11.58,-11.58,DEFICIT,4.07,3.16,3.46,2.25
2024-09-03 01:00,9,1,1,weekday,0,0,36.4,21.1,3.2,5.86,3.43,9.29,-9.29,DEFICIT,4.39,3.32,3.73,2.25
2024-09-03 02:00,9,2,1,weekday,0,0,48.6,18.5,2.1,5.24,3.18,8.41,-8.41,DEFICIT,4.32,3.29,3.67,2.25
2024-09-03 03:00,9,3,1,weekday,0,0,37.4,17.1,4.6,5,2.3,7.3,-7.3,DEFICIT,4.65,3.45,3.95,2.25
2024-09-03 04:00,9,4,1,weekday,0,0,49.0,18.4,4.0,5,2.78,7.78,-7.78,DEFICIT,4.47,3.36,3.8,2.25
2024-09-03 05:00,9,5,1,weekday,0,0,43.6,18.5,4.9,5.04,5.55,10.59,-10.59,DEFICIT,4.63,3.44,3.93,2.25
2024-09-03 06:00,9,6,1,weekday,20.2,2.05,42.1,17.7,3.7,14.94,0,14.94,-12.9,DEFICIT,6.32,4.28,5.37,2.25
2024-09-03 07:00,9,7,1,weekday,55.3,5.6,54.9,20.4,3.1,22.45,20.63,43.07,-37.47,DEFICIT,5.65,3.95,4.8,2.25
2024-09-03 08:00,9,8,1,weekday,125.3,12.7,43.0,22.8,3.9,16.53,9.15,25.68,-12.97,DEFICIT,5.89,4.07,5.01,2.25
2024-09-03 09:00,9,9,1,weekday,226.8,23.0,38.5,24.3,3.0,12.87,0.0,12.87,10.13,SURPLUS,5.67,3.96,4.82,2.25
2024-09-03 10:00,9,10,1,weekday,266.1,26.98,30.8,23.0,3.8,8.76,0,8.76,18.22,SURPLUS,3.4,2.82,2.89,2.25
2024-09-03 11:00,9,11,1,weekday,314.9,31.9,51.0,25.2,4.8,9.74,0,9.74,22.16,SURPLUS,3.69,2.97,3.14,2.25
2024-09-03 12:00,9,12,1,weekday,344.3,34.63,45.3,27.0,3.8,14.42,0,14.42,20.21,SURPLUS,4.25,3.25,3.61,2.25
2024-09-03 13:00,9,13,1,weekday,327.0,32.66,47.2,28.7,4.6,10.75,0,10.75,21.91,SURPLUS,3.44,2.85,2.92,2.25
2024-09-03 14:00,9,14,1,weekday,330.8,33.09,51.2,28.4,4.1,10.03,0,10.03,23.06,SURPLUS,3.55,2.9,3.02,2.25
2024-09-03 15:00,9,15,1,weekday,238.8,23.83,46.3,29.0,3.4,12.18,0,12.18,11.64,SURPLUS,3.85,3.05,3.28,2.25
2024-09-03 16:00,9,16,1,weekday,163.7,16.44,50.8,27.4,3.7,13.19,0,13.19,3.25,BALANCED,7.08,4.66,6.02,2.25
2024-09-03 17:00,9,17,1,weekday,79.6,8.03,43.9,26.6,3.5,15.44,0,15.44,-7.42,DEFICIT,6.91,4.58,5.88,2.25
2024-09-03 18:00,9,18,1,weekday,17.8,1.8,44.4,22.8,2.7,25.0,0.0,25.0,-23.2,DEFICIT,6.78,4.52,5.76,2.25
2024-09-03 19:00,9,19,1,weekday,0,0,43.1,22.6,4.1,29.88,7.66,37.54,-37.54,DEFICIT,6.8,4.53,5.78,2.25
2024-09-03 20:00,9,20,1,weekday,0,0,50.3,21.0,3.2,23.13,20.29,43.42,-43.42,DEFICIT,7.12,4.69,6.06,2.25
2024-09-03 21:00,9,21,1,weekday,0,0,33.5,19.2,4.3,22.48,16.28,38.76,-38.76,DEFICIT,6.48,4.36,5.5,2.25
2024-09-03 22:00,9,22,1,weekday,0,0,56.9,20.3,3.1,15.66,17.76,33.41,-33.41,DEFICIT,4.64,3.45,3.95,2.25
2024-09-03 23:00,9,23,1,weekday,0,0,47.4,18.0,4.0,9.4,0,9.4,-9.4,DEFICIT,4.34,3.29,3.69,2.25
2024-09-04 00:00,9,0,2,weekday,0,0,95.2,18.3,4.1,7.02,5.03,12.05,-12.05,DEFICIT,4.51,3.38,3.83,2.25
2024-09-04 01:00,9,1,2,weekday,0,0,75.8,21.5,2.7,6.7,2.87,9.57,-9.57,DEFICIT,4.52,3.39,3.85,2.25
2024-09-04 02:00,9,2,2,weekday,0,0,97.2,18.9,5.1,5,0.0,5.0,-5.0,BALANCED,4.86,3.55,4.13,2.25
2024-09-04 03:00,9,3,2,weekday,0,0,89.6,18.5,4.1,5,0.0,5.0,-5.0,BALANCED,4.11,3.18,3.5,2.25
2024-09-04 04:00,9,4,2,weekday,0,0,100,17.4,4.5,5,0.0,5.0,-5.0,BALANCED,4.58,3.41,3.89,2.25
2024-09-04 05:00,9,5,2,weekday,0,0,100,20.1,3.8,6.83,2.3,9.14,-9.14,DEFICIT,4.29,3.27,3.65,2.25
2024-09-04 06:00,9,6,2,weekday,36.7,3.72,92.1,21.2,2.1,14.39,0,14.39,-10.68,DEFICIT,5.4,3.82,4.59,2.25
2024-09-04 07:00,9,7,2,weekday,138.8,14.08,80.8,20.8,2.9,20.72,7.1,27.82,-13.74,DEFICIT,6.07,4.16,5.16,2.25
2024-09-04 08:00,9,8,2,weekday,277.4,28.13,86.8,24.2,2.4,15.07,0.0,15.07,13.06,SURPLUS,6.03,4.14,5.13,2.25
2024-09-04 09:00,9,9,2,weekday,406.3,40.98,85.5,26.3,2.5,11.57,13.57,25.13,15.85,SURPLUS,5.47,3.86,4.65,2.25
2024-09-04 10:00,9,10,2,weekday,567.5,57.55,83.9,23.9,3.7,10.96,0,10.96,46.59,SURPLUS,3.5,2.87,2.97,2.25
2024-09-04 11:00,9,11,2,weekday,734.1,74.44,91.8,24.3,4.4,10.02,0,10.02,64.42,SURPLUS,3.79,3.02,3.22,2.25
2024-09-04 12:00,9,12,2,weekday,826.8,82.8,81.9,28.1,5.8,9.5,0,9.5,73.3,SURPLUS,3.51,2.88,2.98,2.25
2024-09-04 13:00,9,13,2,weekday,691.4,69.12,80.5,28.5,4.7,9.57,0,9.57,59.55,SURPLUS,3.71,2.98,3.15,2.25
2024-09-04 14:00,9,14,2,weekday,638.9,63.22,83.6,31.0,4.4,9.38,0,9.38,53.84,SURPLUS,3.64,2.94,3.09,2.25
2024-09-04 15:00,9,15,2,weekday,497.7,50.0,81.7,27.3,3.7,11.96,0,11.96,38.05,SURPLUS,3.71,2.98,3.15,2.25
2024-09-04 16:00,9,16,2,weekday,269.4,27.17,93.9,26.3,4.7,12.46,0,12.46,14.71,SURPLUS,6.65,4.45,5.65,2.25
2024-09-04 17:00,9,17,2,weekday,190.4,19.3,94.4,24.9,4.2,14.53,0,14.53,4.77,BALANCED,6.97,4.61,5.92,2.25
2024-09-04 18:00,9,18,2,weekday,33.8,3.43,86.7,22.6,3.0,27.2,9.15,36.36,-32.93,DEFICIT,6.89,4.57,5.86,2.25
2024-09-04 19:00,9,19,2,weekday,0,0,85.2,20.9,4.2,26.62,0.0,26.62,-26.62,DEFICIT,6.54,4.4,5.56,2.25
2024-09-04 20:00,9,20,2,weekday,0,0,100,23.7,2.9,24.25,0.0,24.25,-24.25,DEFICIT,6.51,4.38,5.53,2.25
2024-09-04 21:00,9,21,2,weekday,0,0,98.9,22.9,3.6,19.51,19.07,38.58,-38.58,DEFICIT,6.83,4.54,5.81,2.25
2024-09-04 22:00,9,22,2,weekday,0,0,98.6,20.9,3.7,12.2,0.0,12.2,-12.2,DEFICIT,4.33,3.29,3.68,2.25
2024-09-04 23:00,9,23,2,weekday,0,0,92.4,19.9,4.0,8.1,0,8.1,-8.1,DEFICIT,4.27,3.26,3.63,2.25
2024-09-05 00:00,9,0,3,weekday,0,0,100,20.1,3.3,6.87,0.0,6.87,-6.87,DEFICIT,4.21,3.23,3.57,2.25
2024-09-05 01:00,9,1,3,weekday,0,0,99.3,14.8,3.7,5.69,4.99,10.69,-10.69,DEFICIT,3.87,3.06,3.29,2.25
2024-09-05 02:00,9,2,3,weekday,0,0,100,18.7,2.9,6.13,5.15,11.28,-11.28,DEFICIT,4.81,3.53,4.09,2.25
2024-09-05 03:00,9,3,3,weekday,0,0,100,18.1,3.6,5,2.67,7.67,-7.67,DEFICIT,5.13,3.69,4.36,2.25
2024-09-05 04:00,9,4,3,weekday,0,0,89.4,18.4,3.7,5.0,4.04,9.04,-9.04,DEFICIT,4.59,3.42,3.9,2.25
2024-09-05 05:00,9,5,3,weekday,0,0,100,18.2,3.5,6.57,4.59,11.16,-11.16,DEFICIT,4.1,3.18,3.49,2.25
2024-09-05 06:00,9,6,3,weekday,37.9,3.84,85.6,19.3,3.7,15.78,0,15.78,-11.94,DEFICIT,5.92,4.08,5.03,2.25
2024-09-05 07:00,9,7,3,weekday,147.8,14.99,95.9,23.5,3.7,20.82,7.84,28.66,-13.67,DEFICIT,5.65,3.95,4.81,2.25
2024-09-05 08:00,9,8,3,weekday,298.5,30.27,96.0,23.3,2.9,20.97,10.67,31.63,-1.36,BALANCED,6.2,4.22,5.27,2.25
2024-09-05 09:00,9,9,3,weekday,457.6,46.4,82.1,21.7,4.7,9.47,0.0,9.47,36.93,SURPLUS,6.15,4.2,5.23,2.25
2024-09-05 10:00,9,10,3,weekday,662.8,67.0,92.5,25.8,4.0,9.26,0,9.26,57.73,SURPLUS,3.96,3.11,3.37,2.25
2024-09-05 11:00,9,11,3,weekday,881.0,88.16,70.6,28.3,2.2,10.63,0,10.63,77.53,SURPLUS,3.69,2.97,3.14,2.25
2024-09-05 12:00,9,12,3,weekday,741.7,75.16,88.3,25.2,4.5,10.92,0,10.92,64.24,SURPLUS,3.58,2.92,3.04,2.25
2024-09-05 13:00,9,13,3,weekday,768.9,77.4,84.0,26.8,3.8,11.43,0,11.43,65.97,SURPLUS,3.73,2.99,3.17,2.25
2024-09-05 14:00,9,14,3,weekday,730.3,73.0,95.7,28.6,3.9,9.67,0,9.67,63.33,SURPLUS,3.57,2.91,3.03,2.25
2024-09-05 15:00,9,15,3,weekday,604.1,61.11,91.9,25.6,4.5,9.3,0,9.3,51.81,SURPLUS,3.24,2.75,2.76,2.25
2024-09-05 16:00,9,16,3,weekday,422.4,42.48,100,27.1,6.3,10.62,0,10.62,31.85,SURPLUS,6.88,4.56,5.85,2.25
2024-09-05 17:00,9,17,3,weekday,168.3,16.97,87.3,26.4,2.9,18.78,0,18.78,-1.81,BALANCED,6.87,4.56,5.84,2.25
2024-09-05 18:00,9,18,3,weekday,44.3,4.49,95.1,25.1,3.9,26.25,6.31,32.56,-28.08,DEFICIT,6.84,4.55,5.82,2.25
2024-09-05 19:00,9,19,3,weekday,0,0,100,25.4,3.8,25.94,14.58,40.52,-40.52,DEFICIT,7.2,4.73,6.12,2.25
2024-09-05 20:00,9,20,3,weekday,0,0,100,20.3,1.8,26.14,11.21,37.35,-37.35,DEFICIT,6.6,4.42,5.61,2.25
2024-09-05 21:00,9,21,3,weekday,0,0,94.4,22.2,2.2,19.98,19.6,39.58,-39.58,DEFICIT,6.71,4.48,5.7,2.25
2024-09-05 22:00,9,22,3,weekday,0,0,100,22.6,5.0,15.09,8.36,23.44,-23.44,DEFICIT,4.69,3.47,3.98,2.25
2024-09-05 23:00,9,23,3,weekday,0,0,86.2,22.9,3.3,8.26,0,8.26,-8.26,DEFICIT,4.22,3.24,3.59,2.25
2024-09-06 00:00,9,0,4,weekday,0,0,59.5,19.8,4.1,6.71,4.63,11.34,-11.34,DEFICIT,4.29,3.27,3.65,2.25
2024-09-06 01:00,9,1,4,weekday,0,0,78.1,18.3,2.8,6.27,0.0,6.27,-6.27,DEFICIT,4.53,3.39,3.85,2.25
2024-09-06 02:00,9,2,4,weekday,0,0,60.5,15.6,1.7,5.67,0.0,5.67,-5.67,DEFICIT,4.49,3.37,3.82,2.25
2024-09-06 03:00,9,3,4,weekday,0,0,82.8,16.6,2.9,5,0.0,5.0,-5.0,BALANCED,4.56,3.4,3.87,2.25
2024-09-06 04:00,9,4,4,weekday,0,0,85.8,19.6,4.5,5,5.34,10.34,-10.34,DEFICIT,5.2,3.73,4.42,2.25
2024-09-06 05:00,9,5,4,weekday,0,0,55.9,18.7,2.3,5.49,2.84,8.33,-8.33,DEFICIT,4.28,3.27,3.64,2.25
2024-09-06 06:00,9,6,4,weekday,29.3,2.97,68.9,17.7,3.4,15.74,0,15.74,-12.77,DEFICIT,6.34,4.29,5.39,2.25
2024-09-06 07:00,9,7,4,weekday,108.0,10.95,63.7,22.4,2.5,21.43,0.0,21.43,-10.48,DEFICIT,5.68,3.96,4.83,2.25
2024-09-06 08:00,9,8,4,weekday,196.9,19.97,42.2,23.3,4.0,15.97,6.79,22.75,-2.78,BALANCED,5.79,4.02,4.92,2.25
2024-09-06 09:00,9,9,4,weekday,286.2,29.02,55.8,24.2,3.5,10.57,5.86,16.43,12.59,SURPLUS,5.95,4.1,5.05,2.25
2024-09-06 10:00,9,10,4,weekday,482.4,48.92,77.6,22.5,4.1,11.08,0,11.08,37.84,SURPLUS,3.95,3.1,3.35,2.25
2024-09-06 11:00,9,11,4,weekday,516.5,52.21,73.0,25.8,3.5,10.84,0,10.84,41.37,SURPLUS,4.2,3.22,3.57,2.25
2024-09-06 12:00,9,12,4,weekday,576.8,58.13,57.7,26.5,4.3,11.86,0,11.86,46.27,SURPLUS,4.2,3.23,3.57,2.25
2024-09-06 13:00,9,13,4,weekday,584.8,58.58,64.1,28.0,4.0,9.5,0,9.5,49.08,SURPLUS,3.86,3.05,3.28,2.25
2024-09-06 14:00,9,14,4,weekday,453.9,45.66,60.7,27.0,5.1,10.27,0,10.27,35.39,SURPLUS,3.92,3.08,3.33,2.25
2024-09-06 15:00,9,15,4,weekday,362.9,36.47,54.1,27.2,4.7,11.17,0,11.17,25.3,SURPLUS,2.66,2.45,2.26,2.25
2024-09-06 16:00,9,16,4,weekday,217.2,21.97,69.7,25.7,4.6,14.33,0,14.33,7.64,SURPLUS,6.64,4.44,5.64,2.25
2024-09-06 17:00,9,17,4,weekday,111.0,11.21,66.7,26.0,3.0,17.75,0,17.75,-6.55,DEFICIT,7.09,4.67,6.03,2.25
2024-09-06 18:00,9,18,4,weekday,29.4,2.98,82.2,22.2,3.6,19.01,17.89,36.9,-33.93,DEFICIT,6.69,4.47,5.68,2.25
2024-09-06 19:00,9,19,4,weekday,0,0,70.1,21.7,3.9,27.18,0.0,27.18,-27.18,DEFICIT,7.14,4.7,6.07,2.25
2024-09-06 20:00,9,20,4,weekday,0,0,65.6,25.1,3.6,22.71,19.39,42.1,-42.1,DEFICIT,6.67,4.46,5.67,2.25
2024-09-06 21:00,9,21,4,weekday,0,0,78.5,21.5,3.0,19.42,9.37,28.79,-28.79,DEFICIT,7.29,4.77,6.19,2.25
2024-09-06 22:00,9,22,4,weekday,0,0,73.7,23.7,3.3,14.53,21.8,36.33,-36.33,DEFICIT,4.37,3.31,3.72,2.25
2024-09-06 23:00,9,23,4,weekday,0,0,72.8,19.6,2.9,10.42,0,10.42,-10.42,DEFICIT,4.17,3.21,3.55,2.25
2024-09-07 00:00,9,0,5,weekend,0,0,85.1,17.3,4.9,8.04,5.09,13.12,-13.12,DEFICIT,4.16,3.2,3.53,2.25
2024-09-07 01:00,9,1,5,weekend,0,0,87.8,20.0,4.8,6.27,0.0,6.27,-6.27,DEFICIT,5.1,3.68,4.34,2.25
2024-09-07 02:00,9,2,5,weekend,0,0,84.2,20.7,3.7,5.44,0.0,5.44,-5.44,DEFICIT,4.48,3.37,3.81,2.25
2024-09-07 03:00,9,3,5,weekend,0,0,72.9,17.2,4.2,5,3.89,8.89,-8.89,DEFICIT,4.54,3.4,3.86,2.25
2024-09-07 04:00,9,4,5,weekend,0,0,68.2,17.5,3.2,5.13,3.08,8.21,-8.21,DEFICIT,4.47,3.36,3.8,2.25
2024-09-07 05:00,9,5,5,weekend,0,0,80.9,18.9,5.1,6.2,0.0,6.2,-6.2,DEFICIT,4.77,3.51,4.06,2.25
2024-09-07 06:00,9,6,5,weekend,31.2,3.17,64.3,19.1,3.8,18.18,0,18.18,-15.02,DEFICIT,5.74,4.0,4.88,2.25
2024-09-07 07:00,9,7,5,weekend,110.4,11.19,75.0,22.8,2.2,26.09,4.67,30.76,-19.57,DEFICIT,5.81,4.03,4.93,2.25
2024-09-07 08:00,9,8,5,weekend,252.1,25.56,63.1,23.7,2.0,18.53,8.0,26.53,-0.97,BALANCED,5.96,4.1,5.06,2.25
2024-09-07 09:00,9,9,5,weekend,395.0,40.01,71.7,25.3,3.2,13.68,9.18,22.86,17.15,SURPLUS,5.5,3.87,4.67,2.25
2024-09-07 10:00,9,10,5,weekend,526.1,53.35,70.3,24.9,3.3,11.99,0,11.99,41.37,SURPLUS,4.58,3.42,3.89,2.25
2024-09-07 11:00,9,11,5,weekend,617.9,62.18,62.9,26.9,3.2,10.94,0,10.94,51.24,SURPLUS,3.7,2.98,3.15,2.25
2024-09-07 12:00,9,12,5,weekend,667.9,66.99,67.1,27.7,4.7,15.01,0,15.01,51.98,SURPLUS,4.19,3.22,3.56,2.25
2024-09-07 13:00,9,13,5,weekend,636.0,63.59,69.4,28.5,5.0,11.07,0,11.07,52.52,SURPLUS,3.26,2.75,2.77,2.25
2024-09-07 14:00,9,14,5,weekend,491.3,49.07,64.7,28.7,6.1,12.72,0,12.72,36.35,SURPLUS,3.73,2.99,3.17,2.25
2024-09-07 15:00,9,15,5,weekend,458.1,45.59,76.9,29.6,4.3,12.23,0,12.23,33.35,SURPLUS,3.64,2.94,3.09,2.25
2024-09-07 16:00,9,16,5,weekend,288.7,29.13,70.9,26.2,4.2,13.44,0,13.44,15.69,SURPLUS,6.67,4.46,5.67,2.25
2024-09-07 17:00,9,17,5,weekend,126.1,12.78,68.0,24.1,3.8,18.69,0,18.69,-5.9,DEFICIT,6.55,4.4,5.57,2.25
2024-09-07 18:00,9,18,5,weekend,26.9,2.73,90.9,24.6,3.2,29.1,18.81,47.91,-45.18,DEFICIT,6.57,4.41,5.58,2.25
2024-09-07 19:00,9,19,5,weekend,0,0,84.1,23.7,3.8,34.33,0.0,34.33,-34.33,DEFICIT,6.59,4.42,5.6,2.25
2024-09-07 20:00,9,20,5,weekend,0,0,81.6,25.2,2.8,25.04,12.11,37.14,-37.14,DEFICIT,6.83,4.54,5.8,2.25
2024-09-07 21:00,9,21,5,weekend,0,0,70.6,22.4,3.0,27.45,7.11,34.57,-34.57,DEFICIT,7.0,4.63,5.95,2.25
2024-09-07 22:00,9,22,5,weekend,0,0,77.8,22.4,3.2,15.66,15.56,31.23,-31.23,DEFICIT,4.53,3.39,3.85,2.25
2024-09-07 23:00,9,23,5,weekend,0,0,79.2,22.5,4.3,10.81,0,10.81,-10.81,DEFICIT,4.19,3.22,3.56,2.25
2024-09-08 00:00,9,0,6,weekend,0,0,94.4,19.6,4.5,6.82,0.0,6.82,-6.82,DEFICIT,4.18,3.21,3.55,2.25
2024-09-08 01:00,9,1,6,weekend,0,0,92.8,21.5,3.9,6.82,3.81,10.63,-10.63,DEFICIT,4.96,3.6,4.21,2.25
2024-09-08 02:00,9,2,6,weekend,0,0,85.7,19.7,3.8,6.37,0.0,6.37,-6.37,DEFICIT,4.71,3.48,4.0,2.25
2024-09-08 03:00,9,3,6,weekend,0,0,85.5,18.8,3.5,5.65,5.14,10.79,-10.79,DEFICIT,4.19,3.22,3.57,2.25
2024-09-08 04:00,9,4,6,weekend,0,0,88.1,20.2,1.6,5,0.0,5.0,-5.0,BALANCED,4.82,3.53,4.1,2.25
2024-09-08 05:00,9,5,6,weekend,0,0,90.9,16.1,3.6,6.53,0.0,6.53,-6.53,DEFICIT,5.18,3.72,4.41,2.25
2024-09-08 06:00,9,6,6,weekend,41.8,4.24,88.7,21.0,3.6,18.07,0,18.07,-13.83,DEFICIT,5.78,4.01,4.91,2.25
2024-09-08 07:00,9,7,6,weekend,113.2,11.48,88.8,22.4,3.0,26.98,4.22,31.2,-19.72,DEFICIT,6.19,4.22,5.26,2.25
2024-09-08 08:00,9,8,6,weekend,279.4,28.33,95.3,24.1,2.4,20.48,0.0,20.48,7.85,SURPLUS,6.05,4.15,5.14,2.25
2024-09-08 09:00,9,9,6,weekend,450.4,45.67,86.6,24.6,2.9,12.0,10.94,22.93,22.74,SURPLUS,5.75,4.0,4.89,2.25
2024-09-08 10:00,9,10,6,weekend,510.8,51.8,91.0,24.0,3.5,9.91,0,9.91,41.89,SURPLUS,4.01,3.13,3.41,2.25
2024-09-08 11:00,9,11,6,weekend,615.9,62.13,78.1,26.3,3.5,11.63,0,11.63,50.5,SURPLUS,4.21,3.23,3.58,2.25
2024-09-08 12:00,9,12,6,weekend,624.9,62.68,82.4,27.7,4.9,13.38,0,13.38,49.29,SURPLUS,3.86,3.05,3.28,2.25
2024-09-08 13:00,9,13,6,weekend,655.9,65.9,90.4,27.3,4.0,13.46,0,13.46,52.44,SURPLUS,3.91,3.08,3.32,2.25
2024-09-08 14:00,9,14,6,weekend,533.4,53.55,69.9,27.5,5.8,13.22,0,13.22,40.33,SURPLUS,4.45,3.35,3.78,2.25
2024-09-08 15:00,9,15,6,weekend,447.4,44.94,85.3,27.3,3.8,14.13,0,14.13,30.82,SURPLUS,3.34,2.79,2.84,2.25
2024-09-08 16:00,9,16,6,weekend,387.6,38.98,82.2,27.1,2.8,12.57,0,12.57,26.41,SURPLUS,7.27,4.76,6.18,2.25
2024-09-08 17:00,9,17,6,weekend,161.0,16.32,90.1,24.6,4.3,19.47,0,19.47,-3.14,BALANCED,6.94,4.6,5.9,2.25
2024-09-08 18:00,9,18,6,weekend,36.4,3.69,84.2,23.3,3.5,30.95,0.0,30.95,-27.26,DEFICIT,6.81,4.53,5.79,2.25
2024-09-08 19:00,9,19,6,weekend,0,0,86.4,22.8,3.4,30.9,0.0,30.9,-30.9,DEFICIT,7.19,4.72,6.11,2.25
2024-09-08 20:00,9,20,6,weekend,0,0,93.9,21.0,5.0,31.15,11.07,42.22,-42.22,DEFICIT,6.7,4.48,5.7,2.25
2024-09-08 21:00,9,21,6,weekend,0,0,91.3,23.3,3.4,23.76,20.99,44.75,-44.75,DEFICIT,6.96,4.61,5.92,2.25
2024-09-08 22:00,9,22,6,weekend,0,0,100,21.8,4.0,19.02,15.63,34.66,-34.66,DEFICIT,4.88,3.56,4.15,2.25
2024-09-08 23:00,9,23,6,weekend,0,0,97.2,20.5,3.1,12.76,0,12.76,-12.76,DEFICIT,4.34,3.3,3.69,2.25
2024-09-09 00:00,9,0,0,weekday,0,0,54.2,20.5,4.9,6.99,4.04,11.03,-11.03,DEFICIT,4.53,3.39,3.85,2.25
2024-09-09 01:00,9,1,0,weekday,0,0,68.2,18.1,3.1,5.48,4.26,9.75,-9.75,DEFICIT,4.56,3.4,3.87,2.25
2024-09-09 02:00,9,2,0,weekday,0,0,82.8,18.9,2.8,5.46,4.38,9.84,-9.84,DEFICIT,4.45,3.35,3.78,2.25
2024-09-09 03:00,9,3,0,weekday,0,0,69.7,20.2,4.6,5,3.1,8.1,-8.1,DEFICIT,4.45,3.35,3.78,2.25
2024-09-09 04:00,9,4,0,weekday,0,0,79.6,19.9,3.2,5,3.44,8.44,-8.44,DEFICIT,4.88,3.57,4.15,2.25
2024-09-09 05:00,9,5,0,weekday,0,0,73.2,18.4,3.4,6.28,0.0,6.28,-6.28,DEFICIT,5.22,3.73,4.43,2.25
2024-09-09 06:00,9,6,0,weekday,29.0,2.94,87.6,19.7,4.5,15.33,0,15.33,-12.4,DEFICIT,5.99,4.12,5.09,2.25
2024-09-09 07:00,9,7,0,weekday,112.2,11.38,65.6,23.1,4.2,19.81,0.0,19.81,-8.43,DEFICIT,5.38,3.82,4.57,2.25
2024-09-09 08:00,9,8,0,weekday,217.2,22.02,60.8,22.7,3.6,19.8,0.0,19.8,2.22,BALANCED,5.78,4.01,4.91,2.25
2024-09-09 09:00,9,9,0,weekday,339.9,34.41,81.4,25.4,4.2,10.43,11.8,22.23,12.18,SURPLUS,5.46,3.85,4.64,2.25
2024-09-09 10:00,9,10,0,weekday,434.8,43.56,61.1,28.0,2.1,9.29,0,9.29,34.27,SURPLUS,4.07,3.16,3.46,2.25
2024-09-09 11:00,9,11,0,weekday,542.4,54.97,63.6,25.1,1.0,7.6,0,7.6,47.38,SURPLUS,4.37,3.31,3.72,2.25
2024-09-09 12:00,9,12,0,weekday,604.5,60.45,84.6,28.5,2.2,11.65,0,11.65,48.8,SURPLUS,3.76,3.01,3.2,2.25
2024-09-09 13:00,9,13,0,weekday,496.3,49.72,59.3,28.0,4.8,10.38,0,10.38,39.34,SURPLUS,4.05,3.15,3.44,2.25
2024-09-09 14:00,9,14,0,weekday,500.3,50.64,66.8,25.5,3.0,9.2,0,9.2,41.44,SURPLUS,4.07,3.16,3.46,2.25
2024-09-09 15:00,9,15,0,weekday,348.2,35.15,54.2,26.1,3.3,12.76,0,12.76,22.38,SURPLUS,4.09,3.17,3.48,2.25
2024-09-09 16:00,9,16,0,weekday,242.4,24.29,66.2,28.0,1.6,13.24,0,13.24,11.05,SURPLUS,6.82,4.53,5.79,2.25
2024-09-09 17:00,9,17,0,weekday,118.2,11.96,62.9,25.5,1.7,18.83,0,18.83,-6.87,DEFICIT,7.43,4.84,6.32,2.25
2024-09-09 18:00,9,18,0,weekday,28.8,2.92,73.4,24.1,3.0,25.07,13.7,38.77,-35.85,DEFICIT,6.89,4.57,5.86,2.25
2024-09-09 19:00,9,19,0,weekday,0,0,65.1,19.7,4.8,26.12,17.59,43.72,-43.72,DEFICIT,6.96,4.61,5.92,2.25
2024-09-09 20:00,9,20,0,weekday,0,0,72.2,21.2,2.6,28.78,6.4,35.18,-35.18,DEFICIT,6.62,4.44,5.63,2.25
2024-09-09 21:00,9,21,0,weekday,0,0,70.5,21.7,4.1,20.14,0.0,20.14,-20.14,DEFICIT,6.61,4.43,5.61,2.25
2024-09-09 22:00,9,22,0,weekday,0,0,70.5,22.4,2.9,15.06,0.0,15.06,-15.06,DEFICIT,4.46,3.35,3.79,2.25
2024-09-09 23:00,9,23,0,weekday,0,0,70.5,22.9,3.7,8.9,0,8.9,-8.9,DEFICIT,4.62,3.43,3.92,2.25
2024-09-10 00:00,9,0,1,weekday,0,0,69.4,19.4,3.1,6.35,0.0,6.35,-6.35,DEFICIT,4.81,3.53,4.09,2.25
2024-09-10 01:00,9,1,1,weekday,0,0,75.7,19.6,2.7,6.47,0.0,6.47,-6.47,DEFICIT,4.46,3.36,3.79,2.25
2024-09-10 02:00,9,2,1,weekday,0,0,75.6,19.1,3.0,5.23,2.98,8.21,-8.21,DEFICIT,5.0,3.62,4.25,2.25
2024-09-10 03:00,9,3,1,weekday,0,0,70.2,17.7,3.2,5,0.0,5.0,-5.0,BALANCED,4.48,3.37,3.81,2.25
2024-09-10 04:00,9,4,1,weekday,0,0,83.8,19.6,5.0,5,4.72,9.72,-9.72,DEFICIT,4.52,3.38,3.84,2.25
2024-09-10 05:00,9,5,1,weekday,0,0,81.0,19.1,5.8,7.07,3.44,10.51,-10.51,DEFICIT,4.55,3.4,3.87,2.25
2024-09-10 06:00,9,6,1,weekday,31.4,3.19,79.3,20.1,2.1,16.11,0,16.11,-12.93,DEFICIT,5.84,4.04,4.96,2.25
2024-09-10 07:00,9,7,1,weekday,122.7,12.44,81.0,23.1,3.2,23.31,20.01,43.32,-30.89,DEFICIT,5.13,3.69,4.36,2.25
2024-09-10 08:00,9,8,1,weekday,254.8,25.84,81.6,23.4,3.7,15.19,7.86,23.05,2.79,BALANCED,5.62,3.94,4.78,2.25
2024-09-10 09:00,9,9,1,weekday,380.5,38.58,69.5,23.9,2.4,11.01,5.02,16.04,22.54,SURPLUS,5.85,4.05,4.98,2.25
2024-09-10 10:00,9,10,1,weekday,514.7,52.19,68.5,23.7,0.9,9.9,0,9.9,42.29,SURPLUS,4.03,3.14,3.43,2.25
2024-09-10 11:00,9,11,1,weekday,611.9,62.04,74.7,24.4,5.1,9.62,0,9.62,52.42,SURPLUS,3.86,3.06,3.28,2.25
2024-09-10 12:00,9,12,1,weekday,596.7,59.5,75.8,29.2,6.5,12.14,0,12.14,47.36,SURPLUS,3.97,3.11,3.37,2.25
2024-09-10 13:00,9,13,1,weekday,632.2,63.94,78.0,25.7,2.6,10.25,0,10.25,53.68,SURPLUS,3.49,2.87,2.97,2.25
2024-09-10 14:00,9,14,1,weekday,540.2,54.12,78.5,28.0,5.8,9.24,0,9.24,44.88,SURPLUS,3.31,2.78,2.81,2.25
2024-09-10 15:00,9,15,1,weekday,427.7,43.08,72.9,26.7,4.2,11.62,0,11.62,31.45,SURPLUS,3.91,3.08,3.32,2.25
2024-09-10 16:00,9,16,1,weekday,291.2,29.43,72.0,25.8,5.1,14.64,0,14.64,14.79,SURPLUS,5.82,4.03,4.95,2.25
2024-09-10 17:00,9,17,1,weekday,135.1,13.67,71.6,25.5,3.7,20.18,0,20.18,-6.51,DEFICIT,6.47,4.36,5.5,2.25
2024-09-10 18:00,9,18,1,weekday,28.3,2.87,81.0,24.3,3.0,22.36,15.54,37.89,-35.03,DEFICIT,6.38,4.31,5.42,2.25
2024-09-10 19:00,9,19,1,weekday,0,0,81.8,21.9,4.7,24.34,10.33,34.67,-34.67,DEFICIT,7.1,4.68,6.04,2.25
2024-09-10 20:00,9,20,1,weekday,0,0,73.7,23.6,4.3,28.78,19.91,48.68,-48.68,DEFICIT,6.83,4.54,5.8,2.25
2024-09-10 21:00,9,21,1,weekday,0,0,84.4,20.9,3.8,20.79,18.57,39.36,-39.36,DEFICIT,7.18,4.72,6.1,2.25
2024-09-10 22:00,9,22,1,weekday,0,0,77.3,20.7,3.7,15.21,11.7,26.9,-26.9,DEFICIT,4.71,3.48,4.0,2.25
2024-09-10 23:00,9,23,1,weekday,0,0,74.7,21.0,3.5,9.79,0,9.79,-9.79,DEFICIT,4.0,3.12,3.4,2.25
2024-09-11 00:00,9,0,2,weekday,0,0,61.8,20.2,3.5,7.99,5.3,13.28,-13.28,DEFICIT,4.49,3.37,3.81,2.25
2024-09-11 01:00,9,1,2,weekday,0,0,59.6,18.9,4.2,5.97,0.0,5.97,-5.97,DEFICIT,4.79,3.52,4.07,2.25
2024-09-11 02:00,9,2,2,weekday,0,0,77.5,20.0,3.9,5,0.0,5.0,-5.0,BALANCED,4.22,3.23,3.58,2.25
2024-09-11 03:00,9,3,2,weekday,0,0,64.4,15.4,1.8,5,0.0,5.0,-5.0,BALANCED,5.11,3.68,4.34,2.25
2024-09-11 04:00,9,4,2,weekday,0,0,72.4,16.0,2.1,5,3.59,8.59,-8.59,DEFICIT,4.21,3.23,3.58,2.25
2024-09-11 05:00,9,5,2,weekday,0,0,77.4,17.4,3.5,6.73,0.0,6.73,-6.73,DEFICIT,4.68,3.47,3.98,2.25
2024-09-11 06:00,9,6,2,weekday,27.7,2.81,66.7,17.6,3.8,14.29,0,14.29,-11.47,DEFICIT,5.88,4.07,5.0,2.25
2024-09-11 07:00,9,7,2,weekday,98.3,9.97,69.4,18.2,4.2,18.26,0.0,18.26,-8.29,DEFICIT,6.24,4.24,5.3,2.25
2024-09-11 08:00,9,8,2,weekday,221.5,22.46,62.5,22.2,3.2,15.96,7.18,23.14,-0.68,BALANCED,6.2,4.23,5.27,2.25
2024-09-11 09:00,9,9,2,weekday,345.8,35.07,64.6,24.9,3.5,11.45,6.67,18.12,16.95,SURPLUS,6.43,4.34,5.46,2.25
2024-09-11 10:00,9,10,2,weekday,433.7,43.53,82.3,27.5,3.8,11.05,0,11.05,32.49,SURPLUS,3.73,2.99,3.17,2.25
2024-09-11 11:00,9,11,2,weekday,559.7,56.76,62.2,24.6,3.7,11.11,0,11.11,45.64,SURPLUS,3.57,2.91,3.03,2.25
2024-09-11 12:00,9,12,2,weekday,515.3,51.91,53.7,26.6,4.5,13.51,0,13.51,38.4,SURPLUS,3.9,3.07,3.31,2.25
2024-09-11 13:00,9,13,2,weekday,487.6,49.31,69.3,25.6,4.8,10.79,0,10.79,38.52,SURPLUS,4.13,3.19,3.51,2.25
2024-09-11 14:00,9,14,2,weekday,420.5,42.36,52.8,26.6,3.2,10.76,0,10.76,31.6,SURPLUS,3.52,2.89,3.0,2.25
2024-09-11 15:00,9,15,2,weekday,349.3,35.03,55.9,27.8,3.8,9.52,0,9.52,25.51,SURPLUS,3.8,3.02,3.23,2.25
2024-09-11 16:00,9,16,2,weekday,266.6,26.73,57.2,27.8,3.8,11.04,0,11.04,15.69,SURPLUS,6.24,4.24,5.3,2.25
2024-09-11 17:00,9,17,2,weekday,126.2,12.8,72.5,23.8,4.3,16.08,0,16.08,-3.28,BALANCED,6.63,4.44,5.64,2.25
2024-09-11 18:00,9,18,2,weekday,29.7,3.01,66.1,21.8,4.1,22.91,9.28,32.2,-29.19,DEFICIT,6.75,4.5,5.74,2.25
2024-09-11 19:00,9,19,2,weekday,0,0,69.0,24.4,3.8,35.21,7.92,43.13,-43.13,DEFICIT,6.68,4.47,5.68,2.25
2024-09-11 20:00,9,20,2,weekday,0,0,83.8,20.9,3.9,24.88,11.41,36.29,-36.29,DEFICIT,6.96,4.61,5.92,2.25
2024-09-11 21:00,9,21,2,weekday,0,0,76.1,22.5,3.5,21.44,0.0,21.44,-21.44,DEFICIT,6.51,4.38,5.54,2.25
2024-09-11 22:00,9,22,2,weekday,0,0,67.4,23.8,3.8,15.5,0.0,15.5,-15.5,DEFICIT,4.53,3.39,3.85,2.25
2024-09-11 23:00,9,23,2,weekday,0,0,77.0,18.2,3.3,8.6,0,8.6,-8.6,DEFICIT,4.77,3.51,4.05,2.25
2024-09-12 00:00,9,0,3,weekday,0,0,75.2,20.0,2.7,7.94,2.85,10.78,-10.78,DEFICIT,3.82,3.03,3.25,2.25
2024-09-12 01:00,9,1,3,weekday,0,0,81.6,19.5,1.9,6.21,0.0,6.21,-6.21,DEFICIT,4.31,3.28,3.67,2.25
2024-09-12 02:00,9,2,3,weekday,0,0,77.5,20.0,4.2,5.21,5.31,10.52,-10.52,DEFICIT,4.36,3.31,3.71,2.25
2024-09-12 03:00,9,3,3,weekday,0,0,70.6,20.4,3.4,5,0.0,5.0,-5.0,BALANCED,4.54,3.39,3.86,2.25
2024-09-12 04:00,9,4,3,weekday,0,0,82.2,20.5,3.7,5,0.0,5.0,-5.0,BALANCED,4.12,3.18,3.5,2.25
2024-09-12 05:00,9,5,3,weekday,0,0,74.9,21.6,2.8,6.1,3.22,9.32,-9.32,DEFICIT,4.41,3.33,3.75,2.25
2024-09-12 06:00,9,6,3,weekday,30.9,3.13,56.4,18.3,4.7,15.37,0,15.37,-12.24,DEFICIT,5.58,3.91,4.74,2.25
2024-09-12 07:00,9,7,3,weekday,92.8,9.41,50.0,21.2,2.2,24.22,10.93,35.14,-25.73,DEFICIT,5.44,3.84,4.62,2.25
2024-09-12 08:00,9,8,3,weekday,221.3,22.44,49.8,20.0,3.4,17.77,6.7,24.47,-2.03,BALANCED,6.11,4.18,5.2,2.25
2024-09-12 09:00,9,9,3,weekday,338.5,34.33,66.7,23.6,4.5,10.05,0.0,10.05,24.28,SURPLUS,5.84,4.05,4.97,2.25
2024-09-12 10:00,9,10,3,weekday,462.1,46.86,65.2,24.9,3.3,9.26,0,9.26,37.59,SURPLUS,3.7,2.97,3.14,2.25
2024-09-12 11:00,9,11,3,weekday,490.3,49.72,66.5,24.2,2.8,9.99,0,9.99,39.73,SURPLUS,3.86,3.05,3.28,2.25
2024-09-12 12:00,9,12,3,weekday,644.8,64.55,58.6,28.2,3.4,10.62,0,10.62,53.93,SURPLUS,3.24,2.74,2.75,2.25
2024-09-12 13:00,9,13,3,weekday,568.2,57.24,70.1,26.6,5.4,11.05,0,11.05,46.18,SURPLUS,3.67,2.96,3.12,2.25
2024-09-12 14:00,9,14,3,weekday,617.9,62.19,67.8,26.8,4.3,11.27,0,11.27,50.93,SURPLUS,4.03,3.14,3.43,2.25
2024-09-12 15:00,9,15,3,weekday,408.9,41.29,57.3,26.0,3.3,11.34,0,11.34,29.94,SURPLUS,3.74,3.0,3.18,2.25
2024-09-12 16:00,9,16,3,weekday,233.0,23.41,45.6,27.3,4.4,12.33,0,12.33,11.08,SURPLUS,6.54,4.4,5.56,2.25
2024-09-12 17:00,9,17,3,weekday,128.4,13.01,61.7,24.4,3.5,17.56,0,17.56,-4.54,BALANCED,6.61,4.43,5.62,2.25
2024-09-12 18:00,9,18,3,weekday,29.5,3.0,72.2,23.5,3.3,25.55,12.33,37.88,-34.88,DEFICIT,6.59,4.42,5.61,2.25
2024-09-12 19:00,9,19,3,weekday,0,0,67.8,22.7,3.6,30.84,10.34,41.18,-41.18,DEFICIT,7.18,4.71,6.1,2.25
2024-09-12 20:00,9,20,3,weekday,0,0,63.2,20.3,3.0,31.79,0.0,31.79,-31.79,DEFICIT,6.97,4.61,5.93,2.25
2024-09-12 21:00,9,21,3,weekday,0,0,83.0,22.1,3.4,19.05,0.0,19.05,-19.05,DEFICIT,7.08,4.67,6.02,2.25
2024-09-12 22:00,9,22,3,weekday,0,0,71.5,19.7,2.3,16.18,12.44,28.62,-28.62,DEFICIT,4.5,3.38,3.83,2.25
2024-09-12 23:00,9,23,3,weekday,0,0,72.5,22.1,4.3,8.89,0,8.89,-8.89,DEFICIT,4.62,3.44,3.93,2.25
2024-09-13 00:00,9,0,4,weekday,0,0,75.7,22.3,2.9,7.41,0.0,7.41,-7.41,DEFICIT,4.48,3.36,3.81,2.25
2024-09-13 01:00,9,1,4,weekday,0,0,81.2,17.9,2.8,6.2,4.92,11.11,-11.11,DEFICIT,4.26,3.26,3.62,2.25
2024-09-13 02:00,9,2,4,weekday,0,0,79.8,17.3,2.2,5.87,3.78,9.65,-9.65,DEFICIT,4.95,3.6,4.21,2.25
2024-09-13 03:00,9,3,4,weekday,0,0,82.5,16.6,2.8,5,4.14,9.14,-9.14,DEFICIT,4.62,3.43,3.92,2.25
2024-09-13 04:00,9,4,4,weekday,0,0,83.9,18.9,2.9,5,0.0,5.0,-5.0,BALANCED,4.57,3.41,3.88,2.25
2024-09-13 05:00,9,5,4,weekday,0,0,71.8,17.0,3.9,5.52,0.0,5.52,-5.52,DEFICIT,4.24,3.25,3.6,2.25
2024-09-13 06:00,9,6,4,weekday,31.4,3.18,77.1,19.5,3.1,14.4,0,14.4,-11.21,DEFICIT,5.75,4.0,4.89,2.25
2024-09-13 07:00,9,7,4,weekday,129.9,13.17,77.3,19.5,4.3,21.4,0.0,21.4,-8.23,DEFICIT,5.49,3.87,4.66,2.25
2024-09-13 08:00,9,8,4,weekday,252.1,25.56,71.8,22.0,3.9,16.97,0.0,16.97,8.59,SURPLUS,6.27,4.26,5.33,2.25
2024-09-13 09:00,9,9,4,weekday,392.2,39.76,65.4,22.6,3.0,9.61,6.89,16.5,23.26,SURPLUS,5.84,4.04,4.96,2.25
2024-09-13 10:00,9,10,4,weekday,524.2,52.96,78.2,25.9,3.2,10.52,0,10.52,42.44,SURPLUS,3.7,2.97,3.14,2.25
2024-09-13 11:00,9,11,4,weekday,597.1,60.5,69.4,25.2,3.7,9.52,0,9.52,50.98,SURPLUS,3.16,2.7,2.68,2.25
2024-09-13 12:00,9,12,4,weekday,673.7,68.32,79.1,23.1,4.7,10.86,0,10.86,57.45,SURPLUS,3.96,3.11,3.37,2.25
2024-09-13 13:00,9,13,4,weekday,650.0,65.14,67.4,27.9,1.6,10.03,0,10.03,55.11,SURPLUS,3.87,3.06,3.29,2.25
2024-09-13 14:00,9,14,4,weekday,534.1,53.64,82.0,27.4,3.0,9.16,0,9.16,44.48,SURPLUS,3.77,3.01,3.21,2.25
2024-09-13 15:00,9,15,4,weekday,420.6,42.34,66.8,26.8,3.1,10.95,0,10.95,31.4,SURPLUS,4.06,3.16,3.45,2.25
2024-09-13 16:00,9,16,4,weekday,278.4,27.94,74.0,27.6,3.4,11.43,0,11.43,16.51,SURPLUS,7.01,4.63,5.96,2.25
2024-09-13 17:00,9,17,4,weekday,131.0,13.22,79.3,26.2,4.4,16.85,0,16.85,-3.63,BALANCED,6.03,4.14,5.12,2.25
2024-09-13 18:00,9,18,4,weekday,27.1,2.73,72.5,26.4,3.1,27.85,19.96,47.81,-45.08,DEFICIT,7.51,4.88,6.39,2.25
2024-09-13 19:00,9,19,4,weekday,0,0,80.9,25.4,3.2,26.3,19.08,45.38,-45.38,DEFICIT,6.97,4.61,5.93,2.25
2024-09-13 20:00,9,20,4,weekday,0,0,73.7,23.0,3.0,26.9,9.71,36.61,-36.61,DEFICIT,6.39,4.32,5.43,2.25
2024-09-13 21:00,9,21,4,weekday,0,0,81.2,23.3,3.6,21.16,12.43,33.59,-33.59,DEFICIT,7.27,4.76,6.18,2.25
2024-09-13 22:00,9,22,4,weekday,0,0,70.2,20.3,3.3,14.51,15.43,29.94,-29.94,DEFICIT,4.13,3.19,3.51,2.25
2024-09-13 23:00,9,23,4,weekday,0,0,72.3,22.7,3.1,10.17,0,10.17,-10.17,DEFICIT,4.29,3.27,3.65,2.25
2024-09-14 00:00,9,0,5,weekend,0,0,62.9,23.8,2.1,9.42,2.46,11.88,-11.88,DEFICIT,4.41,3.33,3.75,2.25
2024-09-14 01:00,9,1,5,weekend,0,0,63.8,20.9,4.3,7.86,0.0,7.86,-7.86,DEFICIT,4.32,3.28,3.67,2.25
2024-09-14 02:00,9,2,5,weekend,0,0,45.4,16.2,2.4,6.25,0.0,6.25,-6.25,DEFICIT,4.41,3.33,3.75,2.25
2024-09-14 03:00,9,3,5,weekend,0,0,47.8,19.1,3.8,5,3.22,8.22,-8.22,DEFICIT,4.43,3.34,3.77,2.25
2024-09-14 04:00,9,4,5,weekend,0,0,47.1,19.8,3.3,5,0.0,5.0,-5.0,BALANCED,4.45,3.35,3.78,2.25
2024-09-14 05:00,9,5,5,weekend,0,0,54.5,19.3,3.7,6.04,2.15,8.19,-8.19,DEFICIT,4.4,3.32,3.74,2.25
2024-09-14 06:00,9,6,5,weekend,28.4,2.88,47.8,21.5,2.9,20.61,0,20.61,-17.74,DEFICIT,5.74,4.0,4.88,2.25
2024-09-14 07:00,9,7,5,weekend,81.8,8.29,56.7,19.7,4.2,21.79,0.0,21.79,-13.5,DEFICIT,5.99,4.12,5.09,2.25
2024-09-14 08:00,9,8,5,weekend,158.9,16.11,41.8,23.9,3.7,21.2,0.0,21.2,-5.09,DEFICIT,5.27,3.76,4.48,2.25
2024-09-14 09:00,9,9,5,weekend,291.8,29.58,57.1,23.8,4.0,13.78,6.75,20.53,9.05,SURPLUS,5.92,4.09,5.03,2.25
2024-09-14 10:00,9,10,5,weekend,367.2,36.98,43.5,26.7,5.1,10.74,0,10.74,26.25,SURPLUS,4.16,3.21,3.54,2.25
2024-09-14 11:00,9,11,5,weekend,371.5,37.5,50.2,26.2,3.2,11.77,0,11.77,25.73,SURPLUS,3.88,3.07,3.3,2.25
2024-09-14 12:00,9,12,5,weekend,520.2,51.88,57.3,29.1,5.0,12.15,0,12.15,39.73,SURPLUS,3.81,3.03,3.23,2.25
2024-09-14 13:00,9,13,5,weekend,473.5,47.96,61.0,25.2,4.5,14.27,0,14.27,33.69,SURPLUS,3.38,2.82,2.87,2.25
2024-09-14 14:00,9,14,5,weekend,410.2,40.92,48.9,29.1,4.2,10.95,0,10.95,29.97,SURPLUS,3.74,3.0,3.18,2.25
2024-09-14 15:00,9,15,5,weekend,301.0,30.19,42.9,27.7,4.1,11.26,0,11.26,18.93,SURPLUS,3.66,2.95,3.11,2.25
2024-09-14 16:00,9,16,5,weekend,197.2,19.88,55.3,26.4,5.8,12.3,0,12.3,7.58,SURPLUS,6.81,4.53,5.79,2.25
2024-09-14 17:00,9,17,5,weekend,92.8,9.41,43.6,25.1,2.1,17.31,0,17.31,-7.91,DEFICIT,6.56,4.4,5.58,2.25
2024-09-14 18:00,9,18,5,weekend,20.5,2.08,52.0,25.5,3.7,26.05,7.39,33.44,-31.36,DEFICIT,6.68,4.46,5.68,2.25
2024-09-14 19:00,9,19,5,weekend,0,0,74.5,20.4,5.1,31.31,0.0,31.31,-31.31,DEFICIT,6.53,4.39,5.55,2.25
2024-09-14 20:00,9,20,5,weekend,0,0,57.9,22.7,3.6,24.53,21.66,46.19,-46.19,DEFICIT,6.54,4.4,5.56,2.25
2024-09-14 21:00,9,21,5,weekend,0,0,69.9,22.0,4.1,23.07,17.8,40.88,-40.88,DEFICIT,6.89,4.57,5.86,2.25
2024-09-14 22:00,9,22,5,weekend,0,0,57.9,18.7,4.7,16.8,9.18,25.98,-25.98,DEFICIT,4.76,3.51,4.05,2.25
2024-09-14 23:00,9,23,5,weekend,0,0,70.6,21.0,2.9,10.62,0,10.62,-10.62,DEFICIT,4.64,3.44,3.94,2.25
2024-09-15 00:00,9,0,6,weekend,0,0,94.9,21.2,3.7,7.92,4.8,12.72,-12.72,DEFICIT,4.56,3.4,3.87,2.25
2024-09-15 01:00,9,1,6,weekend,0,0,87.0,17.5,3.8,7.01,0.0,7.01,-7.01,DEFICIT,4.4,3.33,3.74,2.25
2024-09-15 02:00,9,2,6,weekend,0,0,76.2,20.2,5.4,5.57,0.0,5.57,-5.57,DEFICIT,4.37,3.31,3.72,2.25
2024-09-15 03:00,9,3,6,weekend,0,0,78.1,18.2,4.6,5.02,0.0,5.02,-5.02,DEFICIT,4.48,3.36,3.8,2.25
2024-09-15 04:00,9,4,6,weekend,0,0,67.2,17.4,2.7,5.49,2.95,8.44,-8.44,DEFICIT,4.6,3.43,3.91,2.25
2024-09-15 05:00,9,5,6,weekend,0,0,78.8,19.6,3.6,6.75,0.0,6.75,-6.75,DEFICIT,4.43,3.34,3.77,2.25
2024-09-15 06:00,9,6,6,weekend,38.6,3.91,61.9,17.2,3.5,17.09,0,17.09,-13.17,DEFICIT,5.75,4.0,4.89,2.25
2024-09-15 07:00,9,7,6,weekend,124.6,12.63,82.8,20.4,3.2,21.01,19.21,40.22,-27.59,DEFICIT,5.99,4.12,5.09,2.25
2024-09-15 08:00,9,8,6,weekend,248.6,25.21,76.3,21.1,2.5,23.52,0.0,23.52,1.68,BALANCED,5.95,4.1,5.06,2.25
2024-09-15 09:00,9,9,6,weekend,357.2,36.22,67.9,22.0,3.6,13.52,3.91,17.43,18.79,SURPLUS,5.45,3.85,4.64,2.25
2024-09-15 10:00,9,10,6,weekend,521.2,52.8,66.1,25.2,3.0,11.41,0,11.41,41.39,SURPLUS,4.32,3.29,3.67,2.25
2024-09-15 11:00,9,11,6,weekend,548.0,54.68,77.7,29.0,3.2,12.17,0,12.17,42.51,SURPLUS,4.04,3.15,3.44,2.25
2024-09-15 12:00,9,12,6,weekend,636.3,64.35,70.3,25.7,6.1,13.4,0,13.4,50.95,SURPLUS,3.44,2.85,2.93,2.25
2024-09-15 13:00,9,13,6,weekend,625.0,62.51,65.8,28.4,2.8,11.41,0,11.41,51.1,SURPLUS,3.5,2.87,2.97,2.25
2024-09-15 14:00,9,14,6,weekend,554.6,55.4,64.4,28.7,5.2,11.69,0,11.69,43.7,SURPLUS,3.64,2.95,3.09,2.25
2024-09-15 15:00,9,15,6,weekend,514.0,51.42,82.0,28.3,4.2,10.75,0,10.75,40.67,SURPLUS,4.01,3.13,3.4,2.25
2024-09-15 16:00,9,16,6,weekend,308.3,31.01,79.2,27.0,2.9,14.4,0,14.4,16.61,SURPLUS,6.46,4.35,5.49,2.25
2024-09-15 17:00,9,17,6,weekend,155.3,15.69,73.8,25.8,2.1,17.88,0,17.88,-2.19,BALANCED,6.76,4.5,5.75,2.25
2024-09-15 18:00,9,18,6,weekend,33.6,3.41,95.2,21.8,3.7,27.58,19.72,47.31,-43.9,DEFICIT,6.72,4.49,5.71,2.25
2024-09-15 19:00,9,19,6,weekend,0,0,77.4,22.9,3.7,28.93,21.12,50.04,-50.04,DEFICIT,6.59,4.42,5.6,2.25
2024-09-15 20:00,9,20,6,weekend,0,0,100,22.1,3.7,31.38,7.14,38.52,-38.52,DEFICIT,6.95,4.6,5.91,2.25
2024-09-15 21:00,9,21,6,weekend,0,0,84.0,18.9,3.4,19.86,11.89,31.74,-31.74,DEFICIT,6.86,4.55,5.83,2.25
2024-09-15 22:00,9,22,6,weekend,0,0,80.9,19.1,3.3,15.76,5.82,21.58,-21.58,DEFICIT,4.6,3.43,3.91,2.25
2024-09-15 23:00,9,23,6,weekend,0,0,93.1,22.0,2.9,11.99,0,11.99,-11.99,DEFICIT,4.48,3.36,3.81,2.25
2024-09-16 00:00,9,0,0,weekday,0,0,45.9,21.8,3.9,5.35,3.55,8.91,-8.91,DEFICIT,4.84,3.54,4.11,2.25
2024-09-16 01:00,9,1,0,weekday,0,0,50.4,18.1,4.4,5.7,0.0,5.7,-5.7,DEFICIT,4.21,3.23,3.58,2.25
2024-09-16 02:00,9,2,0,weekday,0,0,54.2,19.6,4.4,5.55,0.0,5.55,-5.55,DEFICIT,4.54,3.39,3.86,2.25
2024-09-16 03:00,9,3,0,weekday,0,0,46.4,21.0,4.9,5,0.0,5.0,-5.0,BALANCED,4.06,3.16,3.45,2.25
2024-09-16 04:00,9,4,0,weekday,0,0,48.5,22.3,3.4,5,5.17,10.17,-10.17,DEFICIT,4.43,3.34,3.77,2.25
2024-09-16 05:00,9,5,0,weekday,0,0,39.8,18.3,4.5,5.51,0.0,5.51,-5.51,DEFICIT,4.85,3.55,4.12,2.25
2024-09-16 06:00,9,6,0,weekday,21.1,2.14,49.8,19.7,3.8,16.43,0,16.43,-14.29,DEFICIT,6.09,4.17,5.18,2.25
2024-09-16 07:00,9,7,0,weekday,67.3,6.82,18.6,20.8,3.3,21.62,0.0,21.62,-14.8,DEFICIT,6.11,4.18,5.19,2.25
2024-09-16 08:00,9,8,0,weekday,147.3,14.94,34.5,21.5,2.6,17.84,0.0,17.84,-2.9,BALANCED,5.91,4.08,5.02,2.25
2024-09-16 09:00,9,9,0,weekday,223.7,22.69,43.5,24.9,2.8,10.63,6.93,17.55,5.13,SURPLUS,6.01,4.13,5.11,2.25
2024-09-16 10:00,9,10,0,weekday,251.6,25.52,29.1,24.6,3.0,9.13,0,9.13,16.39,SURPLUS,3.75,3.0,3.19,2.25
2024-09-16 11:00,9,11,0,weekday,298.3,30.15,53.1,25.8,2.9,8.56,0,8.56,21.59,SURPLUS,3.52,2.89,2.99,2.25
2024-09-16 12:00,9,12,0,weekday,368.2,37.02,33.1,27.2,4.9,11.59,0,11.59,25.43,SURPLUS,3.76,3.01,3.2,2.25
2024-09-16 13:00,9,13,0,weekday,328.0,33.22,44.9,25.3,3.1,9.56,0,9.56,23.67,SURPLUS,4.25,3.25,3.61,2.25
2024-09-16 14:00,9,14,0,weekday,287.8,28.38,32.6,31.8,4.3,9.87,0,9.87,18.51,SURPLUS,3.44,2.84,2.92,2.25
2024-09-16 15:00,9,15,0,weekday,230.4,23.32,31.4,25.5,4.6,12.9,0,12.9,10.42,SURPLUS,3.56,2.9,3.02,2.25
2024-09-16 16:00,9,16,0,weekday,170.1,17.16,33.9,26.3,5.1,14.81,0,14.81,2.35,BALANCED,6.56,4.4,5.58,2.25
2024-09-16 17:00,9,17,0,weekday,81.3,8.2,37.3,26.1,3.6,16.95,0,16.95,-8.75,DEFICIT,6.51,4.38,5.54,2.25
2024-09-16 18:00,9,18,0,weekday,17.5,1.77,43.2,25.8,3.7,24.51,21.48,45.99,-44.21,DEFICIT,6.53,4.39,5.55,2.25
2024-09-16 19:00,9,19,0,weekday,0,0,40.9,23.4,3.7,27.69,19.69,47.38,-47.38,DEFICIT,6.4,4.32,5.44,2.25
2024-09-16 20:00,9,20,0,weekday,0,0,50.4,23.4,2.8,25.41,0.0,25.41,-25.41,DEFICIT,7.03,4.64,5.98,2.25
2024-09-16 21:00,9,21,0,weekday,0,0,44.2,19.1,3.3,21.12,5.99,27.11,-27.11,DEFICIT,6.57,4.41,5.58,2.25
2024-09-16 22:00,9,22,0,weekday,0,0,41.3,21.4,3.1,15.01,10.26,25.27,-25.27,DEFICIT,3.87,3.06,3.29,2.25
2024-09-16 23:00,9,23,0,weekday,0,0,48.7,19.7,2.2,9.93,0,9.93,-9.93,DEFICIT,5.2,3.72,4.42,2.25
2024-09-17 00:00,9,0,1,weekday,0,0,79.1,18.3,2.7,6.77,0.0,6.77,-6.77,DEFICIT,4.06,3.15,3.45,2.25
2024-09-17 01:00,9,1,1,weekday,0,0,76.2,19.8,3.1,6.59,0.0,6.59,-6.59,DEFICIT,4.95,3.6,4.21,2.25
2024-09-17 02:00,9,2,1,weekday,0,0,88.8,18.8,1.7,5.33,2.47,7.81,-7.81,DEFICIT,4.6,3.42,3.91,2.25
2024-09-17 03:00,9,3,1,weekday,0,0,87.7,18.0,1.9,5,5.6,10.6,-10.6,DEFICIT,5.16,3.7,4.38,2.25
2024-09-17 04:00,9,4,1,weekday,0,0,89.1,16.0,3.3,5,2.81,7.81,-7.81,DEFICIT,5.1,3.68,4.34,2.25
2024-09-17 05:00,9,5,1,weekday,0,0,82.3,18.2,4.9,5.82,3.97,9.79,-9.79,DEFICIT,4.18,3.22,3.56,2.25
2024-09-17 06:00,9,6,1,weekday,34.4,3.49,84.1,17.5,3.3,17.01,0,17.01,-13.52,DEFICIT,6.01,4.13,5.11,2.25
2024-09-17 07:00,9,7,1,weekday,119.6,12.13,73.5,20.1,2.8,20.93,11.09,32.03,-19.9,DEFICIT,5.87,4.06,4.99,2.25
2024-09-17 08:00,9,8,1,weekday,277.4,28.12,82.4,19.3,2.0,16.44,17.65,34.09,-5.97,DEFICIT,5.88,4.06,5.0,2.25
2024-09-17 09:00,9,9,1,weekday,383.8,38.92,71.0,24.8,2.2,13.08,0.0,13.08,25.84,SURPLUS,6.04,4.14,5.13,2.25
2024-09-17 10:00,9,10,1,weekday,599.6,60.77,86.9,25.1,3.7,9.64,0,9.64,51.13,SURPLUS,3.78,3.01,3.21,2.25
2024-09-17 11:00,9,11,1,weekday,633.9,64.28,69.4,24.3,4.7,9.73,0,9.73,54.55,SURPLUS,3.96,3.1,3.36,2.25
2024-09-17 12:00,9,12,1,weekday,600.6,60.9,99.0,24.2,5.3,12.39,0,12.39,48.51,SURPLUS,3.48,2.86,2.95,2.25
2024-09-17 13:00,9,13,1,weekday,717.3,72.0,73.4,27.5,5.0,11.24,0,11.24,60.76,SURPLUS,3.95,3.1,3.35,2.25
2024-09-17 14:00,9,14,1,weekday,558.7,56.02,69.6,27.8,3.9,9.14,0,9.14,46.88,SURPLUS,4.2,3.23,3.57,2.25
2024-09-17 15:00,9,15,1,weekday,442.9,44.56,66.0,27.0,3.7,10.34,0,10.34,34.22,SURPLUS,3.92,3.08,3.33,2.25
2024-09-17 16:00,9,16,1,weekday,286.1,28.87,85.5,26.2,6.7,11.15,0,11.15,17.72,SURPLUS,6.98,4.62,5.94,2.25
2024-09-17 17:00,9,17,1,weekday,136.6,13.7,70.3,27.8,2.6,18.09,0,18.09,-4.4,BALANCED,6.81,4.53,5.79,2.25
2024-09-17 18:00,9,18,1,weekday,33.7,3.42,65.1,23.6,2.6,26.55,5.65,32.2,-28.78,DEFICIT,7.14,4.69,6.07,2.25
2024-09-17 19:00,9,19,1,weekday,0,0,83.5,22.3,3.8,26.48,7.01,33.49,-33.49,DEFICIT,6.77,4.51,5.75,2.25
2024-09-17 20:00,9,20,1,weekday,0,0,82.2,20.7,3.1,28.68,15.87,44.55,-44.55,DEFICIT,6.45,4.35,5.48,2.25
2024-09-17 21:00,9,21,1,weekday,0,0,91.3,19.8,3.2,22.75,12.04,34.78,-34.78,DEFICIT,7.31,4.78,6.21,2.25
2024-09-17 22:00,9,22,1,weekday,0,0,89.2,19.8,4.3,15.35,13.66,29.0,-29.0,DEFICIT,4.32,3.28,3.67,2.25
2024-09-17 23:00,9,23,1,weekday,0,0,82.1,19.8,4.5,10.35,0,10.35,-10.35,DEFICIT,4.78,3.52,4.07,2.25
2024-09-18 00:00,9,0,2,weekday,0,0,62.0,21.4,3.6,7.6,2.46,10.06,-10.06,DEFICIT,4.44,3.35,3.78,2.25
2024-09-18 01:00,9,1,2,weekday,0,0,63.8,18.7,2.6,5.35,3.03,8.38,-8.38,DEFICIT,4.57,3.41,3.89,2.25
2024-09-18 02:00,9,2,2,weekday,0,0,56.7,17.7,4.2,5.34,0.0,5.34,-5.34,DEFICIT,5.09,3.67,4.32,2.25
2024-09-18 03:00,9,3,2,weekday,0,0,79.6,20.4,4.5,5,3.48,8.48,-8.48,DEFICIT,4.31,3.28,3.66,2.25
2024-09-18 04:00,9,4,2,weekday,0,0,72.7,19.1,3.9,5,3.01,8.01,-8.01,DEFICIT,4.71,3.48,4.01,2.25
2024-09-18 05:00,9,5,2,weekday,0,0,72.1,20.2,3.2,5,0.0,5.0,-5.0,BALANCED,4.67,3.46,3.97,2.25
2024-09-18 06:00,9,6,2,weekday,27.7,2.81,48.1,20.7,4.3,17.18,0,17.18,-14.37,DEFICIT,6.06,4.16,5.15,2.25
2024-09-18 07:00,9,7,2,weekday,110.3,11.19,67.6,20.0,3.3,20.42,5.82,26.24,-15.05,DEFICIT,5.75,4.0,4.89,2.25
2024-09-18 08:00,9,8,2,weekday,222.4,22.56,61.1,21.7,3.0,16.08,10.6,26.68,-4.12,BALANCED,5.62,3.93,4.78,2.25
2024-09-18 09:00,9,9,2,weekday,374.1,37.84,68.4,25.6,3.2,12.66,4.19,16.84,20.99,SURPLUS,5.58,3.92,4.74,2.25
2024-09-18 10:00,9,10,2,weekday,455.7,46.06,73.9,25.8,2.1,10.1,0,10.1,35.96,SURPLUS,3.94,3.09,3.34,2.25
2024-09-18 11:00,9,11,2,weekday,603.3,61.17,63.3,24.0,3.8,9.67,0,9.67,51.5,SURPLUS,3.79,3.02,3.22,2.25
2024-09-18 12:00,9,12,2,weekday,619.2,61.94,53.4,28.3,3.7,11.33,0,11.33,50.61,SURPLUS,4.11,3.18,3.49,2.25
2024-09-18 13:00,9,13,2,weekday,516.9,51.45,56.3,29.6,3.8,12.08,0,12.08,39.37,SURPLUS,3.71,2.98,3.16,2.25
2024-09-18 14:00,9,14,2,weekday,452.8,45.76,74.2,25.8,5.3,10.89,0,10.89,34.88,SURPLUS,3.67,2.96,3.12,2.25
2024-09-18 15:00,9,15,2,weekday,379.3,38.17,60.7,26.9,4.5,8.76,0,8.76,29.42,SURPLUS,3.4,2.82,2.89,2.25
2024-09-18 16:00,9,16,2,weekday,254.4,25.47,58.8,28.2,4.7,11.56,0,11.56,13.9,SURPLUS,6.39,4.32,5.43,2.25
2024-09-18 17:00,9,17,2,weekday,110.4,11.19,71.8,25.2,1.9,15.87,0,15.87,-4.68,BALANCED,6.94,4.59,5.9,2.25
2024-09-18 18:00,9,18,2,weekday,29.8,3.02,67.0,23.5,5.2,19.95,0.0,19.95,-16.93,DEFICIT,6.53,4.39,5.55,2.25
2024-09-18 19:00,9,19,2,weekday,0,0,64.9,24.3,4.8,24.34,0.0,24.34,-24.34,DEFICIT,6.46,4.36,5.49,2.25
2024-09-18 20:00,9,20,2,weekday,0,0,81.9,21.8,4.0,24.78,0.0,24.78,-24.78,DEFICIT,7.33,4.79,6.23,2.25
2024-09-18 21:00,9,21,2,weekday,0,0,80.0,22.1,2.8,19.97,0.0,19.97,-19.97,DEFICIT,6.62,4.43,5.63,2.25
2024-09-18 22:00,9,22,2,weekday,0,0,76.4,21.1,2.9,13.39,11.36,24.75,-24.75,DEFICIT,4.42,3.34,3.76,2.25
2024-09-18 23:00,9,23,2,weekday,0,0,66.6,19.5,3.8,10.67,0,10.67,-10.67,DEFICIT,4.11,3.18,3.5,2.25
2024-09-19 00:00,9,0,3,weekday,0,0,9.6,18.8,3.2,7.29,3.57,10.86,-10.86,DEFICIT,5.11,3.68,4.35,2.25
2024-09-19 01:00,9,1,3,weekday,0,0,27.6,20.0,3.6,5.75,0.0,5.75,-5.75,DEFICIT,4.77,3.51,4.05,2.25
2024-09-19 02:00,9,2,3,weekday,0,0,26.5,20.4,3.5,5.17,5.35,10.51,-10.51,DEFICIT,4.5,3.37,3.82,2.25
2024-09-19 03:00,9,3,3,weekday,0,0,29.0,17.8,5.1,5,4.3,9.3,-9.3,DEFICIT,4.6,3.42,3.91,2.25
2024-09-19 04:00,9,4,3,weekday,0,0,25.9,16.3,3.3,5,2.35,7.35,-7.35,DEFICIT,4.31,3.28,3.66,2.25
2024-09-19 05:00,9,5,3,weekday,0,0,26.8,20.5,4.2,5.39,0.0,5.39,-5.39,DEFICIT,4.63,3.44,3.94,2.25
2024-09-19 06:00,9,6,3,weekday,12.7,1.29,29.1,16.1,3.2,16.27,0,16.27,-14.99,DEFICIT,5.77,4.01,4.9,2.25
2024-09-19 07:00,9,7,3,weekday,43.8,4.44,24.8,21.7,2.6,20.22,6.64,26.86,-22.42,DEFICIT,5.91,4.08,5.03,2.25
2024-09-19 08:00,9,8,3,weekday,71.7,7.27,26.4,21.8,2.7,14.44,9.84,24.28,-17.01,DEFICIT,6.2,4.23,5.27,2.25
2024-09-19 09:00,9,9,3,weekday,125.0,12.67,29.1,23.0,3.6,10.64,0.0,10.64,2.03,BALANCED,5.5,3.88,4.68,2.25
2024-09-19 10:00,9,10,3,weekday,188.2,19.05,13.9,25.4,2.4,9.68,0,9.68,9.37,SURPLUS,3.77,3.01,3.2,2.25
2024-09-19 11:00,9,11,3,weekday,223.0,22.55,23.5,25.7,4.4,11.39,0,11.39,11.16,SURPLUS,3.83,3.04,3.25,2.25
2024-09-19 12:00,9,12,3,weekday,239.8,24.23,32.6,25.9,3.1,13.29,0,13.29,10.94,SURPLUS,4.01,3.13,3.41,2.25
2024-09-19 13:00,9,13,3,weekday,231.8,23.23,33.2,27.9,4.4,12.19,0,12.19,11.04,SURPLUS,3.31,2.78,2.82,2.25
2024-09-19 14:00,9,14,3,weekday,166.1,16.51,30.5,29.9,2.8,12.11,0,12.11,4.4,BALANCED,3.53,2.89,3.0,2.25
2024-09-19 15:00,9,15,3,weekday,143.4,14.27,26.5,29.7,3.9,10.67,0,10.67,3.6,BALANCED,3.72,2.99,3.16,2.25
2024-09-19 16:00,9,16,3,weekday,91.1,9.17,2.8,26.8,5.5,11.11,0,11.11,-1.95,BALANCED,7.03,4.64,5.98,2.25
2024-09-19 17:00,9,17,3,weekday,48.5,4.92,29.7,23.9,3.2,16.5,0,16.5,-11.58,DEFICIT,7.12,4.69,6.05,2.25
2024-09-19 18:00,9,18,3,weekday,11.6,1.18,15.9,24.4,3.0,21.0,14.61,35.61,-34.43,DEFICIT,6.77,4.51,5.75,2.25
2024-09-19 19:00,9,19,3,weekday,0,0,31.5,25.0,2.5,27.62,8.32,35.94,-35.94,DEFICIT,6.7,4.47,5.69,2.25
2024-09-19 20:00,9,20,3,weekday,0,0,36.0,21.2,2.6,25.17,11.47,36.64,-36.64,DEFICIT,7.38,4.82,6.27,2.25
2024-09-19 21:00,9,21,3,weekday,0,0,18.8,22.4,4.0,21.09,19.09,40.17,-40.17,DEFICIT,6.02,4.13,5.12,2.25
2024-09-19 22:00,9,22,3,weekday,0,0,8.9,23.4,3.0,14.39,0.0,14.39,-14.39,DEFICIT,4.09,3.17,3.47,2.25
2024-09-19 23:00,9,23,3,weekday,0,0,18.9,19.8,4.6,11.95,0,11.95,-11.95,DEFICIT,4.81,3.53,4.09,2.25
2024-09-20 00:00,9,0,4,weekday,0,0,69.7,21.1,2.3,6.9,0.0,6.9,-6.9,DEFICIT,4.74,3.49,4.03,2.25
2024-09-20 01:00,9,1,4,weekday,0,0,64.0,18.6,5.2,5.7,5.16,10.85,-10.85,DEFICIT,4.44,3.35,3.77,2.25
2024-09-20 02:00,9,2,4,weekday,0,0,66.4,19.3,2.9,5.51,0.0,5.51,-5.51,DEFICIT,4.06,3.15,3.45,2.25
2024-09-20 03:00,9,3,4,weekday,0,0,59.1,17.9,3.9,5,0.0,5.0,-5.0,BALANCED,4.66,3.46,3.96,2.25
2024-09-20 04:00,9,4,4,weekday,0,0,75.3,20.3,3.4,5,0.0,5.0,-5.0,BALANCED,4.51,3.38,3.83,2.25
2024-09-20 05:00,9,5,4,weekday,0,0,77.4,17.5,5.2,6.04,5.26,11.31,-11.31,DEFICIT,4.41,3.33,3.75,2.25
2024-09-20 06:00,9,6,4,weekday,29.7,3.02,67.6,17.7,2.2,18.9,0,18.9,-15.89,DEFICIT,5.56,3.91,4.73,2.25
2024-09-20 07:00,9,7,4,weekday,85.1,8.63,54.1,22.1,2.6,21.76,0.0,21.76,-13.13,DEFICIT,6.49,4.37,5.52,2.25
2024-09-20 08:00,9,8,4,weekday,202.5,20.54,61.1,21.3,4.2,18.8,0.0,18.8,1.74,BALANCED,6.24,4.24,5.3,2.25
2024-09-20 09:00,9,9,4,weekday,351.3,35.44,67.0,26.3,3.8,10.72,11.33,22.05,13.39,SURPLUS,5.82,4.03,4.94,2.25
2024-09-20 10:00,9,10,4,weekday,423.9,42.77,63.1,26.3,3.5,9.74,0,9.74,33.02,SURPLUS,3.91,3.08,3.33,2.25
2024-09-20 11:00,9,11,4,weekday,539.2,54.68,77.3,24.9,2.8,10.18,0,10.18,44.49,SURPLUS,3.8,3.03,3.23,2.25
2024-09-20 12:00,9,12,4,weekday,691.1,68.88,40.3,29.3,4.4,9.59,0,9.59,59.29,SURPLUS,4.33,3.29,3.68,2.25
2024-09-20 13:00,9,13,4,weekday,498.7,50.56,76.5,24.9,3.6,11.7,0,11.7,38.87,SURPLUS,4.03,3.14,3.43,2.25
2024-09-20 14:00,9,14,4,weekday,494.3,50.12,55.8,24.8,4.8,9.38,0,9.38,40.74,SURPLUS,3.75,3.0,3.19,2.25
2024-09-20 15:00,9,15,4,weekday,334.7,33.94,78.0,24.3,3.0,10.9,0,10.9,23.04,SURPLUS,3.66,2.95,3.11,2.25
2024-09-20 16:00,9,16,4,weekday,238.2,23.84,61.0,28.3,4.3,13.33,0,13.33,10.51,SURPLUS,6.93,4.59,5.89,2.25
2024-09-20 17:00,9,17,4,weekday,131.8,13.37,66.1,24.6,3.8,16.19,0,16.19,-2.82,BALANCED,6.46,4.36,5.49,2.25
2024-09-20 18:00,9,18,4,weekday,29.0,2.94,67.3,24.9,2.8,22.32,16.01,38.33,-35.39,DEFICIT,6.77,4.51,5.75,2.25
2024-09-20 19:00,9,19,4,weekday,0,0,66.4,23.8,2.8,26.44,9.71,36.15,-36.15,DEFICIT,7.24,4.74,6.15,2.25
2024-09-20 20:00,9,20,4,weekday,0,0,69.7,20.5,4.5,23.82,0.0,23.82,-23.82,DEFICIT,6.43,4.34,5.47,2.25
2024-09-20 21:00,9,21,4,weekday,0,0,72.5,20.4,4.6,21.27,14.58,35.85,-35.85,DEFICIT,6.58,4.41,5.59,2.25
2024-09-20 22:00,9,22,4,weekday,0,0,73.7,20.9,3.1,14.25,6.85,21.1,-21.1,DEFICIT,4.66,3.45,3.96,2.25
2024-09-20 23:00,9,23,4,weekday,0,0,79.3,20.2,4.0,7.56,0,7.56,-7.56,DEFICIT,4.69,3.47,3.99,2.25
2024-09-21 00:00,9,0,5,weekend,0,0,48.3,20.3,3.3,8.07,3.13,11.2,-11.2,DEFICIT,4.22,3.23,3.58,2.25
2024-09-21 01:00,9,1,5,weekend,0,0,57.0,20.2,4.0,5.87,0.0,5.87,-5.87,DEFICIT,4.1,3.17,3.48,2.25
2024-09-21 02:00,9,2,5,weekend,0,0,40.1,18.8,4.5,6.04,3.75,9.79,-9.79,DEFICIT,4.81,3.53,4.09,2.25
2024-09-21 03:00,9,3,5,weekend,0,0,64.0,19.6,2.6,5,4.54,9.54,-9.54,DEFICIT,4.11,3.18,3.49,2.25
2024-09-21 04:00,9,4,5,weekend,0,0,62.3,18.2,2.7,5,4.92,9.92,-9.92,DEFICIT,4.81,3.53,4.09,2.25
2024-09-21 05:00,9,5,5,weekend,0,0,78.1,15.7,3.0,7.51,2.76,10.27,-10.27,DEFICIT,4.58,3.41,3.89,2.25
2024-09-21 06:00,9,6,5,weekend,24.1,2.44,70.0,18.6,4.2,17.05,0,17.05,-14.61,DEFICIT,5.73,3.99,4.87,2.25
2024-09-21 07:00,9,7,5,weekend,93.4,9.47,42.9,21.8,3.6,25.61,6.91,32.51,-23.04,DEFICIT,5.56,3.9,4.72,2.25
2024-09-21 08:00,9,8,5,weekend,226.8,22.99,62.4,22.3,2.5,17.24,10.43,27.68,-4.68,BALANCED,5.53,3.89,4.7,2.25
2024-09-21 09:00,9,9,5,weekend,282.7,28.58,56.6,25.7,2.8,12.64,0.0,12.64,15.95,SURPLUS,5.69,3.97,4.83,2.25
2024-09-21 10:00,9,10,5,weekend,415.3,41.79,60.4,26.9,3.0,11.79,0,11.79,30.0,SURPLUS,3.89,3.07,3.31,2.25
2024-09-21 11:00,9,11,5,weekend,423.2,42.7,68.8,26.2,3.3,12.22,0,12.22,30.49,SURPLUS,3.84,3.05,3.27,2.25
2024-09-21 12:00,9,12,5,weekend,592.0,59.56,68.8,27.0,4.5,13.93,0,13.93,45.63,SURPLUS,3.55,2.9,3.02,2.25
2024-09-21 13:00,9,13,5,weekend,532.0,53.19,57.1,28.5,3.1,14.5,0,14.5,38.69,SURPLUS,3.92,3.09,3.33,2.25
2024-09-21 14:00,9,14,5,weekend,436.5,43.83,61.6,27.4,4.0,10.68,0,10.68,33.15,SURPLUS,3.84,3.04,3.26,2.25
2024-09-21 15:00,9,15,5,weekend,352.3,35.29,47.7,28.0,3.2,12.43,0,12.43,22.86,SURPLUS,4.11,3.18,3.49,2.25
2024-09-21 16:00,9,16,5,weekend,257.2,25.88,61.3,27.0,4.1,18.06,0,18.06,7.82,SURPLUS,7.16,4.7,6.08,2.25
2024-09-21 17:00,9,17,5,weekend,117.4,11.72,67.5,29.0,4.6,19.86,0,19.86,-8.14,DEFICIT,6.58,4.42,5.6,2.25
2024-09-21 18:00,9,18,5,weekend,26.3,2.67,63.5,23.8,3.3,30.91,9.07,39.99,-37.32,DEFICIT,7.29,4.77,6.19,2.25
2024-09-21 19:00,9,19,5,weekend,0,0,69.5,22.6,3.4,32.48,0.0,32.48,-32.48,DEFICIT,6.5,4.38,5.53,2.25
2024-09-21 20:00,9,20,5,weekend,0,0,55.9,20.8,1.7,27.63,0.0,27.63,-27.63,DEFICIT,6.73,4.49,5.72,2.25
2024-09-21 21:00,9,21,5,weekend,0,0,61.1,22.2,1.9,22.71,10.71,33.42,-33.42,DEFICIT,7.23,4.74,6.14,2.25
2024-09-21 22:00,9,22,5,weekend,0,0,61.2,21.5,3.9,17.31,21.15,38.46,-38.46,DEFICIT,4.34,3.3,3.69,2.25
2024-09-21 23:00,9,23,5,weekend,0,0,63.7,21.5,2.3,10.87,0,10.87,-10.87,DEFICIT,4.46,3.35,3.79,2.25
2024-09-22 00:00,9,0,6,weekend,0,0,100,21.1,4.5,8.27,2.64,10.91,-10.91,DEFICIT,4.75,3.5,4.03,2.25
2024-09-22 01:00,9,1,6,weekend,0,0,100,19.8,3.0,7.56,4.91,12.47,-12.47,DEFICIT,4.57,3.41,3.89,2.25
2024-09-22 02:00,9,2,6,weekend,0,0,97.3,18.8,3.7,6.26,0.0,6.26,-6.26,DEFICIT,4.64,3.45,3.95,2.25
2024-09-22 03:00,9,3,6,weekend,0,0,100,17.4,2.8,5,0.0,5.0,-5.0,BALANCED,4.83,3.54,4.11,2.25
2024-09-22 04:00,9,4,6,weekend,0,0,100,19.0,2.7,5.34,0.0,5.34,-5.34,DEFICIT,3.69,2.97,3.14,2.25
2024-09-22 05:00,9,5,6,weekend,0,0,100,17.7,3.5,7.24,0.0,7.24,-7.24,DEFICIT,4.63,3.44,3.94,2.25
2024-09-22 06:00,9,6,6,weekend,45.8,4.64,100,20.1,2.6,18.99,0,18.99,-14.35,DEFICIT,5.5,3.88,4.68,2.25
2024-09-22 07:00,9,7,6,weekend,167.0,16.94,99.0,22.4,2.7,27.77,0.0,27.77,-10.83,DEFICIT,6.15,4.2,5.23,2.25
2024-09-22 08:00,9,8,6,weekend,282.3,28.63,97.2,24.7,3.5,18.78,6.61,25.4,3.23,BALANCED,5.78,4.02,4.91,2.25
2024-09-22 09:00,9,9,6,weekend,500.0,50.7,100,24.1,3.2,13.65,3.42,17.07,33.63,SURPLUS,5.31,3.78,4.51,2.25
2024-09-22 10:00,9,10,6,weekend,733.6,74.39,100,24.3,2.6,10.66,0,10.66,63.73,SURPLUS,3.88,3.07,3.3,2.25
2024-09-22 11:00,9,11,6,weekend,797.4,80.86,100,24.6,2.6,12.49,0,12.49,68.37,SURPLUS,4.13,3.19,3.51,2.25
2024-09-22 12:00,9,12,6,weekend,784.2,78.91,92.3,26.9,4.5,13.93,0,13.93,64.98,SURPLUS,3.8,3.02,3.23,2.25
2024-09-22 13:00,9,13,6,weekend,840.0,84.92,100,25.7,2.5,11.41,0,11.41,73.51,SURPLUS,4.07,3.16,3.46,2.25
2024-09-22 14:00,9,14,6,weekend,615.0,62.3,99.9,25.3,4.2,10.69,0,10.69,51.61,SURPLUS,3.82,3.03,3.24,2.25
2024-09-22 15:00,9,15,6,weekend,524.8,52.25,100,29.6,4.8,10.25,0,10.25,41.99,SURPLUS,3.97,3.11,3.37,2.25
2024-09-22 16:00,9,16,6,weekend,389.9,38.85,100,29.3,3.8,14.64,0,14.64,24.21,SURPLUS,6.88,4.57,5.85,2.25
2024-09-22 17:00,9,17,6,weekend,181.8,18.43,93.0,23.5,4.7,18.12,0,18.12,0.31,BALANCED,6.74,4.5,5.73,2.25
2024-09-22 18:00,9,18,6,weekend,49.0,4.97,100,24.9,3.3,29.39,19.12,48.51,-43.54,DEFICIT,6.94,4.59,5.9,2.25
2024-09-22 19:00,9,19,6,weekend,0,0,100,24.1,3.6,36.49,0.0,36.49,-36.49,DEFICIT,7.14,4.7,6.07,2.25
2024-09-22 20:00,9,20,6,weekend,0,0,100,22.7,4.0,29.02,6.96,35.98,-35.98,DEFICIT,6.81,4.53,5.79,2.25
2024-09-22 21:00,9,21,6,weekend,0,0,92.1,22.1,3.0,27.52,13.53,41.05,-41.05,DEFICIT,7.19,4.72,6.12,2.25
2024-09-22 22:00,9,22,6,weekend,0,0,100,21.8,2.7,18.1,21.97,40.08,-40.08,DEFICIT,4.6,3.42,3.91,2.25
2024-09-22 23:00,9,23,6,weekend,0,0,99.2,21.7,2.5,10.43,0,10.43,-10.43,DEFICIT,4.69,3.47,3.99,2.25
2024-09-23 00:00,9,0,0,weekday,0,0,68.7,20.5,2.2,7.95,3.7,11.66,-11.66,DEFICIT,4.26,3.25,3.62,2.25
2024-09-23 01:00,9,1,0,weekday,0,0,64.9,20.6,4.1,5.93,0.0,5.93,-5.93,DEFICIT,4.11,3.18,3.49,2.25
2024-09-23 02:00,9,2,0,weekday,0,0,53.9,19.5,4.6,5.18,5.42,10.6,-10.6,DEFICIT,4.6,3.43,3.91,2.25
2024-09-23 03:00,9,3,0,weekday,0,0,60.3,20.6,3.0,5,0.0,5.0,-5.0,BALANCED,3.8,3.03,3.23,2.25
2024-09-23 04:00,9,4,0,weekday,0,0,68.8,18.6,2.7,5,4.58,9.58,-9.58,DEFICIT,4.37,3.31,3.71,2.25
2024-09-23 05:00,9,5,0,weekday,0,0,63.2,19.3,3.4,5.38,2.78,8.16,-8.16,DEFICIT,4.39,3.32,3.73,2.25
2024-09-23 06:00,9,6,0,weekday,27.4,2.78,65.5,17.8,4.7,20.0,0,20.0,-17.22,DEFICIT,6.36,4.3,5.4,2.25
2024-09-23 07:00,9,7,0,weekday,93.6,9.49,73.1,21.9,4.3,22.79,4.66,27.45,-17.96,DEFICIT,5.94,4.1,5.05,2.25
2024-09-23 08:00,9,8,0,weekday,221.4,22.45,60.8,24.1,3.3,17.26,10.38,27.64,-5.19,DEFICIT,5.84,4.04,4.96,2.25
2024-09-23 09:00,9,9,0,weekday,311.3,31.57,57.6,24.0,3.4,11.93,5.91,17.83,13.74,SURPLUS,6.01,4.13,5.11,2.25
2024-09-23 10:00,9,10,0,weekday,466.5,46.99,73.1,26.6,2.6,11.02,0,11.02,35.97,SURPLUS,3.25,2.75,2.76,2.25
2024-09-23 11:00,9,11,0,weekday,494.1,50.1,56.8,24.3,3.7,12.07,0,12.07,38.03,SURPLUS,3.75,3.0,3.19,2.25
2024-09-23 12:00,9,12,0,weekday,539.4,54.4,63.5,26.3,5.6,11.1,0,11.1,43.3,SURPLUS,4.05,3.15,3.44,2.25
2024-09-23 13:00,9,13,0,weekday,618.9,62.17,68.4,27.4,4.5,11.85,0,11.85,50.32,SURPLUS,4.0,3.13,3.4,2.25
2024-09-23 14:00,9,14,0,weekday,397.1,39.61,58.6,29.1,4.0,8.98,0,8.98,30.63,SURPLUS,3.55,2.9,3.02,2.25
2024-09-23 15:00,9,15,0,weekday,326.9,32.78,57.9,27.7,6.0,9.52,0,9.52,23.27,SURPLUS,4.02,3.14,3.42,2.25
2024-09-23 16:00,9,16,0,weekday,248.8,24.86,63.4,28.7,4.1,14.56,0,14.56,10.29,SURPLUS,6.62,4.44,5.63,2.25
2024-09-23 17:00,9,17,0,weekday,127.5,12.93,59.7,21.0,2.5,20.34,0,20.34,-7.41,DEFICIT,6.93,4.59,5.89,2.25
2024-09-23 18:00,9,18,0,weekday,28.4,2.88,56.1,23.8,3.6,24.41,20.61,45.02,-42.14,DEFICIT,7.09,4.67,6.03,2.25
2024-09-23 19:00,9,19,0,weekday,0,0,70.9,23.8,2.6,27.41,16.13,43.55,-43.55,DEFICIT,7.23,4.74,6.15,2.25
2024-09-23 20:00,9,20,0,weekday,0,0,61.8,21.1,3.5,24.66,9.57,34.23,-34.23,DEFICIT,7.08,4.67,6.02,2.25
2024-09-23 21:00,9,21,0,weekday,0,0,60.5,21.2,4.3,20.44,8.02,28.46,-28.46,DEFICIT,6.41,4.33,5.45,2.25
2024-09-23 22:00,9,22,0,weekday,0,0,60.2,24.4,4.0,14.36,9.23,23.58,-23.58,DEFICIT,4.13,3.19,3.51,2.25
2024-09-23 23:00,9,23,0,weekday,0,0,64.1,22.6,3.0,8.79,0,8.79,-8.79,DEFICIT,4.12,3.18,3.5,2.25
2024-09-24 00:00,9,0,1,weekday,0,0,71.4,19.6,2.7,7.14,5.52,12.67,-12.67,DEFICIT,4.31,3.28,3.67,2.25
2024-09-24 01:00,9,1,1,weekday,0,0,80.5,21.0,1.9,6.15,0.0,6.15,-6.15,DEFICIT,5.01,3.63,4.26,2.25
2024-09-24 02:00,9,2,1,weekday,0,0,83.8,18.0,3.1,5,0.0,5.0,-5.0,BALANCED,4.39,3.32,3.73,2.25
2024-09-24 03:00,9,3,1,weekday,0,0,74.2,17.5,4.3,5,4.76,9.76,-9.76,DEFICIT,4.67,3.46,3.97,2.25
2024-09-24 04:00,9,4,1,weekday,0,0,65.6,18.3,3.8,5,4.32,9.32,-9.32,DEFICIT,4.29,3.27,3.64,2.25
2024-09-24 05:00,9,5,1,weekday,0,0,76.8,18.3,4.3,5.09,0.0,5.09,-5.09,DEFICIT,4.15,3.2,3.52,2.25
2024-09-24 06:00,9,6,1,weekday,33.2,3.36,59.8,19.4,4.3,17.27,0,17.27,-13.9,DEFICIT,5.51,3.88,4.68,2.25
2024-09-24 07:00,9,7,1,weekday,118.7,12.04,68.0,20.1,4.4,19.93,5.15,25.08,-13.05,DEFICIT,5.92,4.08,5.03,2.25
2024-09-24 08:00,9,8,1,weekday,219.9,22.3,64.5,23.5,2.6,19.35,10.84,30.2,-7.9,DEFICIT,5.5,3.87,4.67,2.25
2024-09-24 09:00,9,9,1,weekday,347.8,35.26,66.8,22.5,2.8,10.1,5.47,15.57,19.7,SURPLUS,5.38,3.81,4.57,2.25
2024-09-24 10:00,9,10,1,weekday,452.3,45.79,63.2,25.4,4.8,9.87,0,9.87,35.92,SURPLUS,3.68,2.97,3.13,2.25
2024-09-24 11:00,9,11,1,weekday,540.2,54.41,65.6,26.7,3.9,10.17,0,10.17,44.24,SURPLUS,4.59,3.42,3.91,2.25
2024-09-24 12:00,9,12,1,weekday,582.1,58.57,64.7,26.9,3.1,12.51,0,12.51,46.06,SURPLUS,3.93,3.09,3.34,2.25
2024-09-24 13:00,9,13,1,weekday,545.9,54.81,55.7,27.5,3.9,9.36,0,9.36,45.45,SURPLUS,4.03,3.14,3.42,2.25
2024-09-24 14:00,9,14,1,weekday,482.3,48.21,66.0,28.6,5.7,9.73,0,9.73,38.47,SURPLUS,3.37,2.81,2.86,2.25
2024-09-24 15:00,9,15,1,weekday,396.0,39.89,52.9,26.7,4.9,8.62,0,8.62,31.27,SURPLUS,3.83,3.04,3.26,2.25
2024-09-24 16:00,9,16,1,weekday,266.7,26.97,62.6,25.7,4.0,11.62,0,11.62,15.36,SURPLUS,7.02,4.64,5.97,2.25
2024-09-24 17:00,9,17,1,weekday,130.9,13.23,66.9,26.0,5.0,18.05,0,18.05,-4.83,BALANCED,6.72,4.48,5.71,2.25
2024-09-24 18:00,9,18,1,weekday,27.7,2.8,66.2,25.5,3.6,22.73,19.01,41.74,-38.94,DEFICIT,6.42,4.34,5.46,2.25
2024-09-24 19:00,9,19,1,weekday,0,0,79.4,22.9,3.7,29.11,18.12,47.23,-47.23,DEFICIT,6.48,4.36,5.51,2.25
2024-09-24 20:00,9,20,1,weekday,0,0,77.6,22.0,3.8,31.85,15.43,47.29,-47.29,DEFICIT,6.66,4.46,5.66,2.25
2024-09-24 21:00,9,21,1,weekday,0,0,67.8,21.3,1.7,17.08,0.0,17.08,-17.08,DEFICIT,6.87,4.56,5.84,2.25
2024-09-24 22:00,9,22,1,weekday,0,0,79.2,21.3,4.1,15.14,0.0,15.14,-15.14,DEFICIT,4.45,3.35,3.79,2.25
2024-09-24 23:00,9,23,1,weekday,0,0,68.9,19.7,2.0,9.98,0,9.98,-9.98,DEFICIT,5.0,3.63,4.25,2.25
2024-09-25 00:00,9,0,2,weekday,0,0,64.8,19.3,3.6,8.33,0.0,8.33,-8.33,DEFICIT,3.9,3.07,3.31,2.25
2024-09-25 01:00,9,1,2,weekday,0,0,56.4,22.5,3.8,6.2,0.0,6.2,-6.2,DEFICIT,4.39,3.32,3.73,2.25
2024-09-25 02:00,9,2,2,weekday,0,0,58.0,17.4,3.5,5.51,4.67,10.17,-10.17,DEFICIT,4.76,3.5,4.04,2.25
2024-09-25 03:00,9,3,2,weekday,0,0,54.3,14.3,2.9,5,0.0,5.0,-5.0,BALANCED,4.86,3.55,4.13,2.25
2024-09-25 04:00,9,4,2,weekday,0,0,60.7,18.6,3.3,5,0.0,5.0,-5.0,BALANCED,4.21,3.23,3.58,2.25
2024-09-25 05:00,9,5,2,weekday,0,0,56.2,21.2,3.2,5.88,0.0,5.88,-5.88,DEFICIT,4.12,3.18,3.5,2.25
2024-09-25 06:00,9,6,2,weekday,23.5,2.38,49.2,17.3,4.0,13.96,0,13.96,-11.58,DEFICIT,6.22,4.24,5.29,2.25
2024-09-25 07:00,9,7,2,weekday,97.0,9.83,43.8,22.4,4.6,21.99,0.0,21.99,-12.16,DEFICIT,5.72,3.98,4.86,2.25
2024-09-25 08:00,9,8,2,weekday,168.7,17.11,54.2,23.3,3.6,16.32,0.0,16.32,0.79,BALANCED,5.19,3.72,4.41,2.25
2024-09-25 09:00,9,9,2,weekday,305.4,30.96,48.4,24.0,2.0,10.13,0.0,10.13,20.83,SURPLUS,5.78,4.02,4.91,2.25
2024-09-25 10:00,9,10,2,weekday,409.3,41.5,41.2,24.4,4.0,10.9,0,10.9,30.61,SURPLUS,3.59,2.92,3.05,2.25
2024-09-25 11:00,9,11,2,weekday,425.8,43.18,53.0,23.8,2.4,8.65,0,8.65,34.53,SURPLUS,4.14,3.2,3.52,2.25
2024-09-25 12:00,9,12,2,weekday,427.4,43.33,50.6,24.2,4.6,11.58,0,11.58,31.75,SURPLUS,3.84,3.04,3.26,2.25
2024-09-25 13:00,9,13,2,weekday,425.2,42.72,43.3,27.3,2.5,11.31,0,11.31,31.41,SURPLUS,3.98,3.12,3.39,2.25
2024-09-25 14:00,9,14,2,weekday,458.6,46.25,56.0,26.3,2.8,9.89,0,9.89,36.36,SURPLUS,3.46,2.85,2.94,2.25
2024-09-25 15:00,9,15,2,weekday,332.7,33.37,55.6,27.7,4.0,10.36,0,10.36,23.01,SURPLUS,4.14,3.2,3.52,2.25
2024-09-25 16:00,9,16,2,weekday,219.3,22.04,44.6,27.2,5.5,13.91,0,13.91,8.13,SURPLUS,6.95,4.6,5.91,2.25
2024-09-25 17:00,9,17,2,weekday,106.0,10.71,30.3,26.0,3.0,17.53,0,17.53,-6.82,DEFICIT,6.39,4.32,5.43,2.25
2024-09-25 18:00,9,18,2,weekday,23.8,2.41,47.9,24.5,3.9,22.27,5.59,27.86,-25.45,DEFICIT,6.03,4.14,5.13,2.25
2024-09-25 19:00,9,19,2,weekday,0,0,69.6,24.4,4.7,28.05,7.6,35.65,-35.65,DEFICIT,6.93,4.59,5.89,2.25
2024-09-25 20:00,9,20,2,weekday,0,0,54.3,22.9,4.3,23.58,21.46,45.05,-45.05,DEFICIT,6.67,4.46,5.67,2.25
2024-09-25 21:00,9,21,2,weekday,0,0,78.7,21.9,4.6,19.98,8.94,28.92,-28.92,DEFICIT,6.79,4.52,5.78,2.25
2024-09-25 22:00,9,22,2,weekday,0,0,56.1,21.1,2.4,11.48,15.3,26.78,-26.78,DEFICIT,4.0,3.12,3.4,2.25
2024-09-25 23:00,9,23,2,weekday,0,0,70.8,20.9,3.6,10.29,0,10.29,-10.29,DEFICIT,5.04,3.64,4.28,2.25
2024-09-26 00:00,9,0,3,weekday,0,0,71.7,22.0,2.9,6.31,3.6,9.91,-9.91,DEFICIT,4.8,3.52,4.08,2.25
2024-09-26 01:00,9,1,3,weekday,0,0,69.1,20.0,4.6,5.84,0.0,5.84,-5.84,DEFICIT,4.9,3.57,4.16,2.25
2024-09-26 02:00,9,2,3,weekday,0,0,81.4,18.0,3.7,5,2.27,7.27,-7.27,DEFICIT,4.71,3.48,4.0,2.25
2024-09-26 03:00,9,3,3,weekday,0,0,63.0,18.0,3.9,5,5.22,10.22,-10.22,DEFICIT,4.73,3.49,4.02,2.25
2024-09-26 04:00,9,4,3,weekday,0,0,85.4,17.8,4.0,5,0.0,5.0,-5.0,BALANCED,4.61,3.43,3.92,2.25
2024-09-26 05:00,9,5,3,weekday,0,0,80.1,17.3,2.6,6.38,0.0,6.38,-6.38,DEFICIT,4.63,3.44,3.93,2.25
2024-09-26 06:00,9,6,3,weekday,31.8,3.22,66.4,19.1,4.1,14.97,0,14.97,-11.75,DEFICIT,5.95,4.1,5.06,2.25
2024-09-26 07:00,9,7,3,weekday,107.6,10.91,69.5,19.9,3.9,21.63,0.0,21.63,-10.72,DEFICIT,5.7,3.97,4.84,2.25
2024-09-26 08:00,9,8,3,weekday,271.4,27.52,48.9,21.2,3.6,15.39,6.16,21.55,5.97,SURPLUS,6.8,4.52,5.78,2.25
2024-09-26 09:00,9,9,3,weekday,341.7,34.64,63.0,24.4,3.8,10.55,0.0,10.55,24.09,SURPLUS,6.24,4.24,5.3,2.25
2024-09-26 10:00,9,10,3,weekday,528.9,53.63,84.2,22.9,4.6,8.41,0,8.41,45.22,SURPLUS,3.73,2.99,3.17,2.25
2024-09-26 11:00,9,11,3,weekday,561.6,56.95,65.7,23.4,2.1,11.4,0,11.4,45.54,SURPLUS,3.9,3.07,3.31,2.25
2024-09-26 12:00,9,12,3,weekday,616.0,62.21,72.3,26.0,2.5,12.44,0,12.44,49.77,SURPLUS,4.05,3.15,3.44,2.25
2024-09-26 13:00,9,13,3,weekday,554.6,55.81,73.2,26.9,4.8,8.4,0,8.4,47.41,SURPLUS,3.97,3.11,3.38,2.25
2024-09-26 14:00,9,14,3,weekday,489.9,49.5,50.1,25.9,3.6,10.07,0,10.07,39.43,SURPLUS,4.12,3.19,3.5,2.25
2024-09-26 15:00,9,15,3,weekday,388.8,39.16,68.7,26.7,3.9,10.99,0,10.99,28.17,SURPLUS,3.83,3.04,3.26,2.25
2024-09-26 16:00,9,16,3,weekday,275.2,27.8,69.4,26.0,4.3,12.92,0,12.92,14.88,SURPLUS,6.44,4.35,5.47,2.25
2024-09-26 17:00,9,17,3,weekday,122.1,12.31,69.4,26.5,3.6,20.96,0,20.96,-8.66,DEFICIT,6.92,4.58,5.88,2.25
2024-09-26 18:00,9,18,3,weekday,28.7,2.91,62.9,22.4,2.8,23.35,12.25,35.6,-32.69,DEFICIT,6.7,4.47,5.69,2.25
2024-09-26 19:00,9,19,3,weekday,0,0,92.5,23.5,3.7,28.55,0.0,28.55,-28.55,DEFICIT,7.04,4.64,5.98,2.25
2024-09-26 20:00,9,20,3,weekday,0,0,69.7,22.4,2.7,21.04,18.89,39.93,-39.93,DEFICIT,6.4,4.33,5.44,2.25
2024-09-26 21:00,9,21,3,weekday,0,0,79.6,22.5,3.8,16.33,12.45,28.79,-28.79,DEFICIT,6.92,4.59,5.88,2.25
2024-09-26 22:00,9,22,3,weekday,0,0,80.6,22.2,3.8,11.86,0.0,11.86,-11.86,DEFICIT,4.13,3.19,3.51,2.25
2024-09-26 23:00,9,23,3,weekday,0,0,81.1,22.3,4.5,10.66,0,10.66,-10.66,DEFICIT,4.25,3.25,3.61,2.25
2024-09-27 00:00,9,0,4,weekday,0,0,77.5,18.1,2.8,6.58,5.26,11.84,-11.84,DEFICIT,4.35,3.3,3.69,2.25
2024-09-27 01:00,9,1,4,weekday,0,0,59.2,21.1,4.7,5.07,5.53,10.6,-10.6,DEFICIT,4.13,3.19,3.51,2.25
2024-09-27 02:00,9,2,4,weekday,0,0,76.8,21.6,3.3,5.45,3.54,8.99,-8.99,DEFICIT,4.83,3.54,4.11,2.25
2024-09-27 03:00,9,3,4,weekday,0,0,60.6,18.9,3.5,5.0,0.0,5.0,-5.0,DEFICIT,4.57,3.41,3.89,2.25
2024-09-27 04:00,9,4,4,weekday,0,0,58.9,15.2,4.3,5.41,0.0,5.41,-5.41,DEFICIT,4.68,3.47,3.98,2.25
2024-09-27 05:00,9,5,4,weekday,0,0,69.4,17.6,3.4,5,3.47,8.47,-8.47,DEFICIT,4.58,3.41,3.89,2.25
2024-09-27 06:00,9,6,4,weekday,30.1,3.05,67.1,19.8,3.5,15.51,0,15.51,-12.46,DEFICIT,6.18,4.21,5.25,2.25
2024-09-27 07:00,9,7,4,weekday,114.2,11.58,69.1,22.0,4.2,20.77,0.0,20.77,-9.19,DEFICIT,5.73,3.99,4.87,2.25
2024-09-27 08:00,9,8,4,weekday,184.4,18.7,74.0,21.5,3.9,16.61,14.18,30.79,-12.09,DEFICIT,5.75,4.0,4.89,2.25
2024-09-27 09:00,9,9,4,weekday,271.3,27.45,57.7,25.5,4.2,12.07,20.06,32.13,-4.68,BALANCED,5.38,3.82,4.57,2.25
2024-09-27 10:00,9,10,4,weekday,426.3,43.23,61.0,24.2,3.0,11.57,0,11.57,31.66,SURPLUS,3.96,3.11,3.37,2.25
2024-09-27 11:00,9,11,4,weekday,473.6,47.55,68.8,27.4,2.8,9.73,0,9.73,37.82,SURPLUS,3.6,2.93,3.06,2.25
2024-09-27 12:00,9,12,4,weekday,455.2,45.93,56.2,26.2,4.0,12.48,0,12.48,33.45,SURPLUS,3.57,2.91,3.03,2.25
2024-09-27 13:00,9,13,4,weekday,441.4,44.46,59.5,26.7,4.7,10.42,0,10.42,34.03,SURPLUS,3.78,3.02,3.21,2.25
2024-09-27 14:00,9,14,4,weekday,550.7,54.69,60.4,30.1,4.7,10.12,0,10.12,44.57,SURPLUS,3.78,3.02,3.21,2.25
2024-09-27 15:00,9,15,4,weekday,395.6,39.76,62.6,27.3,3.4,10.23,0,10.23,29.53,SURPLUS,3.7,2.97,3.14,2.25
2024-09-27 16:00,9,16,4,weekday,259.3,26.22,49.5,25.7,4.3,13.43,0,13.43,12.79,SURPLUS,6.7,4.47,5.69,2.25
2024-09-27 17:00,9,17,4,weekday,115.2,11.68,62.3,23.9,1.5,14.11,0,14.11,-2.43,BALANCED,6.41,4.33,5.44,2.25
2024-09-27 18:00,9,18,4,weekday,24.8,2.51,49.2,23.5,1.6,23.8,0.0,23.8,-21.28,DEFICIT,6.29,4.27,5.35,2.25
2024-09-27 19:00,9,19,4,weekday,0,0,72.8,22.8,1.8,29.38,11.77,41.16,-41.16,DEFICIT,7.8,5.03,6.63,2.25
2024-09-27 20:00,9,20,4,weekday,0,0,64.4,21.4,4.8,25.61,14.01,39.62,-39.62,DEFICIT,6.98,4.61,5.93,2.25
2024-09-27 21:00,9,21,4,weekday,0,0,69.1,22.1,2.5,22.36,12.59,34.95,-34.95,DEFICIT,7.07,4.66,6.01,2.25
2024-09-27 22:00,9,22,4,weekday,0,0,74.4,20.1,4.0,13.83,5.75,19.59,-19.59,DEFICIT,4.59,3.42,3.9,2.25
2024-09-27 23:00,9,23,4,weekday,0,0,61.8,21.9,2.5,10.4,0,10.4,-10.4,DEFICIT,4.19,3.22,3.56,2.25
2024-09-28 00:00,9,0,5,weekend,0,0,53.9,20.8,3.5,8.34,3.79,12.14,-12.14,DEFICIT,4.31,3.28,3.66,2.25
2024-09-28 01:00,9,1,5,weekend,0,0,47.8,21.4,4.1,6.2,0.0,6.2,-6.2,DEFICIT,4.24,3.25,3.61,2.25
2024-09-28 02:00,9,2,5,weekend,0,0,55.6,20.1,4.3,5.75,3.08,8.83,-8.83,DEFICIT,5.3,3.77,4.5,2.25
2024-09-28 03:00,9,3,5,weekend,0,0,53.6,21.1,4.2,5.24,0.0,5.24,-5.24,DEFICIT,4.37,3.31,3.72,2.25
2024-09-28 04:00,9,4,5,weekend,0,0,59.9,19.8,3.8,5.6,0.0,5.6,-5.6,DEFICIT,4.14,3.19,3.52,2.25
2024-09-28 05:00,9,5,5,weekend,0,0,60.0,18.5,3.3,7.17,3.95,11.12,-11.12,DEFICIT,4.35,3.3,3.7,2.25
2024-09-28 06:00,9,6,5,weekend,19.5,1.98,40.1,19.5,4.2,18.82,0,18.82,-16.84,DEFICIT,5.76,4.0,4.89,2.25
2024-09-28 07:00,9,7,5,weekend,93.4,9.47,50.8,22.8,3.5,25.81,11.32,37.13,-27.66,DEFICIT,5.88,4.07,5.0,2.25
2024-09-28 08:00,9,8,5,weekend,164.8,16.71,39.6,23.5,2.9,22.44,0.0,22.44,-5.73,DEFICIT,5.5,3.87,4.67,2.25
2024-09-28 09:00,9,9,5,weekend,213.8,21.68,42.1,23.2,4.2,14.35,13.95,28.3,-6.62,DEFICIT,5.63,3.94,4.78,2.25
2024-09-28 10:00,9,10,5,weekend,358.4,36.21,54.1,25.9,4.9,11.52,0,11.52,24.69,SURPLUS,3.77,3.01,3.2,2.25
2024-09-28 11:00,9,11,5,weekend,421.5,42.48,55.1,26.5,4.5,10.16,0,10.16,32.32,SURPLUS,3.29,2.77,2.79,2.25
2024-09-28 12:00,9,12,5,weekend,428.9,43.34,52.8,25.9,4.8,11.11,0,11.11,32.23,SURPLUS,3.98,3.12,3.39,2.25
2024-09-28 13:00,9,13,5,weekend,414.3,41.51,60.8,28.0,3.3,12.71,0,12.71,28.8,SURPLUS,3.31,2.78,2.82,2.25
2024-09-28 14:00,9,14,5,weekend,375.6,37.84,61.7,26.6,5.9,11.73,0,11.73,26.11,SURPLUS,3.12,2.68,2.65,2.25
2024-09-28 15:00,9,15,5,weekend,256.3,25.7,27.9,27.7,4.2,13.91,0,13.91,11.79,SURPLUS,3.6,2.93,3.06,2.25
2024-09-28 16:00,9,16,5,weekend,188.8,19.1,53.1,25.6,4.8,14.5,0,14.5,4.59,BALANCED,7.18,4.71,6.1,2.25
2024-09-28 17:00,9,17,5,weekend,100.1,10.15,51.8,24.4,4.2,18.28,0,18.28,-8.13,DEFICIT,6.52,4.38,5.54,2.25
2024-09-28 18:00,9,18,5,weekend,23.3,2.36,43.9,23.8,2.8,23.99,0.0,23.99,-21.62,DEFICIT,6.4,4.32,5.44,2.25
2024-09-28 19:00,9,19,5,weekend,0,0,44.8,22.3,4.3,28.1,0.0,28.1,-28.1,DEFICIT,6.45,4.35,5.48,2.25
2024-09-28 20:00,9,20,5,weekend,0,0,64.0,22.2,3.9,28.76,11.69,40.46,-40.46,DEFICIT,7.17,4.71,6.09,2.25
2024-09-28 21:00,9,21,5,weekend,0,0,47.7,19.8,3.4,27.06,5.64,32.69,-32.69,DEFICIT,6.71,4.48,5.7,2.25
2024-09-28 22:00,9,22,5,weekend,0,0,44.0,22.0,2.6,13.5,8.52,22.02,-22.02,DEFICIT,4.27,3.26,3.63,2.25
2024-09-28 23:00,9,23,5,weekend,0,0,56.9,23.4,4.1,12.93,0,12.93,-12.93,DEFICIT,5.03,3.64,4.28,2.25
2024-09-29 00:00,9,0,6,weekend,0,0,74.6,17.3,3.5,7.94,4.56,12.5,-12.5,DEFICIT,4.16,3.2,3.53,2.25
2024-09-29 01:00,9,1,6,weekend,0,0,68.4,21.2,4.6,6.36,0.0,6.36,-6.36,DEFICIT,4.31,3.28,3.66,2.25
2024-09-29 02:00,9,2,6,weekend,0,0,80.4,19.4,3.1,5.56,3.64,9.2,-9.2,DEFICIT,4.21,3.23,3.58,2.25
2024-09-29 03:00,9,3,6,weekend,0,0,76.4,17.9,2.7,5.14,4.84,9.97,-9.97,DEFICIT,4.23,3.24,3.6,2.25
2024-09-29 04:00,9,4,6,weekend,0,0,62.8,18.1,4.3,5,2.84,7.84,-7.84,DEFICIT,4.56,3.41,3.88,2.25
2024-09-29 05:00,9,5,6,weekend,0,0,69.2,21.2,3.6,7.41,2.79,10.2,-10.2,DEFICIT,4.38,3.31,3.72,2.25
2024-09-29 06:00,9,6,6,weekend,34.5,3.5,66.6,22.8,2.1,16.68,0,16.68,-13.18,DEFICIT,5.55,3.9,4.72,2.25
2024-09-29 07:00,9,7,6,weekend,116.5,11.81,64.7,21.2,4.1,28.35,16.11,44.45,-32.64,DEFICIT,5.34,3.79,4.54,2.25
2024-09-29 08:00,9,8,6,weekend,225.8,22.9,62.0,21.6,4.1,18.45,0.0,18.45,4.45,BALANCED,5.94,4.1,5.05,2.25
2024-09-29 09:00,9,9,6,weekend,386.6,39.01,66.8,26.2,4.2,14.3,13.38,27.68,11.34,SURPLUS,6.13,4.19,5.21,2.25
2024-09-29 10:00,9,10,6,weekend,477.5,48.41,74.1,23.8,2.9,10.49,0,10.49,37.93,SURPLUS,3.5,2.87,2.97,2.25
2024-09-29 11:00,9,11,6,weekend,545.6,54.85,75.5,27.1,3.2,12.07,0,12.07,42.78,SURPLUS,4.77,3.51,4.06,2.25
2024-09-29 12:00,9,12,6,weekend,571.8,57.59,67.1,26.7,5.9,13.17,0,13.17,44.42,SURPLUS,3.99,3.12,3.39,2.25
2024-09-29 13:00,9,13,6,weekend,659.1,66.06,77.2,27.9,4.2,13.54,0,13.54,52.52,SURPLUS,4.14,3.2,3.52,2.25
2024-09-29 14:00,9,14,6,weekend,504.4,50.15,59.0,29.8,5.1,11.31,0,11.31,38.83,SURPLUS,3.43,2.84,2.92,2.25
2024-09-29 15:00,9,15,6,weekend,492.2,48.93,53.4,29.9,2.5,11.72,0,11.72,37.22,SURPLUS,3.64,2.94,3.09,2.25
2024-09-29 16:00,9,16,6,weekend,298.3,29.96,48.1,27.4,4.0,14.96,0,14.96,15.0,SURPLUS,6.38,4.31,5.42,2.25
2024-09-29 17:00,9,17,6,weekend,139.9,14.04,67.0,27.6,3.7,18.93,0,18.93,-4.89,BALANCED,7.28,4.76,6.19,2.25
2024-09-29 18:00,9,18,6,weekend,33.6,3.4,64.8,25.1,3.5,29.91,20.79,50.7,-47.3,DEFICIT,6.94,4.59,5.9,2.25
2024-09-29 19:00,9,19,6,weekend,0,0,81.2,24.2,3.5,31.43,9.98,41.41,-41.41,DEFICIT,6.97,4.61,5.93,2.25
2024-09-29 20:00,9,20,6,weekend,0,0,77.5,22.7,3.1,31.85,15.96,47.81,-47.81,DEFICIT,6.85,4.55,5.82,2.25
2024-09-29 21:00,9,21,6,weekend,0,0,72.7,19.6,4.5,19.56,16.18,35.74,-35.74,DEFICIT,6.44,4.35,5.48,2.25
2024-09-29 22:00,9,22,6,weekend,0,0,87.9,21.4,2.7,16.7,7.53,24.23,-24.23,DEFICIT,4.53,3.39,3.85,2.25
2024-09-29 23:00,9,23,6,weekend,0,0,87.1,21.0,2.6,11.76,0,11.76,-11.76,DEFICIT,4.75,3.5,4.04,2.25
2024-09-30 00:00,9,0,0,weekday,0,0,44.0,22.2,4.3,6.33,0.0,6.33,-6.33,DEFICIT,4.57,3.41,3.88,2.25
2024-09-30 01:00,9,1,0,weekday,0,0,44.6,18.2,3.9,5.35,4.62,9.97,-9.97,DEFICIT,4.79,3.52,4.07,2.25
2024-09-30 02:00,9,2,0,weekday,0,0,50.0,18.0,4.3,5.47,0.0,5.47,-5.47,DEFICIT,4.42,3.33,3.75,2.25
2024-09-30 03:00,9,3,0,weekday,0,0,30.8,20.2,2.5,5,4.97,9.97,-9.97,DEFICIT,4.55,3.4,3.87,2.25
2024-09-30 04:00,9,4,0,weekday,0,0,48.3,17.2,2.7,5,0.0,5.0,-5.0,BALANCED,4.83,3.54,4.1,2.25
2024-09-30 05:00,9,5,0,weekday,0,0,49.3,21.0,3.4,6.19,0.0,6.19,-6.19,DEFICIT,4.57,3.41,3.89,2.25
2024-09-30 06:00,9,6,0,weekday,15.6,1.59,42.4,17.6,3.0,15.54,0,15.54,-13.95,DEFICIT,5.36,3.81,4.56,2.25
2024-09-30 07:00,9,7,0,weekday,56.9,5.77,37.4,20.3,3.8,22.32,0.0,22.32,-16.55,DEFICIT,6.03,4.14,5.13,2.25
2024-09-30 08:00,9,8,0,weekday,139.0,14.1,37.1,20.6,4.0,15.13,0.0,15.13,-1.03,BALANCED,6.2,4.23,5.27,2.25
2024-09-30 09:00,9,9,0,weekday,177.7,17.93,33.8,26.2,3.0,12.27,7.07,19.34,-1.41,BALANCED,5.51,3.88,4.69,2.25
2024-09-30 10:00,9,10,0,weekday,272.6,27.57,37.3,25.6,3.0,9.33,0,9.33,18.24,SURPLUS,4.02,3.13,3.41,2.25
2024-09-30 11:00,9,11,0,weekday,313.5,31.79,56.9,24.6,5.1,10.43,0,10.43,21.36,SURPLUS,3.4,2.83,2.89,2.25
2024-09-30 12:00,9,12,0,weekday,404.6,40.72,45.8,26.9,5.9,11.7,0,11.7,29.02,SURPLUS,3.82,3.03,3.25,2.25
2024-09-30 13:00,9,13,0,weekday,307.0,30.7,32.8,28.4,5.1,10.35,0,10.35,20.35,SURPLUS,4.1,3.18,3.49,2.25
2024-09-30 14:00,9,14,0,weekday,263.0,26.31,41.0,28.3,4.6,9.7,0,9.7,16.6,SURPLUS,4.04,3.14,3.43,2.25
2024-09-30 15:00,9,15,0,weekday,217.5,21.92,47.3,26.6,3.5,9.64,0,9.64,12.28,SURPLUS,3.35,2.8,2.85,2.25
2024-09-30 16:00,9,16,0,weekday,141.8,14.38,39.6,24.2,4.9,13.71,0,13.71,0.68,BALANCED,7.42,4.84,6.31,2.25
2024-09-30 17:00,9,17,0,weekday,73.4,7.42,35.1,25.7,3.9,16.27,0,16.27,-8.86,DEFICIT,6.71,4.48,5.7,2.25
2024-09-30 18:00,9,18,0,weekday,18.3,1.86,47.5,20.9,3.4,24.2,21.76,45.96,-44.1,DEFICIT,6.66,4.46,5.66,2.25
2024-09-30 19:00,9,19,0,weekday,0,0,41.6,25.1,3.3,28.09,0.0,28.09,-28.09,DEFICIT,6.77,4.51,5.75,2.25
2024-09-30 20:00,9,20,0,weekday,0,0,40.7,21.4,5.0,28.53,10.95,39.48,-39.48,DEFICIT,6.44,4.34,5.47,2.25
2024-09-30 21:00,9,21,0,weekday,0,0,38.4,22.7,4.6,17.55,9.1,26.65,-26.65,DEFICIT,7.24,4.74,6.15,2.25
2024-09-30 22:00,9,22,0,weekday,0,0,35.5,22.5,3.5,14.43,11.37,25.8,-25.8,DEFICIT,4.65,3.45,3.95,2.25
2024-09-30 23:00,9,23,0,weekday,0,0,44.6,21.3,4.6,10.29,0,10.29,-10.29,DEFICIT,4.49,3.37,3.82,2.25
2024-10-01 00:00,10,0,1,weekday,0,0,60.7,22.2,3.5,6.98,0.0,6.98,-6.98,DEFICIT,4.73,3.49,4.02,2.25
2024-10-01 01:00,10,1,1,weekday,0,0,75.7,18.5,3.6,5.52,3.23,8.75,-8.75,DEFICIT,4.63,3.44,3.94,2.25
2024-10-01 02:00,10,2,1,weekday,0,0,54.7,18.5,3.5,5.04,5.22,10.26,-10.26,DEFICIT,4.71,3.48,4.0,2.25
2024-10-01 03:00,10,3,1,weekday,0,0,58.8,17.0,3.3,5,2.45,7.45,-7.45,DEFICIT,4.83,3.54,4.1,2.25
2024-10-01 04:00,10,4,1,weekday,0,0,58.4,16.9,3.6,5,0.0,5.0,-5.0,BALANCED,4.34,3.3,3.69,2.25
2024-10-01 05:00,10,5,1,weekday,0,0,58.0,18.7,2.6,5.42,2.64,8.06,-8.06,DEFICIT,5.16,3.71,4.39,2.25
2024-10-01 06:00,10,6,1,weekday,32.4,3.29,67.8,18.2,3.8,14.5,0,14.5,-11.21,DEFICIT,5.75,4.0,4.89,2.25
2024-10-01 07:00,10,7,1,weekday,111.8,11.34,59.2,22.6,2.9,20.41,0.0,20.41,-9.07,DEFICIT,6.12,4.18,5.2,2.25
2024-10-01 08:00,10,8,1,weekday,238.1,24.15,52.6,21.0,3.1,13.98,0.0,13.98,10.17,SURPLUS,6.13,4.19,5.21,2.25
2024-10-01 09:00,10,9,1,weekday,388.6,39.41,62.7,23.8,4.8,11.64,15.33,26.97,12.44,SURPLUS,5.66,3.96,4.81,2.25
2024-10-01 10:00,10,10,1,weekday,469.7,47.63,62.3,24.7,2.8,10.44,0,10.44,37.19,SURPLUS,3.29,2.77,2.79,2.25
2024-10-01 11:00,10,11,1,weekday,580.7,58.75,61.2,25.6,1.8,8.61,0,8.61,50.14,SURPLUS,3.98,3.11,3.38,2.25
2024-10-01 12:00,10,12,1,weekday,689.9,69.81,71.5,25.6,2.7,10.48,0,10.48,59.33,SURPLUS,3.97,3.11,3.37,2.25
2024-10-01 13:00,10,13,1,weekday,587.2,59.13,59.6,26.7,4.1,10.39,0,10.39,48.74,SURPLUS,3.91,3.08,3.32,2.25
2024-10-01 14:00,10,14,1,weekday,508.9,51.34,48.8,26.3,3.6,7.87,0,7.87,43.47,SURPLUS,3.62,2.93,3.07,2.25
2024-10-01 15:00,10,15,1,weekday,383.6,38.68,59.4,26.4,4.3,9.25,0,9.25,29.43,SURPLUS,3.72,2.99,3.16,2.25
2024-10-01 16:00,10,16,1,weekday,284.8,28.81,64.9,25.6,2.9,11.79,0,11.79,17.02,SURPLUS,6.97,4.61,5.93,2.25
2024-10-01 17:00,10,17,1,weekday,135.2,13.7,63.2,25.0,3.9,19.51,0,19.51,-5.81,DEFICIT,6.84,4.55,5.82,2.25
2024-10-01 18:00,10,18,1,weekday,28.5,2.88,58.1,25.5,4.4,24.71,0.0,24.71,-21.83,DEFICIT,6.72,4.48,5.71,2.25
2024-10-01 19:00,10,19,1,weekday,0,0,69.2,22.0,3.3,24.0,0.0,24.0,-24.0,DEFICIT,6.81,4.53,5.79,2.25
2024-10-01 20:00,10,20,1,weekday,0,0,57.7,22.7,2.9,25.99,0.0,25.99,-25.99,DEFICIT,6.8,4.52,5.78,2.25
2024-10-01 21:00,10,21,1,weekday,0,0,73.4,17.7,3.7,19.18,20.0,39.18,-39.18,DEFICIT,6.65,4.45,5.66,2.25
2024-10-01 22:00,10,22,1,weekday,0,0,72.1,18.6,2.7,13.98,0.0,13.98,-13.98,DEFICIT,4.93,3.59,4.19,2.25
2024-10-01 23:00,10,23,1,weekday,0,0,67.8,21.0,4.0,10.14,0,10.14,-10.14,DEFICIT,4.73,3.49,4.02,2.25
2024-10-02 00:00,10,0,2,weekday,0,0,50.8,18.4,4.5,5.86,0.0,5.86,-5.86,DEFICIT,3.97,3.11,3.38,2.25
2024-10-02 01:00,10,1,2,weekday,0,0,52.6,18.7,3.6,5.32,2.45,7.77,-7.77,DEFICIT,4.51,3.38,3.84,2.25
2024-10-02 02:00,10,2,2,weekday,0,0,70.6,19.8,2.5,5,4.42,9.42,-9.42,DEFICIT,4.48,3.37,3.81,2.25
2024-10-02 03:00,10,3,2,weekday,0,0,61.3,17.3,3.2,5,0.0,5.0,-5.0,BALANCED,4.47,3.36,3.8,2.25
2024-10-02 04:00,10,4,2,weekday,0,0,68.3,17.8,1.0,5,0.0,5.0,-5.0,BALANCED,4.47,3.36,3.8,2.25
2024-10-02 05:00,10,5,2,weekday,0,0,71.3,18.2,3.7,5.19,0.0,5.19,-5.19,DEFICIT,4.31,3.28,3.66,2.25
2024-10-02 06:00,10,6,2,weekday,33.7,3.42,78.4,18.3,4.2,13.96,0,13.96,-10.54,DEFICIT,5.71,3.98,4.86,2.25
2024-10-02 07:00,10,7,2,weekday,124.3,12.6,58.7,21.9,1.2,21.14,0.0,21.14,-8.53,DEFICIT,5.6,3.93,4.76,2.25
2024-10-02 08:00,10,8,2,weekday,278.6,28.25,53.7,20.1,2.9,15.17,10.54,25.71,2.54,BALANCED,5.68,3.97,4.83,2.25
2024-10-02 09:00,10,9,2,weekday,379.0,38.43,63.7,24.4,2.4,10.55,20.86,31.41,7.01,SURPLUS,5.61,3.93,4.77,2.25
2024-10-02 10:00,10,10,2,weekday,478.5,48.44,62.4,25.4,3.7,8.58,0,8.58,39.86,SURPLUS,3.59,2.92,3.05,2.25
2024-10-02 11:00,10,11,2,weekday,577.5,58.27,66.8,26.2,3.7,10.24,0,10.24,48.03,SURPLUS,3.77,3.01,3.2,2.25
2024-10-02 12:00,10,12,2,weekday,644.9,65.11,67.4,26.1,1.8,10.85,0,10.85,54.27,SURPLUS,4.02,3.14,3.42,2.25
2024-10-02 13:00,10,13,2,weekday,637.9,64.39,80.2,26.1,3.7,9.78,0,9.78,54.61,SURPLUS,3.73,2.99,3.17,2.25
2024-10-02 14:00,10,14,2,weekday,564.4,56.46,62.3,28.4,3.8,8.86,0,8.86,47.6,SURPLUS,3.95,3.1,3.35,2.25
2024-10-02 15:00,10,15,2,weekday,440.2,44.0,64.1,28.5,3.7,9.64,0,9.64,34.36,SURPLUS,3.73,2.99,3.17,2.25
2024-10-02 16:00,10,16,2,weekday,330.2,33.48,62.4,23.9,2.3,9.28,0,9.28,24.2,SURPLUS,6.49,4.37,5.52,2.25
2024-10-02 17:00,10,17,2,weekday,161.1,16.34,51.9,23.3,4.4,13.47,0,13.47,2.86,BALANCED,7.24,4.74,6.15,2.25
2024-10-02 18:00,10,18,2,weekday,34.3,3.48,66.5,21.4,2.1,21.93,17.74,39.67,-36.19,DEFICIT,6.77,4.51,5.75,2.25
2024-10-02 19:00,10,19,2,weekday,0,0,61.9,20.8,3.0,23.91,11.86,35.76,-35.76,DEFICIT,7.03,4.64,5.98,2.25
2024-10-02 20:00,10,20,2,weekday,0,0,68.1,21.7,2.0,25.0,17.8,42.8,-42.8,DEFICIT,6.67,4.46,5.67,2.25
2024-10-02 21:00,10,21,2,weekday,0,0,59.1,21.7,3.1,19.19,0.0,19.19,-19.19,DEFICIT,7.1,4.68,6.04,2.25
2024-10-02 22:00,10,22,2,weekday,0,0,72.9,17.5,2.3,12.7,11.52,24.22,-24.22,DEFICIT,4.77,3.51,4.05,2.25
2024-10-02 23:00,10,23,2,weekday,0,0,67.8,19.7,3.0,11.18,0,11.18,-11.18,DEFICIT,4.75,3.5,4.04,2.25
2024-10-03 00:00,10,0,3,weekday,0,0,65.0,17.9,2.7,6.64,5.36,12.0,-12.0,DEFICIT,4.65,3.45,3.96,2.25
2024-10-03 01:00,10,1,3,weekday,0,0,58.9,18.9,2.7,5.08,0.0,5.08,-5.08,DEFICIT,4.52,3.38,3.84,2.25
2024-10-03 02:00,10,2,3,weekday,0,0,80.1,19.3,1.6,5,3.18,8.18,-8.18,DEFICIT,4.63,3.44,3.93,2.25
2024-10-03 03:00,10,3,3,weekday,0,0,80.0,17.0,2.6,5,0.0,5.0,-5.0,BALANCED,5.04,3.65,4.29,2.25
2024-10-03 04:00,10,4,3,weekday,0,0,49.7,17.8,2.0,5,4.01,9.01,-9.01,DEFICIT,4.36,3.3,3.7,2.25
2024-10-03 05:00,10,5,3,weekday,0,0,66.3,17.0,3.3,5.5,0.0,5.5,-5.5,DEFICIT,4.04,3.14,3.43,2.25
2024-10-03 06:00,10,6,3,weekday,37.0,3.75,61.7,18.3,2.6,15.73,0,15.73,-11.98,DEFICIT,6.13,4.19,5.21,2.25
2024-10-03 07:00,10,7,3,weekday,106.6,10.81,72.3,19.7,0.6,18.81,18.01,36.82,-26.02,DEFICIT,5.99,4.12,5.09,2.25
2024-10-03 08:00,10,8,3,weekday,230.8,23.4,50.5,22.7,2.1,15.64,0.0,15.64,7.76,SURPLUS,6.23,4.24,5.29,2.25
2024-10-03 09:00,10,9,3,weekday,385.1,39.05,59.5,23.1,3.9,9.46,14.74,24.21,14.84,SURPLUS,5.64,3.94,4.79,2.25
2024-10-03 10:00,10,10,3,weekday,485.1,48.82,63.6,26.9,3.4,7.96,0,7.96,40.86,SURPLUS,3.65,2.95,3.11,2.25
2024-10-03 11:00,10,11,3,weekday,583.2,59.09,64.2,25.2,2.4,9.0,0,9.0,50.09,SURPLUS,3.22,2.74,2.74,2.25
2024-10-03 12:00,10,12,3,weekday,736.8,74.36,68.5,26.2,0.6,13.05,0,13.05,61.31,SURPLUS,3.65,2.95,3.11,2.25
2024-10-03 13:00,10,13,3,weekday,626.9,63.42,57.5,25.6,1.8,9.93,0,9.93,53.49,SURPLUS,3.71,2.98,3.15,2.25
2024-10-03 14:00,10,14,3,weekday,475.2,47.78,67.1,27.1,3.1,10.35,0,10.35,37.43,SURPLUS,4.29,3.27,3.64,2.25
2024-10-03 15:00,10,15,3,weekday,414.9,41.81,61.7,26.6,4.5,9.25,0,9.25,32.55,SURPLUS,3.82,3.04,3.25,2.25
2024-10-03 16:00,10,16,3,weekday,327.2,32.84,64.5,27.5,3.7,10.7,0,10.7,22.14,SURPLUS,6.66,4.45,5.66,2.25
2024-10-03 17:00,10,17,3,weekday,155.9,15.78,55.6,25.6,3.0,17.53,0,17.53,-1.75,BALANCED,6.38,4.31,5.42,2.25
2024-10-03 18:00,10,18,3,weekday,28.8,2.92,68.2,22.3,1.9,20.96,0.0,20.96,-18.04,DEFICIT,6.42,4.33,5.45,2.25
2024-10-03 19:00,10,19,3,weekday,0,0,56.1,21.2,2.9,29.02,14.71,43.73,-43.73,DEFICIT,6.89,4.57,5.85,2.25
2024-10-03 20:00,10,20,3,weekday,0,0,88.4,22.7,3.3,24.86,12.15,37.0,-37.0,DEFICIT,6.05,4.15,5.14,2.25
2024-10-03 21:00,10,21,3,weekday,0,0,61.4,21.8,2.6,19.87,15.2,35.07,-35.07,DEFICIT,7.18,4.72,6.11,2.25
2024-10-03 22:00,10,22,3,weekday,0,0,58.9,20.2,2.3,14.34,7.3,21.63,-21.63,DEFICIT,4.69,3.47,3.98,2.25
2024-10-03 23:00,10,23,3,weekday,0,0,62.3,18.6,3.8,8.9,0,8.9,-8.9,DEFICIT,4.57,3.41,3.89,2.25
2024-10-04 00:00,10,0,4,weekday,0,0,62.1,18.6,4.2,6.62,0.0,6.62,-6.62,DEFICIT,4.82,3.53,4.1,2.25
2024-10-04 01:00,10,1,4,weekday,0,0,56.4,19.7,2.9,5.53,0.0,5.53,-5.53,DEFICIT,4.4,3.32,3.74,2.25
2024-10-04 02:00,10,2,4,weekday,0,0,57.5,20.5,2.9,5,0.0,5.0,-5.0,BALANCED,4.9,3.58,4.17,2.25
2024-10-04 03:00,10,3,4,weekday,0,0,52.2,16.5,2.2,5,0.0,5.0,-5.0,BALANCED,4.43,3.34,3.76,2.25
2024-10-04 04:00,10,4,4,weekday,0,0,53.2,18.3,3.3,5,4.62,9.62,-9.62,DEFICIT,4.76,3.51,4.05,2.25
2024-10-04 05:00,10,5,4,weekday,0,0,52.5,19.1,3.1,5.84,0.0,5.84,-5.84,DEFICIT,4.33,3.29,3.68,2.25
2024-10-04 06:00,10,6,4,weekday,28.5,2.89,40.8,16.1,3.8,16.31,0,16.31,-13.43,DEFICIT,6.46,4.36,5.49,2.25
2024-10-04 07:00,10,7,4,weekday,94.1,9.54,47.3,19.4,2.5,21.27,7.77,29.04,-19.5,DEFICIT,5.79,4.02,4.92,2.25
2024-10-04 08:00,10,8,4,weekday,210.6,21.35,33.7,22.0,3.1,13.78,0.0,13.78,7.57,SURPLUS,5.58,3.92,4.75,2.25
2024-10-04 09:00,10,9,4,weekday,327.6,33.22,48.7,24.1,2.9,10.16,0.0,10.16,23.06,SURPLUS,5.5,3.87,4.67,2.25
2024-10-04 10:00,10,10,4,weekday,455.8,46.18,42.0,25.2,2.1,8.76,0,8.76,37.42,SURPLUS,3.97,3.11,3.37,2.25
2024-10-04 11:00,10,11,4,weekday,411.7,41.75,52.0,24.5,2.3,9.69,0,9.69,32.06,SURPLUS,4.23,3.24,3.59,2.25
2024-10-04 12:00,10,12,4,weekday,514.1,51.63,64.7,27.4,3.8,11.88,0,11.88,39.76,SURPLUS,4.04,3.14,3.43,2.25
2024-10-04 13:00,10,13,4,weekday,517.2,51.58,53.8,29.1,4.3,9.73,0,9.73,41.84,SURPLUS,3.99,3.12,3.39,2.25
2024-10-04 14:00,10,14,4,weekday,476.9,47.87,66.6,27.5,2.7,8.91,0,8.91,38.96,SURPLUS,3.6,2.93,3.06,2.25
2024-10-04 15:00,10,15,4,weekday,346.5,35.13,59.0,24.3,4.2,11.62,0,11.62,23.52,SURPLUS,4.14,3.19,3.52,2.25
2024-10-04 16:00,10,16,4,weekday,245.0,24.84,58.6,23.7,2.5,10.69,0,10.69,14.15,SURPLUS,6.06,4.16,5.16,2.25
2024-10-04 17:00,10,17,4,weekday,113.2,11.37,40.5,27.2,2.4,16.03,0,16.03,-4.66,BALANCED,6.99,4.62,5.94,2.25
2024-10-04 18:00,10,18,4,weekday,27.3,2.77,44.0,23.1,3.2,22.3,8.41,30.71,-27.95,DEFICIT,6.29,4.27,5.35,2.25
2024-10-04 19:00,10,19,4,weekday,0,0,58.2,25.5,3.5,25.76,0.0,25.76,-25.76,DEFICIT,7.0,4.63,5.95,2.25
2024-10-04 20:00,10,20,4,weekday,0,0,58.0,21.6,2.6,27.76,17.04,44.8,-44.8,DEFICIT,6.6,4.42,5.61,2.25
2024-10-04 21:00,10,21,4,weekday,0,0,67.3,21.8,4.0,19.23,14.57,33.8,-33.8,DEFICIT,6.92,4.59,5.88,2.25
2024-10-04 22:00,10,22,4,weekday,0,0,61.2,20.0,2.8,15.39,11.61,27.01,-27.01,DEFICIT,4.95,3.6,4.21,2.25
2024-10-04 23:00,10,23,4,weekday,0,0,51.3,22.2,2.5,8.07,0,8.07,-8.07,DEFICIT,4.87,3.56,4.14,2.25
2024-10-05 00:00,10,0,5,weekend,0,0,59.6,18.3,2.5,8.35,4.42,12.77,-12.77,DEFICIT,4.83,3.54,4.11,2.25
2024-10-05 01:00,10,1,5,weekend,0,0,42.1,16.5,2.8,6.43,0.0,6.43,-6.43,DEFICIT,4.47,3.36,3.8,2.25
2024-10-05 02:00,10,2,5,weekend,0,0,64.4,20.3,2.4,5.23,0.0,5.23,-5.23,DEFICIT,4.22,3.23,3.59,2.25
2024-10-05 03:00,10,3,5,weekend,0,0,69.1,18.5,3.0,5,4.96,9.96,-9.96,DEFICIT,4.74,3.49,4.03,2.25
2024-10-05 04:00,10,4,5,weekend,0,0,54.3,17.8,1.6,5.47,0.0,5.47,-5.47,DEFICIT,4.44,3.34,3.77,2.25
2024-10-05 05:00,10,5,5,weekend,0,0,44.4,18.3,3.0,5.99,0.0,5.99,-5.99,DEFICIT,4.37,3.31,3.72,2.25
2024-10-05 06:00,10,6,5,weekend,33.1,3.36,71.4,19.4,2.4,15.25,0,15.25,-11.89,DEFICIT,5.93,4.09,5.04,2.25
2024-10-05 07:00,10,7,5,weekend,113.1,11.47,46.8,21.3,3.4,24.57,0.0,24.57,-13.1,DEFICIT,6.14,4.2,5.22,2.25
2024-10-05 08:00,10,8,5,weekend,279.1,28.3,60.6,23.9,4.1,17.45,0.0,17.45,10.85,SURPLUS,5.27,3.76,4.48,2.25
2024-10-05 09:00,10,9,5,weekend,317.8,32.23,61.8,23.6,2.1,12.0,21.49,33.48,-1.26,BALANCED,5.53,3.89,4.7,2.25
2024-10-05 10:00,10,10,5,weekend,510.3,51.75,62.1,23.4,3.1,11.51,0,11.51,40.23,SURPLUS,4.04,3.15,3.44,2.25
2024-10-05 11:00,10,11,5,weekend,546.0,55.37,53.7,22.9,4.4,10.49,0,10.49,44.88,SURPLUS,3.75,3.0,3.19,2.25
2024-10-05 12:00,10,12,5,weekend,621.0,62.8,52.7,25.7,4.1,12.33,0,12.33,50.46,SURPLUS,3.31,2.78,2.82,2.25
2024-10-05 13:00,10,13,5,weekend,580.3,58.22,47.0,27.7,3.7,13.98,0,13.98,44.24,SURPLUS,4.23,3.24,3.6,2.25
2024-10-05 14:00,10,14,5,weekend,556.4,56.41,48.4,25.0,2.5,11.37,0,11.37,45.04,SURPLUS,3.76,3.0,3.2,2.25
2024-10-05 15:00,10,15,5,weekend,396.0,39.56,52.5,28.7,2.8,12.51,0,12.51,27.05,SURPLUS,3.89,3.07,3.31,2.25
2024-10-05 16:00,10,16,5,weekend,280.2,28.22,47.1,26.8,2.5,15.34,0,15.34,12.88,SURPLUS,6.64,4.45,5.65,2.25
2024-10-05 17:00,10,17,5,weekend,121.0,12.18,56.5,26.8,3.3,18.57,0,18.57,-6.38,DEFICIT,7.42,4.84,6.31,2.25
2024-10-05 18:00,10,18,5,weekend,32.1,3.25,56.6,23.0,3.0,27.24,14.18,41.42,-38.17,DEFICIT,6.96,4.6,5.91,2.25
2024-10-05 19:00,10,19,5,weekend,0,0,51.6,21.0,2.4,27.68,20.61,48.3,-48.3,DEFICIT,6.47,4.36,5.5,2.25
2024-10-05 20:00,10,20,5,weekend,0,0,65.3,21.2,3.4,23.7,8.86,32.56,-32.56,DEFICIT,6.73,4.49,5.72,2.25
2024-10-05 21:00,10,21,5,weekend,0,0,73.2,18.6,2.3,23.41,9.64,33.05,-33.05,DEFICIT,6.54,4.4,5.56,2.25
2024-10-05 22:00,10,22,5,weekend,0,0,62.8,22.3,3.1,13.67,17.73,31.4,-31.4,DEFICIT,5.02,3.64,4.27,2.25
2024-10-05 23:00,10,23,5,weekend,0,0,58.4,22.1,3.0,9.37,0,9.37,-9.37,DEFICIT,4.5,3.37,3.82,2.25
2024-10-06 00:00,10,0,6,weekend,0,0,27.0,19.5,2.2,7.86,0.0,7.86,-7.86,DEFICIT,4.52,3.39,3.84,2.25
2024-10-06 01:00,10,1,6,weekend,0,0,26.8,18.8,4.2,6.14,5.0,11.15,-11.15,DEFICIT,4.61,3.43,3.92,2.25
2024-10-06 02:00,10,2,6,weekend,0,0,34.8,19.9,3.6,5.59,2.73,8.32,-8.32,DEFICIT,4.66,3.45,3.96,2.25
2024-10-06 03:00,10,3,6,weekend,0,0,33.0,18.7,2.5,5.02,0.0,5.02,-5.02,DEFICIT,4.55,3.4,3.87,2.25
2024-10-06 04:00,10,4,6,weekend,0,0,38.7,16.4,2.4,5.05,2.99,8.04,-8.04,DEFICIT,4.22,3.24,3.59,2.25
2024-10-06 05:00,10,5,6,weekend,0,0,42.4,20.0,1.6,6.87,0.0,6.87,-6.87,DEFICIT,4.32,3.29,3.67,2.25
2024-10-06 06:00,10,6,6,weekend,17.6,1.78,28.2,21.8,3.1,13.57,0,13.57,-11.79,DEFICIT,5.86,4.06,4.98,2.25
2024-10-06 07:00,10,7,6,weekend,70.9,7.19,37.8,18.5,4.7,21.38,11.59,32.97,-25.78,DEFICIT,6.03,4.14,5.13,2.25
2024-10-06 08:00,10,8,6,weekend,146.9,14.9,36.3,21.1,3.1,18.36,0.0,18.36,-3.46,BALANCED,5.95,4.1,5.06,2.25
2024-10-06 09:00,10,9,6,weekend,241.1,24.44,24.7,22.7,3.2,13.86,0.0,13.86,10.58,SURPLUS,6.06,4.16,5.15,2.25
2024-10-06 10:00,10,10,6,weekend,274.8,27.87,34.1,24.3,2.3,11.21,0,11.21,16.66,SURPLUS,3.41,2.83,2.9,2.25
2024-10-06 11:00,10,11,6,weekend,309.3,31.36,30.6,20.5,3.3,8.03,0,8.03,23.34,SURPLUS,3.33,2.79,2.83,2.25
2024-10-06 12:00,10,12,6,weekend,368.7,37.39,39.9,23.9,2.5,13.71,0,13.71,23.68,SURPLUS,3.8,3.03,3.23,2.25
2024-10-06 13:00,10,13,6,weekend,328.0,32.79,30.0,28.5,3.9,10.35,0,10.35,22.45,SURPLUS,3.39,2.82,2.88,2.25
2024-10-06 14:00,10,14,6,weekend,313.8,31.37,38.0,28.5,4.6,10.66,0,10.66,20.71,SURPLUS,3.32,2.78,2.82,2.25
2024-10-06 15:00,10,15,6,weekend,217.0,21.92,17.8,26.0,3.5,13.47,0,13.47,8.45,SURPLUS,3.78,3.02,3.22,2.25
2024-10-06 16:00,10,16,6,weekend,152.0,15.41,12.6,24.4,3.2,14.52,0,14.52,0.89,BALANCED,6.52,4.39,5.54,2.25
2024-10-06 17:00,10,17,6,weekend,81.7,8.24,38.2,26.3,2.9,15.63,0,15.63,-7.39,DEFICIT,6.77,4.51,5.76,2.25
2024-10-06 18:00,10,18,6,weekend,18.7,1.9,35.1,24.4,2.1,32.75,0.0,32.75,-30.85,DEFICIT,6.96,4.6,5.91,2.25
2024-10-06 19:00,10,19,6,weekend,0,0,38.7,19.8,3.7,27.79,0.0,27.79,-27.79,DEFICIT,6.27,4.26,5.33,2.25
2024-10-06 20:00,10,20,6,weekend,0,0,40.7,21.6,2.4,28.16,8.75,36.91,-36.91,DEFICIT,6.65,4.45,5.66,2.25
2024-10-06 21:00,10,21,6,weekend,0,0,34.0,21.9,2.7,21.47,12.11,33.58,-33.58,DEFICIT,6.58,4.42,5.59,2.25
2024-10-06 22:00,10,22,6,weekend,0,0,40.5,20.3,3.1,15.26,7.25,22.51,-22.51,DEFICIT,4.32,3.28,3.67,2.25
2024-10-06 23:00,10,23,6,weekend,0,0,32.1,20.5,2.2,11.07,0,11.07,-11.07,DEFICIT,4.96,3.6,4.21,2.25
2024-10-07 00:00,10,0,0,weekday,0,0,100,19.1,2.3,7.23,0.0,7.23,-7.23,DEFICIT,4.32,3.28,3.67,2.25
2024-10-07 01:00,10,1,0,weekday,0,0,91.8,19.0,2.3,5,0.0,5.0,-5.0,BALANCED,4.27,3.26,3.63,2.25
2024-10-07 02:00,10,2,0,weekday,0,0,86.3,17.2,2.4,5.51,0.0,5.51,-5.51,DEFICIT,4.84,3.54,4.11,2.25
2024-10-07 03:00,10,3,0,weekday,0,0,87.0,19.0,1.8,5,3.29,8.29,-8.29,DEFICIT,4.42,3.33,3.75,2.25
2024-10-07 04:00,10,4,0,weekday,0,0,97.3,17.8,2.0,5,4.11,9.11,-9.11,DEFICIT,4.62,3.44,3.93,2.25
2024-10-07 05:00,10,5,0,weekday,0,0,77.2,17.8,1.7,5.07,0.0,5.07,-5.07,DEFICIT,4.82,3.54,4.1,2.25
2024-10-07 06:00,10,6,0,weekday,47.6,4.83,70.2,18.3,3.4,14.14,0,14.14,-9.31,DEFICIT,5.77,4.01,4.9,2.25
2024-10-07 07:00,10,7,0,weekday,136.0,13.79,90.4,21.6,3.2,19.93,0.0,19.93,-6.15,DEFICIT,5.59,3.92,4.75,2.25
2024-10-07 08:00,10,8,0,weekday,264.4,26.81,75.1,22.7,3.1,14.86,0.0,14.86,11.95,SURPLUS,5.66,3.95,4.81,2.25
2024-10-07 09:00,10,9,0,weekday,432.6,43.87,62.5,22.5,2.9,11.95,0.0,11.95,31.92,SURPLUS,5.8,4.02,4.93,2.25
2024-10-07 10:00,10,10,0,weekday,639.5,64.85,62.3,22.0,2.4,9.89,0,9.89,54.96,SURPLUS,3.93,3.09,3.34,2.25
2024-10-07 11:00,10,11,0,weekday,762.4,76.92,59.0,26.3,1.5,8.36,0,8.36,68.56,SURPLUS,3.65,2.95,3.1,2.25
2024-10-07 12:00,10,12,0,weekday,758.9,76.43,68.9,26.7,2.5,10.09,0,10.09,66.34,SURPLUS,3.86,3.06,3.28,2.25
2024-10-07 13:00,10,13,0,weekday,789.1,78.91,77.8,28.4,3.1,9.96,0,9.96,68.95,SURPLUS,3.81,3.03,3.23,2.25
2024-10-07 14:00,10,14,0,weekday,642.3,64.76,79.3,26.4,4.6,8.8,0,8.8,55.96,SURPLUS,3.62,2.94,3.08,2.25
2024-10-07 15:00,10,15,0,weekday,588.8,59.7,68.9,25.0,2.6,10.25,0,10.25,49.46,SURPLUS,4.28,3.26,3.63,2.25
2024-10-07 16:00,10,16,0,weekday,327.2,33.12,70.5,25.4,2.9,12.77,0,12.77,20.35,SURPLUS,7.39,4.82,6.28,2.25
2024-10-07 17:00,10,17,0,weekday,205.8,20.86,73.6,25.1,2.5,16.59,0,16.59,4.28,BALANCED,7.16,4.7,6.08,2.25
2024-10-07 18:00,10,18,0,weekday,44.0,4.46,69.9,21.2,3.0,22.52,12.38,34.9,-30.44,DEFICIT,6.6,4.43,5.61,2.25
2024-10-07 19:00,10,19,0,weekday,0,0,75.9,23.5,3.5,26.07,11.98,38.05,-38.05,DEFICIT,6.75,4.5,5.73,2.25
2024-10-07 20:00,10,20,0,weekday,0,0,94.1,24.0,2.8,20.82,13.16,33.98,-33.98,DEFICIT,6.75,4.5,5.74,2.25
2024-10-07 21:00,10,21,0,weekday,0,0,69.1,20.6,2.7,20.48,6.54,27.02,-27.02,DEFICIT,7.23,4.74,6.14,2.25
2024-10-07 22:00,10,22,0,weekday,0,0,78.9,21.4,2.2,12.46,10.42,22.87,-22.87,DEFICIT,4.63,3.44,3.93,2.25
2024-10-07 23:00,10,23,0,weekday,0,0,72.7,19.3,3.8,8.78,0,8.78,-8.78,DEFICIT,4.13,3.19,3.51,2.25
2024-10-08 00:00,10,0,1,weekday,0,0,83.2,20.9,2.2,6.72,4.56,11.29,-11.29,DEFICIT,4.78,3.52,4.07,2.25
2024-10-08 01:00,10,1,1,weekday,0,0,72.8,18.6,2.2,6.04,2.89,8.93,-8.93,DEFICIT,4.43,3.34,3.77,2.25
2024-10-08 02:00,10,2,1,weekday,0,0,68.7,17.7,3.3,5.27,0.0,5.27,-5.27,DEFICIT,4.69,3.47,3.99,2.25
2024-10-08 03:00,10,3,1,weekday,0,0,82.7,15.3,3.5,5,3.31,8.31,-8.31,DEFICIT,4.58,3.42,3.89,2.25
2024-10-08 04:00,10,4,1,weekday,0,0,74.9,19.0,3.0,5,3.86,8.86,-8.86,DEFICIT,4.19,3.22,3.56,2.25
2024-10-08 05:00,10,5,1,weekday,0,0,67.4,17.0,2.2,5.28,0.0,5.28,-5.28,DEFICIT,4.44,3.35,3.78,2.25
2024-10-08 06:00,10,6,1,weekday,33.9,3.44,68.7,17.8,2.5,14.23,0,14.23,-10.79,DEFICIT,5.39,3.82,4.58,2.25
2024-10-08 07:00,10,7,1,weekday,130.9,13.27,62.9,20.7,2.9,21.85,0.0,21.85,-8.58,DEFICIT,6.04,4.14,5.13,2.25
2024-10-08 08:00,10,8,1,weekday,282.2,28.62,84.7,21.0,3.5,14.6,19.58,34.18,-5.56,DEFICIT,6.2,4.22,5.27,2.25
2024-10-08 09:00,10,9,1,weekday,511.5,51.87,63.5,20.1,2.6,10.75,0.0,10.75,41.12,SURPLUS,5.46,3.86,4.64,2.25
2024-10-08 10:00,10,10,1,weekday,661.6,67.08,59.0,23.8,1.0,9.87,0,9.87,57.22,SURPLUS,4.09,3.17,3.47,2.25
2024-10-08 11:00,10,11,1,weekday,718.5,72.27,65.6,27.0,4.1,8.72,0,8.72,63.56,SURPLUS,3.89,3.07,3.31,2.25
2024-10-08 12:00,10,12,1,weekday,932.6,93.76,58.2,27.1,1.7,11.45,0,11.45,82.32,SURPLUS,3.68,2.97,3.13,2.25
2024-10-08 13:00,10,13,1,weekday,736.7,74.43,61.3,25.9,2.3,11.12,0,11.12,63.32,SURPLUS,3.88,3.07,3.3,2.25
2024-10-08 14:00,10,14,1,weekday,503.0,49.99,78.7,30.0,3.9,9.48,0,9.48,40.51,SURPLUS,3.87,3.06,3.29,2.25
2024-10-08 15:00,10,15,1,weekday,475.3,47.51,67.1,28.6,3.2,10.43,0,10.43,37.08,SURPLUS,4.16,3.21,3.54,2.25
2024-10-08 16:00,10,16,1,weekday,379.1,38.44,69.7,24.3,2.9,11.83,0,11.83,26.62,SURPLUS,6.32,4.29,5.38,2.25
2024-10-08 17:00,10,17,1,weekday,157.0,15.78,76.1,27.1,2.7,16.01,0,16.01,-0.23,BALANCED,6.56,4.4,5.57,2.25
2024-10-08 18:00,10,18,1,weekday,37.2,3.76,74.7,25.9,2.6,24.48,12.94,37.42,-33.66,DEFICIT,6.38,4.31,5.42,2.25
2024-10-08 19:00,10,19,1,weekday,0,0,83.6,21.6,2.8,27.04,0.0,27.04,-27.04,DEFICIT,7.15,4.7,6.08,2.25
2024-10-08 20:00,10,20,1,weekday,0,0,74.3,23.3,1.4,24.68,15.14,39.83,-39.83,DEFICIT,6.56,4.41,5.58,2.25
2024-10-08 21:00,10,21,1,weekday,0,0,79.2,20.8,2.3,19.9,20.73,40.62,-40.62,DEFICIT,7.5,4.87,6.37,2.25
2024-10-08 22:00,10,22,1,weekday,0,0,71.1,21.5,2.6,13.26,17.18,30.43,-30.43,DEFICIT,4.6,3.43,3.91,2.25
2024-10-08 23:00,10,23,1,weekday,0,0,75.1,18.2,3.3,10.63,0,10.63,-10.63,DEFICIT,4.86,3.55,4.13,2.25
2024-10-09 00:00,10,0,2,weekday,0,0,38.5,21.0,4.4,6.64,0.0,6.64,-6.64,DEFICIT,4.89,3.57,4.16,2.25
2024-10-09 01:00,10,1,2,weekday,0,0,33.0,19.1,4.6,5.33,0.0,5.33,-5.33,DEFICIT,4.3,3.27,3.65,2.25
2024-10-09 02:00,10,2,2,weekday,0,0,35.3,16.4,2.4,5,0.0,5.0,-5.0,BALANCED,4.95,3.6,4.2,2.25
2024-10-09 03:00,10,3,2,weekday,0,0,36.7,18.0,2.9,5,2.49,7.49,-7.49,DEFICIT,4.47,3.36,3.8,2.25
2024-10-09 04:00,10,4,2,weekday,0,0,50.1,17.1,2.6,5,4.45,9.45,-9.45,DEFICIT,4.47,3.36,3.8,2.25
2024-10-09 05:00,10,5,2,weekday,0,0,31.1,19.8,0.9,5,0.0,5.0,-5.0,BALANCED,3.84,3.05,3.26,2.25
2024-10-09 06:00,10,6,2,weekday,23.1,2.34,32.0,18.7,4.0,16.13,0,16.13,-13.79,DEFICIT,6.33,4.29,5.38,2.25
2024-10-09 07:00,10,7,2,weekday,72.6,7.36,33.4,21.4,4.0,16.85,0.0,16.85,-9.49,DEFICIT,6.25,4.25,5.31,2.25
2024-10-09 08:00,10,8,2,weekday,149.3,15.14,28.1,24.3,3.8,18.49,6.76,25.26,-10.12,DEFICIT,5.96,4.11,5.07,2.25
2024-10-09 09:00,10,9,2,weekday,219.3,22.23,40.8,22.8,1.9,8.78,0.0,8.78,13.45,SURPLUS,6.08,4.16,5.17,2.25
2024-10-09 10:00,10,10,2,weekday,292.7,29.65,42.7,25.2,1.9,8.74,0,8.74,20.92,SURPLUS,3.6,2.93,3.06,2.25
2024-10-09 11:00,10,11,2,weekday,377.7,38.08,35.9,26.5,2.2,9.39,0,9.39,28.69,SURPLUS,3.73,2.99,3.17,2.25
2024-10-09 12:00,10,12,2,weekday,386.1,38.6,40.3,28.5,2.8,10.16,0,10.16,28.45,SURPLUS,3.89,3.07,3.31,2.25
2024-10-09 13:00,10,13,2,weekday,374.6,37.87,26.3,25.7,2.7,9.53,0,9.53,28.34,SURPLUS,3.44,2.84,2.92,2.25
2024-10-09 14:00,10,14,2,weekday,326.9,32.91,39.6,26.8,2.7,10.44,0,10.44,22.47,SURPLUS,3.34,2.8,2.84,2.25
2024-10-09 15:00,10,15,2,weekday,218.6,21.97,33.9,27.3,4.0,9.26,0,9.26,12.71,SURPLUS,3.93,3.09,3.34,2.25
2024-10-09 16:00,10,16,2,weekday,208.4,20.99,42.6,26.7,5.1,11.89,0,11.89,9.1,SURPLUS,7.04,4.64,5.98,2.25
2024-10-09 17:00,10,17,2,weekday,84.8,8.59,21.6,23.7,2.4,14.14,0,14.14,-5.54,DEFICIT,6.48,4.36,5.51,2.25
2024-10-09 18:00,10,18,2,weekday,21.1,2.14,29.8,23.3,1.9,21.81,19.13,40.94,-38.8,DEFICIT,6.82,4.53,5.79,2.25
2024-10-09 19:00,10,19,2,weekday,0,0,59.0,22.6,1.7,25.04,18.46,43.5,-43.5,DEFICIT,6.18,4.22,5.26,2.25
2024-10-09 20:00,10,20,2,weekday,0,0,45.5,21.2,3.3,21.89,5.52,27.41,-27.41,DEFICIT,6.76,4.51,5.75,2.25
2024-10-09 21:00,10,21,2,weekday,0,0,43.4,22.5,1.4,14.04,0.0,14.04,-14.04,DEFICIT,6.56,4.4,5.57,2.25
2024-10-09 22:00,10,22,2,weekday,0,0,34.6,20.2,2.6,11.98,17.77,29.74,-29.74,DEFICIT,4.76,3.5,4.05,2.25
2024-10-09 23:00,10,23,2,weekday,0,0,38.8,20.6,4.5,6.82,0,6.82,-6.82,DEFICIT,3.93,3.09,3.34,2.25
2024-10-10 00:00,10,0,3,weekday,0,0,66.1,20.2,2.7,7.25,0.0,7.25,-7.25,DEFICIT,4.51,3.38,3.83,2.25
2024-10-10 01:00,10,1,3,weekday,0,0,61.6,17.3,5.0,6.02,2.7,8.73,-8.73,DEFICIT,4.19,3.22,3.56,2.25
2024-10-10 02:00,10,2,3,weekday,0,0,57.3,21.0,3.5,5.11,0.0,5.11,-5.11,DEFICIT,4.47,3.36,3.8,2.25
2024-10-10 03:00,10,3,3,weekday,0,0,53.5,17.0,1.7,5,0.0,5.0,-5.0,BALANCED,4.69,3.47,3.98,2.25
2024-10-10 04:00,10,4,3,weekday,0,0,55.6,18.0,3.5,5,0.0,5.0,-5.0,BALANCED,4.74,3.5,4.03,2.25
2024-10-10 05:00,10,5,3,weekday,0,0,66.5,18.7,3.6,6.26,0.0,6.26,-6.26,DEFICIT,4.08,3.16,3.47,2.25
2024-10-10 06:00,10,6,3,weekday,28.9,2.93,51.0,17.1,4.7,13.53,0,13.53,-10.6,DEFICIT,6.08,4.16,5.17,2.25
2024-10-10 07:00,10,7,3,weekday,107.2,10.87,63.1,24.0,1.7,18.27,0.0,18.27,-7.4,DEFICIT,5.77,4.01,4.91,2.25
2024-10-10 08:00,10,8,3,weekday,217.7,22.08,68.1,21.4,1.0,16.15,13.18,29.33,-7.25,DEFICIT,5.91,4.08,5.02,2.25
2024-10-10 09:00,10,9,3,weekday,386.0,39.14,51.0,21.4,3.1,9.85,21.0,30.85,8.29,SURPLUS,5.83,4.04,4.96,2.25
2024-10-10 10:00,10,10,3,weekday,443.8,45.0,58.3,23.4,2.0,9.41,0,9.41,35.59,SURPLUS,3.52,2.89,2.99,2.25
2024-10-10 11:00,10,11,3,weekday,617.4,62.61,47.0,24.8,3.2,9.41,0,9.41,53.2,SURPLUS,3.56,2.91,3.03,2.25
2024-10-10 12:00,10,12,3,weekday,640.5,64.34,48.3,27.3,2.0,9.66,0,9.66,54.68,SURPLUS,3.59,2.92,3.05,2.25
2024-10-10 13:00,10,13,3,weekday,603.4,60.76,58.4,26.7,3.3,10.15,0,10.15,50.61,SURPLUS,3.35,2.8,2.84,2.25
2024-10-10 14:00,10,14,3,weekday,449.3,44.93,48.4,28.5,2.6,9.62,0,9.62,35.31,SURPLUS,3.92,3.08,3.33,2.25
2024-10-10 15:00,10,15,3,weekday,421.0,42.04,52.8,28.8,2.2,11.75,0,11.75,30.29,SURPLUS,3.3,2.77,2.8,2.25
2024-10-10 16:00,10,16,3,weekday,265.6,26.87,63.0,25.6,4.1,10.51,0,10.51,16.36,SURPLUS,6.65,4.45,5.66,2.25
2024-10-10 17:00,10,17,3,weekday,129.7,13.15,41.1,24.3,3.1,17.53,0,17.53,-4.38,BALANCED,6.77,4.51,5.75,2.25
2024-10-10 18:00,10,18,3,weekday,29.6,3.0,62.3,24.7,4.2,22.83,5.65,28.48,-25.47,DEFICIT,6.66,4.45,5.66,2.25
2024-10-10 19:00,10,19,3,weekday,0,0,63.2,22.0,3.3,27.16,0.0,27.16,-27.16,DEFICIT,6.59,4.42,5.6,2.25
2024-10-10 20:00,10,20,3,weekday,0,0,49.2,22.6,2.7,28.62,10.44,39.06,-39.06,DEFICIT,6.61,4.43,5.62,2.25
2024-10-10 21:00,10,21,3,weekday,0,0,57.6,22.0,1.2,18.23,17.93,36.16,-36.16,DEFICIT,7.12,4.69,6.05,2.25
2024-10-10 22:00,10,22,3,weekday,0,0,64.2,20.3,1.9,10.54,15.07,25.6,-25.6,DEFICIT,4.64,3.44,3.94,2.25
2024-10-10 23:00,10,23,3,weekday,0,0,59.6,18.2,1.8,9.62,0,9.62,-9.62,DEFICIT,4.92,3.58,4.18,2.25
2024-10-11 00:00,10,0,4,weekday,0,0,73.9,18.6,2.3,5.72,0.0,5.72,-5.72,DEFICIT,4.14,3.19,3.52,2.25
2024-10-11 01:00,10,1,4,weekday,0,0,85.2,17.0,3.8,5.01,2.6,7.61,-7.61,DEFICIT,4.18,3.21,3.55,2.25
2024-10-11 02:00,10,2,4,weekday,0,0,68.1,18.1,2.5,5.46,0.0,5.46,-5.46,DEFICIT,4.48,3.36,3.81,2.25
2024-10-11 03:00,10,3,4,weekday,0,0,75.9,20.0,2.8,5,0.0,5.0,-5.0,BALANCED,4.41,3.33,3.74,2.25
2024-10-11 04:00,10,4,4,weekday,0,0,70.1,19.9,3.6,5,0.0,5.0,-5.0,BALANCED,4.56,3.4,3.88,2.25
2024-10-11 05:00,10,5,4,weekday,0,0,73.5,20.2,2.3,7.09,4.22,11.31,-11.31,DEFICIT,4.05,3.15,3.44,2.25
2024-10-11 06:00,10,6,4,weekday,38.6,3.92,57.3,17.9,2.4,13.83,0,13.83,-9.91,DEFICIT,6.26,4.26,5.32,2.25
2024-10-11 07:00,10,7,4,weekday,129.2,13.1,58.1,19.5,2.2,19.94,6.05,26.0,-12.9,DEFICIT,5.78,4.02,4.92,2.25
2024-10-11 08:00,10,8,4,weekday,254.0,25.76,63.9,23.4,3.7,16.31,9.57,25.88,-0.12,BALANCED,5.94,4.09,5.05,2.25
2024-10-11 09:00,10,9,4,weekday,392.7,39.82,49.2,21.0,2.4,12.0,15.03,27.03,12.79,SURPLUS,5.92,4.09,5.03,2.25
2024-10-11 10:00,10,10,4,weekday,582.6,59.08,56.6,24.2,2.0,11.09,0,11.09,47.99,SURPLUS,3.49,2.87,2.97,2.25
2024-10-11 11:00,10,11,4,weekday,604.4,61.29,67.2,22.9,2.9,6.75,0,6.75,54.54,SURPLUS,4.39,3.32,3.73,2.25
2024-10-11 12:00,10,12,4,weekday,690.1,69.27,53.9,27.5,1.9,12.34,0,12.34,56.93,SURPLUS,4.25,3.25,3.61,2.25
2024-10-11 13:00,10,13,4,weekday,660.7,65.93,69.8,29.0,3.0,9.94,0,9.94,55.98,SURPLUS,3.84,3.04,3.26,2.25
2024-10-11 14:00,10,14,4,weekday,491.3,49.13,72.0,28.5,3.7,8.23,0,8.23,40.89,SURPLUS,3.5,2.88,2.98,2.25
2024-10-11 15:00,10,15,4,weekday,490.5,48.8,61.3,29.7,2.6,9.69,0,9.69,39.1,SURPLUS,4.14,3.19,3.52,2.25
2024-10-11 16:00,10,16,4,weekday,310.5,31.37,50.9,25.9,1.7,10.92,0,10.92,20.45,SURPLUS,7.03,4.64,5.98,2.25
2024-10-11 17:00,10,17,4,weekday,146.1,14.79,59.9,25.5,2.1,17.58,0,17.58,-2.79,BALANCED,6.69,4.47,5.69,2.25
2024-10-11 18:00,10,18,4,weekday,33.2,3.35,66.2,26.7,3.5,20.18,15.67,35.85,-32.5,DEFICIT,6.98,4.62,5.93,2.25
2024-10-11 19:00,10,19,4,weekday,0,0,71.8,22.7,4.3,26.51,15.02,41.53,-41.53,DEFICIT,6.74,4.5,5.73,2.25
2024-10-11 20:00,10,20,4,weekday,0,0,62.4,19.4,2.2,23.07,13.26,36.33,-36.33,DEFICIT,6.78,4.52,5.77,2.25
2024-10-11 21:00,10,21,4,weekday,0,0,72.0,22.3,3.5,17.49,8.12,25.61,-25.61,DEFICIT,6.56,4.41,5.58,2.25
2024-10-11 22:00,10,22,4,weekday,0,0,65.6,19.0,2.6,11.66,0.0,11.66,-11.66,DEFICIT,4.17,3.21,3.55,2.25
2024-10-11 23:00,10,23,4,weekday,0,0,67.0,19.7,1.9,10.6,0,10.6,-10.6,DEFICIT,4.51,3.38,3.83,2.25
2024-10-12 00:00,10,0,5,weekend,0,0,78.3,21.0,1.6,8.77,0.0,8.77,-8.77,DEFICIT,4.75,3.5,4.04,2.25
2024-10-12 01:00,10,1,5,weekend,0,0,72.5,16.7,3.3,6.01,0.0,6.01,-6.01,DEFICIT,4.56,3.41,3.88,2.25
2024-10-12 02:00,10,2,5,weekend,0,0,84.0,19.1,2.7,5,0.0,5.0,-5.0,BALANCED,4.61,3.43,3.92,2.25
2024-10-12 03:00,10,3,5,weekend,0,0,82.7,15.5,2.3,5,4.76,9.76,-9.76,DEFICIT,4.44,3.34,3.77,2.25
2024-10-12 04:00,10,4,5,weekend,0,0,80.0,17.6,2.8,5,0.0,5.0,-5.0,BALANCED,4.34,3.29,3.69,2.25
2024-10-12 05:00,10,5,5,weekend,0,0,81.1,19.0,3.4,6.34,4.41,10.75,-10.75,DEFICIT,4.37,3.31,3.72,2.25
2024-10-12 06:00,10,6,5,weekend,35.4,3.59,81.4,20.4,3.0,14.08,0,14.08,-10.49,DEFICIT,6.3,4.28,5.36,2.25
2024-10-12 07:00,10,7,5,weekend,165.3,16.76,70.7,19.1,2.9,22.58,10.79,33.37,-16.61,DEFICIT,5.67,3.96,4.82,2.25
2024-10-12 08:00,10,8,5,weekend,298.2,30.24,74.4,21.9,2.3,14.97,0.0,14.97,15.27,SURPLUS,5.92,4.09,5.04,2.25
2024-10-12 09:00,10,9,5,weekend,512.9,52.01,76.8,24.0,3.8,13.91,0.0,13.91,38.1,SURPLUS,5.85,4.05,4.97,2.25
2024-10-12 10:00,10,10,5,weekend,616.1,62.48,75.7,23.4,2.8,11.58,0,11.58,50.9,SURPLUS,3.88,3.07,3.3,2.25
2024-10-12 11:00,10,11,5,weekend,757.4,76.8,85.4,24.4,2.2,10.37,0,10.37,66.43,SURPLUS,3.85,3.05,3.27,2.25
2024-10-12 12:00,10,12,5,weekend,810.8,81.63,81.3,26.8,3.1,12.85,0,12.85,68.78,SURPLUS,3.65,2.95,3.1,2.25
2024-10-12 13:00,10,13,5,weekend,817.0,82.04,78.2,27.4,4.7,10.14,0,10.14,71.9,SURPLUS,3.28,2.76,2.79,2.25
2024-10-12 14:00,10,14,5,weekend,605.1,61.1,76.1,26.0,2.8,11.46,0,11.46,49.64,SURPLUS,3.86,3.05,3.28,2.25
2024-10-12 15:00,10,15,5,weekend,562.0,56.46,75.1,27.3,3.9,11.97,0,11.97,44.5,SURPLUS,3.08,2.67,2.62,2.25
2024-10-12 16:00,10,16,5,weekend,370.7,37.35,69.8,26.6,1.8,14.54,0,14.54,22.81,SURPLUS,6.62,4.44,5.63,2.25
2024-10-12 17:00,10,17,5,weekend,192.8,19.55,69.9,24.2,3.1,16.85,0,16.85,2.7,BALANCED,6.87,4.56,5.84,2.25
2024-10-12 18:00,10,18,5,weekend,40.4,4.09,69.4,23.6,2.8,25.47,0.0,25.47,-21.38,DEFICIT,6.71,4.48,5.7,2.25
2024-10-12 19:00,10,19,5,weekend,0,0,70.1,26.0,4.1,37.21,11.3,48.5,-48.5,DEFICIT,6.72,4.48,5.71,2.25
2024-10-12 20:00,10,20,5,weekend,0,0,90.6,22.9,3.3,24.94,14.92,39.86,-39.86,DEFICIT,6.57,4.41,5.58,2.25
2024-10-12 21:00,10,21,5,weekend,0,0,81.1,19.0,3.9,22.76,9.12,31.88,-31.88,DEFICIT,6.99,4.62,5.94,2.25
2024-10-12 22:00,10,22,5,weekend,0,0,76.4,20.7,2.8,18.37,9.23,27.6,-27.6,DEFICIT,4.23,3.24,3.6,2.25
2024-10-12 23:00,10,23,5,weekend,0,0,83.7,20.6,3.4,11.65,0,11.65,-11.65,DEFICIT,4.5,3.38,3.83,2.25
2024-10-13 00:00,10,0,6,weekend,0,0,54.0,20.1,3.4,6.5,3.18,9.68,-9.68,DEFICIT,4.76,3.5,4.04,2.25
2024-10-13 01:00,10,1,6,weekend,0,0,58.1,20.2,2.5,6.67,3.14,9.81,-9.81,DEFICIT,4.48,3.36,3.81,2.25
2024-10-13 02:00,10,2,6,weekend,0,0,49.9,18.9,2.6,5.96,0.0,5.96,-5.96,DEFICIT,4.53,3.39,3.85,2.25
2024-10-13 03:00,10,3,6,weekend,0,0,53.6,17.3,2.9,5.25,0.0,5.25,-5.25,DEFICIT,4.38,3.31,3.72,2.25
2024-10-13 04:00,10,4,6,weekend,0,0,49.1,15.9,2.8,5,3.79,8.79,-8.79,DEFICIT,4.7,3.48,4.0,2.25
2024-10-13 05:00,10,5,6,weekend,0,0,55.2,20.6,4.1,6.15,2.98,9.13,-9.13,DEFICIT,4.63,3.44,3.94,2.25
2024-10-13 06:00,10,6,6,weekend,29.3,2.97,56.3,19.8,2.9,13.97,0,13.97,-10.99,DEFICIT,5.68,3.96,4.83,2.25
2024-10-13 07:00,10,7,6,weekend,85.2,8.64,44.5,20.1,3.3,24.26,0.0,24.26,-15.62,DEFICIT,6.38,4.32,5.43,2.25
2024-10-13 08:00,10,8,6,weekend,207.0,20.99,49.0,22.5,2.7,19.2,11.92,31.12,-10.13,DEFICIT,5.84,4.05,4.97,2.25
2024-10-13 09:00,10,9,6,weekend,316.6,32.1,36.2,22.3,2.9,13.25,21.05,34.3,-2.19,BALANCED,5.99,4.12,5.09,2.25
2024-10-13 10:00,10,10,6,weekend,520.1,52.29,71.3,27.1,1.1,10.34,0,10.34,41.94,SURPLUS,3.96,3.1,3.37,2.25
2024-10-13 11:00,10,11,6,weekend,568.5,57.64,59.3,24.1,1.5,10.27,0,10.27,47.37,SURPLUS,3.93,3.09,3.34,2.25
2024-10-13 12:00,10,12,6,weekend,600.4,60.36,69.5,27.1,2.6,12.18,0,12.18,48.18,SURPLUS,4.31,3.28,3.66,2.25
2024-10-13 13:00,10,13,6,weekend,525.1,52.43,41.4,28.9,2.5,11.36,0,11.36,41.07,SURPLUS,3.33,2.79,2.83,2.25
2024-10-13 14:00,10,14,6,weekend,455.4,46.18,40.1,24.0,2.8,9.66,0,9.66,36.52,SURPLUS,4.26,3.25,3.62,2.25
2024-10-13 15:00,10,15,6,weekend,335.7,33.89,46.5,26.1,2.3,11.22,0,11.22,22.67,SURPLUS,4.09,3.17,3.48,2.25
2024-10-13 16:00,10,16,6,weekend,234.8,23.76,63.8,25.5,4.1,13.91,0,13.91,9.85,SURPLUS,7.01,4.63,5.95,2.25
2024-10-13 17:00,10,17,6,weekend,143.8,14.58,33.3,25.0,2.6,19.61,0,19.61,-5.03,DEFICIT,6.73,4.49,5.72,2.25
2024-10-13 18:00,10,18,6,weekend,29.3,2.97,46.8,22.1,3.7,28.3,8.94,37.24,-34.27,DEFICIT,6.73,4.49,5.72,2.25
2024-10-13 19:00,10,19,6,weekend,0,0,63.6,25.4,1.9,31.43,19.53,50.95,-50.95,DEFICIT,7.04,4.65,5.99,2.25
2024-10-13 20:00,10,20,6,weekend,0,0,36.5,23.5,2.9,27.19,0.0,27.19,-27.19,DEFICIT,7.23,4.74,6.15,2.25
2024-10-13 21:00,10,21,6,weekend,0,0,55.8,22.3,2.2,20.53,18.13,38.65,-38.65,DEFICIT,6.95,4.6,5.91,2.25
2024-10-13 22:00,10,22,6,weekend,0,0,55.5,22.4,3.1,13.7,7.18,20.89,-20.89,DEFICIT,4.28,3.26,3.64,2.25
2024-10-13 23:00,10,23,6,weekend,0,0,53.6,20.2,2.7,8.52,0,8.52,-8.52,DEFICIT,4.56,3.4,3.87,2.25
2024-10-14 00:00,10,0,0,weekday,0,0,81.5,21.2,3.6,5.85,0.0,5.85,-5.85,DEFICIT,4.4,3.33,3.74,2.25
2024-10-14 01:00,10,1,0,weekday,0,0,92.6,18.9,4.3,5.3,0.0,5.3,-5.3,DEFICIT,4.63,3.44,3.93,2.25
2024-10-14 02:00,10,2,0,weekday,0,0,84.5,19.6,2.2,5.35,0.0,5.35,-5.35,DEFICIT,4.5,3.37,3.82,2.25
2024-10-14 03:00,10,3,0,weekday,0,0,79.8,18.9,4.4,5,3.83,8.83,-8.83,DEFICIT,4.37,3.31,3.72,2.25
2024-10-14 04:00,10,4,0,weekday,0,0,75.9,17.6,3.7,5,0.0,5.0,-5.0,BALANCED,4.55,3.4,3.87,2.25
2024-10-14 05:00,10,5,0,weekday,0,0,100,17.4,2.8,5,2.31,7.31,-7.31,DEFICIT,4.42,3.34,3.76,2.25
2024-10-14 06:00,10,6,0,weekday,43.3,4.39,83.3,19.8,3.2,13.59,0,13.59,-9.2,DEFICIT,5.88,4.06,5.0,2.25
2024-10-14 07:00,10,7,0,weekday,162.2,16.44,96.3,21.2,2.8,18.27,5.14,23.42,-6.97,DEFICIT,5.96,4.1,5.06,2.25
2024-10-14 08:00,10,8,0,weekday,262.9,26.66,80.6,23.2,2.6,18.97,0.0,18.97,7.69,SURPLUS,5.28,3.77,4.49,2.25
2024-10-14 09:00,10,9,0,weekday,499.2,50.62,83.2,23.2,1.6,12.12,0.0,12.12,38.5,SURPLUS,5.7,3.97,4.84,2.25
2024-10-14 10:00,10,10,0,weekday,688.2,69.66,87.7,25.4,3.7,9.28,0,9.28,60.38,SURPLUS,4.17,3.21,3.55,2.25
2024-10-14 11:00,10,11,0,weekday,918.4,92.28,86.8,27.3,2.6,9.37,0,9.37,82.91,SURPLUS,4.31,3.28,3.67,2.25
2024-10-14 12:00,10,12,0,weekday,768.0,77.41,78.2,26.5,2.8,11.27,0,11.27,66.14,SURPLUS,3.88,3.07,3.3,2.25
2024-10-14 13:00,10,13,0,weekday,856.1,85.92,69.1,27.6,1.3,9.37,0,9.37,76.55,SURPLUS,3.72,2.99,3.16,2.25
2024-10-14 14:00,10,14,0,weekday,705.3,70.21,80.5,29.6,2.5,11.02,0,11.02,59.19,SURPLUS,3.89,3.07,3.3,2.25
2024-10-14 15:00,10,15,0,weekday,543.6,54.45,69.4,28.1,3.2,11.18,0,11.18,43.27,SURPLUS,3.92,3.09,3.33,2.25
2024-10-14 16:00,10,16,0,weekday,372.3,37.4,85.0,27.3,5.3,10.32,0,10.32,27.08,SURPLUS,7.08,4.66,6.02,2.25
2024-10-14 17:00,10,17,0,weekday,202.7,20.48,100,26.0,4.3,14.58,0,14.58,5.89,SURPLUS,7.18,4.71,6.1,2.25
2024-10-14 18:00,10,18,0,weekday,51.9,5.26,89.4,19.4,2.8,25.22,19.2,44.42,-39.16,DEFICIT,7.02,4.63,5.96,2.25
2024-10-14 19:00,10,19,0,weekday,0,0,86.3,23.7,2.0,23.0,0.0,23.0,-23.0,DEFICIT,6.82,4.53,5.8,2.25
2024-10-14 20:00,10,20,0,weekday,0,0,99.4,20.1,4.0,22.66,18.96,41.63,-41.63,DEFICIT,6.84,4.55,5.82,2.25
2024-10-14 21:00,10,21,0,weekday,0,0,82.0,21.5,2.3,19.84,17.65,37.49,-37.49,DEFICIT,6.77,4.51,5.75,2.25
2024-10-14 22:00,10,22,0,weekday,0,0,87.3,19.2,2.8,13.98,11.44,25.42,-25.42,DEFICIT,4.35,3.3,3.7,2.25
2024-10-14 23:00,10,23,0,weekday,0,0,88.9,19.1,1.8,7.14,0,7.14,-7.14,DEFICIT,4.56,3.41,3.88,2.25
2024-10-15 00:00,10,0,1,weekday,0,0,80.6,20.3,3.3,5.94,2.75,8.68,-8.68,DEFICIT,5.02,3.64,4.27,2.25
2024-10-15 01:00,10,1,1,weekday,0,0,82.5,21.3,1.6,5,3.08,8.08,-8.08,DEFICIT,4.51,3.38,3.84,2.25
2024-10-15 02:00,10,2,1,weekday,0,0,68.1,18.7,3.8,5,4.24,9.24,-9.24,DEFICIT,5.07,3.66,4.31,2.25
2024-10-15 03:00,10,3,1,weekday,0,0,62.9,18.7,1.9,5,0.0,5.0,-5.0,BALANCED,4.44,3.35,3.78,2.25
2024-10-15 04:00,10,4,1,weekday,0,0,69.3,16.5,3.6,5,3.22,8.22,-8.22,DEFICIT,4.43,3.34,3.77,2.25
2024-10-15 05:00,10,5,1,weekday,0,0,68.5,17.0,2.9,5,3.01,8.01,-8.01,DEFICIT,4.35,3.3,3.7,2.25
2024-10-15 06:00,10,6,1,weekday,39.9,4.05,77.2,20.1,4.1,14.52,0,14.52,-10.47,DEFICIT,5.92,4.09,5.03,2.25
2024-10-15 07:00,10,7,1,weekday,130.2,13.21,65.5,18.0,2.4,22.29,20.25,42.53,-29.33,DEFICIT,5.69,3.97,4.84,2.25
2024-10-15 08:00,10,8,1,weekday,286.5,29.05,51.3,20.9,1.7,15.79,20.57,36.36,-7.31,DEFICIT,5.61,3.93,4.77,2.25
2024-10-15 09:00,10,9,1,weekday,442.2,44.84,70.7,23.4,2.1,10.67,0.0,10.67,34.16,SURPLUS,5.53,3.89,4.7,2.25
2024-10-15 10:00,10,10,1,weekday,619.9,62.86,52.0,23.0,2.2,8.89,0,8.89,53.98,SURPLUS,4.38,3.32,3.72,2.25
2024-10-15 11:00,10,11,1,weekday,783.8,79.48,64.8,24.7,3.2,9.09,0,9.09,70.39,SURPLUS,3.73,2.99,3.17,2.25
2024-10-15 12:00,10,12,1,weekday,825.9,83.65,59.1,25.3,2.9,10.32,0,10.32,73.32,SURPLUS,3.69,2.97,3.14,2.25
2024-10-15 13:00,10,13,1,weekday,754.4,75.78,67.2,27.3,3.9,10.23,0,10.23,65.54,SURPLUS,4.02,3.14,3.42,2.25
2024-10-15 14:00,10,14,1,weekday,500.1,50.46,76.3,26.2,2.7,9.94,0,9.94,40.52,SURPLUS,3.92,3.09,3.33,2.25
2024-10-15 15:00,10,15,1,weekday,444.8,45.02,69.0,25.5,2.2,11.6,0,11.6,33.42,SURPLUS,4.26,3.26,3.62,2.25
2024-10-15 16:00,10,16,1,weekday,352.2,35.67,72.2,25.3,3.1,11.76,0,11.76,23.91,SURPLUS,6.68,4.47,5.68,2.25
2024-10-15 17:00,10,17,1,weekday,179.4,18.17,64.5,25.3,3.3,15.86,0,15.86,2.3,BALANCED,6.07,4.16,5.16,2.25
2024-10-15 18:00,10,18,1,weekday,34.7,3.52,79.6,23.1,3.0,25.41,0.0,25.41,-21.88,DEFICIT,6.84,4.55,5.81,2.25
2024-10-15 19:00,10,19,1,weekday,0,0,71.5,21.6,1.5,25.9,11.44,37.34,-37.34,DEFICIT,6.18,4.21,5.25,2.25
2024-10-15 20:00,10,20,1,weekday,0,0,72.8,23.2,3.6,19.8,10.72,30.53,-30.53,DEFICIT,6.39,4.32,5.43,2.25
2024-10-15 21:00,10,21,1,weekday,0,0,80.1,21.3,3.2,20.06,16.24,36.29,-36.29,DEFICIT,6.45,4.35,5.48,2.25
2024-10-15 22:00,10,22,1,weekday,0,0,66.4,20.1,3.2,13.31,19.82,33.13,-33.13,DEFICIT,4.59,3.42,3.9,2.25
2024-10-15 23:00,10,23,1,weekday,0,0,67.8,18.5,2.2,9.15,0,9.15,-9.15,DEFICIT,4.55,3.4,3.87,2.25
2024-10-16 00:00,10,0,2,weekday,0,0,87.5,20.7,1.5,7.01,0.0,7.01,-7.01,DEFICIT,4.19,3.22,3.56,2.25
2024-10-16 01:00,10,1,2,weekday,0,0,96.5,18.9,2.4,5.35,3.43,8.78,-8.78,DEFICIT,4.75,3.5,4.04,2.25
2024-10-16 02:00,10,2,2,weekday,0,0,98.5,17.2,2.8,5.55,2.24,7.8,-7.8,DEFICIT,4.22,3.23,3.59,2.25
2024-10-16 03:00,10,3,2,weekday,0,0,99.0,15.3,4.3,5,0.0,5.0,-5.0,BALANCED,4.85,3.55,4.12,2.25
2024-10-16 04:00,10,4,2,weekday,0,0,93.8,19.5,2.6,5,2.44,7.44,-7.44,DEFICIT,4.44,3.35,3.78,2.25
2024-10-16 05:00,10,5,2,weekday,0,0,94.9,18.1,3.1,5.33,0.0,5.33,-5.33,DEFICIT,4.02,3.13,3.41,2.25
2024-10-16 06:00,10,6,2,weekday,47.2,4.78,86.1,19.0,3.2,11.55,0,11.55,-6.77,DEFICIT,5.47,3.86,4.65,2.25
2024-10-16 07:00,10,7,2,weekday,186.8,18.94,90.4,20.1,3.0,19.31,3.91,23.23,-4.28,BALANCED,5.98,4.12,5.09,2.25
2024-10-16 08:00,10,8,2,weekday,310.4,31.47,89.7,23.2,3.0,16.94,0.0,16.94,14.53,SURPLUS,5.59,3.92,4.75,2.25
2024-10-16 09:00,10,9,2,weekday,565.4,57.05,100,26.2,2.2,10.23,8.47,18.7,38.35,SURPLUS,5.66,3.96,4.81,2.25
2024-10-16 10:00,10,10,2,weekday,790.1,79.8,84.5,26.0,3.1,8.99,0,8.99,70.81,SURPLUS,3.53,2.89,3.0,2.25
2024-10-16 11:00,10,11,2,weekday,1048.1,105.82,79.5,26.1,2.7,9.63,0,9.63,96.19,SURPLUS,3.93,3.09,3.34,2.25
2024-10-16 12:00,10,12,2,weekday,1053.8,106.27,72.8,26.4,4.4,11.39,0,11.39,94.87,SURPLUS,3.96,3.11,3.37,2.25
2024-10-16 13:00,10,13,2,weekday,940.9,95.07,100,25.9,3.2,9.96,0,9.96,85.12,SURPLUS,3.55,2.9,3.02,2.25
2024-10-16 14:00,10,14,2,weekday,670.2,67.95,75.7,24.7,5.3,9.42,0,9.42,58.53,SURPLUS,3.58,2.92,3.05,2.25
2024-10-16 15:00,10,15,2,weekday,781.5,78.73,86.5,26.6,3.9,12.78,0,12.78,65.95,SURPLUS,3.86,3.06,3.28,2.25
2024-10-16 16:00,10,16,2,weekday,466.2,47.27,91.6,24.8,2.2,12.05,0,12.05,35.22,SURPLUS,7.12,4.69,6.05,2.25
2024-10-16 17:00,10,17,2,weekday,239.0,24.22,90.5,25.1,3.1,16.18,0,16.18,8.04,SURPLUS,6.95,4.6,5.9,2.25
2024-10-16 18:00,10,18,2,weekday,56.9,5.77,94.3,24.4,2.9,20.5,20.15,40.65,-34.87,DEFICIT,6.87,4.56,5.84,2.25
2024-10-16 19:00,10,19,2,weekday,0,0,93.1,21.0,4.4,28.8,0.0,28.8,-28.8,DEFICIT,7.25,4.75,6.16,2.25
2024-10-16 20:00,10,20,2,weekday,0,0,100,21.8,4.3,21.71,13.53,35.24,-35.24,DEFICIT,6.59,4.42,5.6,2.25
2024-10-16 21:00,10,21,2,weekday,0,0,85.0,17.9,3.6,18.89,11.35,30.24,-30.24,DEFICIT,6.48,4.36,5.51,2.25
2024-10-16 22:00,10,22,2,weekday,0,0,100,22.1,2.1,12.52,20.29,32.81,-32.81,DEFICIT,3.97,3.11,3.37,2.25
2024-10-16 23:00,10,23,2,weekday,0,0,95.0,18.2,2.3,9.29,0,9.29,-9.29,DEFICIT,4.35,3.3,3.7,2.25
2024-10-17 00:00,10,0,3,weekday,0,0,23.1,21.0,1.9,8.49,4.67,13.15,-13.15,DEFICIT,4.44,3.34,3.77,2.25
2024-10-17 01:00,10,1,3,weekday,0,0,32.4,20.3,0.9,5.68,0.0,5.68,-5.68,DEFICIT,4.77,3.51,4.05,2.25
2024-10-17 02:00,10,2,3,weekday,0,0,32.9,17.6,3.3,5,0.0,5.0,-5.0,BALANCED,4.61,3.43,3.92,2.25
2024-10-17 03:00,10,3,3,weekday,0,0,51.9,19.6,2.3,5,0.0,5.0,-5.0,BALANCED,4.53,3.39,3.85,2.25
2024-10-17 04:00,10,4,3,weekday,0,0,30.6,16.3,4.0,5,5.11,10.11,-10.11,DEFICIT,4.45,3.35,3.78,2.25
2024-10-17 05:00,10,5,3,weekday,0,0,22.7,18.4,2.6,5.92,3.3,9.22,-9.22,DEFICIT,4.48,3.37,3.81,2.25
2024-10-17 06:00,10,6,3,weekday,18.9,1.91,31.8,19.4,3.9,15.14,0,15.14,-13.23,DEFICIT,5.93,4.09,5.04,2.25
2024-10-17 07:00,10,7,3,weekday,62.9,6.38,39.8,18.4,3.6,18.52,10.22,28.74,-22.36,DEFICIT,6.07,4.16,5.16,2.25
2024-10-17 08:00,10,8,3,weekday,171.7,17.41,52.6,24.1,3.2,17.03,8.87,25.9,-8.49,DEFICIT,5.86,4.05,4.98,2.25
2024-10-17 09:00,10,9,3,weekday,229.4,23.26,32.6,22.7,3.7,12.09,19.17,31.25,-7.99,DEFICIT,5.86,4.05,4.98,2.25
2024-10-17 10:00,10,10,3,weekday,252.4,25.59,49.3,23.5,2.8,9.48,0,9.48,16.11,SURPLUS,3.85,3.05,3.27,2.25
2024-10-17 11:00,10,11,3,weekday,319.0,32.35,23.4,25.0,3.2,9.84,0,9.84,22.5,SURPLUS,3.52,2.88,2.99,2.25
2024-10-17 12:00,10,12,3,weekday,335.4,33.54,37.9,28.4,4.5,9.8,0,9.8,23.74,SURPLUS,3.76,3.01,3.2,2.25
2024-10-17 13:00,10,13,3,weekday,349.0,34.72,24.6,29.7,3.7,10.48,0,10.48,24.24,SURPLUS,3.8,3.02,3.23,2.25
2024-10-17 14:00,10,14,3,weekday,271.4,27.44,21.5,25.7,3.6,10.25,0,10.25,17.19,SURPLUS,3.66,2.96,3.11,2.25
2024-10-17 15:00,10,15,3,weekday,231.3,23.14,36.4,28.4,1.9,10.58,0,10.58,12.56,SURPLUS,3.73,2.99,3.17,2.25
2024-10-17 16:00,10,16,3,weekday,167.2,16.87,25.3,26.3,4.2,11.3,0,11.3,5.57,SURPLUS,6.76,4.5,5.74,2.25
2024-10-17 17:00,10,17,3,weekday,79.7,8.01,23.4,27.2,1.7,14.37,0,14.37,-6.36,DEFICIT,7.2,4.72,6.12,2.25
2024-10-17 18:00,10,18,3,weekday,20.6,2.09,34.6,23.3,3.7,21.73,0.0,21.73,-19.64,DEFICIT,6.44,4.34,5.47,2.25
2024-10-17 19:00,10,19,3,weekday,0,0,35.9,20.3,2.9,28.85,9.63,38.47,-38.47,DEFICIT,7.07,4.66,6.01,2.25
2024-10-17 20:00,10,20,3,weekday,0,0,29.8,21.0,2.4,23.62,17.91,41.53,-41.53,DEFICIT,6.26,4.26,5.32,2.25
2024-10-17 21:00,10,21,3,weekday,0,0,28.6,20.2,2.7,19.16,19.91,39.07,-39.07,DEFICIT,6.97,4.61,5.92,2.25
2024-10-17 22:00,10,22,3,weekday,0,0,39.2,19.7,2.6,12.98,5.94,18.91,-18.91,DEFICIT,4.75,3.5,4.04,2.25
2024-10-17 23:00,10,23,3,weekday,0,0,42.3,20.6,2.1,10.53,0,10.53,-10.53,DEFICIT,4.02,3.14,3.42,2.25
2024-10-18 00:00,10,0,4,weekday,0,0,70.4,19.5,5.0,7.13,2.57,9.7,-9.7,DEFICIT,4.94,3.6,4.2,2.25
2024-10-18 01:00,10,1,4,weekday,0,0,86.6,19.6,2.1,5,5.21,10.21,-10.21,DEFICIT,4.46,3.36,3.79,2.25
2024-10-18 02:00,10,2,4,weekday,0,0,71.1,19.6,1.3,5,0.0,5.0,-5.0,BALANCED,3.9,3.07,3.31,2.25
2024-10-18 03:00,10,3,4,weekday,0,0,84.9,17.3,2.3,5,5.28,10.28,-10.28,DEFICIT,4.7,3.47,3.99,2.25
2024-10-18 04:00,10,4,4,weekday,0,0,70.7,16.9,3.7,5,3.81,8.81,-8.81,DEFICIT,5.03,3.64,4.28,2.25
2024-10-18 05:00,10,5,4,weekday,0,0,84.9,16.7,3.7,5.17,0.0,5.17,-5.17,DEFICIT,4.29,3.27,3.65,2.25
2024-10-18 06:00,10,6,4,weekday,40.2,4.07,60.7,20.7,2.4,14.27,0,14.27,-10.2,DEFICIT,6.02,4.14,5.12,2.25
2024-10-18 07:00,10,7,4,weekday,128.2,13.0,71.6,19.9,2.5,15.44,0.0,15.44,-2.44,BALANCED,6.05,4.15,5.15,2.25
2024-10-18 08:00,10,8,4,weekday,280.0,28.4,61.7,20.8,4.0,18.04,13.46,31.5,-3.1,BALANCED,5.69,3.97,4.84,2.25
2024-10-18 09:00,10,9,4,weekday,450.6,45.69,78.7,24.2,2.0,9.36,17.43,26.79,18.9,SURPLUS,5.52,3.88,4.69,2.25
2024-10-18 10:00,10,10,4,weekday,559.6,56.44,75.6,26.3,1.5,8.37,0,8.37,48.07,SURPLUS,3.88,3.07,3.3,2.25
2024-10-18 11:00,10,11,4,weekday,743.5,74.88,48.7,26.7,2.8,9.28,0,9.28,65.6,SURPLUS,3.79,3.02,3.22,2.25
2024-10-18 12:00,10,12,4,weekday,651.4,65.37,71.4,27.6,3.0,11.31,0,11.31,54.06,SURPLUS,3.58,2.91,3.04,2.25
2024-10-18 13:00,10,13,4,weekday,767.8,76.9,60.3,28.1,3.0,9.15,0,9.15,67.75,SURPLUS,4.0,3.12,3.4,2.25
2024-10-18 14:00,10,14,4,weekday,537.6,53.91,70.9,27.8,2.8,10.03,0,10.03,43.88,SURPLUS,3.24,2.74,2.75,2.25
2024-10-18 15:00,10,15,4,weekday,463.0,46.51,62.2,27.4,4.9,10.2,0,10.2,36.31,SURPLUS,4.04,3.15,3.44,2.25
2024-10-18 16:00,10,16,4,weekday,349.5,35.17,70.1,26.9,3.7,13.57,0,13.57,21.61,SURPLUS,6.26,4.26,5.32,2.25
2024-10-18 17:00,10,17,4,weekday,175.9,17.75,56.2,26.1,3.0,16.59,0,16.59,1.16,BALANCED,6.57,4.41,5.58,2.25
2024-10-18 18:00,10,18,4,weekday,37.8,3.83,75.2,23.9,2.5,22.57,0.0,22.57,-18.74,DEFICIT,7.39,4.82,6.28,2.25
2024-10-18 19:00,10,19,4,weekday,0,0,76.3,21.7,4.5,24.88,0.0,24.88,-24.88,DEFICIT,6.4,4.33,5.44,2.25
2024-10-18 20:00,10,20,4,weekday,0,0,65.5,23.8,2.5,29.23,7.32,36.55,-36.55,DEFICIT,7.15,4.7,6.08,2.25
2024-10-18 21:00,10,21,4,weekday,0,0,74.6,23.9,3.6,18.26,10.21,28.46,-28.46,DEFICIT,7.24,4.75,6.15,2.25
2024-10-18 22:00,10,22,4,weekday,0,0,78.4,18.3,3.9,13.43,10.63,24.06,-24.06,DEFICIT,4.17,3.21,3.55,2.25
2024-10-18 23:00,10,23,4,weekday,0,0,71.1,21.0,1.9,9.02,0,9.02,-9.02,DEFICIT,4.93,3.59,4.19,2.25
2024-10-19 00:00,10,0,5,weekend,0,0,44.0,19.8,3.5,7.33,5.11,12.45,-12.45,DEFICIT,4.56,3.41,3.88,2.25
2024-10-19 01:00,10,1,5,weekend,0,0,39.7,19.1,3.2,5.65,0.0,5.65,-5.65,DEFICIT,3.86,3.05,3.28,2.25
2024-10-19 02:00,10,2,5,weekend,0,0,27.3,14.6,2.2,5.51,3.12,8.63,-8.63,DEFICIT,4.14,3.19,3.52,2.25
2024-10-19 03:00,10,3,5,weekend,0,0,54.3,15.7,2.8,5,0.0,5.0,-5.0,BALANCED,4.19,3.22,3.56,2.25
2024-10-19 04:00,10,4,5,weekend,0,0,40.5,19.3,2.6,5.08,0.0,5.08,-5.08,DEFICIT,4.55,3.4,3.87,2.25
2024-10-19 05:00,10,5,5,weekend,0,0,50.4,20.4,2.7,6.1,0.0,6.1,-6.1,DEFICIT,4.35,3.3,3.69,2.25
2024-10-19 06:00,10,6,5,weekend,24.5,2.48,30.8,18.1,1.3,15.93,0,15.93,-13.45,DEFICIT,6.07,4.16,5.16,2.25
2024-10-19 07:00,10,7,5,weekend,93.7,9.5,46.2,19.3,3.8,25.13,0.0,25.13,-15.63,DEFICIT,5.78,4.01,4.91,2.25
2024-10-19 08:00,10,8,5,weekend,170.4,17.27,29.2,19.4,3.8,19.83,8.55,28.38,-11.11,DEFICIT,6.05,4.15,5.14,2.25
2024-10-19 09:00,10,9,5,weekend,270.8,27.46,41.4,23.9,2.2,12.58,9.57,22.16,5.31,SURPLUS,5.87,4.06,4.99,2.25
2024-10-19 10:00,10,10,5,weekend,294.3,29.84,33.9,24.5,2.5,12.32,0,12.32,17.52,SURPLUS,3.72,2.98,3.16,2.25
2024-10-19 11:00,10,11,5,weekend,473.6,47.62,30.3,27.1,2.6,11.22,0,11.22,36.4,SURPLUS,3.88,3.06,3.29,2.25
2024-10-19 12:00,10,12,5,weekend,513.9,51.71,47.6,26.9,2.1,14.17,0,14.17,37.54,SURPLUS,4.01,3.13,3.41,2.25
2024-10-19 13:00,10,13,5,weekend,444.6,44.77,43.8,26.7,2.5,12.03,0,12.03,32.74,SURPLUS,3.59,2.92,3.05,2.25
2024-10-19 14:00,10,14,5,weekend,337.8,33.95,44.4,27.2,4.0,10.81,0,10.81,23.14,SURPLUS,4.03,3.14,3.42,2.25
2024-10-19 15:00,10,15,5,weekend,297.2,30.14,49.3,22.8,3.1,11.89,0,11.89,18.25,SURPLUS,3.48,2.86,2.95,2.25
2024-10-19 16:00,10,16,5,weekend,230.5,23.37,50.4,25.0,3.0,14.5,0,14.5,8.87,SURPLUS,6.88,4.57,5.85,2.25
2024-10-19 17:00,10,17,5,weekend,106.1,10.76,42.2,23.6,1.9,21.48,0,21.48,-10.73,DEFICIT,6.88,4.56,5.84,2.25
2024-10-19 18:00,10,18,5,weekend,25.6,2.6,41.6,25.3,3.6,23.41,11.71,35.12,-32.52,DEFICIT,6.78,4.51,5.76,2.25
2024-10-19 19:00,10,19,5,weekend,0,0,47.3,22.4,2.2,27.48,7.25,34.73,-34.73,DEFICIT,6.65,4.45,5.65,2.25
2024-10-19 20:00,10,20,5,weekend,0,0,39.5,21.9,4.5,28.05,5.54,33.59,-33.59,DEFICIT,6.66,4.45,5.66,2.25
2024-10-19 21:00,10,21,5,weekend,0,0,40.5,21.0,2.1,18.87,8.12,26.99,-26.99,DEFICIT,6.67,4.46,5.67,2.25
2024-10-19 22:00,10,22,5,weekend,0,0,43.3,19.0,2.3,14.94,0.0,14.94,-14.94,DEFICIT,3.9,3.08,3.32,2.25
2024-10-19 23:00,10,23,5,weekend,0,0,52.9,19.4,3.4,12.9,0,12.9,-12.9,DEFICIT,4.51,3.38,3.83,2.25
2024-10-20 00:00,10,0,6,weekend,0,0,71.3,19.1,3.4,8.64,4.59,13.24,-13.24,DEFICIT,4.52,3.38,3.84,2.25
2024-10-20 01:00,10,1,6,weekend,0,0,70.3,18.6,3.4,6.63,4.19,10.82,-10.82,DEFICIT,4.63,3.44,3.94,2.25
2024-10-20 02:00,10,2,6,weekend,0,0,71.1,19.0,2.7,5,5.15,10.15,-10.15,DEFICIT,4.46,3.35,3.79,2.25
2024-10-20 03:00,10,3,6,weekend,0,0,88.1,16.8,1.9,5,0.0,5.0,-5.0,BALANCED,4.79,3.52,4.07,2.25
2024-10-20 04:00,10,4,6,weekend,0,0,70.3,15.8,3.0,5,0.0,5.0,-5.0,BALANCED,4.72,3.49,4.01,2.25
2024-10-20 05:00,10,5,6,weekend,0,0,67.8,18.6,4.2,5.83,3.3,9.13,-9.13,DEFICIT,4.51,3.38,3.83,2.25
2024-10-20 06:00,10,6,6,weekend,42.4,4.3,67.4,18.8,3.9,14.32,0,14.32,-10.02,DEFICIT,5.58,3.92,4.75,2.25
2024-10-20 07:00,10,7,6,weekend,156.5,15.87,76.1,18.3,3.2,24.19,0.0,24.19,-8.32,DEFICIT,5.3,3.77,4.5,2.25
2024-10-20 08:00,10,8,6,weekend,302.5,30.68,82.1,22.1,2.0,19.71,0.0,19.71,10.96,SURPLUS,5.83,4.04,4.95,2.25
2024-10-20 09:00,10,9,6,weekend,482.1,48.88,75.8,24.1,3.7,12.46,19.62,32.08,16.8,SURPLUS,6.11,4.18,5.2,2.25
2024-10-20 10:00,10,10,6,weekend,592.3,60.06,73.6,22.6,2.4,12.42,0,12.42,47.64,SURPLUS,3.72,2.99,3.16,2.25
2024-10-20 11:00,10,11,6,weekend,754.5,75.98,77.3,26.7,4.8,8.58,0,8.58,67.39,SURPLUS,3.97,3.11,3.37,2.25
2024-10-20 12:00,10,12,6,weekend,946.1,95.47,66.6,26.2,4.0,13.14,0,13.14,82.32,SURPLUS,3.63,2.94,3.08,2.25
2024-10-20 13:00,10,13,6,weekend,802.3,81.22,70.4,25.4,4.3,9.47,0,9.47,71.75,SURPLUS,3.67,2.96,3.12,2.25
2024-10-20 14:00,10,14,6,weekend,664.6,66.55,71.0,28.1,2.8,12.29,0,12.29,54.26,SURPLUS,3.54,2.89,3.01,2.25
2024-10-20 15:00,10,15,6,weekend,540.2,54.47,63.7,26.4,2.3,12.48,0,12.48,41.99,SURPLUS,3.35,2.8,2.85,2.25
2024-10-20 16:00,10,16,6,weekend,368.9,37.41,65.8,23.6,2.8,16.68,0,16.68,20.73,SURPLUS,7.03,4.64,5.97,2.25
2024-10-20 17:00,10,17,6,weekend,176.1,17.76,81.2,26.4,2.2,16.79,0,16.79,0.97,BALANCED,6.59,4.42,5.6,2.25
2024-10-20 18:00,10,18,6,weekend,32.5,3.29,65.0,22.9,2.9,25.73,19.54,45.27,-41.98,DEFICIT,6.88,4.56,5.84,2.25
2024-10-20 19:00,10,19,6,weekend,0,0,74.0,21.9,0.6,28.45,15.03,43.48,-43.48,DEFICIT,6.58,4.41,5.59,2.25
2024-10-20 20:00,10,20,6,weekend,0,0,57.3,21.9,3.0,22.17,17.95,40.12,-40.12,DEFICIT,7.22,4.74,6.14,2.25
2024-10-20 21:00,10,21,6,weekend,0,0,79.1,18.8,5.0,18.58,13.82,32.39,-32.39,DEFICIT,6.97,4.61,5.92,2.25
2024-10-20 22:00,10,22,6,weekend,0,0,75.0,20.8,2.6,10.67,13.23,23.91,-23.91,DEFICIT,4.35,3.3,3.7,2.25
2024-10-20 23:00,10,23,6,weekend,0,0,77.3,20.2,2.4,11.47,0,11.47,-11.47,DEFICIT,4.93,3.59,4.19,2.25
2024-10-21 00:00,10,0,0,weekday,0,0,74.7,19.0,2.5,6.35,0.0,6.35,-6.35,DEFICIT,4.34,3.3,3.69,2.25
2024-10-21 01:00,10,1,0,weekday,0,0,52.7,17.7,1.6,5.44,0.0,5.44,-5.44,DEFICIT,4.68,3.46,3.98,2.25
2024-10-21 02:00,10,2,0,weekday,0,0,64.8,18.1,2.1,5,2.44,7.44,-7.44,DEFICIT,4.9,3.57,4.16,2.25
2024-10-21 03:00,10,3,0,weekday,0,0,63.0,21.4,1.4,5,4.61,9.61,-9.61,DEFICIT,4.29,3.27,3.65,2.25
2024-10-21 04:00,10,4,0,weekday,0,0,46.5,16.6,2.1,5,4.27,9.27,-9.27,DEFICIT,4.79,3.52,4.07,2.25
2024-10-21 05:00,10,5,0,weekday,0,0,63.0,19.3,2.5,5.26,5.16,10.42,-10.42,DEFICIT,5.07,3.66,4.31,2.25
2024-10-21 06:00,10,6,0,weekday,38.2,3.87,58.9,18.1,4.3,15.98,0,15.98,-12.11,DEFICIT,6.07,4.16,5.16,2.25
2024-10-21 07:00,10,7,0,weekday,129.0,13.08,44.5,19.7,3.2,17.41,4.04,21.45,-8.36,DEFICIT,5.38,3.81,4.57,2.25
2024-10-21 08:00,10,8,0,weekday,258.1,26.17,51.9,23.7,4.5,14.05,16.93,30.98,-4.81,BALANCED,6.09,4.17,5.18,2.25
2024-10-21 09:00,10,9,0,weekday,397.6,40.32,55.0,24.8,2.2,9.5,4.42,13.93,26.4,SURPLUS,5.99,4.12,5.09,2.25
2024-10-21 10:00,10,10,0,weekday,548.7,55.64,72.5,22.5,3.3,9.65,0,9.65,45.99,SURPLUS,4.05,3.15,3.44,2.25
2024-10-21 11:00,10,11,0,weekday,656.6,66.31,65.6,26.0,2.7,9.96,0,9.96,56.35,SURPLUS,3.7,2.97,3.14,2.25
2024-10-21 12:00,10,12,0,weekday,504.9,50.96,65.4,26.1,3.6,10.04,0,10.04,40.93,SURPLUS,3.97,3.11,3.37,2.25
2024-10-21 13:00,10,13,0,weekday,725.2,73.32,57.5,25.7,4.8,10.73,0,10.73,62.59,SURPLUS,3.53,2.89,3.0,2.25
2024-10-21 14:00,10,14,0,weekday,529.5,53.05,60.5,28.0,4.1,9.54,0,9.54,43.51,SURPLUS,4.22,3.23,3.59,2.25
2024-10-21 15:00,10,15,0,weekday,446.0,45.23,57.4,24.8,3.1,10.02,0,10.02,35.2,SURPLUS,3.83,3.04,3.25,2.25
2024-10-21 16:00,10,16,0,weekday,297.5,29.82,60.2,27.9,2.9,12.48,0,12.48,17.33,SURPLUS,6.8,4.53,5.78,2.25
2024-10-21 17:00,10,17,0,weekday,140.3,14.23,63.1,24.2,4.6,14.93,0,14.93,-0.7,BALANCED,6.88,4.57,5.85,2.25
2024-10-21 18:00,10,18,0,weekday,37.2,3.77,74.9,22.5,4.1,22.66,0.0,22.66,-18.9,DEFICIT,6.94,4.6,5.9,2.25
2024-10-21 19:00,10,19,0,weekday,0,0,64.0,24.7,2.8,29.35,13.7,43.04,-43.04,DEFICIT,6.54,4.39,5.56,2.25
2024-10-21 20:00,10,20,0,weekday,0,0,67.0,22.4,3.1,24.09,17.35,41.44,-41.44,DEFICIT,6.89,4.57,5.86,2.25
2024-10-21 21:00,10,21,0,weekday,0,0,72.0,21.2,1.2,17.84,11.35,29.19,-29.19,DEFICIT,7.61,4.93,6.47,2.25
2024-10-21 22:00,10,22,0,weekday,0,0,72.6,19.7,3.9,11.83,6.7,18.53,-18.53,DEFICIT,4.66,3.45,3.96,2.25
2024-10-21 23:00,10,23,0,weekday,0,0,70.9,22.8,3.0,10.15,0,10.15,-10.15,DEFICIT,4.29,3.27,3.64,2.25
2024-10-22 00:00,10,0,1,weekday,0,0,51.9,17.7,3.0,6.85,4.84,11.69,-11.69,DEFICIT,4.6,3.43,3.91,2.25
2024-10-22 01:00,10,1,1,weekday,0,0,69.8,16.2,2.1,5,4.65,9.65,-9.65,DEFICIT,4.92,3.58,4.18,2.25
2024-10-22 02:00,10,2,1,weekday,0,0,67.8,18.1,3.0,5.04,4.0,9.04,-9.04,DEFICIT,4.6,3.42,3.91,2.25
2024-10-22 03:00,10,3,1,weekday,0,0,76.2,19.7,4.2,5,5.55,10.55,-10.55,DEFICIT,4.46,3.36,3.79,2.25
2024-10-22 04:00,10,4,1,weekday,0,0,61.5,16.2,2.6,5,0.0,5.0,-5.0,BALANCED,4.74,3.49,4.03,2.25
2024-10-22 05:00,10,5,1,weekday,0,0,60.5,17.9,2.5,5.51,4.55,10.06,-10.06,DEFICIT,4.76,3.5,4.05,2.25
2024-10-22 06:00,10,6,1,weekday,33.4,3.38,55.6,17.9,2.2,14.91,0,14.91,-11.52,DEFICIT,4.9,3.58,4.17,2.25
2024-10-22 07:00,10,7,1,weekday,124.4,12.61,71.9,19.7,3.5,18.9,9.11,28.0,-15.39,DEFICIT,5.87,4.06,4.99,2.25
2024-10-22 08:00,10,8,1,weekday,217.0,22.01,63.5,20.7,2.8,14.32,8.49,22.81,-0.8,BALANCED,6.17,4.21,5.24,2.25
2024-10-22 09:00,10,9,1,weekday,408.3,41.16,57.5,26.5,2.2,9.53,0.0,9.53,31.63,SURPLUS,5.74,3.99,4.88,2.25
2024-10-22 10:00,10,10,1,weekday,479.3,48.6,49.2,23.3,2.7,9.41,0,9.41,39.19,SURPLUS,4.1,3.18,3.49,2.25
2024-10-22 11:00,10,11,1,weekday,672.3,68.17,56.8,24.2,3.1,10.04,0,10.04,58.13,SURPLUS,3.63,2.94,3.09,2.25
2024-10-22 12:00,10,12,1,weekday,724.9,72.67,60.3,27.8,3.9,12.31,0,12.31,60.36,SURPLUS,4.21,3.23,3.58,2.25
2024-10-22 13:00,10,13,1,weekday,646.0,65.5,61.0,25.0,6.1,10.96,0,10.96,54.54,SURPLUS,4.11,3.18,3.49,2.25
2024-10-22 14:00,10,14,1,weekday,544.0,53.99,56.2,30.3,2.9,10.58,0,10.58,43.4,SURPLUS,3.48,2.86,2.96,2.25
2024-10-22 15:00,10,15,1,weekday,380.8,38.58,66.6,25.2,3.7,9.43,0,9.43,29.15,SURPLUS,3.6,2.92,3.06,2.25
2024-10-22 16:00,10,16,1,weekday,280.9,28.4,73.2,25.8,3.3,11.94,0,11.94,16.46,SURPLUS,6.77,4.51,5.76,2.25
2024-10-22 17:00,10,17,1,weekday,142.1,14.4,71.7,23.0,2.1,17.15,0,17.15,-2.75,BALANCED,6.68,4.46,5.68,2.25
2024-10-22 18:00,10,18,1,weekday,32.3,3.27,76.5,20.9,2.7,20.18,19.65,39.83,-36.55,DEFICIT,6.72,4.49,5.71,2.25
2024-10-22 19:00,10,19,1,weekday,0,0,64.1,24.3,2.1,26.74,6.93,33.67,-33.67,DEFICIT,6.82,4.54,5.8,2.25
2024-10-22 20:00,10,20,1,weekday,0,0,64.9,22.8,3.7,24.49,6.21,30.7,-30.7,DEFICIT,7.19,4.72,6.11,2.25
2024-10-22 21:00,10,21,1,weekday,0,0,62.6,24.8,3.2,20.07,19.28,39.34,-39.34,DEFICIT,7.04,4.64,5.98,2.25
2024-10-22 22:00,10,22,1,weekday,0,0,59.6,20.1,2.9,11.68,15.07,26.75,-26.75,DEFICIT,4.47,3.36,3.8,2.25
2024-10-22 23:00,10,23,1,weekday,0,0,67.5,17.9,3.5,8.15,0,8.15,-8.15,DEFICIT,4.31,3.28,3.67,2.25
2024-10-23 00:00,10,0,2,weekday,0,0,54.3,20.0,2.2,6.67,0.0,6.67,-6.67,DEFICIT,4.51,3.38,3.83,2.25
2024-10-23 01:00,10,1,2,weekday,0,0,51.5,19.6,3.1,5.33,0.0,5.33,-5.33,DEFICIT,3.93,3.09,3.34,2.25
2024-10-23 02:00,10,2,2,weekday,0,0,38.8,18.1,2.6,5,0.0,5.0,-5.0,BALANCED,4.92,3.58,4.18,2.25
2024-10-23 03:00,10,3,2,weekday,0,0,42.7,19.2,1.9,5,0.0,5.0,-5.0,BALANCED,4.35,3.3,3.69,2.25
2024-10-23 04:00,10,4,2,weekday,0,0,39.3,17.2,2.8,5,0.0,5.0,-5.0,BALANCED,4.41,3.33,3.75,2.25
2024-10-23 05:00,10,5,2,weekday,0,0,42.8,18.6,2.9,5.07,0.0,5.07,-5.07,DEFICIT,4.65,3.45,3.95,2.25
2024-10-23 06:00,10,6,2,weekday,30.5,3.09,51.4,17.4,3.5,14.0,0,14.0,-10.92,DEFICIT,5.87,4.06,4.99,2.25
2024-10-23 07:00,10,7,2,weekday,98.6,9.99,55.4,19.7,3.3,17.72,0.0,17.72,-7.73,DEFICIT,6.02,4.13,5.11,2.25
2024-10-23 08:00,10,8,2,weekday,198.2,20.1,44.2,21.6,1.9,15.17,21.11,36.28,-16.18,DEFICIT,5.78,4.01,4.91,2.25
2024-10-23 09:00,10,9,2,weekday,359.5,36.46,54.1,21.8,4.5,9.68,0.0,9.68,26.77,SURPLUS,6.02,4.13,5.11,2.25
2024-10-23 10:00,10,10,2,weekday,371.9,37.71,55.4,23.5,0.1,10.14,0,10.14,27.57,SURPLUS,4.05,3.15,3.44,2.25
2024-10-23 11:00,10,11,2,weekday,531.4,53.89,51.4,23.9,3.5,8.79,0,8.79,45.1,SURPLUS,3.34,2.8,2.84,2.25
2024-10-23 12:00,10,12,2,weekday,551.8,55.95,52.1,24.2,4.8,8.55,0,8.55,47.4,SURPLUS,3.7,2.97,3.14,2.25
2024-10-23 13:00,10,13,2,weekday,474.8,47.83,45.5,26.6,6.1,10.13,0,10.13,37.7,SURPLUS,4.22,3.23,3.59,2.25
2024-10-23 14:00,10,14,2,weekday,445.8,45.21,54.0,24.6,1.7,9.38,0,9.38,35.82,SURPLUS,3.97,3.11,3.37,2.25
2024-10-23 15:00,10,15,2,weekday,330.1,33.06,48.5,28.1,3.1,10.23,0,10.23,22.83,SURPLUS,3.08,2.66,2.62,2.25
2024-10-23 16:00,10,16,2,weekday,260.4,26.24,50.5,26.6,3.2,11.21,0,11.21,15.02,SURPLUS,6.73,4.49,5.72,2.25
2024-10-23 17:00,10,17,2,weekday,127.4,12.92,48.3,24.1,2.2,17.71,0,17.71,-4.79,BALANCED,6.74,4.49,5.73,2.25
2024-10-23 18:00,10,18,2,weekday,29.2,2.96,37.6,21.5,2.8,21.89,8.69,30.58,-27.62,DEFICIT,7.02,4.63,5.97,2.25
2024-10-23 19:00,10,19,2,weekday,0,0,46.2,22.7,3.5,26.61,8.8,35.4,-35.4,DEFICIT,7.1,4.68,6.04,2.25
2024-10-23 20:00,10,20,2,weekday,0,0,63.2,20.1,3.2,20.85,11.38,32.23,-32.23,DEFICIT,6.43,4.34,5.46,2.25
2024-10-23 21:00,10,21,2,weekday,0,0,49.1,21.5,2.2,19.19,16.77,35.97,-35.97,DEFICIT,7.23,4.74,6.14,2.25
2024-10-23 22:00,10,22,2,weekday,0,0,51.4,20.7,1.5,12.26,15.77,28.03,-28.03,DEFICIT,4.32,3.28,3.67,2.25
2024-10-23 23:00,10,23,2,weekday,0,0,58.7,18.0,3.8,9.21,0,9.21,-9.21,DEFICIT,5.03,3.64,4.28,2.25
2024-10-24 00:00,10,0,3,weekday,0,0,86.2,19.4,2.7,6.7,4.72,11.41,-11.41,DEFICIT,4.57,3.41,3.89,2.25
2024-10-24 01:00,10,1,3,weekday,0,0,92.7,17.9,2.4,5.64,5.43,11.07,-11.07,DEFICIT,4.1,3.17,3.48,2.25
2024-10-24 02:00,10,2,3,weekday,0,0,89.6,22.8,1.9,5,3.85,8.85,-8.85,DEFICIT,4.8,3.52,4.08,2.25
2024-10-24 03:00,10,3,3,weekday,0,0,78.2,19.9,2.4,5,0.0,5.0,-5.0,BALANCED,3.95,3.1,3.36,2.25
2024-10-24 04:00,10,4,3,weekday,0,0,74.9,19.2,3.6,5,0.0,5.0,-5.0,BALANCED,4.23,3.24,3.6,2.25
2024-10-24 05:00,10,5,3,weekday,0,0,84.6,18.9,3.7,5.41,4.7,10.11,-10.11,DEFICIT,4.71,3.48,4.0,2.25
2024-10-24 06:00,10,6,3,weekday,39.2,3.98,83.9,16.4,3.7,14.66,0,14.66,-10.69,DEFICIT,6.05,4.15,5.14,2.25
2024-10-24 07:00,10,7,3,weekday,143.9,14.59,69.9,17.9,2.2,16.13,0.0,16.13,-1.54,BALANCED,5.82,4.04,4.95,2.25
2024-10-24 08:00,10,8,3,weekday,353.5,35.85,66.3,20.8,3.4,17.27,0.0,17.27,18.58,SURPLUS,5.88,4.06,5.0,2.25
2024-10-24 09:00,10,9,3,weekday,486.9,49.38,76.8,23.5,3.9,10.97,0.0,10.97,38.4,SURPLUS,5.38,3.82,4.58,2.25
2024-10-24 10:00,10,10,3,weekday,740.5,75.09,84.5,23.5,3.9,7.92,0,7.92,67.17,SURPLUS,3.89,3.07,3.31,2.25
2024-10-24 11:00,10,11,3,weekday,805.9,81.54,83.0,25.5,3.5,9.1,0,9.1,72.44,SURPLUS,3.84,3.04,3.26,2.25
2024-10-24 12:00,10,12,3,weekday,878.8,89.02,96.2,25.3,4.2,10.66,0,10.66,78.36,SURPLUS,3.82,3.04,3.25,2.25
2024-10-24 13:00,10,13,3,weekday,761.0,76.32,66.1,27.7,3.1,10.51,0,10.51,65.81,SURPLUS,3.43,2.84,2.92,2.25
2024-10-24 14:00,10,14,3,weekday,715.8,71.5,93.9,28.7,3.4,9.78,0,9.78,61.73,SURPLUS,3.56,2.9,3.02,2.25
2024-10-24 15:00,10,15,3,weekday,564.7,56.45,71.2,28.6,2.5,11.42,0,11.42,45.03,SURPLUS,3.84,3.04,3.26,2.25
2024-10-24 16:00,10,16,3,weekday,339.2,34.25,74.7,26.0,1.8,13.01,0,13.01,21.24,SURPLUS,6.68,4.46,5.67,2.25
2024-10-24 17:00,10,17,3,weekday,189.6,19.18,61.8,25.7,1.9,15.89,0,15.89,3.28,BALANCED,7.33,4.79,6.23,2.25
2024-10-24 18:00,10,18,3,weekday,43.8,4.44,73.7,23.3,3.9,17.12,17.36,34.48,-30.04,DEFICIT,6.34,4.3,5.39,2.25
2024-10-24 19:00,10,19,3,weekday,0,0,87.5,20.9,3.3,28.8,12.48,41.29,-41.29,DEFICIT,7.04,4.64,5.98,2.25
2024-10-24 20:00,10,20,3,weekday,0,0,74.9,18.5,3.9,24.33,11.62,35.95,-35.95,DEFICIT,7.02,4.63,5.97,2.25
2024-10-24 21:00,10,21,3,weekday,0,0,91.1,22.5,3.0,22.96,0.0,22.96,-22.96,DEFICIT,7.03,4.64,5.97,2.25
2024-10-24 22:00,10,22,3,weekday,0,0,90.2,21.5,2.7,15.59,19.19,34.78,-34.78,DEFICIT,4.19,3.22,3.56,2.25
2024-10-24 23:00,10,23,3,weekday,0,0,82.0,19.8,4.7,11.7,0,11.7,-11.7,DEFICIT,4.83,3.54,4.11,2.25
2024-10-25 00:00,10,0,4,weekday,0,0,67.2,19.9,2.1,7.37,3.71,11.08,-11.08,DEFICIT,4.38,3.32,3.73,2.25
2024-10-25 01:00,10,1,4,weekday,0,0,56.6,18.4,1.3,5.37,0.0,5.37,-5.37,DEFICIT,4.25,3.25,3.61,2.25
2024-10-25 02:00,10,2,4,weekday,0,0,57.0,19.9,3.6,5,0.0,5.0,-5.0,BALANCED,4.75,3.5,4.04,2.25
2024-10-25 03:00,10,3,4,weekday,0,0,47.6,18.6,3.2,5,0.0,5.0,-5.0,BALANCED,4.74,3.49,4.03,2.25
2024-10-25 04:00,10,4,4,weekday,0,0,57.2,17.9,3.0,5,0.0,5.0,-5.0,BALANCED,4.51,3.38,3.83,2.25
2024-10-25 05:00,10,5,4,weekday,0,0,62.7,19.5,2.3,5.74,0.0,5.74,-5.74,DEFICIT,4.54,3.39,3.85,2.25
2024-10-25 06:00,10,6,4,weekday,29.9,3.03,56.0,18.9,2.0,14.67,0,14.67,-11.64,DEFICIT,5.57,3.91,4.73,2.25
2024-10-25 07:00,10,7,4,weekday,116.3,11.79,63.4,19.7,1.5,18.44,15.42,33.86,-22.07,DEFICIT,6.19,4.22,5.26,2.25
2024-10-25 08:00,10,8,4,weekday,225.9,22.9,51.6,23.3,2.7,17.89,0.0,17.89,5.01,SURPLUS,5.72,3.99,4.86,2.25
2024-10-25 09:00,10,9,4,weekday,366.8,37.19,41.8,22.7,1.1,9.74,19.04,28.78,8.4,SURPLUS,5.95,4.1,5.06,2.25
2024-10-25 10:00,10,10,4,weekday,476.1,48.15,61.1,25.6,3.0,8.32,0,8.32,39.84,SURPLUS,4.23,3.24,3.6,2.25
2024-10-25 11:00,10,11,4,weekday,517.6,52.44,60.3,25.2,2.5,8.93,0,8.93,43.51,SURPLUS,4.24,3.25,3.61,2.25
2024-10-25 12:00,10,12,4,weekday,660.1,66.7,52.6,25.9,2.4,9.28,0,9.28,57.41,SURPLUS,4.03,3.14,3.43,2.25
2024-10-25 13:00,10,13,4,weekday,616.7,61.82,65.2,27.9,1.8,9.63,0,9.63,52.19,SURPLUS,4.3,3.28,3.66,2.25
2024-10-25 14:00,10,14,4,weekday,475.7,47.11,55.5,30.9,2.9,9.3,0,9.3,37.81,SURPLUS,3.73,2.99,3.17,2.25
2024-10-25 15:00,10,15,4,weekday,482.0,48.46,64.5,27.1,3.4,10.04,0,10.04,38.42,SURPLUS,3.72,2.99,3.17,2.25
2024-10-25 16:00,10,16,4,weekday,287.6,28.92,70.3,27.1,2.6,11.99,0,11.99,16.92,SURPLUS,6.96,4.61,5.92,2.25
2024-10-25 17:00,10,17,4,weekday,142.0,14.4,73.4,23.5,3.5,15.23,0,15.23,-0.83,BALANCED,6.81,4.53,5.78,2.25
2024-10-25 18:00,10,18,4,weekday,29.7,3.02,48.6,22.9,2.6,22.63,20.98,43.61,-40.6,DEFICIT,6.55,4.4,5.57,2.25
2024-10-25 19:00,10,19,4,weekday,0,0,69.9,22.0,1.9,24.55,20.52,45.07,-45.07,DEFICIT,6.73,4.49,5.72,2.25
2024-10-25 20:00,10,20,4,weekday,0,0,61.3,22.2,2.6,25.74,15.99,41.73,-41.73,DEFICIT,7.13,4.69,6.06,2.25
2024-10-25 21:00,10,21,4,weekday,0,0,68.7,22.4,2.6,21.7,17.81,39.51,-39.51,DEFICIT,6.7,4.48,5.7,2.25
2024-10-25 22:00,10,22,4,weekday,0,0,56.4,20.5,2.6,15.04,0.0,15.04,-15.04,DEFICIT,4.52,3.39,3.84,2.25
2024-10-25 23:00,10,23,4,weekday,0,0,61.0,18.0,2.4,9.12,0,9.12,-9.12,DEFICIT,4.8,3.53,4.08,2.25
2024-10-26 00:00,10,0,5,weekend,0,0,72.5,20.7,2.5,7.52,5.32,12.84,-12.84,DEFICIT,4.52,3.39,3.84,2.25
2024-10-26 01:00,10,1,5,weekend,0,0,79.8,18.4,2.1,6.57,3.12,9.69,-9.69,DEFICIT,4.59,3.42,3.9,2.25
2024-10-26 02:00,10,2,5,weekend,0,0,79.1,16.4,4.4,5.4,3.59,8.99,-8.99,DEFICIT,4.31,3.28,3.66,2.25
2024-10-26 03:00,10,3,5,weekend,0,0,86.1,16.8,2.2,5.13,0.0,5.13,-5.13,DEFICIT,4.39,3.32,3.73,2.25
2024-10-26 04:00,10,4,5,weekend,0,0,79.2,21.3,2.2,5,2.73,7.73,-7.73,DEFICIT,4.37,3.31,3.71,2.25
2024-10-26 05:00,10,5,5,weekend,0,0,92.1,15.1,2.1,6.14,0.0,6.14,-6.14,DEFICIT,4.3,3.27,3.65,2.25
2024-10-26 06:00,10,6,5,weekend,40.9,4.14,63.9,20.5,2.9,18.17,0,18.17,-14.02,DEFICIT,5.44,3.84,4.62,2.25
2024-10-26 07:00,10,7,5,weekend,164.0,16.63,59.2,19.2,3.2,26.39,0.0,26.39,-9.76,DEFICIT,6.54,4.39,5.55,2.25
2024-10-26 08:00,10,8,5,weekend,328.4,33.3,73.7,21.7,3.5,19.8,0.0,19.8,13.5,SURPLUS,5.46,3.85,4.64,2.25
2024-10-26 09:00,10,9,5,weekend,452.5,45.89,78.9,23.1,3.5,10.45,9.23,19.68,26.21,SURPLUS,6.03,4.14,5.13,2.25
2024-10-26 10:00,10,10,5,weekend,685.7,69.12,61.9,26.5,2.0,10.92,0,10.92,58.19,SURPLUS,3.18,2.72,2.7,2.25
2024-10-26 11:00,10,11,5,weekend,622.2,63.09,73.1,24.9,3.3,11.96,0,11.96,51.13,SURPLUS,3.41,2.83,2.9,2.25
2024-10-26 12:00,10,12,5,weekend,910.9,90.49,69.2,30.1,3.3,13.16,0,13.16,77.33,SURPLUS,3.9,3.08,3.32,2.25
2024-10-26 13:00,10,13,5,weekend,834.9,84.25,81.6,26.2,3.2,11.74,0,11.74,72.51,SURPLUS,3.49,2.87,2.97,2.25
2024-10-26 14:00,10,14,5,weekend,660.4,65.83,72.0,29.2,2.9,10.41,0,10.41,55.42,SURPLUS,3.7,2.98,3.15,2.25
2024-10-26 15:00,10,15,5,weekend,495.3,50.11,71.1,25.6,2.2,12.32,0,12.32,37.79,SURPLUS,3.84,3.04,3.26,2.25
2024-10-26 16:00,10,16,5,weekend,343.6,34.37,82.5,28.4,3.3,12.81,0,12.81,21.56,SURPLUS,6.74,4.49,5.73,2.25
2024-10-26 17:00,10,17,5,weekend,177.5,17.9,72.1,26.4,2.6,19.17,0,19.17,-1.28,BALANCED,7.15,4.7,6.08,2.25
2024-10-26 18:00,10,18,5,weekend,36.4,3.69,77.9,23.2,4.2,31.05,7.21,38.26,-34.57,DEFICIT,6.8,4.52,5.78,2.25
2024-10-26 19:00,10,19,5,weekend,0,0,65.2,23.2,3.4,30.42,13.77,44.19,-44.19,DEFICIT,6.72,4.48,5.71,2.25
2024-10-26 20:00,10,20,5,weekend,0,0,73.9,22.7,1.4,37.25,18.58,55.83,-55.83,DEFICIT,6.69,4.47,5.69,2.25
2024-10-26 21:00,10,21,5,weekend,0,0,83.7,21.9,3.2,20.3,0.0,20.3,-20.3,DEFICIT,6.64,4.45,5.65,2.25
2024-10-26 22:00,10,22,5,weekend,0,0,68.9,25.1,2.3,16.85,8.11,24.96,-24.96,DEFICIT,4.79,3.52,4.07,2.25
2024-10-26 23:00,10,23,5,weekend,0,0,88.6,19.0,2.9,10.93,0,10.93,-10.93,DEFICIT,4.61,3.43,3.92,2.25
2024-10-27 00:00,10,0,6,weekend,0,0,48.0,19.6,2.2,6.93,0.0,6.93,-6.93,DEFICIT,4.35,3.3,3.69,2.25
2024-10-27 01:00,10,1,6,weekend,0,0,61.8,18.7,2.5,6.71,4.14,10.85,-10.85,DEFICIT,4.4,3.32,3.74,2.25
2024-10-27 02:00,10,2,6,weekend,0,0,49.7,17.3,2.7,5.18,0.0,5.18,-5.18,DEFICIT,4.52,3.38,3.84,2.25
2024-10-27 03:00,10,3,6,weekend,0,0,57.0,16.1,2.5,5,0.0,5.0,-5.0,BALANCED,4.52,3.39,3.84,2.25
2024-10-27 04:00,10,4,6,weekend,0,0,60.7,19.7,2.3,5,4.6,9.6,-9.6,DEFICIT,4.41,3.33,3.75,2.25
2024-10-27 05:00,10,5,6,weekend,0,0,53.3,20.3,3.9,6.3,0.0,6.3,-6.3,DEFICIT,4.76,3.5,4.04,2.25
2024-10-27 06:00,10,6,6,weekend,27.9,2.83,47.3,20.2,2.5,18.03,0,18.03,-15.21,DEFICIT,5.65,3.95,4.8,2.25
2024-10-27 07:00,10,7,6,weekend,93.0,9.43,49.9,22.0,2.6,19.74,0.0,19.74,-10.31,DEFICIT,5.98,4.12,5.08,2.25
2024-10-27 08:00,10,8,6,weekend,194.1,19.68,51.7,22.2,1.3,18.68,0.0,18.68,1.0,BALANCED,6.51,4.38,5.53,2.25
2024-10-27 09:00,10,9,6,weekend,393.3,39.88,54.8,24.0,1.3,12.41,3.76,16.16,23.71,SURPLUS,5.88,4.07,5.0,2.25
2024-10-27 10:00,10,10,6,weekend,414.9,42.07,36.3,22.7,2.7,11.1,0,11.1,30.97,SURPLUS,3.53,2.89,3.0,2.25
2024-10-27 11:00,10,11,6,weekend,517.9,52.47,53.7,25.2,1.5,11.8,0,11.8,40.67,SURPLUS,4.0,3.12,3.4,2.25
2024-10-27 12:00,10,12,6,weekend,535.4,53.71,69.8,27.7,3.7,11.31,0,11.31,42.39,SURPLUS,3.99,3.12,3.39,2.25
2024-10-27 13:00,10,13,6,weekend,628.5,63.44,50.8,26.1,3.0,12.79,0,12.79,50.64,SURPLUS,3.95,3.1,3.36,2.25
2024-10-27 14:00,10,14,6,weekend,504.0,50.43,39.9,28.3,3.1,11.89,0,11.89,38.54,SURPLUS,3.43,2.84,2.91,2.25
2024-10-27 15:00,10,15,6,weekend,320.0,32.23,39.1,26.7,2.6,10.83,0,10.83,21.4,SURPLUS,3.19,2.72,2.71,2.25
2024-10-27 16:00,10,16,6,weekend,257.6,26.03,46.5,25.9,3.0,13.04,0,13.04,12.99,SURPLUS,7.06,4.65,6.0,2.25
2024-10-27 17:00,10,17,6,weekend,117.0,11.84,51.5,25.6,2.5,18.0,0,18.0,-6.16,DEFICIT,6.89,4.57,5.86,2.25
2024-10-27 18:00,10,18,6,weekend,29.7,3.01,52.2,23.4,1.9,22.81,21.17,43.98,-40.96,DEFICIT,6.94,4.59,5.9,2.25
2024-10-27 19:00,10,19,6,weekend,0,0,62.8,22.0,3.0,26.57,6.42,32.99,-32.99,DEFICIT,6.69,4.47,5.69,2.25
2024-10-27 20:00,10,20,6,weekend,0,0,54.1,20.6,3.4,24.72,8.46,33.18,-33.18,DEFICIT,6.24,4.25,5.31,2.25
2024-10-27 21:00,10,21,6,weekend,0,0,49.7,19.2,4.4,20.41,11.7,32.11,-32.11,DEFICIT,6.73,4.49,5.72,2.25
2024-10-27 22:00,10,22,6,weekend,0,0,56.6,17.6,2.3,17.31,16.04,33.35,-33.35,DEFICIT,4.29,3.27,3.65,2.25
2024-10-27 23:00,10,23,6,weekend,0,0,62.9,20.9,4.1,11.41,0,11.41,-11.41,DEFICIT,4.08,3.17,3.47,2.25
2024-10-28 00:00,10,0,0,weekday,0,0,41.3,18.7,3.2,6.09,4.8,10.9,-10.9,DEFICIT,4.63,3.44,3.94,2.25
2024-10-28 01:00,10,1,0,weekday,0,0,51.6,19.7,3.3,5.38,0.0,5.38,-5.38,DEFICIT,4.07,3.16,3.46,2.25
2024-10-28 02:00,10,2,0,weekday,0,0,59.6,15.9,2.6,5,2.72,7.72,-7.72,DEFICIT,4.08,3.17,3.47,2.25
2024-10-28 03:00,10,3,0,weekday,0,0,62.9,17.3,3.1,5,4.47,9.47,-9.47,DEFICIT,4.52,3.39,3.85,2.25
2024-10-28 04:00,10,4,0,weekday,0,0,40.6,15.4,3.1,5,5.2,10.2,-10.2,DEFICIT,4.43,3.34,3.77,2.25
2024-10-28 05:00,10,5,0,weekday,0,0,48.6,20.0,3.1,5.59,2.85,8.44,-8.44,DEFICIT,4.36,3.3,3.71,2.25
2024-10-28 06:00,10,6,0,weekday,24.6,2.49,50.9,18.5,2.8,13.86,0,13.86,-11.37,DEFICIT,5.9,4.07,5.01,2.25
2024-10-28 07:00,10,7,0,weekday,92.8,9.41,67.7,22.1,3.0,18.1,0.0,18.1,-8.69,DEFICIT,5.46,3.86,4.64,2.25
2024-10-28 08:00,10,8,0,weekday,201.6,20.44,41.2,20.4,2.3,11.65,6.92,18.57,1.86,BALANCED,6.13,4.19,5.21,2.25
2024-10-28 09:00,10,9,0,weekday,289.4,29.34,61.1,22.2,3.0,10.78,0.0,10.78,18.57,SURPLUS,5.81,4.03,4.94,2.25
2024-10-28 10:00,10,10,0,weekday,403.9,40.95,49.2,24.9,3.5,10.35,0,10.35,30.6,SURPLUS,3.94,3.09,3.35,2.25
2024-10-28 11:00,10,11,0,weekday,464.7,46.58,54.2,27.9,2.3,9.02,0,9.02,37.56,SURPLUS,3.94,3.09,3.35,2.25
2024-10-28 12:00,10,12,0,weekday,558.2,56.1,43.9,27.2,5.6,10.37,0,10.37,45.74,SURPLUS,3.62,2.93,3.07,2.25
2024-10-28 13:00,10,13,0,weekday,499.4,49.88,55.7,28.8,3.3,9.7,0,9.7,40.18,SURPLUS,3.78,3.02,3.21,2.25
2024-10-28 14:00,10,14,0,weekday,440.4,44.43,47.0,26.3,4.2,9.59,0,9.59,34.85,SURPLUS,3.95,3.1,3.36,2.25
2024-10-28 15:00,10,15,0,weekday,308.5,31.22,43.5,25.5,1.7,9.62,0,9.62,21.59,SURPLUS,3.88,3.06,3.29,2.25
2024-10-28 16:00,10,16,0,weekday,183.1,18.55,35.6,25.2,3.4,11.53,0,11.53,7.02,SURPLUS,6.96,4.61,5.92,2.25
2024-10-28 17:00,10,17,0,weekday,122.2,12.32,61.9,26.4,2.6,14.56,0,14.56,-2.24,BALANCED,6.52,4.39,5.54,2.25
2024-10-28 18:00,10,18,0,weekday,28.6,2.9,52.1,21.7,3.1,26.32,5.98,32.3,-29.4,DEFICIT,7.22,4.73,6.14,2.25
2024-10-28 19:00,10,19,0,weekday,0,0,40.7,20.5,3.2,26.88,0.0,26.88,-26.88,DEFICIT,7.0,4.63,5.95,2.25
2024-10-28 20:00,10,20,0,weekday,0,0,54.1,21.2,4.7,22.99,15.81,38.8,-38.8,DEFICIT,6.87,4.56,5.84,2.25
2024-10-28 21:00,10,21,0,weekday,0,0,55.5,19.0,2.8,19.23,0.0,19.23,-19.23,DEFICIT,7.11,4.68,6.04,2.25
2024-10-28 22:00,10,22,0,weekday,0,0,49.8,20.4,2.0,12.22,16.6,28.82,-28.82,DEFICIT,4.9,3.58,4.17,2.25
2024-10-28 23:00,10,23,0,weekday,0,0,44.0,19.8,3.5,8.38,0,8.38,-8.38,DEFICIT,4.37,3.31,3.71,2.25
2024-10-29 00:00,10,0,1,weekday,0,0,37.5,19.0,2.4,5.9,0.0,5.9,-5.9,DEFICIT,3.86,3.05,3.28,2.25
2024-10-29 01:00,10,1,1,weekday,0,0,42.0,18.2,4.5,5.15,3.06,8.2,-8.2,DEFICIT,4.66,3.46,3.96,2.25
2024-10-29 02:00,10,2,1,weekday,0,0,41.0,19.3,1.9,5,2.42,7.42,-7.42,DEFICIT,4.43,3.34,3.77,2.25
2024-10-29 03:00,10,3,1,weekday,0,0,54.8,17.2,3.6,5,5.27,10.27,-10.27,DEFICIT,5.04,3.65,4.29,2.25
2024-10-29 04:00,10,4,1,weekday,0,0,48.1,15.9,3.3,5,0.0,5.0,-5.0,BALANCED,4.79,3.52,4.07,2.25
2024-10-29 05:00,10,5,1,weekday,0,0,36.8,18.9,2.1,5.68,4.93,10.61,-10.61,DEFICIT,4.76,3.51,4.05,2.25
2024-10-29 06:00,10,6,1,weekday,22.9,2.32,39.3,16.7,2.9,15.39,0,15.39,-13.06,DEFICIT,5.86,4.05,4.98,2.25
2024-10-29 07:00,10,7,1,weekday,87.3,8.85,30.6,20.1,1.9,23.24,0.0,23.24,-14.39,DEFICIT,5.37,3.81,4.56,2.25
2024-10-29 08:00,10,8,1,weekday,161.3,16.36,53.2,22.7,2.2,16.99,9.07,26.06,-9.7,DEFICIT,6.04,4.15,5.13,2.25
2024-10-29 09:00,10,9,1,weekday,283.7,28.77,43.7,23.1,3.3,10.94,0.0,10.94,17.82,SURPLUS,5.85,4.05,4.97,2.25
2024-10-29 10:00,10,10,1,weekday,336.4,34.11,41.5,24.2,3.7,8.83,0,8.83,25.28,SURPLUS,3.56,2.91,3.03,2.25
2024-10-29 11:00,10,11,1,weekday,420.4,42.62,48.4,24.4,3.1,10.18,0,10.18,32.44,SURPLUS,3.6,2.92,3.06,2.25
2024-10-29 12:00,10,12,1,weekday,469.5,47.15,39.6,27.4,3.3,11.6,0,11.6,35.55,SURPLUS,3.55,2.9,3.02,2.25
2024-10-29 13:00,10,13,1,weekday,500.5,50.09,53.5,28.2,4.5,9.93,0,9.93,40.16,SURPLUS,3.96,3.1,3.36,2.25
2024-10-29 14:00,10,14,1,weekday,392.6,39.37,42.4,27.7,2.5,8.6,0,8.6,30.76,SURPLUS,3.37,2.81,2.86,2.25
2024-10-29 15:00,10,15,1,weekday,295.5,29.49,45.6,29.0,4.4,8.99,0,8.99,20.5,SURPLUS,3.99,3.12,3.39,2.25
2024-10-29 16:00,10,16,1,weekday,192.9,19.56,55.6,25.0,3.2,12.62,0,12.62,6.94,SURPLUS,7.33,4.79,6.23,2.25
2024-10-29 17:00,10,17,1,weekday,104.2,10.57,42.1,24.9,3.3,16.68,0,16.68,-6.11,DEFICIT,6.76,4.5,5.74,2.25
2024-10-29 18:00,10,18,1,weekday,26.3,2.67,21.8,22.7,2.1,18.2,13.8,32.0,-29.34,DEFICIT,6.94,4.6,5.9,2.25
2024-10-29 19:00,10,19,1,weekday,0,0,39.3,22.0,3.3,25.95,9.35,35.29,-35.29,DEFICIT,7.01,4.63,5.96,2.25
2024-10-29 20:00,10,20,1,weekday,0,0,41.8,21.5,2.2,26.92,11.14,38.07,-38.07,DEFICIT,6.74,4.5,5.73,2.25
2024-10-29 21:00,10,21,1,weekday,0,0,43.6,22.2,2.7,18.25,7.52,25.77,-25.77,DEFICIT,7.21,4.73,6.13,2.25
2024-10-29 22:00,10,22,1,weekday,0,0,57.2,20.8,2.4,11.35,16.81,28.15,-28.15,DEFICIT,4.28,3.27,3.64,2.25
2024-10-29 23:00,10,23,1,weekday,0,0,32.8,21.9,3.2,10.51,0,10.51,-10.51,DEFICIT,4.49,3.37,3.82,2.25
2024-10-30 00:00,10,0,2,weekday,0,0,59.6,21.3,2.5,7.0,3.46,10.47,-10.47,DEFICIT,4.72,3.49,4.01,2.25
2024-10-30 01:00,10,1,2,weekday,0,0,62.7,22.0,3.0,5,2.11,7.11,-7.11,DEFICIT,5.01,3.63,4.26,2.25
2024-10-30 02:00,10,2,2,weekday,0,0,56.9,18.7,3.0,5,5.13,10.13,-10.13,DEFICIT,4.22,3.23,3.59,2.25
2024-10-30 03:00,10,3,2,weekday,0,0,78.2,20.4,2.7,5,3.3,8.3,-8.3,DEFICIT,4.53,3.39,3.85,2.25
2024-10-30 04:00,10,4,2,weekday,0,0,80.4,18.6,3.2,5,4.19,9.19,-9.19,DEFICIT,4.66,3.46,3.96,2.25
2024-10-30 05:00,10,5,2,weekday,0,0,69.3,19.6,2.4,6.09,4.77,10.87,-10.87,DEFICIT,4.83,3.54,4.11,2.25
2024-10-30 06:00,10,6,2,weekday,33.3,3.37,69.8,19.7,1.9,15.12,0,15.12,-11.75,DEFICIT,5.94,4.1,5.05,2.25
2024-10-30 07:00,10,7,2,weekday,126.9,12.87,68.6,20.7,4.6,20.35,0.0,20.35,-7.48,DEFICIT,5.31,3.78,4.51,2.25
2024-10-30 08:00,10,8,2,weekday,297.2,30.13,67.3,20.7,2.8,19.58,0.0,19.58,10.55,SURPLUS,5.86,4.06,4.98,2.25
2024-10-30 09:00,10,9,2,weekday,478.6,48.53,71.3,22.3,1.7,10.71,4.52,15.23,33.3,SURPLUS,5.53,3.89,4.7,2.25
2024-10-30 10:00,10,10,2,weekday,569.6,57.6,66.4,25.7,3.1,10.62,0,10.62,46.97,SURPLUS,3.84,3.04,3.26,2.25
2024-10-30 11:00,10,11,2,weekday,632.3,63.69,82.7,26.6,4.0,8.9,0,8.9,54.79,SURPLUS,3.89,3.07,3.31,2.25
2024-10-30 12:00,10,12,2,weekday,714.0,71.67,52.6,27.5,4.0,12.62,0,12.62,59.05,SURPLUS,3.55,2.9,3.01,2.25
2024-10-30 13:00,10,13,2,weekday,706.9,70.98,69.5,27.4,4.5,9.12,0,9.12,61.86,SURPLUS,3.56,2.91,3.03,2.25
2024-10-30 14:00,10,14,2,weekday,640.1,64.31,67.5,27.3,2.0,9.27,0,9.27,55.04,SURPLUS,3.94,3.1,3.35,2.25
2024-10-30 15:00,10,15,2,weekday,527.4,53.26,49.0,26.0,2.5,10.14,0,10.14,43.12,SURPLUS,3.98,3.12,3.39,2.25
2024-10-30 16:00,10,16,2,weekday,351.4,35.64,66.5,24.1,3.5,12.99,0,12.99,22.65,SURPLUS,6.96,4.61,5.92,2.25
2024-10-30 17:00,10,17,2,weekday,144.4,14.64,65.5,23.9,2.9,18.41,0,18.41,-3.77,BALANCED,6.71,4.48,5.71,2.25
2024-10-30 18:00,10,18,2,weekday,36.1,3.66,62.8,23.6,2.5,21.08,14.17,35.26,-31.59,DEFICIT,7.23,4.74,6.14,2.25
2024-10-30 19:00,10,19,2,weekday,0,0,81.5,25.3,2.4,28.79,7.19,35.98,-35.98,DEFICIT,6.91,4.58,5.88,2.25
2024-10-30 20:00,10,20,2,weekday,0,0,68.0,23.4,4.7,24.47,11.16,35.63,-35.63,DEFICIT,6.67,4.46,5.67,2.25
2024-10-30 21:00,10,21,2,weekday,0,0,55.8,21.6,1.3,17.37,12.12,29.49,-29.49,DEFICIT,6.48,4.37,5.51,2.25
2024-10-30 22:00,10,22,2,weekday,0,0,70.0,22.0,2.0,14.68,13.21,27.89,-27.89,DEFICIT,5.13,3.69,4.36,2.25
2024-10-30 23:00,10,23,2,weekday,0,0,78.4,18.6,4.4,9.32,0,9.32,-9.32,DEFICIT,4.31,3.28,3.66,2.25
2024-10-31 00:00,10,0,3,weekday,0,0,85.7,17.0,3.5,6.57,3.88,10.45,-10.45,DEFICIT,4.79,3.52,4.07,2.25
2024-10-31 01:00,10,1,3,weekday,0,0,83.1,20.7,3.7,5.2,3.46,8.67,-8.67,DEFICIT,4.03,3.14,3.42,2.25
2024-10-31 02:00,10,2,3,weekday,0,0,79.0,16.1,3.4,5,0.0,5.0,-5.0,BALANCED,4.47,3.36,3.8,2.25
2024-10-31 03:00,10,3,3,weekday,0,0,90.3,18.3,2.0,5,0.0,5.0,-5.0,BALANCED,4.51,3.38,3.83,2.25
2024-10-31 04:00,10,4,3,weekday,0,0,81.0,17.8,2.2,5,2.35,7.35,-7.35,DEFICIT,4.38,3.32,3.73,2.25
2024-10-31 05:00,10,5,3,weekday,0,0,81.1,18.9,3.6,5.74,0.0,5.74,-5.74,DEFICIT,4.2,3.22,3.57,2.25
2024-10-31 06:00,10,6,3,weekday,44.5,4.51,84.2,20.2,3.3,15.03,0,15.03,-10.52,DEFICIT,5.65,3.95,4.8,2.25
2024-10-31 07:00,10,7,3,weekday,186.7,18.93,77.7,21.4,3.6,20.52,0.0,20.52,-1.59,BALANCED,6.13,4.19,5.21,2.25
2024-10-31 08:00,10,8,3,weekday,325.7,33.03,85.9,21.5,2.7,16.75,0.0,16.75,16.28,SURPLUS,5.72,3.98,4.86,2.25
2024-10-31 09:00,10,9,3,weekday,515.8,52.2,74.0,25.5,2.4,10.26,10.64,20.9,31.3,SURPLUS,5.41,3.83,4.6,2.25
2024-10-31 10:00,10,10,3,weekday,701.5,70.82,73.4,26.1,2.9,9.13,0,9.13,61.68,SURPLUS,3.62,2.94,3.08,2.25
2024-10-31 11:00,10,11,3,weekday,784.1,78.94,63.3,26.8,3.0,10.91,0,10.91,68.03,SURPLUS,4.27,3.26,3.63,2.25
2024-10-31 12:00,10,12,3,weekday,839.9,84.09,59.9,28.2,3.3,10.31,0,10.31,73.78,SURPLUS,4.12,3.19,3.5,2.25
2024-10-31 13:00,10,13,3,weekday,850.4,84.52,80.8,30.0,3.8,10.78,0,10.78,73.74,SURPLUS,3.26,2.75,2.77,2.25
2024-10-31 14:00,10,14,3,weekday,695.9,70.19,86.3,26.3,2.4,11.07,0,11.07,59.13,SURPLUS,4.17,3.21,3.55,2.25
2024-10-31 15:00,10,15,3,weekday,606.0,61.11,75.9,26.4,4.4,9.87,0,9.87,51.24,SURPLUS,3.86,3.05,3.28,2.25
2024-10-31 16:00,10,16,3,weekday,399.7,40.29,85.8,26.5,2.7,11.8,0,11.8,28.49,SURPLUS,6.43,4.34,5.47,2.25
2024-10-31 17:00,10,17,3,weekday,181.9,18.44,81.3,24.7,3.2,16.93,0,16.93,1.51,BALANCED,6.84,4.54,5.81,2.25
2024-10-31 18:00,10,18,3,weekday,38.7,3.93,78.6,21.1,3.3,22.0,17.62,39.61,-35.69,DEFICIT,5.94,4.1,5.05,2.25
2024-10-31 19:00,10,19,3,weekday,0,0,79.6,24.3,3.3,25.32,11.08,36.4,-36.4,DEFICIT,6.76,4.51,5.75,2.25
2024-10-31 20:00,10,20,3,weekday,0,0,84.1,20.4,3.7,27.19,14.62,41.81,-41.81,DEFICIT,6.65,4.45,5.65,2.25
2024-10-31 21:00,10,21,3,weekday,0,0,88.5,23.3,2.1,17.59,12.71,30.3,-30.3,DEFICIT,6.85,4.55,5.82,2.25
2024-10-31 22:00,10,22,3,weekday,0,0,87.7,22.4,2.4,15.3,19.9,35.21,-35.21,DEFICIT,4.38,3.32,3.73,2.25
2024-10-31 23:00,10,23,3,weekday,0,0,77.6,19.6,2.8,11.12,0,11.12,-11.12,DEFICIT,4.68,3.46,3.98,2.25
2024-11-01 00:00,11,0,4,weekday,0,0,40.8,18.4,2.5,6.51,0.0,6.51,-6.51,DEFICIT,5.17,3.71,4.4,2.25
2024-11-01 01:00,11,1,4,weekday,0,0,40.0,21.1,1.6,5.05,0.0,5.05,-5.05,DEFICIT,4.23,3.24,3.6,2.25
2024-11-01 02:00,11,2,4,weekday,0,0,40.1,15.9,3.0,5,4.74,9.74,-9.74,DEFICIT,3.8,3.02,3.23,2.25
2024-11-01 03:00,11,3,4,weekday,0,0,60.0,16.2,3.1,5,0.0,5.0,-5.0,BALANCED,4.56,3.41,3.88,2.25
2024-11-01 04:00,11,4,4,weekday,0,0,42.6,17.3,2.1,5,0.0,5.0,-5.0,BALANCED,4.34,3.3,3.69,2.25
2024-11-01 05:00,11,5,4,weekday,0,0,37.3,12.8,1.7,5,0.0,5.0,-5.0,BALANCED,4.12,3.19,3.5,2.25
2024-11-01 06:00,11,6,4,weekday,30.9,3.14,24.3,14.4,3.9,14.13,0,14.13,-10.99,DEFICIT,5.79,4.02,4.92,2.25
2024-11-01 07:00,11,7,4,weekday,107.5,10.9,22.8,19.3,2.9,20.03,10.18,30.21,-19.31,DEFICIT,5.81,4.03,4.94,2.25
2024-11-01 08:00,11,8,4,weekday,229.2,23.24,37.8,16.7,2.4,14.27,3.89,18.16,5.08,SURPLUS,5.81,4.03,4.94,2.25
2024-11-01 09:00,11,9,4,weekday,364.9,37.0,43.4,23.2,2.4,9.3,0.0,9.3,27.71,SURPLUS,6.28,4.26,5.34,2.25
2024-11-01 10:00,11,10,4,weekday,514.2,52.14,31.1,23.7,1.7,10.77,0,10.77,41.37,SURPLUS,3.83,3.04,3.26,2.25
2024-11-01 11:00,11,11,4,weekday,584.5,58.84,42.8,26.8,1.3,10.27,0,10.27,48.57,SURPLUS,3.74,3.0,3.18,2.25
2024-11-01 12:00,11,12,4,weekday,630.2,63.67,30.7,25.9,1.2,11.01,0,11.01,52.66,SURPLUS,4.12,3.18,3.5,2.25
2024-11-01 13:00,11,13,4,weekday,637.6,63.64,42.6,28.9,3.3,8.1,0,8.1,55.54,SURPLUS,4.01,3.13,3.41,2.25
2024-11-01 14:00,11,14,4,weekday,428.7,42.94,32.8,28.1,4.2,7.96,0,7.96,34.97,SURPLUS,4.1,3.17,3.48,2.25
2024-11-01 15:00,11,15,4,weekday,342.9,34.5,27.8,26.9,0.9,9.84,0,9.84,24.66,SURPLUS,3.85,3.05,3.27,2.25
2024-11-01 16:00,11,16,4,weekday,255.5,25.91,38.8,24.8,3.6,13.95,0,13.95,11.96,SURPLUS,6.8,4.53,5.78,2.25
2024-11-01 17:00,11,17,4,weekday,137.2,13.91,15.6,24.8,1.5,16.0,0,16.0,-2.09,BALANCED,7.32,4.79,6.22,2.25
2024-11-01 18:00,11,18,4,weekday,29.4,2.99,34.0,24.2,3.2,19.97,15.72,35.69,-32.7,DEFICIT,6.92,4.58,5.88,2.25
2024-11-01 19:00,11,19,4,weekday,0,0,43.3,20.0,1.8,27.6,8.05,35.65,-35.65,DEFICIT,6.9,4.58,5.87,2.25
2024-11-01 20:00,11,20,4,weekday,0,0,33.9,21.9,2.4,26.85,21.54,48.39,-48.39,DEFICIT,6.24,4.24,5.3,2.25
2024-11-01 21:00,11,21,4,weekday,0,0,46.3,19.1,4.4,19.08,19.22,38.3,-38.3,DEFICIT,7.15,4.7,6.08,2.25
2024-11-01 22:00,11,22,4,weekday,0,0,42.9,19.0,1.7,11.6,16.22,27.81,-27.81,DEFICIT,5.41,3.83,4.6,2.25
2024-11-01 23:00,11,23,4,weekday,0,0,35.2,18.7,2.3,7.17,0,7.17,-7.17,DEFICIT,4.42,3.34,3.76,2.25
2024-11-02 00:00,11,0,5,weekend,0,0,42.7,20.7,1.1,8.23,0.0,8.23,-8.23,DEFICIT,4.87,3.56,4.14,2.25
2024-11-02 01:00,11,1,5,weekend,0,0,53.2,17.6,2.4,6.69,4.08,10.77,-10.77,DEFICIT,4.11,3.18,3.49,2.25
2024-11-02 02:00,11,2,5,weekend,0,0,52.0,17.0,3.1,5.16,0.0,5.16,-5.16,DEFICIT,4.63,3.44,3.94,2.25
2024-11-02 03:00,11,3,5,weekend,0,0,43.1,18.7,1.4,5,0.0,5.0,-5.0,BALANCED,4.43,3.34,3.77,2.25
2024-11-02 04:00,11,4,5,weekend,0,0,53.7,17.1,3.0,5,0.0,5.0,-5.0,BALANCED,4.33,3.29,3.68,2.25
2024-11-02 05:00,11,5,5,weekend,0,0,50.5,15.5,1.8,6.62,4.56,11.18,-11.18,DEFICIT,4.86,3.55,4.13,2.25
2024-11-02 06:00,11,6,5,weekend,37.2,3.77,50.9,15.9,2.9,15.82,0,15.82,-12.05,DEFICIT,5.63,3.94,4.79,2.25
2024-11-02 07:00,11,7,5,weekend,110.7,11.23,52.0,20.8,3.6,23.77,8.55,32.31,-21.09,DEFICIT,5.67,3.96,4.82,2.25
2024-11-02 08:00,11,8,5,weekend,286.9,29.09,40.7,21.2,3.1,19.66,15.91,35.57,-6.48,DEFICIT,5.84,4.04,4.96,2.25
2024-11-02 09:00,11,9,5,weekend,427.3,43.33,41.7,22.8,2.2,12.85,7.14,19.99,23.34,SURPLUS,5.68,3.96,4.83,2.25
2024-11-02 10:00,11,10,5,weekend,544.3,55.19,53.6,23.7,3.2,9.56,0,9.56,45.63,SURPLUS,3.74,3.0,3.18,2.25
2024-11-02 11:00,11,11,5,weekend,643.5,65.25,42.8,25.0,3.7,10.88,0,10.88,54.36,SURPLUS,3.74,2.99,3.18,2.25
2024-11-02 12:00,11,12,5,weekend,774.7,78.49,47.1,25.2,2.9,11.63,0,11.63,66.86,SURPLUS,4.02,3.14,3.42,2.25
2024-11-02 13:00,11,13,5,weekend,762.3,76.53,44.9,27.5,2.7,10.63,0,10.63,65.9,SURPLUS,4.17,3.21,3.54,2.25
2024-11-02 14:00,11,14,5,weekend,563.7,57.16,53.7,24.4,4.0,12.06,0,12.06,45.1,SURPLUS,3.94,3.1,3.35,2.25
2024-11-02 15:00,11,15,5,weekend,389.1,39.45,36.3,23.3,2.3,11.66,0,11.66,27.79,SURPLUS,3.71,2.98,3.15,2.25
2024-11-02 16:00,11,16,5,weekend,270.7,27.18,47.9,27.5,1.3,14.18,0,14.18,13.0,SURPLUS,7.22,4.73,6.13,2.25
2024-11-02 17:00,11,17,5,weekend,144.1,14.52,52.3,26.6,2.9,20.14,0,20.14,-5.62,DEFICIT,6.59,4.42,5.6,2.25
2024-11-02 18:00,11,18,5,weekend,36.3,3.68,33.7,23.8,3.2,27.89,15.29,43.18,-39.5,DEFICIT,6.54,4.39,5.56,2.25
2024-11-02 19:00,11,19,5,weekend,0,0,50.5,21.8,0.6,36.52,5.71,42.24,-42.24,DEFICIT,6.7,4.47,5.69,2.25
2024-11-02 20:00,11,20,5,weekend,0,0,47.8,19.7,2.4,27.3,17.89,45.19,-45.19,DEFICIT,6.82,4.54,5.8,2.25
2024-11-02 21:00,11,21,5,weekend,0,0,42.1,18.9,3.1,18.95,13.01,31.95,-31.95,DEFICIT,6.4,4.32,5.44,2.25
2024-11-02 22:00,11,22,5,weekend,0,0,40.5,19.2,2.0,16.77,11.31,28.08,-28.08,DEFICIT,4.36,3.31,3.71,2.25
2024-11-02 23:00,11,23,5,weekend,0,0,51.4,16.1,2.1,11.83,0,11.83,-11.83,DEFICIT,4.2,3.23,3.57,2.25
2024-11-03 00:00,11,0,6,weekend,0,0,18.1,16.8,2.2,6.92,0.0,6.92,-6.92,DEFICIT,4.68,3.46,3.97,2.25
2024-11-03 01:00,11,1,6,weekend,0,0,28.1,18.3,3.0,6.07,3.99,10.06,-10.06,DEFICIT,4.62,3.43,3.92,2.25
2024-11-03 02:00,11,2,6,weekend,0,0,41.7,20.1,3.4,5.94,0.0,5.94,-5.94,DEFICIT,4.59,3.42,3.9,2.25
2024-11-03 03:00,11,3,6,weekend,0,0,33.1,17.1,2.5,5.71,3.31,9.01,-9.01,DEFICIT,4.32,3.29,3.67,2.25
2024-11-03 04:00,11,4,6,weekend,0,0,41.1,19.0,1.9,5,2.25,7.25,-7.25,DEFICIT,4.38,3.31,3.72,2.25
2024-11-03 05:00,11,5,6,weekend,0,0,39.1,16.2,4.0,6.18,4.02,10.2,-10.2,DEFICIT,4.98,3.61,4.23,2.25
2024-11-03 06:00,11,6,6,weekend,24.7,2.5,27.7,18.0,2.4,17.5,0,17.5,-15.0,DEFICIT,5.66,3.96,4.81,2.25
2024-11-03 07:00,11,7,6,weekend,79.3,8.04,29.5,19.3,1.9,24.63,0.0,24.63,-16.59,DEFICIT,5.85,4.05,4.97,2.25
2024-11-03 08:00,11,8,6,weekend,150.2,15.23,29.5,19.9,0.9,18.01,0.0,18.01,-2.78,BALANCED,5.25,3.75,4.46,2.25
2024-11-03 09:00,11,9,6,weekend,304.5,30.87,34.2,21.1,3.2,15.22,20.24,35.46,-4.59,BALANCED,5.35,3.8,4.54,2.25
2024-11-03 10:00,11,10,6,weekend,386.8,39.23,39.8,22.6,2.2,9.21,0,9.21,30.01,SURPLUS,3.61,2.93,3.07,2.25
2024-11-03 11:00,11,11,6,weekend,361.9,36.69,18.1,25.0,2.0,10.1,0,10.1,26.6,SURPLUS,3.75,3.0,3.19,2.25
2024-11-03 12:00,11,12,6,weekend,526.6,53.4,18.0,22.8,2.6,12.21,0,12.21,41.19,SURPLUS,3.71,2.98,3.15,2.25
2024-11-03 13:00,11,13,6,weekend,442.9,44.6,35.5,26.8,3.5,12.83,0,12.83,31.77,SURPLUS,3.84,3.04,3.26,2.25
2024-11-03 14:00,11,14,6,weekend,385.4,38.58,32.4,28.2,3.9,10.65,0,10.65,27.93,SURPLUS,3.66,2.96,3.11,2.25
2024-11-03 15:00,11,15,6,weekend,330.2,33.28,35.7,26.6,3.2,11.3,0,11.3,21.97,SURPLUS,3.78,3.01,3.21,2.25
2024-11-03 16:00,11,16,6,weekend,184.8,18.74,17.2,24.8,1.6,13.43,0,13.43,5.31,SURPLUS,7.08,4.66,6.02,2.25
2024-11-03 17:00,11,17,6,weekend,100.8,10.17,26.9,26.2,2.7,17.88,0,17.88,-7.71,DEFICIT,6.91,4.58,5.87,2.25
2024-11-03 18:00,11,18,6,weekend,23.4,2.37,25.5,20.8,4.2,28.5,0.0,28.5,-26.13,DEFICIT,6.87,4.56,5.84,2.25
2024-11-03 19:00,11,19,6,weekend,0,0,31.2,22.0,3.6,28.75,13.33,42.08,-42.08,DEFICIT,6.49,4.37,5.52,2.25
2024-11-03 20:00,11,20,6,weekend,0,0,31.8,22.9,1.2,26.45,0.0,26.45,-26.45,DEFICIT,6.71,4.48,5.7,2.25
2024-11-03 21:00,11,21,6,weekend,0,0,37.0,21.1,3.3,18.4,20.25,38.64,-38.64,DEFICIT,6.99,4.62,5.94,2.25
2024-11-03 22:00,11,22,6,weekend,0,0,30.7,20.3,2.1,15.93,6.78,22.71,-22.71,DEFICIT,4.11,3.18,3.49,2.25
2024-11-03 23:00,11,23,6,weekend,0,0,33.4,18.9,3.2,10.49,0,10.49,-10.49,DEFICIT,4.79,3.52,4.07,2.25
2024-11-04 00:00,11,0,0,weekday,0,0,24.2,18.4,3.9,7.65,0.0,7.65,-7.65,DEFICIT,3.79,3.02,3.22,2.25
2024-11-04 01:00,11,1,0,weekday,0,0,20.4,16.9,1.7,5,0.0,5.0,-5.0,BALANCED,4.64,3.45,3.95,2.25
2024-11-04 02:00,11,2,0,weekday,0,0,40.3,15.3,3.1,5,0.0,5.0,-5.0,BALANCED,4.49,3.37,3.82,2.25
2024-11-04 03:00,11,3,0,weekday,0,0,13.3,16.5,3.5,5,3.49,8.49,-8.49,DEFICIT,4.21,3.23,3.58,2.25
2024-11-04 04:00,11,4,0,weekday,0,0,17.8,17.5,2.1,5,3.51,8.51,-8.51,DEFICIT,4.55,3.4,3.86,2.25
2024-11-04 05:00,11,5,0,weekday,0,0,22.8,18.2,2.4,5.1,0.0,5.1,-5.1,DEFICIT,4.44,3.34,3.77,2.25
2024-11-04 06:00,11,6,0,weekday,15.7,1.59,23.4,18.1,0.8,15.71,0,15.71,-14.12,DEFICIT,5.41,3.83,4.59,2.25
2024-11-04 07:00,11,7,0,weekday,58.9,5.97,23.2,19.2,3.1,20.66,3.87,24.53,-18.56,DEFICIT,5.28,3.77,4.49,2.25
2024-11-04 08:00,11,8,0,weekday,142.4,14.44,10.0,21.2,4.2,17.01,20.4,37.41,-22.97,DEFICIT,5.48,3.87,4.66,2.25
2024-11-04 09:00,11,9,0,weekday,203.7,20.66,5.5,23.4,2.7,11.33,11.52,22.85,-2.19,BALANCED,5.29,3.77,4.5,2.25
2024-11-04 10:00,11,10,0,weekday,256.6,26.02,18.1,21.6,3.0,9.48,0,9.48,16.54,SURPLUS,4.29,3.27,3.64,2.25
2024-11-04 11:00,11,11,0,weekday,330.4,33.5,12.2,22.9,2.4,9.18,0,9.18,24.32,SURPLUS,4.11,3.18,3.49,2.25
2024-11-04 12:00,11,12,0,weekday,339.8,34.01,22.4,28.2,3.9,12.17,0,12.17,21.84,SURPLUS,3.39,2.82,2.88,2.25
2024-11-04 13:00,11,13,0,weekday,328.7,33.16,18.1,26.3,1.8,8.48,0,8.48,24.68,SURPLUS,3.52,2.88,2.99,2.25
2024-11-04 14:00,11,14,0,weekday,290.1,29.42,22.5,24.3,2.9,10.3,0,10.3,19.11,SURPLUS,3.98,3.11,3.38,2.25
2024-11-04 15:00,11,15,0,weekday,215.8,21.76,16.3,26.5,3.8,10.03,0,10.03,11.72,SURPLUS,3.74,2.99,3.18,2.25
2024-11-04 16:00,11,16,0,weekday,170.7,17.17,20.4,26.9,4.5,11.75,0,11.75,5.43,SURPLUS,7.05,4.65,5.99,2.25
2024-11-04 17:00,11,17,0,weekday,72.8,7.38,23.6,21.8,2.2,18.9,0,18.9,-11.51,DEFICIT,6.36,4.3,5.4,2.25
2024-11-04 18:00,11,18,0,weekday,17.1,1.74,24.8,21.1,2.8,20.86,7.02,27.88,-26.14,DEFICIT,6.59,4.42,5.6,2.25
2024-11-04 19:00,11,19,0,weekday,0,0,15.0,21.8,3.3,28.99,12.0,40.99,-40.99,DEFICIT,6.46,4.35,5.49,2.25
2024-11-04 20:00,11,20,0,weekday,0,0,28.4,19.9,0.3,23.29,7.29,30.58,-30.58,DEFICIT,7.09,4.67,6.02,2.25
2024-11-04 21:00,11,21,0,weekday,0,0,18.3,20.8,2.4,19.5,17.16,36.66,-36.66,DEFICIT,6.8,4.52,5.78,2.25
2024-11-04 22:00,11,22,0,weekday,0,0,25.4,17.7,1.9,16.46,8.71,25.17,-25.17,DEFICIT,4.43,3.34,3.77,2.25
2024-11-04 23:00,11,23,0,weekday,0,0,25.7,18.4,2.5,10.46,0,10.46,-10.46,DEFICIT,4.65,3.45,3.95,2.25
2024-11-05 00:00,11,0,1,weekday,0,0,72.0,14.2,2.4,5.85,5.49,11.34,-11.34,DEFICIT,4.53,3.39,3.85,2.25
2024-11-05 01:00,11,1,1,weekday,0,0,58.8,19.5,1.5,5.35,3.63,8.98,-8.98,DEFICIT,4.45,3.35,3.78,2.25
2024-11-05 02:00,11,2,1,weekday,0,0,84.4,16.2,1.5,5,3.75,8.75,-8.75,DEFICIT,4.91,3.58,4.17,2.25
2024-11-05 03:00,11,3,1,weekday,0,0,65.6,18.4,2.7,5,0.0,5.0,-5.0,BALANCED,4.39,3.32,3.73,2.25
2024-11-05 04:00,11,4,1,weekday,0,0,64.4,17.1,0.9,5,0.0,5.0,-5.0,BALANCED,4.23,3.24,3.59,2.25
2024-11-05 05:00,11,5,1,weekday,0,0,70.2,16.7,3.3,5,0.0,5.0,-5.0,BALANCED,3.92,3.09,3.34,2.25
2024-11-05 06:00,11,6,1,weekday,48.7,4.94,54.2,16.6,2.9,13.4,0,13.4,-8.46,DEFICIT,5.54,3.89,4.71,2.25
2024-11-05 07:00,11,7,1,weekday,174.9,17.73,68.3,21.1,1.7,20.94,0.0,20.94,-3.21,BALANCED,5.84,4.05,4.96,2.25
2024-11-05 08:00,11,8,1,weekday,373.7,37.89,53.7,21.0,2.6,17.77,0.0,17.77,20.12,SURPLUS,6.17,4.21,5.24,2.25
2024-11-05 09:00,11,9,1,weekday,524.3,53.16,72.8,20.3,2.8,11.58,0.0,11.58,41.58,SURPLUS,5.31,3.78,4.52,2.25
2024-11-05 10:00,11,10,1,weekday,846.8,85.87,71.6,22.2,3.5,8.89,0,8.89,76.97,SURPLUS,3.72,2.99,3.17,2.25
2024-11-05 11:00,11,11,1,weekday,807.1,80.78,56.6,28.2,2.7,10.17,0,10.17,70.6,SURPLUS,3.64,2.94,3.09,2.25
2024-11-05 12:00,11,12,1,weekday,1015.0,101.63,61.6,28.2,4.1,12.62,0,12.62,89.01,SURPLUS,3.77,3.01,3.21,2.25
2024-11-05 13:00,11,13,1,weekday,896.6,90.91,53.4,24.9,3.4,10.36,0,10.36,80.55,SURPLUS,3.74,2.99,3.18,2.25
2024-11-05 14:00,11,14,1,weekday,876.1,87.45,63.8,28.9,2.0,9.19,0,9.19,78.26,SURPLUS,3.58,2.92,3.05,2.25
2024-11-05 15:00,11,15,1,weekday,548.3,55.58,68.6,25.1,2.2,10.28,0,10.28,45.3,SURPLUS,3.7,2.97,3.14,2.25
2024-11-05 16:00,11,16,1,weekday,423.1,42.7,76.1,26.2,3.5,12.35,0,12.35,30.35,SURPLUS,6.15,4.2,5.22,2.25
2024-11-05 17:00,11,17,1,weekday,153.6,15.58,56.5,21.2,2.5,17.71,0,17.71,-2.14,BALANCED,7.15,4.7,6.08,2.25
2024-11-05 18:00,11,18,1,weekday,37.5,3.8,56.8,21.6,1.5,21.11,15.29,36.41,-32.6,DEFICIT,6.3,4.28,5.36,2.25
2024-11-05 19:00,11,19,1,weekday,0,0,70.0,21.1,3.5,27.97,19.33,47.3,-47.3,DEFICIT,6.18,4.21,5.25,2.25
2024-11-05 20:00,11,20,1,weekday,0,0,71.2,18.9,2.9,23.25,0.0,23.25,-23.25,DEFICIT,6.79,4.52,5.77,2.25
2024-11-05 21:00,11,21,1,weekday,0,0,72.9,21.2,1.7,17.44,0.0,17.44,-17.44,DEFICIT,7.11,4.68,6.04,2.25
2024-11-05 22:00,11,22,1,weekday,0,0,79.9,16.9,3.2,13.62,10.86,24.48,-24.48,DEFICIT,4.57,3.41,3.88,2.25
2024-11-05 23:00,11,23,1,weekday,0,0,70.9,18.1,2.0,9.24,0,9.24,-9.24,DEFICIT,4.24,3.24,3.6,2.25
2024-11-06 00:00,11,0,2,weekday,0,0,55.8,16.3,2.0,7.24,3.46,10.7,-10.7,DEFICIT,4.48,3.36,3.81,2.25
2024-11-06 01:00,11,1,2,weekday,0,0,62.2,19.0,3.1,5.88,4.89,10.77,-10.77,DEFICIT,4.47,3.36,3.8,2.25
2024-11-06 02:00,11,2,2,weekday,0,0,72.1,17.0,2.2,5,0.0,5.0,-5.0,BALANCED,4.27,3.26,3.63,2.25
2024-11-06 03:00,11,3,2,weekday,0,0,65.5,17.4,2.8,5,0.0,5.0,-5.0,BALANCED,4.63,3.44,3.94,2.25
2024-11-06 04:00,11,4,2,weekday,0,0,60.7,17.2,1.8,5,0.0,5.0,-5.0,BALANCED,4.85,3.55,4.12,2.25
2024-11-06 05:00,11,5,2,weekday,0,0,53.0,18.2,2.3,5.09,0.0,5.09,-5.09,DEFICIT,4.87,3.56,4.14,2.25
2024-11-06 06:00,11,6,2,weekday,46.3,4.69,52.7,19.4,1.7,16.24,0,16.24,-11.55,DEFICIT,5.8,4.03,4.93,2.25
2024-11-06 07:00,11,7,2,weekday,157.4,15.96,68.7,20.7,3.1,20.39,14.45,34.83,-18.87,DEFICIT,5.76,4.0,4.9,2.25
2024-11-06 08:00,11,8,2,weekday,367.6,37.27,59.2,19.8,1.7,15.77,0.0,15.77,21.5,SURPLUS,6.3,4.28,5.36,2.25
2024-11-06 09:00,11,9,2,weekday,565.8,57.37,63.3,22.7,2.7,13.21,9.54,22.76,34.61,SURPLUS,5.82,4.04,4.95,2.25
2024-11-06 10:00,11,10,2,weekday,812.7,82.38,55.5,25.1,3.2,9.7,0,9.7,72.69,SURPLUS,3.7,2.97,3.14,2.25
2024-11-06 11:00,11,11,2,weekday,885.9,89.83,46.4,22.1,2.4,10.24,0,10.24,79.58,SURPLUS,4.1,3.18,3.49,2.25
2024-11-06 12:00,11,12,2,weekday,905.4,91.4,63.0,26.1,3.4,11.06,0,11.06,80.34,SURPLUS,3.74,2.99,3.18,2.25
2024-11-06 13:00,11,13,2,weekday,853.8,86.57,75.6,23.3,4.1,9.77,0,9.77,76.8,SURPLUS,3.31,2.78,2.82,2.25
2024-11-06 14:00,11,14,2,weekday,746.1,75.08,62.6,26.9,2.5,9.47,0,9.47,65.61,SURPLUS,4.32,3.29,3.67,2.25
2024-11-06 15:00,11,15,2,weekday,671.1,67.75,49.0,26.1,2.5,9.25,0,9.25,58.5,SURPLUS,4.13,3.19,3.51,2.25
2024-11-06 16:00,11,16,2,weekday,430.2,43.62,49.7,23.3,4.4,11.78,0,11.78,31.84,SURPLUS,6.45,4.35,5.49,2.25
2024-11-06 17:00,11,17,2,weekday,178.5,18.1,74.1,22.9,2.8,14.87,0,14.87,3.22,BALANCED,6.95,4.6,5.91,2.25
2024-11-06 18:00,11,18,2,weekday,42.5,4.31,40.9,20.2,3.0,23.52,0.0,23.52,-19.21,DEFICIT,6.83,4.54,5.8,2.25
2024-11-06 19:00,11,19,2,weekday,0,0,68.4,16.5,1.1,27.83,7.14,34.97,-34.97,DEFICIT,7.24,4.74,6.15,2.25
2024-11-06 20:00,11,20,2,weekday,0,0,68.1,19.4,1.3,21.58,8.65,30.22,-30.22,DEFICIT,6.74,4.5,5.73,2.25
2024-11-06 21:00,11,21,2,weekday,0,0,61.5,21.5,3.4,17.92,0.0,17.92,-17.92,DEFICIT,6.27,4.26,5.33,2.25
2024-11-06 22:00,11,22,2,weekday,0,0,73.6,18.1,1.6,13.39,13.09,26.49,-26.49,DEFICIT,4.71,3.48,4.0,2.25
2024-11-06 23:00,11,23,2,weekday,0,0,54.7,21.4,3.7,9.04,0,9.04,-9.04,DEFICIT,4.51,3.38,3.83,2.25
2024-11-07 00:00,11,0,3,weekday,0,0,50.0,19.5,2.6,6.82,0.0,6.82,-6.82,DEFICIT,5.02,3.64,4.27,2.25
2024-11-07 01:00,11,1,3,weekday,0,0,47.7,15.0,3.1,5.45,5.37,10.82,-10.82,DEFICIT,4.87,3.56,4.14,2.25
2024-11-07 02:00,11,2,3,weekday,0,0,42.0,15.9,4.4,5.51,4.13,9.63,-9.63,DEFICIT,4.61,3.43,3.92,2.25
2024-11-07 03:00,11,3,3,weekday,0,0,40.4,15.1,2.3,5,4.42,9.42,-9.42,DEFICIT,4.59,3.42,3.9,2.25
2024-11-07 04:00,11,4,3,weekday,0,0,42.7,15.7,1.4,5,4.86,9.86,-9.86,DEFICIT,4.64,3.44,3.94,2.25
2024-11-07 05:00,11,5,3,weekday,0,0,64.1,18.4,3.6,5,2.12,7.12,-7.12,DEFICIT,4.53,3.39,3.85,2.25
2024-11-07 06:00,11,6,3,weekday,35.9,3.64,43.8,17.1,2.7,15.13,0,15.13,-11.49,DEFICIT,5.84,4.05,4.97,2.25
2024-11-07 07:00,11,7,3,weekday,145.9,14.8,47.6,21.3,1.8,19.27,0.0,19.27,-4.47,BALANCED,5.55,3.9,4.72,2.25
2024-11-07 08:00,11,8,3,weekday,268.8,27.25,55.3,18.7,3.7,18.21,0.0,18.21,9.05,SURPLUS,5.92,4.09,5.04,2.25
2024-11-07 09:00,11,9,3,weekday,399.2,40.48,30.9,23.4,3.4,9.85,0.0,9.85,30.63,SURPLUS,5.96,4.11,5.07,2.25
2024-11-07 10:00,11,10,3,weekday,541.8,54.94,47.0,24.8,1.9,10.77,0,10.77,44.17,SURPLUS,3.38,2.81,2.87,2.25
2024-11-07 11:00,11,11,3,weekday,651.5,66.06,44.7,22.7,2.3,9.51,0,9.51,56.55,SURPLUS,3.14,2.7,2.67,2.25
2024-11-07 12:00,11,12,3,weekday,743.9,75.24,45.9,25.6,3.4,9.87,0,9.87,65.37,SURPLUS,3.95,3.1,3.35,2.25
2024-11-07 13:00,11,13,3,weekday,718.1,72.5,43.8,26.1,4.0,7.94,0,7.94,64.56,SURPLUS,4.03,3.14,3.43,2.25
2024-11-07 14:00,11,14,3,weekday,624.3,62.88,42.4,26.7,2.5,8.09,0,8.09,54.79,SURPLUS,4.17,3.21,3.54,2.25
2024-11-07 15:00,11,15,3,weekday,532.2,53.36,38.8,27.8,4.2,9.72,0,9.72,43.64,SURPLUS,3.78,3.01,3.21,2.25
2024-11-07 16:00,11,16,3,weekday,366.0,37.11,36.3,24.8,2.6,13.51,0,13.51,23.6,SURPLUS,6.58,4.42,5.59,2.25
2024-11-07 17:00,11,17,3,weekday,166.2,16.85,36.0,22.4,2.3,14.5,0,14.5,2.35,BALANCED,6.89,4.57,5.86,2.25
2024-11-07 18:00,11,18,3,weekday,34.7,3.51,53.0,23.3,2.6,22.84,0.0,22.84,-19.32,DEFICIT,7.19,4.72,6.11,2.25
2024-11-07 19:00,11,19,3,weekday,0,0,55.4,23.0,2.4,24.83,0.0,24.83,-24.83,DEFICIT,6.88,4.56,5.85,2.25
2024-11-07 20:00,11,20,3,weekday,0,0,50.8,18.6,3.4,29.66,7.29,36.95,-36.95,DEFICIT,6.73,4.49,5.72,2.25
2024-11-07 21:00,11,21,3,weekday,0,0,43.8,17.7,2.4,15.55,9.03,24.58,-24.58,DEFICIT,6.86,4.56,5.83,2.25
2024-11-07 22:00,11,22,3,weekday,0,0,70.2,22.6,2.4,12.38,0.0,12.38,-12.38,DEFICIT,4.45,3.35,3.78,2.25
2024-11-07 23:00,11,23,3,weekday,0,0,41.9,20.6,3.0,12.82,0,12.82,-12.82,DEFICIT,4.49,3.37,3.82,2.25
2024-11-08 00:00,11,0,4,weekday,0,0,39.8,18.6,2.3,7.4,0.0,7.4,-7.4,DEFICIT,4.24,3.24,3.6,2.25
2024-11-08 01:00,11,1,4,weekday,0,0,48.8,16.3,2.4,6.1,0.0,6.1,-6.1,DEFICIT,4.36,3.3,3.7,2.25
2024-11-08 02:00,11,2,4,weekday,0,0,37.3,16.7,3.6,5,5.5,10.5,-10.5,DEFICIT,4.55,3.4,3.87,2.25
2024-11-08 03:00,11,3,4,weekday,0,0,34.8,16.0,3.0,5,5.5,10.5,-10.5,DEFICIT,4.34,3.29,3.69,2.25
2024-11-08 04:00,11,4,4,weekday,0,0,29.6,17.8,2.3,5,3.71,8.71,-8.71,DEFICIT,4.49,3.37,3.82,2.25
2024-11-08 05:00,11,5,4,weekday,0,0,48.1,18.8,3.9,6.16,0.0,6.16,-6.16,DEFICIT,3.83,3.04,3.26,2.25
2024-11-08 06:00,11,6,4,weekday,28.0,2.84,37.9,15.7,1.9,14.49,0,14.49,-11.65,DEFICIT,5.27,3.76,4.48,2.25
2024-11-08 07:00,11,7,4,weekday,120.1,12.17,40.7,19.1,2.8,22.52,0.0,22.52,-10.35,DEFICIT,5.66,3.95,4.81,2.25
2024-11-08 08:00,11,8,4,weekday,187.9,19.05,41.0,20.7,3.0,15.75,0.0,15.75,3.3,BALANCED,5.6,3.93,4.76,2.25
2024-11-08 09:00,11,9,4,weekday,358.2,36.32,39.5,22.2,1.1,11.11,10.44,21.55,14.77,SURPLUS,5.99,4.12,5.09,2.25
2024-11-08 10:00,11,10,4,weekday,428.3,43.43,37.9,23.9,2.0,10.13,0,10.13,33.3,SURPLUS,3.5,2.87,2.97,2.25
2024-11-08 11:00,11,11,4,weekday,611.5,61.96,29.1,25.2,2.9,10.53,0,10.53,51.43,SURPLUS,3.87,3.06,3.29,2.25
2024-11-08 12:00,11,12,4,weekday,601.7,60.72,43.9,26.2,2.3,9.76,0,9.76,50.96,SURPLUS,3.57,2.91,3.04,2.25
2024-11-08 13:00,11,13,4,weekday,646.8,64.87,32.3,27.7,2.5,8.58,0,8.58,56.3,SURPLUS,3.74,3.0,3.18,2.25
2024-11-08 14:00,11,14,4,weekday,491.6,49.33,43.0,27.6,3.1,9.27,0,9.27,40.05,SURPLUS,4.09,3.17,3.48,2.25
2024-11-08 15:00,11,15,4,weekday,381.2,38.45,34.5,26.4,3.8,8.37,0,8.37,30.08,SURPLUS,3.95,3.1,3.36,2.25
2024-11-08 16:00,11,16,4,weekday,293.9,29.63,27.8,26.4,3.8,12.0,0,12.0,17.63,SURPLUS,6.61,4.43,5.62,2.25
2024-11-08 17:00,11,17,4,weekday,134.1,13.6,35.0,22.9,1.9,15.39,0,15.39,-1.79,BALANCED,7.26,4.75,6.17,2.25
2024-11-08 18:00,11,18,4,weekday,29.5,2.99,56.4,23.6,0.5,19.77,8.26,28.03,-25.04,DEFICIT,6.05,4.15,5.14,2.25
2024-11-08 19:00,11,19,4,weekday,0,0,51.1,19.0,3.2,29.07,17.0,46.07,-46.07,DEFICIT,7.03,4.64,5.98,2.25
2024-11-08 20:00,11,20,4,weekday,0,0,57.9,21.0,1.7,20.52,21.3,41.82,-41.82,DEFICIT,6.71,4.48,5.7,2.25
2024-11-08 21:00,11,21,4,weekday,0,0,55.3,19.1,2.8,19.24,7.36,26.6,-26.6,DEFICIT,6.17,4.21,5.25,2.25
2024-11-08 22:00,11,22,4,weekday,0,0,52.5,18.0,3.0,13.73,16.88,30.61,-30.61,DEFICIT,4.26,3.25,3.62,2.25
2024-11-08 23:00,11,23,4,weekday,0,0,42.3,16.9,1.7,7.76,0,7.76,-7.76,DEFICIT,3.97,3.11,3.37,2.25
2024-11-09 00:00,11,0,5,weekend,0,0,56.7,19.6,3.4,8.62,0.0,8.62,-8.62,DEFICIT,4.59,3.42,3.9,2.25
2024-11-09 01:00,11,1,5,weekend,0,0,40.2,16.1,4.0,5.56,0.0,5.56,-5.56,DEFICIT,5.2,3.73,4.42,2.25
2024-11-09 02:00,11,2,5,weekend,0,0,52.0,17.1,1.3,5,2.26,7.26,-7.26,DEFICIT,4.69,3.47,3.98,2.25
2024-11-09 03:00,11,3,5,weekend,0,0,37.7,14.9,2.7,5,0.0,5.0,-5.0,BALANCED,4.87,3.56,4.14,2.25
2024-11-09 04:00,11,4,5,weekend,0,0,62.3,17.9,3.6,5,0.0,5.0,-5.0,BALANCED,4.54,3.39,3.86,2.25
2024-11-09 05:00,11,5,5,weekend,0,0,44.5,17.4,3.9,5.55,2.33,7.88,-7.88,DEFICIT,4.38,3.31,3.72,2.25
2024-11-09 06:00,11,6,5,weekend,34.4,3.49,39.7,18.6,2.3,16.53,0,16.53,-13.05,DEFICIT,5.75,4.0,4.89,2.25
2024-11-09 07:00,11,7,5,weekend,125.5,12.73,40.1,19.9,2.5,18.42,0.0,18.42,-5.7,DEFICIT,6.33,4.29,5.38,2.25
2024-11-09 08:00,11,8,5,weekend,254.8,25.84,30.0,19.4,2.3,20.83,0.0,20.83,5.01,SURPLUS,5.93,4.09,5.04,2.25
2024-11-09 09:00,11,9,5,weekend,369.2,37.44,34.4,22.9,2.8,10.63,0.0,10.63,26.81,SURPLUS,5.6,3.92,4.76,2.25
2024-11-09 10:00,11,10,5,weekend,452.8,45.91,36.6,23.3,3.3,12.3,0,12.3,33.61,SURPLUS,4.02,3.13,3.42,2.25
2024-11-09 11:00,11,11,5,weekend,570.9,57.89,48.5,24.4,1.9,11.24,0,11.24,46.65,SURPLUS,3.54,2.89,3.01,2.25
2024-11-09 12:00,11,12,5,weekend,678.2,67.91,31.8,28.1,2.5,13.82,0,13.82,54.09,SURPLUS,4.02,3.14,3.42,2.25
2024-11-09 13:00,11,13,5,weekend,573.8,58.14,30.5,25.2,3.3,11.03,0,11.03,47.11,SURPLUS,3.59,2.92,3.05,2.25
2024-11-09 14:00,11,14,5,weekend,543.5,54.78,32.9,26.5,4.7,9.15,0,9.15,45.64,SURPLUS,3.52,2.89,3.0,2.25
2024-11-09 15:00,11,15,5,weekend,380.9,38.56,48.4,25.5,3.5,11.72,0,11.72,26.84,SURPLUS,3.98,3.11,3.38,2.25
2024-11-09 16:00,11,16,5,weekend,317.4,32.18,23.8,25.0,3.2,12.94,0,12.94,19.24,SURPLUS,6.64,4.45,5.65,2.25
2024-11-09 17:00,11,17,5,weekend,139.0,14.09,32.4,23.9,3.2,19.97,0,19.97,-5.88,DEFICIT,6.46,4.35,5.49,2.25
2024-11-09 18:00,11,18,5,weekend,28.5,2.89,51.3,20.1,3.0,28.25,0.0,28.25,-25.37,DEFICIT,7.13,4.69,6.06,2.25
2024-11-09 19:00,11,19,5,weekend,0,0,52.8,19.0,1.6,37.05,0.0,37.05,-37.05,DEFICIT,6.72,4.48,5.71,2.25
2024-11-09 20:00,11,20,5,weekend,0,0,43.6,18.3,2.2,25.24,21.12,46.37,-46.37,DEFICIT,6.98,4.61,5.93,2.25
2024-11-09 21:00,11,21,5,weekend,0,0,43.0,16.6,1.7,19.7,17.61,37.31,-37.31,DEFICIT,6.61,4.43,5.62,2.25
2024-11-09 22:00,11,22,5,weekend,0,0,38.8,20.9,1.3,15.7,0.0,15.7,-15.7,DEFICIT,4.42,3.34,3.76,2.25
2024-11-09 23:00,11,23,5,weekend,0,0,47.6,19.0,1.6,11.43,0,11.43,-11.43,DEFICIT,4.95,3.6,4.21,2.25
2024-11-10 00:00,11,0,6,weekend,0,0,53.9,17.3,1.9,7.48,0.0,7.48,-7.48,DEFICIT,5.01,3.63,4.26,2.25
2024-11-10 01:00,11,1,6,weekend,0,0,37.2,17.6,1.7,5.94,3.67,9.61,-9.61,DEFICIT,4.09,3.17,3.48,2.25
2024-11-10 02:00,11,2,6,weekend,0,0,27.3,18.1,2.0,5.52,2.64,8.16,-8.16,DEFICIT,4.8,3.53,4.08,2.25
2024-11-10 03:00,11,3,6,weekend,0,0,41.1,21.7,2.9,5,0.0,5.0,-5.0,BALANCED,4.27,3.26,3.63,2.25
2024-11-10 04:00,11,4,6,weekend,0,0,36.0,15.3,2.9,5,0.0,5.0,-5.0,BALANCED,4.87,3.56,4.14,2.25
2024-11-10 05:00,11,5,6,weekend,0,0,44.1,19.5,3.5,5.88,3.27,9.15,-9.15,DEFICIT,4.51,3.38,3.83,2.25
2024-11-10 06:00,11,6,6,weekend,28.2,2.86,49.4,15.9,3.4,17.69,0,17.69,-14.83,DEFICIT,5.92,4.08,5.03,2.25
2024-11-10 07:00,11,7,6,weekend,136.0,13.79,43.5,21.4,2.2,22.73,0.0,22.73,-8.94,DEFICIT,5.97,4.11,5.07,2.25
2024-11-10 08:00,11,8,6,weekend,278.6,28.25,47.9,23.0,2.6,20.09,0.0,20.09,8.15,SURPLUS,5.17,3.71,4.39,2.25
2024-11-10 09:00,11,9,6,weekend,386.6,39.2,44.6,20.3,3.1,12.17,14.12,26.29,12.91,SURPLUS,6.05,4.15,5.14,2.25
2024-11-10 10:00,11,10,6,weekend,544.2,55.18,34.8,23.6,1.8,10.64,0,10.64,44.54,SURPLUS,3.61,2.93,3.07,2.25
2024-11-10 11:00,11,11,6,weekend,589.6,59.78,48.8,24.8,2.8,9.12,0,9.12,50.66,SURPLUS,4.2,3.22,3.57,2.25
2024-11-10 12:00,11,12,6,weekend,682.2,68.3,52.7,28.2,1.9,10.78,0,10.78,57.52,SURPLUS,3.91,3.08,3.32,2.25
2024-11-10 13:00,11,13,6,weekend,499.6,50.46,42.5,26.0,2.6,11.3,0,11.3,39.16,SURPLUS,3.75,3.0,3.19,2.25
2024-11-10 14:00,11,14,6,weekend,529.2,53.17,37.6,27.3,3.5,9.95,0,9.95,43.22,SURPLUS,3.99,3.12,3.39,2.25
2024-11-10 15:00,11,15,6,weekend,400.8,40.16,45.9,28.0,2.2,10.78,0,10.78,29.38,SURPLUS,3.91,3.08,3.32,2.25
2024-11-10 16:00,11,16,6,weekend,305.2,30.95,48.5,24.7,1.7,12.3,0,12.3,18.65,SURPLUS,7.14,4.7,6.07,2.25
2024-11-10 17:00,11,17,6,weekend,165.9,16.83,41.9,23.3,1.4,18.28,0,18.28,-1.45,BALANCED,7.55,4.9,6.42,2.25
2024-11-10 18:00,11,18,6,weekend,30.1,3.05,44.0,22.8,3.3,28.29,11.36,39.65,-36.59,DEFICIT,7.46,4.85,6.34,2.25
2024-11-10 19:00,11,19,6,weekend,0,0,33.5,22.1,3.6,28.55,11.99,40.54,-40.54,DEFICIT,6.55,4.4,5.56,2.25
2024-11-10 20:00,11,20,6,weekend,0,0,43.0,23.6,2.5,28.98,20.19,49.17,-49.17,DEFICIT,6.66,4.45,5.66,2.25
2024-11-10 21:00,11,21,6,weekend,0,0,65.6,20.9,3.7,25.75,15.01,40.76,-40.76,DEFICIT,6.65,4.45,5.65,2.25
2024-11-10 22:00,11,22,6,weekend,0,0,52.0,21.8,2.5,12.88,0.0,12.88,-12.88,DEFICIT,4.33,3.29,3.68,2.25
2024-11-10 23:00,11,23,6,weekend,0,0,42.6,19.4,1.8,10.93,0,10.93,-10.93,DEFICIT,4.81,3.53,4.09,2.25
2024-11-11 00:00,11,0,0,weekday,0,0,48.7,19.8,2.6,6.59,0.0,6.59,-6.59,DEFICIT,4.7,3.47,3.99,2.25
2024-11-11 01:00,11,1,0,weekday,0,0,50.7,17.0,3.5,5.64,3.38,9.02,-9.02,DEFICIT,4.23,3.24,3.6,2.25
2024-11-11 02:00,11,2,0,weekday,0,0,44.1,18.4,1.4,5,3.8,8.8,-8.8,DEFICIT,4.12,3.19,3.5,2.25
2024-11-11 03:00,11,3,0,weekday,0,0,29.5,14.9,2.6,5,2.62,7.62,-7.62,DEFICIT,4.73,3.49,4.02,2.25
2024-11-11 04:00,11,4,0,weekday,0,0,46.0,16.3,2.3,5,2.86,7.86,-7.86,DEFICIT,4.27,3.26,3.63,2.25
2024-11-11 05:00,11,5,0,weekday,0,0,34.9,18.6,2.2,5.06,4.67,9.73,-9.73,DEFICIT,4.82,3.54,4.1,2.25
2024-11-11 06:00,11,6,0,weekday,30.4,3.08,40.5,20.9,3.5,14.01,0,14.01,-10.93,DEFICIT,5.61,3.93,4.77,2.25
2024-11-11 07:00,11,7,0,weekday,100.8,10.23,28.9,19.2,2.6,18.8,7.92,26.72,-16.5,DEFICIT,6.21,4.23,5.28,2.25
2024-11-11 08:00,11,8,0,weekday,226.3,22.94,28.4,18.3,0.7,17.83,10.84,28.67,-5.73,DEFICIT,5.83,4.04,4.96,2.25
2024-11-11 09:00,11,9,0,weekday,369.7,37.48,23.8,22.5,2.4,9.37,0.0,9.37,28.11,SURPLUS,5.35,3.8,4.55,2.25
2024-11-11 10:00,11,10,0,weekday,517.2,52.45,40.8,24.6,2.7,10.58,0,10.58,41.87,SURPLUS,3.78,3.02,3.22,2.25
2024-11-11 11:00,11,11,0,weekday,510.6,51.77,56.0,24.5,2.0,9.92,0,9.92,41.86,SURPLUS,3.96,3.11,3.37,2.25
2024-11-11 12:00,11,12,0,weekday,581.0,58.91,34.0,24.1,3.0,10.2,0,10.2,48.72,SURPLUS,4.39,3.32,3.74,2.25
2024-11-11 13:00,11,13,0,weekday,542.7,55.03,28.6,24.1,4.6,9.98,0,9.98,45.05,SURPLUS,4.13,3.19,3.51,2.25
2024-11-11 14:00,11,14,0,weekday,527.2,52.97,33.5,27.3,3.8,8.74,0,8.74,44.23,SURPLUS,4.15,3.2,3.53,2.25
2024-11-11 15:00,11,15,0,weekday,341.1,34.35,40.0,26.7,4.2,9.52,0,9.52,24.83,SURPLUS,3.94,3.09,3.35,2.25
2024-11-11 16:00,11,16,0,weekday,279.1,28.3,41.7,23.2,2.0,12.13,0,12.13,16.17,SURPLUS,6.64,4.44,5.64,2.25
2024-11-11 17:00,11,17,0,weekday,115.8,11.69,37.0,26.0,3.3,17.04,0,17.04,-5.35,DEFICIT,6.29,4.27,5.35,2.25
2024-11-11 18:00,11,18,0,weekday,25.7,2.61,41.1,23.0,3.2,22.61,0.0,22.61,-20.0,DEFICIT,6.85,4.55,5.82,2.25
2024-11-11 19:00,11,19,0,weekday,0,0,45.1,22.4,2.2,23.0,18.91,41.91,-41.91,DEFICIT,7.0,4.62,5.95,2.25
2024-11-11 20:00,11,20,0,weekday,0,0,17.9,19.6,2.1,20.92,18.91,39.83,-39.83,DEFICIT,7.26,4.76,6.17,2.25
2024-11-11 21:00,11,21,0,weekday,0,0,36.7,19.9,2.3,19.54,0.0,19.54,-19.54,DEFICIT,6.37,4.31,5.42,2.25
2024-11-11 22:00,11,22,0,weekday,0,0,42.1,18.6,2.0,11.98,0.0,11.98,-11.98,DEFICIT,4.67,3.46,3.97,2.25
2024-11-11 23:00,11,23,0,weekday,0,0,26.1,19.8,2.1,9.91,0,9.91,-9.91,DEFICIT,4.61,3.43,3.92,2.25
2024-11-12 00:00,11,0,1,weekday,0,0,54.7,19.7,3.3,6.11,5.17,11.28,-11.28,DEFICIT,4.16,3.21,3.54,2.25
2024-11-12 01:00,11,1,1,weekday,0,0,62.6,19.4,2.6,5.66,0.0,5.66,-5.66,DEFICIT,4.62,3.44,3.93,2.25
2024-11-12 02:00,11,2,1,weekday,0,0,62.9,16.6,2.4,5,0.0,5.0,-5.0,BALANCED,4.85,3.55,4.12,2.25
2024-11-12 03:00,11,3,1,weekday,0,0,59.4,16.9,4.4,5,5.39,10.39,-10.39,DEFICIT,4.17,3.21,3.54,2.25
2024-11-12 04:00,11,4,1,weekday,0,0,47.8,16.3,2.1,5,3.58,8.58,-8.58,DEFICIT,4.6,3.42,3.91,2.25
2024-11-12 05:00,11,5,1,weekday,0,0,58.9,17.2,3.4,5.38,4.44,9.82,-9.82,DEFICIT,4.95,3.6,4.21,2.25
2024-11-12 06:00,11,6,1,weekday,39.2,3.98,54.7,18.5,2.8,15.76,0,15.76,-11.79,DEFICIT,5.98,4.11,5.08,2.25
2024-11-12 07:00,11,7,1,weekday,144.4,14.64,57.8,19.2,2.6,23.36,0.0,23.36,-8.72,DEFICIT,5.58,3.91,4.74,2.25
2024-11-12 08:00,11,8,1,weekday,280.1,28.4,48.2,22.8,2.2,14.45,10.4,24.85,3.56,BALANCED,5.79,4.02,4.92,2.25
2024-11-12 09:00,11,9,1,weekday,462.9,46.94,46.8,21.7,2.1,11.8,13.12,24.92,22.02,SURPLUS,5.53,3.89,4.7,2.25
2024-11-12 10:00,11,10,1,weekday,658.9,66.81,53.0,24.7,2.6,9.59,0,9.59,57.22,SURPLUS,3.99,3.12,3.39,2.25
2024-11-12 11:00,11,11,1,weekday,804.2,81.54,49.3,23.7,2.0,8.9,0,8.9,72.64,SURPLUS,3.96,3.11,3.37,2.25
2024-11-12 12:00,11,12,1,weekday,748.7,75.91,46.7,23.4,3.3,11.13,0,11.13,64.78,SURPLUS,3.97,3.11,3.38,2.25
2024-11-12 13:00,11,13,1,weekday,788.9,79.65,25.8,26.1,3.1,11.1,0,11.1,68.55,SURPLUS,3.66,2.95,3.11,2.25
2024-11-12 14:00,11,14,1,weekday,639.6,63.45,55.1,30.4,3.7,8.51,0,8.51,54.94,SURPLUS,4.14,3.19,3.52,2.25
2024-11-12 15:00,11,15,1,weekday,503.4,50.89,47.9,25.8,1.0,10.18,0,10.18,40.7,SURPLUS,3.84,3.04,3.26,2.25
2024-11-12 16:00,11,16,1,weekday,350.9,35.5,41.3,25.6,2.9,12.01,0,12.01,23.49,SURPLUS,6.68,4.47,5.68,2.25
2024-11-12 17:00,11,17,1,weekday,151.0,15.31,42.7,24.0,2.2,17.14,0,17.14,-1.83,BALANCED,6.61,4.43,5.62,2.25
2024-11-12 18:00,11,18,1,weekday,37.4,3.79,38.7,22.2,2.6,21.64,0.0,21.64,-17.84,DEFICIT,6.85,4.55,5.82,2.25
2024-11-12 19:00,11,19,1,weekday,0,0,50.4,21.5,2.1,23.43,10.14,33.58,-33.58,DEFICIT,6.85,4.55,5.82,2.25
2024-11-12 20:00,11,20,1,weekday,0,0,43.8,21.4,2.9,19.77,7.33,27.1,-27.1,DEFICIT,6.38,4.32,5.43,2.25
2024-11-12 21:00,11,21,1,weekday,0,0,43.6,18.1,0.9,20.42,6.48,26.9,-26.9,DEFICIT,7.26,4.76,6.17,2.25
2024-11-12 22:00,11,22,1,weekday,0,0,54.9,19.6,3.7,13.48,18.06,31.54,-31.54,DEFICIT,4.84,3.55,4.12,2.25
2024-11-12 23:00,11,23,1,weekday,0,0,43.6,19.0,2.3,9.47,0,9.47,-9.47,DEFICIT,4.41,3.33,3.75,2.25
2024-11-13 00:00,11,0,2,weekday,0,0,36.5,19.3,2.6,5,4.98,9.98,-9.98,DEFICIT,4.43,3.34,3.77,2.25
2024-11-13 01:00,11,1,2,weekday,0,0,47.1,19.1,2.1,5.3,2.39,7.7,-7.7,DEFICIT,4.67,3.46,3.97,2.25
2024-11-13 02:00,11,2,2,weekday,0,0,19.1,19.4,2.4,5,5.48,10.48,-10.48,DEFICIT,4.49,3.37,3.81,2.25
2024-11-13 03:00,11,3,2,weekday,0,0,43.2,16.6,3.6,5,0.0,5.0,-5.0,BALANCED,4.41,3.33,3.75,2.25
2024-11-13 04:00,11,4,2,weekday,0,0,24.3,16.4,3.3,5,2.54,7.54,-7.54,DEFICIT,4.5,3.37,3.82,2.25
2024-11-13 05:00,11,5,2,weekday,0,0,46.8,15.7,2.4,5.27,0.0,5.27,-5.27,DEFICIT,4.25,3.25,3.61,2.25
2024-11-13 06:00,11,6,2,weekday,25.4,2.58,45.5,17.5,2.4,15.83,0,15.83,-13.25,DEFICIT,6.06,4.15,5.15,2.25
2024-11-13 07:00,11,7,2,weekday,103.8,10.52,25.6,18.8,3.2,19.13,7.75,26.87,-16.35,DEFICIT,5.53,3.89,4.7,2.25
2024-11-13 08:00,11,8,2,weekday,239.0,24.23,29.3,20.4,3.2,13.43,8.48,21.91,2.32,BALANCED,6.16,4.2,5.23,2.25
2024-11-13 09:00,11,9,2,weekday,294.9,29.9,24.8,24.6,3.4,11.44,16.94,28.38,1.52,BALANCED,5.75,4.0,4.88,2.25
2024-11-13 10:00,11,10,2,weekday,408.4,41.41,34.2,22.8,3.0,7.97,0,7.97,33.44,SURPLUS,3.61,2.93,3.07,2.25
2024-11-13 11:00,11,11,2,weekday,407.1,41.28,38.7,24.5,2.0,9.78,0,9.78,31.5,SURPLUS,3.7,2.98,3.15,2.25
2024-11-13 12:00,11,12,2,weekday,554.8,56.26,27.1,24.2,3.0,10.89,0,10.89,45.37,SURPLUS,3.58,2.91,3.04,2.25
2024-11-13 13:00,11,13,2,weekday,557.2,56.5,40.6,24.6,2.8,8.95,0,8.95,47.55,SURPLUS,4.11,3.18,3.5,2.25
2024-11-13 14:00,11,14,2,weekday,435.6,43.87,30.0,26.7,2.6,8.77,0,8.77,35.1,SURPLUS,3.86,3.06,3.28,2.25
2024-11-13 15:00,11,15,2,weekday,378.5,38.3,35.6,25.5,2.4,12.11,0,12.11,26.2,SURPLUS,3.95,3.1,3.35,2.25
2024-11-13 16:00,11,16,2,weekday,240.7,24.27,27.8,26.4,1.3,12.08,0,12.08,12.19,SURPLUS,6.49,4.37,5.52,2.25
2024-11-13 17:00,11,17,2,weekday,109.5,11.08,26.6,25.6,2.4,14.54,0,14.54,-3.46,BALANCED,6.67,4.46,5.67,2.25
2024-11-13 18:00,11,18,2,weekday,25.1,2.54,34.4,21.3,2.0,20.85,0.0,20.85,-18.31,DEFICIT,7.25,4.75,6.16,2.25
2024-11-13 19:00,11,19,2,weekday,0,0,38.3,22.8,2.4,26.86,0.0,26.86,-26.86,DEFICIT,6.79,4.52,5.77,2.25
2024-11-13 20:00,11,20,2,weekday,0,0,38.3,21.1,3.8,27.39,8.55,35.94,-35.94,DEFICIT,7.04,4.64,5.98,2.25
2024-11-13 21:00,11,21,2,weekday,0,0,37.6,22.5,3.3,19.5,11.88,31.38,-31.38,DEFICIT,6.03,4.14,5.13,2.25
2024-11-13 22:00,11,22,2,weekday,0,0,35.9,17.3,1.4,13.41,16.51,29.92,-29.92,DEFICIT,4.19,3.22,3.57,2.25
2024-11-13 23:00,11,23,2,weekday,0,0,44.9,16.4,2.8,9.98,0,9.98,-9.98,DEFICIT,4.66,3.45,3.96,2.25
2024-11-14 00:00,11,0,3,weekday,0,0,46.9,20.4,2.4,6.42,4.21,10.63,-10.63,DEFICIT,4.34,3.29,3.69,2.25
2024-11-14 01:00,11,1,3,weekday,0,0,65.0,17.7,3.1,6.77,4.26,11.03,-11.03,DEFICIT,4.59,3.42,3.9,2.25
2024-11-14 02:00,11,2,3,weekday,0,0,46.6,17.5,2.4,5.48,4.25,9.72,-9.72,DEFICIT,4.51,3.38,3.84,2.25
2024-11-14 03:00,11,3,3,weekday,0,0,50.5,18.4,2.9,5,0.0,5.0,-5.0,BALANCED,3.75,3.0,3.19,2.25
2024-11-14 04:00,11,4,3,weekday,0,0,52.1,17.4,3.7,5,0.0,5.0,-5.0,BALANCED,4.99,3.62,4.24,2.25
2024-11-14 05:00,11,5,3,weekday,0,0,45.3,16.8,1.5,5.1,0.0,5.1,-5.1,DEFICIT,4.44,3.35,3.78,2.25
2024-11-14 06:00,11,6,3,weekday,32.9,3.34,46.1,19.0,3.3,16.0,0,16.0,-12.66,DEFICIT,5.53,3.89,4.7,2.25
2024-11-14 07:00,11,7,3,weekday,121.0,12.27,49.3,21.6,3.6,20.01,0.0,20.01,-7.75,DEFICIT,5.57,3.91,4.74,2.25
2024-11-14 08:00,11,8,3,weekday,276.7,28.05,47.1,20.6,2.0,13.74,0.0,13.74,14.31,SURPLUS,6.05,4.15,5.14,2.25
2024-11-14 09:00,11,9,3,weekday,394.0,39.96,33.8,23.3,2.4,9.78,0.0,9.78,30.17,SURPLUS,5.45,3.85,4.63,2.25
2024-11-14 10:00,11,10,3,weekday,521.6,52.89,27.8,24.1,1.6,10.03,0,10.03,42.86,SURPLUS,3.8,3.02,3.23,2.25
2024-11-14 11:00,11,11,3,weekday,595.9,60.43,30.7,22.5,2.4,7.49,0,7.49,52.94,SURPLUS,4.27,3.26,3.63,2.25
2024-11-14 12:00,11,12,3,weekday,650.5,65.96,36.6,25.0,3.9,11.33,0,11.33,54.64,SURPLUS,3.65,2.95,3.11,2.25
2024-11-14 13:00,11,13,3,weekday,596.2,60.45,41.8,23.3,4.1,11.35,0,11.35,49.1,SURPLUS,4.34,3.29,3.69,2.25
2024-11-14 14:00,11,14,3,weekday,616.5,62.01,47.4,27.0,2.5,9.31,0,9.31,52.7,SURPLUS,3.51,2.88,2.99,2.25
2024-11-14 15:00,11,15,3,weekday,382.0,38.68,38.2,25.4,2.9,9.07,0,9.07,29.61,SURPLUS,4.03,3.14,3.43,2.25
2024-11-14 16:00,11,16,3,weekday,307.3,31.13,42.1,25.2,4.9,12.05,0,12.05,19.09,SURPLUS,6.71,4.48,5.71,2.25
2024-11-14 17:00,11,17,3,weekday,152.2,15.44,43.7,21.3,2.5,15.81,0,15.81,-0.37,BALANCED,6.79,4.52,5.77,2.25
2024-11-14 18:00,11,18,3,weekday,36.5,3.7,58.0,25.1,1.2,19.86,16.47,36.32,-32.62,DEFICIT,6.89,4.57,5.86,2.25
2024-11-14 19:00,11,19,3,weekday,0,0,52.1,22.5,1.8,27.7,11.96,39.67,-39.67,DEFICIT,6.49,4.37,5.52,2.25
2024-11-14 20:00,11,20,3,weekday,0,0,48.9,19.5,3.2,21.51,0.0,21.51,-21.51,DEFICIT,6.67,4.46,5.67,2.25
2024-11-14 21:00,11,21,3,weekday,0,0,41.3,18.9,1.5,20.38,14.42,34.8,-34.8,DEFICIT,6.83,4.54,5.81,2.25
2024-11-14 22:00,11,22,3,weekday,0,0,42.9,18.6,2.5,12.13,0.0,12.13,-12.13,DEFICIT,4.52,3.38,3.84,2.25
2024-11-14 23:00,11,23,3,weekday,0,0,34.0,22.1,1.5,10.87,0,10.87,-10.87,DEFICIT,4.35,3.3,3.7,2.25
2024-11-15 00:00,11,0,4,weekday,0,0,55.5,14.5,1.3,6.05,3.8,9.86,-9.86,DEFICIT,4.58,3.42,3.89,2.25
2024-11-15 01:00,11,1,4,weekday,0,0,37.5,17.0,2.2,5.1,0.0,5.1,-5.1,DEFICIT,4.76,3.51,4.05,2.25
2024-11-15 02:00,11,2,4,weekday,0,0,44.3,17.2,2.0,5,0.0,5.0,-5.0,BALANCED,4.87,3.56,4.14,2.25
2024-11-15 03:00,11,3,4,weekday,0,0,57.9,17.9,3.3,5,0.0,5.0,-5.0,BALANCED,4.29,3.27,3.65,2.25
2024-11-15 04:00,11,4,4,weekday,0,0,43.0,18.7,1.6,5,0.0,5.0,-5.0,BALANCED,4.54,3.4,3.86,2.25
2024-11-15 05:00,11,5,4,weekday,0,0,55.7,14.4,2.1,5.53,0.0,5.53,-5.53,DEFICIT,4.51,3.38,3.84,2.25
2024-11-15 06:00,11,6,4,weekday,37.8,3.84,50.2,15.8,1.0,15.72,0,15.72,-11.88,DEFICIT,5.6,3.93,4.76,2.25
2024-11-15 07:00,11,7,4,weekday,147.3,14.93,42.9,19.9,2.7,18.07,0.0,18.07,-3.13,BALANCED,5.99,4.12,5.09,2.25
2024-11-15 08:00,11,8,4,weekday,235.9,23.92,31.5,22.4,2.7,15.66,0.0,15.66,8.26,SURPLUS,5.45,3.85,4.63,2.25
2024-11-15 09:00,11,9,4,weekday,385.6,39.1,33.8,20.4,3.2,11.04,0.0,11.04,28.05,SURPLUS,6.09,4.17,5.18,2.25
2024-11-15 10:00,11,10,4,weekday,507.8,51.49,55.2,21.4,3.4,9.51,0,9.51,41.98,SURPLUS,3.3,2.78,2.81,2.25
2024-11-15 11:00,11,11,4,weekday,671.2,68.06,39.9,24.1,2.6,10.98,0,10.98,57.08,SURPLUS,3.67,2.96,3.12,2.25
2024-11-15 12:00,11,12,4,weekday,801.1,81.23,47.2,24.1,1.0,12.09,0,12.09,69.15,SURPLUS,4.15,3.2,3.53,2.25
2024-11-15 13:00,11,13,4,weekday,692.7,70.24,48.8,24.9,3.9,10.96,0,10.96,59.28,SURPLUS,3.13,2.69,2.66,2.25
2024-11-15 14:00,11,14,4,weekday,591.0,59.56,55.3,26.5,2.6,9.22,0,9.22,50.34,SURPLUS,4.07,3.16,3.46,2.25
2024-11-15 15:00,11,15,4,weekday,542.7,54.52,44.2,27.3,2.2,11.14,0,11.14,43.38,SURPLUS,3.8,3.03,3.23,2.25
2024-11-15 16:00,11,16,4,weekday,314.6,31.83,57.8,25.6,2.9,11.28,0,11.28,20.55,SURPLUS,6.89,4.57,5.86,2.25
2024-11-15 17:00,11,17,4,weekday,171.3,17.37,37.4,24.0,2.5,15.62,0,15.62,1.74,BALANCED,7.16,4.7,6.09,2.25
2024-11-15 18:00,11,18,4,weekday,38.0,3.85,45.0,22.8,2.0,18.18,14.7,32.88,-29.03,DEFICIT,6.76,4.5,5.74,2.25
2024-11-15 19:00,11,19,4,weekday,0,0,44.3,24.1,1.0,31.11,0.0,31.11,-31.11,DEFICIT,6.64,4.44,5.64,2.25
2024-11-15 20:00,11,20,4,weekday,0,0,50.8,19.5,2.9,23.13,0.0,23.13,-23.13,DEFICIT,7.15,4.7,6.07,2.25
2024-11-15 21:00,11,21,4,weekday,0,0,67.7,20.8,3.3,18.5,17.92,36.43,-36.43,DEFICIT,7.26,4.76,6.17,2.25
2024-11-15 22:00,11,22,4,weekday,0,0,40.8,21.8,2.3,10.36,12.66,23.01,-23.01,DEFICIT,4.6,3.42,3.91,2.25
2024-11-15 23:00,11,23,4,weekday,0,0,59.6,20.5,3.1,9.4,0,9.4,-9.4,DEFICIT,4.41,3.33,3.75,2.25
2024-11-16 00:00,11,0,5,weekend,0,0,52.5,19.7,2.3,9.27,3.29,12.56,-12.56,DEFICIT,5.08,3.67,4.32,2.25
2024-11-16 01:00,11,1,5,weekend,0,0,53.6,16.2,1.1,5.17,0.0,5.17,-5.17,DEFICIT,4.65,3.45,3.95,2.25
2024-11-16 02:00,11,2,5,weekend,0,0,39.1,17.6,3.0,5.73,0.0,5.73,-5.73,DEFICIT,5.25,3.75,4.47,2.25
2024-11-16 03:00,11,3,5,weekend,0,0,44.2,16.1,2.8,5.37,5.31,10.67,-10.67,DEFICIT,4.66,3.45,3.96,2.25
2024-11-16 04:00,11,4,5,weekend,0,0,27.8,14.8,2.9,5,2.57,7.57,-7.57,DEFICIT,4.45,3.35,3.78,2.25
2024-11-16 05:00,11,5,5,weekend,0,0,40.1,17.8,2.5,6.09,0.0,6.09,-6.09,DEFICIT,4.2,3.23,3.57,2.25
2024-11-16 06:00,11,6,5,weekend,30.6,3.1,33.7,17.4,1.7,14.97,0,14.97,-11.87,DEFICIT,5.92,4.08,5.03,2.25
2024-11-16 07:00,11,7,5,weekend,92.4,9.37,46.7,22.2,3.3,19.18,0.0,19.18,-9.81,DEFICIT,6.16,4.21,5.24,2.25
2024-11-16 08:00,11,8,5,weekend,234.6,23.79,49.9,23.7,2.6,16.69,0.0,16.69,7.1,SURPLUS,6.07,4.16,5.16,2.25
2024-11-16 09:00,11,9,5,weekend,397.3,40.28,43.5,21.9,1.9,13.19,17.54,30.72,9.56,SURPLUS,5.97,4.11,5.07,2.25
2024-11-16 10:00,11,10,5,weekend,470.8,47.74,30.4,24.2,1.4,11.07,0,11.07,36.67,SURPLUS,4.14,3.2,3.52,2.25
2024-11-16 11:00,11,11,5,weekend,595.9,60.43,31.1,24.6,2.0,10.5,0,10.5,49.93,SURPLUS,3.65,2.95,3.11,2.25
2024-11-16 12:00,11,12,5,weekend,570.3,57.68,31.8,25.6,2.9,13.89,0,13.89,43.79,SURPLUS,3.84,3.05,3.27,2.25
2024-11-16 13:00,11,13,5,weekend,550.6,55.58,28.6,26.1,3.6,10.05,0,10.05,45.53,SURPLUS,3.59,2.92,3.05,2.25
2024-11-16 14:00,11,14,5,weekend,515.4,52.19,40.9,25.4,0.8,9.6,0,9.6,42.59,SURPLUS,4.17,3.21,3.54,2.25
2024-11-16 15:00,11,15,5,weekend,370.7,37.26,41.7,27.2,3.0,11.03,0,11.03,26.23,SURPLUS,3.66,2.96,3.11,2.25
2024-11-16 16:00,11,16,5,weekend,249.4,25.29,31.1,24.4,2.9,16.06,0,16.06,9.24,SURPLUS,7.39,4.82,6.28,2.25
2024-11-16 17:00,11,17,5,weekend,125.3,12.69,34.2,25.4,2.4,17.09,0,17.09,-4.4,BALANCED,6.93,4.59,5.89,2.25
2024-11-16 18:00,11,18,5,weekend,26.6,2.7,33.5,24.2,2.8,27.68,18.47,46.15,-43.46,DEFICIT,6.44,4.35,5.48,2.25
2024-11-16 19:00,11,19,5,weekend,0,0,37.9,19.4,3.9,29.58,16.78,46.36,-46.36,DEFICIT,6.58,4.41,5.59,2.25
2024-11-16 20:00,11,20,5,weekend,0,0,32.6,20.7,1.3,23.95,14.31,38.27,-38.27,DEFICIT,6.58,4.41,5.59,2.25
2024-11-16 21:00,11,21,5,weekend,0,0,45.4,21.9,3.5,18.69,0.0,18.69,-18.69,DEFICIT,6.9,4.57,5.86,2.25
2024-11-16 22:00,11,22,5,weekend,0,0,42.3,19.0,3.0,15.85,0.0,15.85,-15.85,DEFICIT,4.63,3.44,3.94,2.25
2024-11-16 23:00,11,23,5,weekend,0,0,35.1,18.4,2.9,8.76,0,8.76,-8.76,DEFICIT,4.93,3.59,4.19,2.25
2024-11-17 00:00,11,0,6,weekend,0,0,52.3,20.2,3.0,7.6,0.0,7.6,-7.6,DEFICIT,3.76,3.01,3.2,2.25
2024-11-17 01:00,11,1,6,weekend,0,0,42.3,17.5,2.9,5.6,0.0,5.6,-5.6,DEFICIT,4.59,3.42,3.9,2.25
2024-11-17 02:00,11,2,6,weekend,0,0,59.6,15.8,2.1,6.9,4.07,10.96,-10.96,DEFICIT,4.23,3.24,3.6,2.25
2024-11-17 03:00,11,3,6,weekend,0,0,67.0,17.0,2.4,5,2.66,7.66,-7.66,DEFICIT,4.44,3.34,3.77,2.25
2024-11-17 04:00,11,4,6,weekend,0,0,61.3,15.4,2.3,5.1,0.0,5.1,-5.1,DEFICIT,4.77,3.51,4.05,2.25
2024-11-17 05:00,11,5,6,weekend,0,0,71.7,18.8,2.2,6.07,0.0,6.07,-6.07,DEFICIT,4.49,3.37,3.82,2.25
2024-11-17 06:00,11,6,6,weekend,40.2,4.07,60.3,18.1,0.6,16.18,0,16.18,-12.1,DEFICIT,5.65,3.95,4.8,2.25
2024-11-17 07:00,11,7,6,weekend,155.9,15.81,53.5,18.8,2.8,23.71,8.65,32.36,-16.55,DEFICIT,6.07,4.16,5.16,2.25
2024-11-17 08:00,11,8,6,weekend,304.9,30.92,39.7,21.2,3.0,20.3,20.86,41.16,-10.24,DEFICIT,5.52,3.89,4.69,2.25
2024-11-17 09:00,11,9,6,weekend,403.3,40.89,56.1,22.9,2.1,12.33,5.37,17.7,23.19,SURPLUS,5.41,3.83,4.6,2.25
2024-11-17 10:00,11,10,6,weekend,712.4,72.24,50.7,24.0,2.9,10.1,0,10.1,62.14,SURPLUS,3.58,2.92,3.04,2.25
2024-11-17 11:00,11,11,6,weekend,715.7,72.57,48.5,24.1,2.4,12.6,0,12.6,59.96,SURPLUS,3.81,3.03,3.24,2.25
2024-11-17 12:00,11,12,6,weekend,864.4,87.65,57.4,24.8,3.5,12.37,0,12.37,75.28,SURPLUS,3.87,3.06,3.29,2.25
2024-11-17 13:00,11,13,6,weekend,791.9,80.3,42.8,24.2,0.6,11.34,0,11.34,68.96,SURPLUS,3.76,3.0,3.2,2.25
2024-11-17 14:00,11,14,6,weekend,690.7,68.66,61.1,29.9,4.9,10.25,0,10.25,58.4,SURPLUS,3.81,3.03,3.24,2.25
2024-11-17 15:00,11,15,6,weekend,582.6,59.08,49.3,23.6,4.2,11.96,0,11.96,47.12,SURPLUS,4.19,3.22,3.56,2.25
2024-11-17 16:00,11,16,6,weekend,420.2,42.59,52.8,25.1,2.6,10.82,0,10.82,31.77,SURPLUS,7.19,4.72,6.11,2.25
2024-11-17 17:00,11,17,6,weekend,160.8,16.31,58.9,20.9,2.3,18.22,0,18.22,-1.91,BALANCED,6.97,4.61,5.92,2.25
2024-11-17 18:00,11,18,6,weekend,35.0,3.55,56.5,20.9,2.3,24.79,7.58,32.37,-28.82,DEFICIT,6.59,4.42,5.6,2.25
2024-11-17 19:00,11,19,6,weekend,0,0,55.4,22.1,2.4,38.31,16.37,54.68,-54.68,DEFICIT,6.83,4.54,5.81,2.25
2024-11-17 20:00,11,20,6,weekend,0,0,69.9,19.0,1.8,26.41,18.32,44.74,-44.74,DEFICIT,6.47,4.36,5.5,2.25
2024-11-17 21:00,11,21,6,weekend,0,0,55.5,18.7,2.1,22.01,5.78,27.8,-27.8,DEFICIT,7.06,4.66,6.0,2.25
2024-11-17 22:00,11,22,6,weekend,0,0,60.9,20.0,2.3,14.5,15.28,29.78,-29.78,DEFICIT,4.21,3.23,3.58,2.25
2024-11-17 23:00,11,23,6,weekend,0,0,45.9,18.1,3.0,11.59,0,11.59,-11.59,DEFICIT,4.37,3.31,3.72,2.25
2024-11-18 00:00,11,0,0,weekday,0,0,58.8,18.7,3.0,7.4,5.28,12.68,-12.68,DEFICIT,4.78,3.52,4.07,2.25
2024-11-18 01:00,11,1,0,weekday,0,0,76.8,16.1,2.3,5.05,3.41,8.46,-8.46,DEFICIT,4.68,3.46,3.98,2.25
2024-11-18 02:00,11,2,0,weekday,0,0,42.5,17.3,3.8,5,5.18,10.18,-10.18,DEFICIT,4.07,3.16,3.46,2.25
2024-11-18 03:00,11,3,0,weekday,0,0,59.6,16.9,1.1,5,4.89,9.89,-9.89,DEFICIT,5.28,3.77,4.49,2.25
2024-11-18 04:00,11,4,0,weekday,0,0,64.6,17.0,1.3,5,4.84,9.84,-9.84,DEFICIT,4.56,3.4,3.87,2.25
2024-11-18 05:00,11,5,0,weekday,0,0,49.9,13.5,1.3,5,5.17,10.17,-10.17,DEFICIT,4.13,3.19,3.51,2.25
2024-11-18 06:00,11,6,0,weekday,42.9,4.35,58.6,19.1,1.7,11.61,0,11.61,-7.25,DEFICIT,6.17,4.21,5.24,2.25
2024-11-18 07:00,11,7,0,weekday,142.3,14.43,52.7,18.2,2.3,21.37,4.65,26.01,-11.58,DEFICIT,6.04,4.14,5.13,2.25
2024-11-18 08:00,11,8,0,weekday,411.5,41.73,57.7,21.8,2.8,15.87,0.0,15.87,25.85,SURPLUS,6.22,4.24,5.29,2.25
2024-11-18 09:00,11,9,0,weekday,506.1,51.32,54.1,21.2,2.6,10.94,3.71,14.65,36.67,SURPLUS,5.65,3.95,4.8,2.25
2024-11-18 10:00,11,10,0,weekday,635.8,64.47,37.7,24.1,1.5,9.86,0,9.86,54.61,SURPLUS,3.9,3.07,3.31,2.25
2024-11-18 11:00,11,11,0,weekday,930.2,94.32,55.6,22.5,2.6,9.16,0,9.16,85.17,SURPLUS,3.78,3.01,3.21,2.25
2024-11-18 12:00,11,12,0,weekday,927.5,93.48,58.3,26.5,1.7,9.72,0,9.72,83.76,SURPLUS,3.92,3.09,3.33,2.25
2024-11-18 13:00,11,13,0,weekday,788.3,79.37,44.8,26.8,2.3,10.47,0,10.47,68.9,SURPLUS,3.94,3.09,3.35,2.25
2024-11-18 14:00,11,14,0,weekday,713.7,72.37,73.6,25.0,2.9,10.81,0,10.81,61.56,SURPLUS,4.22,3.23,3.58,2.25
2024-11-18 15:00,11,15,0,weekday,484.5,49.13,52.9,24.2,2.2,9.77,0,9.77,39.36,SURPLUS,3.86,3.05,3.28,2.25
2024-11-18 16:00,11,16,0,weekday,361.0,36.34,50.0,26.8,3.2,11.52,0,11.52,24.82,SURPLUS,7.12,4.69,6.06,2.25
2024-11-18 17:00,11,17,0,weekday,204.0,20.68,57.7,21.4,2.8,16.23,0,16.23,4.45,BALANCED,6.57,4.41,5.58,2.25
2024-11-18 18:00,11,18,0,weekday,42.1,4.27,55.0,24.7,3.2,19.96,5.56,25.52,-21.25,DEFICIT,6.21,4.23,5.28,2.25
2024-11-18 19:00,11,19,0,weekday,0,0,51.5,18.5,2.1,26.07,0.0,26.07,-26.07,DEFICIT,6.69,4.47,5.69,2.25
2024-11-18 20:00,11,20,0,weekday,0,0,47.3,18.9,3.3,29.7,12.52,42.22,-42.22,DEFICIT,7.73,4.99,6.57,2.25
2024-11-18 21:00,11,21,0,weekday,0,0,44.0,15.5,2.6,18.44,9.78,28.23,-28.23,DEFICIT,7.11,4.68,6.05,2.25
2024-11-18 22:00,11,22,0,weekday,0,0,67.4,19.1,1.0,15.86,20.1,35.96,-35.96,DEFICIT,4.59,3.42,3.9,2.25
2024-11-18 23:00,11,23,0,weekday,0,0,55.1,20.5,2.9,11.84,0,11.84,-11.84,DEFICIT,4.86,3.55,4.13,2.25
2024-11-19 00:00,11,0,1,weekday,0,0,67.5,20.9,1.8,7.48,0.0,7.48,-7.48,DEFICIT,3.65,2.95,3.1,2.25
2024-11-19 01:00,11,1,1,weekday,0,0,62.7,18.5,1.8,5.31,0.0,5.31,-5.31,DEFICIT,4.35,3.3,3.69,2.25
2024-11-19 02:00,11,2,1,weekday,0,0,64.6,16.5,2.0,5.04,0.0,5.04,-5.04,DEFICIT,4.58,3.42,3.89,2.25
2024-11-19 03:00,11,3,1,weekday,0,0,52.8,15.4,2.0,5,0.0,5.0,-5.0,BALANCED,4.03,3.14,3.43,2.25
2024-11-19 04:00,11,4,1,weekday,0,0,64.6,15.6,2.8,5,0.0,5.0,-5.0,BALANCED,4.58,3.42,3.9,2.25
2024-11-19 05:00,11,5,1,weekday,0,0,56.6,17.5,2.4,5.14,4.5,9.65,-9.65,DEFICIT,4.38,3.31,3.72,2.25
2024-11-19 06:00,11,6,1,weekday,46.4,4.7,51.3,15.6,2.9,14.14,0,14.14,-9.44,DEFICIT,5.61,3.93,4.77,2.25
2024-11-19 07:00,11,7,1,weekday,169.5,17.19,61.5,20.5,2.8,17.77,9.89,27.66,-10.47,DEFICIT,5.76,4.01,4.9,2.25
2024-11-19 08:00,11,8,1,weekday,358.5,36.35,56.4,23.3,3.0,16.38,6.75,23.14,13.22,SURPLUS,5.77,4.01,4.9,2.25
2024-11-19 09:00,11,9,1,weekday,501.8,50.88,66.0,22.1,2.8,11.57,7.54,19.11,31.77,SURPLUS,6.0,4.12,5.1,2.25
2024-11-19 10:00,11,10,1,weekday,807.5,81.88,63.4,24.4,2.7,8.65,0,8.65,73.23,SURPLUS,3.46,2.86,2.94,2.25
2024-11-19 11:00,11,11,1,weekday,919.6,92.72,70.7,26.4,1.3,9.55,0,9.55,83.17,SURPLUS,3.65,2.95,3.1,2.25
2024-11-19 12:00,11,12,1,weekday,923.4,93.28,45.5,25.9,2.5,9.11,0,9.11,84.18,SURPLUS,3.48,2.87,2.96,2.25
2024-11-19 13:00,11,13,1,weekday,883.8,88.2,61.6,28.9,3.7,9.93,0,9.93,78.27,SURPLUS,3.92,3.08,3.33,2.25
2024-11-19 14:00,11,14,1,weekday,726.2,73.27,51.6,26.3,1.0,8.28,0,8.28,64.99,SURPLUS,3.87,3.06,3.29,2.25
2024-11-19 15:00,11,15,1,weekday,601.6,60.42,74.0,27.4,3.6,10.29,0,10.29,50.13,SURPLUS,2.77,2.51,2.36,2.25
2024-11-19 16:00,11,16,1,weekday,414.0,41.98,69.1,22.6,0.6,12.05,0,12.05,29.93,SURPLUS,6.57,4.41,5.59,2.25
2024-11-19 17:00,11,17,1,weekday,202.6,20.54,57.1,24.7,1.7,15.93,0,15.93,4.61,BALANCED,7.0,4.62,5.95,2.25
2024-11-19 18:00,11,18,1,weekday,49.8,5.05,56.6,24.7,2.2,27.62,0.0,27.62,-22.57,DEFICIT,6.69,4.47,5.69,2.25
2024-11-19 19:00,11,19,1,weekday,0,0,75.6,20.3,2.3,26.59,0.0,26.59,-26.59,DEFICIT,7.13,4.69,6.06,2.25
2024-11-19 20:00,11,20,1,weekday,0,0,58.0,22.1,3.3,28.6,0.0,28.6,-28.6,DEFICIT,6.22,4.24,5.29,2.25
2024-11-19 21:00,11,21,1,weekday,0,0,66.9,21.2,0.9,18.81,0.0,18.81,-18.81,DEFICIT,7.16,4.71,6.09,2.25
2024-11-19 22:00,11,22,1,weekday,0,0,66.1,21.7,2.9,14.77,0.0,14.77,-14.77,DEFICIT,3.97,3.11,3.38,2.25
2024-11-19 23:00,11,23,1,weekday,0,0,69.0,19.2,3.0,9.08,0,9.08,-9.08,DEFICIT,4.74,3.49,4.03,2.25
2024-11-20 00:00,11,0,2,weekday,0,0,52.3,18.4,2.9,7.3,4.28,11.58,-11.58,DEFICIT,4.77,3.51,4.06,2.25
2024-11-20 01:00,11,1,2,weekday,0,0,69.1,18.9,3.1,5,0.0,5.0,-5.0,BALANCED,4.61,3.43,3.92,2.25
2024-11-20 02:00,11,2,2,weekday,0,0,54.4,18.1,3.0,5,5.07,10.07,-10.07,DEFICIT,4.59,3.42,3.9,2.25
2024-11-20 03:00,11,3,2,weekday,0,0,49.2,15.0,3.6,5,4.75,9.75,-9.75,DEFICIT,4.15,3.2,3.53,2.25
2024-11-20 04:00,11,4,2,weekday,0,0,38.7,15.7,2.2,5,0.0,5.0,-5.0,BALANCED,4.49,3.37,3.82,2.25
2024-11-20 05:00,11,5,2,weekday,0,0,50.0,14.5,1.1,5.85,2.52,8.37,-8.37,DEFICIT,4.22,3.23,3.59,2.25
2024-11-20 06:00,11,6,2,weekday,34.9,3.53,49.2,20.2,2.6,13.28,0,13.28,-9.75,DEFICIT,6.2,4.23,5.27,2.25
2024-11-20 07:00,11,7,2,weekday,149.8,15.19,53.0,21.1,1.2,21.26,8.81,30.07,-14.88,DEFICIT,5.72,3.99,4.86,2.25
2024-11-20 08:00,11,8,2,weekday,264.4,26.81,38.4,21.2,2.1,17.18,8.62,25.8,1.01,BALANCED,5.33,3.79,4.53,2.25
2024-11-20 09:00,11,9,2,weekday,430.1,43.51,28.2,25.6,4.0,9.43,18.95,28.38,15.13,SURPLUS,5.83,4.04,4.95,2.25
2024-11-20 10:00,11,10,2,weekday,541.5,54.91,52.2,24.0,2.1,8.46,0,8.46,46.45,SURPLUS,4.14,3.2,3.52,2.25
2024-11-20 11:00,11,11,2,weekday,683.0,69.26,44.3,21.7,1.9,8.48,0,8.48,60.78,SURPLUS,3.87,3.06,3.29,2.25
2024-11-20 12:00,11,12,2,weekday,667.7,67.63,51.3,25.3,2.8,8.96,0,8.96,58.67,SURPLUS,4.5,3.37,3.82,2.25
2024-11-20 13:00,11,13,2,weekday,584.0,59.04,46.1,25.8,2.3,9.17,0,9.17,49.87,SURPLUS,4.54,3.39,3.86,2.25
2024-11-20 14:00,11,14,2,weekday,599.2,60.75,47.2,22.7,3.0,8.48,0,8.48,52.28,SURPLUS,3.85,3.05,3.27,2.25
2024-11-20 15:00,11,15,2,weekday,379.8,38.52,53.3,24.8,5.0,8.77,0,8.77,29.74,SURPLUS,3.71,2.98,3.15,2.25
2024-11-20 16:00,11,16,2,weekday,270.8,27.46,59.6,23.7,3.1,13.16,0,13.16,14.3,SURPLUS,6.84,4.54,5.81,2.25
2024-11-20 17:00,11,17,2,weekday,169.1,17.14,35.0,24.1,3.1,16.39,0,16.39,0.75,BALANCED,6.64,4.45,5.65,2.25
2024-11-20 18:00,11,18,2,weekday,27.5,2.79,34.5,19.2,2.6,22.06,17.54,39.6,-36.81,DEFICIT,6.66,4.46,5.66,2.25
2024-11-20 19:00,11,19,2,weekday,0,0,47.5,24.1,2.8,24.57,0.0,24.57,-24.57,DEFICIT,6.58,4.42,5.6,2.25
2024-11-20 20:00,11,20,2,weekday,0,0,48.1,20.2,1.9,22.66,16.95,39.61,-39.61,DEFICIT,7.19,4.72,6.11,2.25
2024-11-20 21:00,11,21,2,weekday,0,0,47.4,18.1,2.9,17.06,15.69,32.75,-32.75,DEFICIT,6.38,4.32,5.42,2.25
2024-11-20 22:00,11,22,2,weekday,0,0,41.0,21.0,3.2,12.55,0.0,12.55,-12.55,DEFICIT,4.77,3.51,4.06,2.25
2024-11-20 23:00,11,23,2,weekday,0,0,52.9,17.0,2.4,8.13,0,8.13,-8.13,DEFICIT,4.64,3.45,3.95,2.25
2024-11-21 00:00,11,0,3,weekday,0,0,32.1,19.7,2.7,6.72,3.69,10.4,-10.4,DEFICIT,4.65,3.45,3.95,2.25
2024-11-21 01:00,11,1,3,weekday,0,0,44.9,17.5,2.0,5,0.0,5.0,-5.0,BALANCED,4.35,3.3,3.69,2.25
2024-11-21 02:00,11,2,3,weekday,0,0,29.5,17.4,3.2,5,0.0,5.0,-5.0,BALANCED,4.43,3.34,3.77,2.25
2024-11-21 03:00,11,3,3,weekday,0,0,18.1,18.4,3.5,5,0.0,5.0,-5.0,BALANCED,4.49,3.37,3.82,2.25
2024-11-21 04:00,11,4,3,weekday,0,0,47.5,16.6,2.0,5,4.92,9.92,-9.92,DEFICIT,4.65,3.45,3.95,2.25
2024-11-21 05:00,11,5,3,weekday,0,0,43.4,17.9,2.0,6.12,0.0,6.12,-6.12,DEFICIT,4.68,3.46,3.98,2.25
2024-11-21 06:00,11,6,3,weekday,31.6,3.21,54.0,18.4,3.0,14.39,0,14.39,-11.19,DEFICIT,5.66,3.96,4.81,2.25
2024-11-21 07:00,11,7,3,weekday,104.7,10.62,29.7,19.9,2.5,19.17,9.43,28.6,-17.98,DEFICIT,6.31,4.28,5.36,2.25
2024-11-21 08:00,11,8,3,weekday,217.9,22.1,32.0,19.2,3.6,13.37,0.0,13.37,8.73,SURPLUS,5.35,3.8,4.55,2.25
2024-11-21 09:00,11,9,3,weekday,314.2,31.86,25.5,18.3,2.1,10.88,0.0,10.88,20.98,SURPLUS,6.18,4.22,5.25,2.25
2024-11-21 10:00,11,10,3,weekday,485.5,49.23,33.3,21.3,3.1,10.29,0,10.29,38.94,SURPLUS,4.14,3.2,3.52,2.25
2024-11-21 11:00,11,11,3,weekday,471.7,47.83,30.5,22.7,2.8,10.6,0,10.6,37.24,SURPLUS,3.58,2.92,3.05,2.25
2024-11-21 12:00,11,12,3,weekday,525.7,52.45,38.9,29.0,3.6,9.53,0,9.53,42.91,SURPLUS,4.35,3.3,3.7,2.25
2024-11-21 13:00,11,13,3,weekday,482.1,48.67,25.1,26.1,3.8,9.13,0,9.13,39.54,SURPLUS,4.23,3.24,3.6,2.25
2024-11-21 14:00,11,14,3,weekday,426.9,43.29,32.5,24.8,2.1,9.58,0,9.58,33.71,SURPLUS,3.52,2.88,2.99,2.25
2024-11-21 15:00,11,15,3,weekday,340.2,34.5,44.0,23.4,2.9,12.11,0,12.11,22.39,SURPLUS,3.67,2.96,3.12,2.25
2024-11-21 16:00,11,16,3,weekday,246.5,25.0,36.9,24.6,2.2,13.58,0,13.58,11.41,SURPLUS,6.05,4.15,5.15,2.25
2024-11-21 17:00,11,17,3,weekday,132.7,13.46,50.0,22.5,2.7,18.72,0,18.72,-5.26,DEFICIT,7.3,4.77,6.2,2.25
2024-11-21 18:00,11,18,3,weekday,27.8,2.82,34.4,21.6,2.0,22.8,5.59,28.39,-25.57,DEFICIT,7.06,4.65,6.0,2.25
2024-11-21 19:00,11,19,3,weekday,0,0,54.9,23.5,1.7,28.61,12.74,41.35,-41.35,DEFICIT,7.22,4.73,6.13,2.25
2024-11-21 20:00,11,20,3,weekday,0,0,24.3,19.3,3.2,27.82,6.83,34.65,-34.65,DEFICIT,7.11,4.68,6.04,2.25
2024-11-21 21:00,11,21,3,weekday,0,0,39.1,18.2,2.8,15.22,8.48,23.7,-23.7,DEFICIT,7.3,4.77,6.2,2.25
2024-11-21 22:00,11,22,3,weekday,0,0,42.8,18.0,1.8,14.75,8.06,22.81,-22.81,DEFICIT,4.07,3.16,3.46,2.25
2024-11-21 23:00,11,23,3,weekday,0,0,32.1,19.4,2.5,10.0,0,10.0,-10.0,DEFICIT,4.53,3.39,3.85,2.25
2024-11-22 00:00,11,0,4,weekday,0,0,74.5,16.7,2.1,7.17,0.0,7.17,-7.17,DEFICIT,4.36,3.31,3.71,2.25
2024-11-22 01:00,11,1,4,weekday,0,0,62.6,18.2,2.1,5,4.83,9.83,-9.83,DEFICIT,4.21,3.23,3.58,2.25
2024-11-22 02:00,11,2,4,weekday,0,0,62.3,16.4,2.8,5.68,0.0,5.68,-5.68,DEFICIT,4.42,3.34,3.76,2.25
2024-11-22 03:00,11,3,4,weekday,0,0,59.1,17.0,3.0,5,2.95,7.95,-7.95,DEFICIT,4.51,3.38,3.83,2.25
2024-11-22 04:00,11,4,4,weekday,0,0,77.0,16.6,2.0,5,0.0,5.0,-5.0,BALANCED,4.71,3.48,4.0,2.25
2024-11-22 05:00,11,5,4,weekday,0,0,60.9,17.9,2.6,6.47,0.0,6.47,-6.47,DEFICIT,4.62,3.44,3.93,2.25
2024-11-22 06:00,11,6,4,weekday,54.9,5.57,66.3,19.6,2.4,14.35,0,14.35,-8.78,DEFICIT,5.96,4.11,5.07,2.25
2024-11-22 07:00,11,7,4,weekday,173.4,17.58,65.3,21.1,2.1,19.11,0.0,19.11,-1.53,BALANCED,6.03,4.14,5.12,2.25
2024-11-22 08:00,11,8,4,weekday,372.2,37.75,69.4,20.5,2.1,14.85,9.22,24.07,13.68,SURPLUS,6.42,4.33,5.46,2.25
2024-11-22 09:00,11,9,4,weekday,515.8,52.3,68.1,19.3,2.1,8.76,5.48,14.24,38.06,SURPLUS,5.38,3.82,4.58,2.25
2024-11-22 10:00,11,10,4,weekday,807.5,81.88,45.4,22.1,3.1,9.77,0,9.77,72.11,SURPLUS,3.55,2.9,3.02,2.25
2024-11-22 11:00,11,11,4,weekday,950.5,96.38,68.7,22.9,2.0,9.05,0,9.05,87.33,SURPLUS,4.1,3.18,3.49,2.25
2024-11-22 12:00,11,12,4,weekday,901.3,91.4,65.9,24.7,0.7,11.99,0,11.99,79.41,SURPLUS,3.93,3.09,3.34,2.25
2024-11-22 13:00,11,13,4,weekday,904.5,91.71,72.5,23.9,4.8,12.25,0,12.25,79.46,SURPLUS,3.29,2.77,2.8,2.25
2024-11-22 14:00,11,14,4,weekday,726.7,72.35,56.8,29.6,1.9,9.08,0,9.08,63.26,SURPLUS,3.85,3.05,3.27,2.25
2024-11-22 15:00,11,15,4,weekday,577.8,58.55,59.1,25.1,3.6,10.14,0,10.14,48.42,SURPLUS,3.95,3.1,3.36,2.25
2024-11-22 16:00,11,16,4,weekday,456.0,46.24,65.9,23.8,4.3,11.1,0,11.1,35.13,SURPLUS,6.53,4.39,5.55,2.25
2024-11-22 17:00,11,17,4,weekday,212.1,21.51,62.3,23.5,3.3,15.71,0,15.71,5.8,SURPLUS,6.93,4.59,5.89,2.25
2024-11-22 18:00,11,18,4,weekday,52.6,5.33,58.8,22.8,2.7,24.72,9.88,34.6,-29.27,DEFICIT,6.89,4.57,5.85,2.25
2024-11-22 19:00,11,19,4,weekday,0,0,65.9,18.4,3.4,28.22,11.31,39.52,-39.52,DEFICIT,7.14,4.7,6.07,2.25
2024-11-22 20:00,11,20,4,weekday,0,0,58.3,22.8,1.7,27.12,0.0,27.12,-27.12,DEFICIT,6.8,4.53,5.78,2.25
2024-11-22 21:00,11,21,4,weekday,0,0,78.1,20.4,2.4,16.07,7.1,23.18,-23.18,DEFICIT,6.8,4.52,5.78,2.25
2024-11-22 22:00,11,22,4,weekday,0,0,64.1,20.7,1.0,14.87,16.64,31.51,-31.51,DEFICIT,5.29,3.77,4.5,2.25
2024-11-22 23:00,11,23,4,weekday,0,0,57.4,19.6,2.6,9.26,0,9.26,-9.26,DEFICIT,4.91,3.58,4.18,2.25
2024-11-23 00:00,11,0,5,weekend,0,0,48.0,23.0,2.9,6.32,3.96,10.27,-10.27,DEFICIT,4.82,3.53,4.1,2.25
2024-11-23 01:00,11,1,5,weekend,0,0,62.2,17.2,2.2,5.19,4.07,9.27,-9.27,DEFICIT,5.0,3.63,4.25,2.25
2024-11-23 02:00,11,2,5,weekend,0,0,37.5,14.3,2.0,5.85,5.57,11.42,-11.42,DEFICIT,4.57,3.41,3.89,2.25
2024-11-23 03:00,11,3,5,weekend,0,0,43.8,16.9,2.7,5,2.24,7.24,-7.24,DEFICIT,4.84,3.55,4.12,2.25
2024-11-23 04:00,11,4,5,weekend,0,0,51.4,16.0,1.8,5,0.0,5.0,-5.0,BALANCED,4.13,3.19,3.51,2.25
2024-11-23 05:00,11,5,5,weekend,0,0,56.8,19.8,3.4,6.38,0.0,6.38,-6.38,DEFICIT,4.29,3.27,3.64,2.25
2024-11-23 06:00,11,6,5,weekend,29.4,2.98,43.4,17.2,3.6,14.3,0,14.3,-11.31,DEFICIT,5.32,3.79,4.52,2.25
2024-11-23 07:00,11,7,5,weekend,136.8,13.88,44.2,19.3,3.1,22.03,0.0,22.03,-8.15,DEFICIT,5.97,4.11,5.07,2.25
2024-11-23 08:00,11,8,5,weekend,251.8,25.53,43.2,21.6,1.7,18.81,8.52,27.33,-1.79,BALANCED,5.54,3.9,4.71,2.25
2024-11-23 09:00,11,9,5,weekend,417.3,42.32,47.7,22.3,2.1,11.12,7.5,18.62,23.69,SURPLUS,5.55,3.9,4.71,2.25
2024-11-23 10:00,11,10,5,weekend,651.0,66.01,48.2,21.8,2.6,11.85,0,11.85,54.16,SURPLUS,3.62,2.93,3.08,2.25
2024-11-23 11:00,11,11,5,weekend,626.7,63.55,38.7,20.9,2.4,11.21,0,11.21,52.34,SURPLUS,3.81,3.03,3.24,2.25
2024-11-23 12:00,11,12,5,weekend,749.1,75.96,50.2,24.0,0.8,12.65,0,12.65,63.31,SURPLUS,4.26,3.26,3.62,2.25
2024-11-23 13:00,11,13,5,weekend,713.7,71.54,29.2,27.9,2.0,12.07,0,12.07,59.47,SURPLUS,4.07,3.16,3.46,2.25
2024-11-23 14:00,11,14,5,weekend,660.9,66.72,37.3,26.1,3.0,10.99,0,10.99,55.73,SURPLUS,3.6,2.93,3.06,2.25
2024-11-23 15:00,11,15,5,weekend,502.1,50.87,40.0,25.2,3.0,13.5,0,13.5,37.37,SURPLUS,3.85,3.05,3.27,2.25
2024-11-23 16:00,11,16,5,weekend,344.6,34.77,44.0,26.2,2.3,15.68,0,15.68,19.09,SURPLUS,6.63,4.44,5.64,2.25
2024-11-23 17:00,11,17,5,weekend,177.8,18.03,45.4,23.4,1.8,16.68,0,16.68,1.35,BALANCED,6.93,4.59,5.89,2.25
2024-11-23 18:00,11,18,5,weekend,33.7,3.42,35.8,23.6,2.9,26.55,10.87,37.41,-33.99,DEFICIT,6.9,4.58,5.87,2.25
2024-11-23 19:00,11,19,5,weekend,0,0,44.5,21.0,2.6,34.3,13.08,47.38,-47.38,DEFICIT,6.66,4.46,5.67,2.25
2024-11-23 20:00,11,20,5,weekend,0,0,38.6,17.9,2.4,25.22,15.31,40.53,-40.53,DEFICIT,6.83,4.54,5.81,2.25
2024-11-23 21:00,11,21,5,weekend,0,0,65.8,19.9,2.0,22.04,0.0,22.04,-22.04,DEFICIT,7.24,4.75,6.16,2.25
2024-11-23 22:00,11,22,5,weekend,0,0,49.2,18.9,3.5,18.45,0.0,18.45,-18.45,DEFICIT,4.94,3.59,4.2,2.25
2024-11-23 23:00,11,23,5,weekend,0,0,50.6,19.4,3.3,11.19,0,11.19,-11.19,DEFICIT,4.45,3.35,3.78,2.25
2024-11-24 00:00,11,0,6,weekend,0,0,46.2,17.3,2.1,7.8,0.0,7.8,-7.8,DEFICIT,4.19,3.22,3.56,2.25
2024-11-24 01:00,11,1,6,weekend,0,0,42.4,17.4,2.0,6.61,2.78,9.39,-9.39,DEFICIT,4.1,3.17,3.48,2.25
2024-11-24 02:00,11,2,6,weekend,0,0,43.1,17.7,2.6,5.33,3.9,9.23,-9.23,DEFICIT,4.49,3.37,3.82,2.25
2024-11-24 03:00,11,3,6,weekend,0,0,55.1,18.4,3.4,5,3.1,8.1,-8.1,DEFICIT,4.39,3.32,3.73,2.25
2024-11-24 04:00,11,4,6,weekend,0,0,53.8,18.3,2.2,5,3.13,8.13,-8.13,DEFICIT,3.76,3.0,3.19,2.25
2024-11-24 05:00,11,5,6,weekend,0,0,57.0,13.8,3.3,5.86,2.24,8.1,-8.1,DEFICIT,4.57,3.41,3.88,2.25
2024-11-24 06:00,11,6,6,weekend,33.0,3.35,38.0,17.8,2.0,16.93,0,16.93,-13.58,DEFICIT,5.52,3.88,4.69,2.25
2024-11-24 07:00,11,7,6,weekend,135.7,13.76,55.0,17.2,2.1,17.94,17.47,35.41,-21.65,DEFICIT,5.51,3.88,4.68,2.25
2024-11-24 08:00,11,8,6,weekend,351.1,35.6,54.6,23.4,2.1,19.0,7.39,26.39,9.21,SURPLUS,6.17,4.21,5.25,2.25
2024-11-24 09:00,11,9,6,weekend,471.7,47.84,26.9,24.2,2.9,13.42,0.0,13.42,34.42,SURPLUS,5.87,4.06,4.99,2.25
2024-11-24 10:00,11,10,6,weekend,577.3,58.44,47.3,25.4,3.5,11.04,0,11.04,47.41,SURPLUS,3.79,3.02,3.22,2.25
2024-11-24 11:00,11,11,6,weekend,748.9,75.54,55.8,26.3,2.7,8.32,0,8.32,67.22,SURPLUS,3.88,3.06,3.29,2.25
2024-11-24 12:00,11,12,6,weekend,761.0,76.57,46.9,26.9,2.4,14.35,0,14.35,62.22,SURPLUS,3.94,3.1,3.35,2.25
2024-11-24 13:00,11,13,6,weekend,697.4,70.72,58.8,24.7,1.9,11.39,0,11.39,59.32,SURPLUS,3.96,3.11,3.37,2.25
2024-11-24 14:00,11,14,6,weekend,717.0,72.27,51.6,26.5,1.8,10.04,0,10.04,62.23,SURPLUS,3.65,2.95,3.1,2.25
2024-11-24 15:00,11,15,6,weekend,525.2,53.26,57.5,25.0,3.9,13.55,0,13.55,39.71,SURPLUS,3.98,3.12,3.38,2.25
2024-11-24 16:00,11,16,6,weekend,341.8,34.19,49.1,28.4,2.2,14.81,0,14.81,19.37,SURPLUS,6.89,4.57,5.86,2.25
2024-11-24 17:00,11,17,6,weekend,184.5,18.71,52.1,21.7,3.4,19.78,0,19.78,-1.08,BALANCED,7.37,4.81,6.27,2.25
2024-11-24 18:00,11,18,6,weekend,39.2,3.98,48.1,22.4,4.2,26.93,15.39,42.32,-38.35,DEFICIT,7.0,4.62,5.95,2.25
2024-11-24 19:00,11,19,6,weekend,0,0,65.6,20.0,2.6,33.38,18.63,52.01,-52.01,DEFICIT,6.32,4.29,5.37,2.25
2024-11-24 20:00,11,20,6,weekend,0,0,47.8,22.1,4.4,30.95,10.74,41.69,-41.69,DEFICIT,6.62,4.44,5.63,2.25
2024-11-24 21:00,11,21,6,weekend,0,0,50.4,17.5,2.9,21.21,7.45,28.66,-28.66,DEFICIT,6.29,4.27,5.35,2.25
2024-11-24 22:00,11,22,6,weekend,0,0,48.3,19.4,2.9,13.58,21.52,35.1,-35.1,DEFICIT,4.28,3.26,3.63,2.25
2024-11-24 23:00,11,23,6,weekend,0,0,75.3,20.1,2.3,11.5,0,11.5,-11.5,DEFICIT,4.79,3.52,4.07,2.25
2024-11-25 00:00,11,0,0,weekday,0,0,49.5,18.0,3.0,7.02,0.0,7.02,-7.02,DEFICIT,4.62,3.44,3.93,2.25
2024-11-25 01:00,11,1,0,weekday,0,0,50.5,18.1,4.0,5.53,0.0,5.53,-5.53,DEFICIT,4.05,3.15,3.44,2.25
2024-11-25 02:00,11,2,0,weekday,0,0,62.5,17.8,3.1,5.18,2.17,7.35,-7.35,DEFICIT,4.38,3.31,3.72,2.25
2024-11-25 03:00,11,3,0,weekday,0,0,79.9,17.7,3.0,5,0.0,5.0,-5.0,BALANCED,4.35,3.3,3.7,2.25
2024-11-25 04:00,11,4,0,weekday,0,0,56.9,18.2,0.7,5,0.0,5.0,-5.0,BALANCED,4.59,3.42,3.9,2.25
2024-11-25 05:00,11,5,0,weekday,0,0,43.6,18.7,2.7,6.09,2.71,8.79,-8.79,DEFICIT,4.63,3.44,3.93,2.25
2024-11-25 06:00,11,6,0,weekday,38.3,3.88,39.1,16.0,3.1,14.55,0,14.55,-10.67,DEFICIT,5.65,3.95,4.81,2.25
2024-11-25 07:00,11,7,0,weekday,154.0,15.62,57.8,18.0,2.4,17.05,0.0,17.05,-1.43,BALANCED,5.98,4.11,5.08,2.25
2024-11-25 08:00,11,8,0,weekday,344.7,34.95,36.2,19.5,2.9,15.86,7.09,22.96,11.99,SURPLUS,5.89,4.07,5.01,2.25
2024-11-25 09:00,11,9,0,weekday,441.7,44.79,39.9,20.4,3.1,10.67,6.12,16.79,28.0,SURPLUS,5.53,3.89,4.7,2.25
2024-11-25 10:00,11,10,0,weekday,691.8,70.14,51.3,24.2,1.8,8.23,0,8.23,61.92,SURPLUS,3.69,2.97,3.13,2.25
2024-11-25 11:00,11,11,0,weekday,736.3,74.31,45.9,26.2,2.1,9.13,0,9.13,65.17,SURPLUS,4.03,3.14,3.43,2.25
2024-11-25 12:00,11,12,0,weekday,941.3,95.45,48.1,24.4,4.7,10.83,0,10.83,84.62,SURPLUS,3.62,2.93,3.08,2.25
2024-11-25 13:00,11,13,0,weekday,802.5,81.1,48.1,25.8,3.3,8.83,0,8.83,72.27,SURPLUS,3.74,3.0,3.18,2.25
2024-11-25 14:00,11,14,0,weekday,704.8,71.32,41.2,25.5,3.7,9.88,0,9.88,61.44,SURPLUS,3.81,3.03,3.24,2.25
2024-11-25 15:00,11,15,0,weekday,511.3,51.37,59.5,27.3,3.3,11.43,0,11.43,39.94,SURPLUS,3.38,2.82,2.87,2.25
2024-11-25 16:00,11,16,0,weekday,371.2,37.26,57.5,27.5,2.9,11.89,0,11.89,25.37,SURPLUS,6.76,4.51,5.75,2.25
2024-11-25 17:00,11,17,0,weekday,185.8,18.77,64.7,26.0,2.5,15.94,0,15.94,2.82,BALANCED,6.72,4.48,5.71,2.25
2024-11-25 18:00,11,18,0,weekday,44.5,4.51,46.1,21.3,4.0,25.2,17.06,42.26,-37.75,DEFICIT,6.73,4.49,5.72,2.25
2024-11-25 19:00,11,19,0,weekday,0,0,52.7,22.3,1.9,23.02,19.94,42.96,-42.96,DEFICIT,6.99,4.62,5.94,2.25
2024-11-25 20:00,11,20,0,weekday,0,0,66.0,21.3,3.6,23.15,14.12,37.27,-37.27,DEFICIT,6.91,4.58,5.87,2.25
2024-11-25 21:00,11,21,0,weekday,0,0,46.7,20.3,3.8,16.25,8.91,25.16,-25.16,DEFICIT,6.81,4.53,5.78,2.25
2024-11-25 22:00,11,22,0,weekday,0,0,42.1,18.5,1.6,14.35,0.0,14.35,-14.35,DEFICIT,4.79,3.52,4.07,2.25
2024-11-25 23:00,11,23,0,weekday,0,0,50.9,19.0,1.5,9.84,0,9.84,-9.84,DEFICIT,4.67,3.46,3.97,2.25
2024-11-26 00:00,11,0,1,weekday,0,0,59.0,14.6,2.4,7.04,2.39,9.43,-9.43,DEFICIT,4.86,3.55,4.13,2.25
2024-11-26 01:00,11,1,1,weekday,0,0,37.6,19.4,3.3,5.57,0.0,5.57,-5.57,DEFICIT,4.04,3.15,3.43,2.25
2024-11-26 02:00,11,2,1,weekday,0,0,42.2,17.1,1.7,5.51,0.0,5.51,-5.51,DEFICIT,4.95,3.6,4.2,2.25
2024-11-26 03:00,11,3,1,weekday,0,0,50.1,17.1,2.9,5,0.0,5.0,-5.0,BALANCED,4.71,3.48,4.01,2.25
2024-11-26 04:00,11,4,1,weekday,0,0,47.8,14.4,2.9,5,0.0,5.0,-5.0,BALANCED,4.72,3.48,4.01,2.25
2024-11-26 05:00,11,5,1,weekday,0,0,51.2,17.2,2.5,5,0.0,5.0,-5.0,BALANCED,5.08,3.66,4.31,2.25
2024-11-26 06:00,11,6,1,weekday,35.5,3.6,45.9,16.6,1.6,16.71,0,16.71,-13.11,DEFICIT,6.16,4.21,5.24,2.25
2024-11-26 07:00,11,7,1,weekday,121.2,12.29,20.2,20.5,2.4,15.83,0.0,15.83,-3.54,BALANCED,5.76,4.01,4.9,2.25
2024-11-26 08:00,11,8,1,weekday,244.5,24.8,39.5,20.3,4.2,17.05,0.0,17.05,7.75,SURPLUS,5.77,4.01,4.91,2.25
2024-11-26 09:00,11,9,1,weekday,404.9,41.05,43.2,22.1,1.1,10.26,0.0,10.26,30.8,SURPLUS,6.18,4.22,5.25,2.25
2024-11-26 10:00,11,10,1,weekday,529.6,53.71,42.3,23.1,2.3,7.29,0,7.29,46.42,SURPLUS,4.02,3.13,3.42,2.25
2024-11-26 11:00,11,11,1,weekday,573.8,58.19,50.9,23.9,1.8,10.21,0,10.21,47.97,SURPLUS,3.74,3.0,3.18,2.25
2024-11-26 12:00,11,12,1,weekday,691.1,69.78,49.6,26.1,2.3,11.38,0,11.38,58.4,SURPLUS,3.56,2.91,3.03,2.25
2024-11-26 13:00,11,13,1,weekday,694.6,69.7,27.4,27.6,2.8,10.73,0,10.73,58.97,SURPLUS,3.96,3.1,3.36,2.25
2024-11-26 14:00,11,14,1,weekday,587.4,58.75,43.0,28.4,3.5,10.1,0,10.1,48.64,SURPLUS,3.65,2.95,3.11,2.25
2024-11-26 15:00,11,15,1,weekday,367.9,37.24,47.4,25.4,4.0,8.86,0,8.86,28.38,SURPLUS,3.95,3.1,3.35,2.25
2024-11-26 16:00,11,16,1,weekday,319.7,31.97,48.7,28.5,2.6,12.7,0,12.7,19.27,SURPLUS,7.01,4.63,5.96,2.25
2024-11-26 17:00,11,17,1,weekday,114.9,11.65,35.9,22.6,2.3,15.16,0,15.16,-3.52,BALANCED,7.46,4.86,6.34,2.25
2024-11-26 18:00,11,18,1,weekday,33.9,3.43,48.3,22.6,3.1,21.13,6.16,27.29,-23.86,DEFICIT,6.79,4.52,5.78,2.25
2024-11-26 19:00,11,19,1,weekday,0,0,45.8,22.6,3.3,29.39,10.97,40.36,-40.36,DEFICIT,6.74,4.49,5.73,2.25
2024-11-26 20:00,11,20,1,weekday,0,0,42.0,21.6,2.2,25.53,13.2,38.73,-38.73,DEFICIT,6.7,4.47,5.69,2.25
2024-11-26 21:00,11,21,1,weekday,0,0,37.2,21.5,2.7,21.79,14.52,36.32,-36.32,DEFICIT,7.0,4.62,5.95,2.25
2024-11-26 22:00,11,22,1,weekday,0,0,43.4,17.7,1.1,14.12,14.3,28.42,-28.42,DEFICIT,4.7,3.47,3.99,2.25
2024-11-26 23:00,11,23,1,weekday,0,0,56.4,16.4,1.1,9.1,0,9.1,-9.1,DEFICIT,4.44,3.35,3.78,2.25
2024-11-27 00:00,11,0,2,weekday,0,0,28.7,15.6,2.3,7.21,4.74,11.94,-11.94,DEFICIT,4.54,3.4,3.86,2.25
2024-11-27 01:00,11,1,2,weekday,0,0,20.0,23.1,4.1,5,4.33,9.33,-9.33,DEFICIT,4.77,3.51,4.06,2.25
2024-11-27 02:00,11,2,2,weekday,0,0,37.1,18.8,2.1,5,0.0,5.0,-5.0,BALANCED,4.44,3.34,3.77,2.25
2024-11-27 03:00,11,3,2,weekday,0,0,35.0,18.4,3.5,5,3.37,8.37,-8.37,DEFICIT,4.79,3.52,4.07,2.25
2024-11-27 04:00,11,4,2,weekday,0,0,30.6,17.7,3.5,5,4.88,9.88,-9.88,DEFICIT,4.39,3.32,3.73,2.25
2024-11-27 05:00,11,5,2,weekday,0,0,29.0,15.7,3.1,5.69,0.0,5.69,-5.69,DEFICIT,4.82,3.53,4.1,2.25
2024-11-27 06:00,11,6,2,weekday,25.6,2.59,21.5,18.9,3.7,13.21,0,13.21,-10.61,DEFICIT,5.72,3.98,4.86,2.25
2024-11-27 07:00,11,7,2,weekday,73.9,7.49,30.2,17.3,2.0,21.75,4.73,26.49,-19.0,DEFICIT,5.58,3.91,4.74,2.25
2024-11-27 08:00,11,8,2,weekday,195.7,19.85,28.6,21.3,3.4,17.4,13.03,30.43,-10.58,DEFICIT,6.04,4.14,5.13,2.25
2024-11-27 09:00,11,9,2,weekday,285.9,28.99,34.7,22.0,1.7,11.5,0.0,11.5,17.49,SURPLUS,5.87,4.06,4.99,2.25
2024-11-27 10:00,11,10,2,weekday,341.7,34.63,22.4,25.2,3.6,10.17,0,10.17,24.46,SURPLUS,3.64,2.95,3.1,2.25
2024-11-27 11:00,11,11,2,weekday,401.6,40.64,41.8,25.5,3.9,9.75,0,9.75,30.9,SURPLUS,3.58,2.91,3.04,2.25
2024-11-27 12:00,11,12,2,weekday,495.8,50.27,38.1,24.5,2.6,10.33,0,10.33,39.94,SURPLUS,4.01,3.13,3.4,2.25
2024-11-27 13:00,11,13,2,weekday,455.9,45.3,35.8,30.0,3.7,9.27,0,9.27,36.03,SURPLUS,3.29,2.77,2.79,2.25
2024-11-27 14:00,11,14,2,weekday,379.2,38.02,33.8,27.8,3.0,11.08,0,11.08,26.93,SURPLUS,4.41,3.33,3.75,2.25
2024-11-27 15:00,11,15,2,weekday,317.1,32.16,35.6,23.5,3.3,10.37,0,10.37,21.79,SURPLUS,3.47,2.86,2.95,2.25
2024-11-27 16:00,11,16,2,weekday,193.0,19.57,39.2,22.9,3.3,12.27,0,12.27,7.3,SURPLUS,6.62,4.43,5.63,2.25
2024-11-27 17:00,11,17,2,weekday,94.3,9.57,14.7,23.5,1.9,14.41,0,14.41,-4.85,BALANCED,6.09,4.17,5.18,2.25
2024-11-27 18:00,11,18,2,weekday,24.7,2.5,32.3,22.5,1.7,27.5,17.81,45.31,-42.81,DEFICIT,6.91,4.58,5.87,2.25
2024-11-27 19:00,11,19,2,weekday,0,0,38.3,21.9,2.4,26.09,13.12,39.21,-39.21,DEFICIT,7.11,4.68,6.05,2.25
2024-11-27 20:00,11,20,2,weekday,0,0,28.6,20.9,1.7,20.63,14.06,34.69,-34.69,DEFICIT,7.44,4.85,6.32,2.25
2024-11-27 21:00,11,21,2,weekday,0,0,22.5,20.0,3.2,16.09,18.61,34.7,-34.7,DEFICIT,6.85,4.55,5.82,2.25
2024-11-27 22:00,11,22,2,weekday,0,0,29.2,18.6,1.5,14.54,5.98,20.52,-20.52,DEFICIT,4.97,3.61,4.22,2.25
2024-11-27 23:00,11,23,2,weekday,0,0,46.4,16.6,2.0,9.13,0,9.13,-9.13,DEFICIT,4.93,3.59,4.19,2.25
2024-11-28 00:00,11,0,3,weekday,0,0,50.6,15.6,1.1,5.94,4.65,10.6,-10.6,DEFICIT,4.63,3.44,3.94,2.25
2024-11-28 01:00,11,1,3,weekday,0,0,68.1,15.2,2.3,6.03,0.0,6.03,-6.03,DEFICIT,4.75,3.5,4.04,2.25
2024-11-28 02:00,11,2,3,weekday,0,0,59.8,19.4,2.3,5.25,0.0,5.25,-5.25,DEFICIT,4.78,3.51,4.06,2.25
2024-11-28 03:00,11,3,3,weekday,0,0,51.4,15.3,2.1,5,0.0,5.0,-5.0,BALANCED,4.47,3.36,3.8,2.25
2024-11-28 04:00,11,4,3,weekday,0,0,53.8,15.5,2.1,5,0.0,5.0,-5.0,BALANCED,4.32,3.29,3.67,2.25
2024-11-28 05:00,11,5,3,weekday,0,0,48.5,14.8,3.9,5.78,0.0,5.78,-5.78,DEFICIT,4.56,3.41,3.88,2.25
2024-11-28 06:00,11,6,3,weekday,36.8,3.73,55.6,18.6,3.5,16.12,0,16.12,-12.39,DEFICIT,5.62,3.93,4.78,2.25
2024-11-28 07:00,11,7,3,weekday,124.0,12.57,47.8,17.1,2.1,21.45,0.0,21.45,-8.88,DEFICIT,5.82,4.03,4.94,2.25
2024-11-28 08:00,11,8,3,weekday,277.7,28.16,59.0,20.8,3.0,17.1,14.61,31.71,-3.55,BALANCED,6.36,4.31,5.41,2.25
2024-11-28 09:00,11,9,3,weekday,388.8,39.43,32.6,20.9,2.9,10.37,9.84,20.2,19.23,SURPLUS,5.94,4.1,5.05,2.25
2024-11-28 10:00,11,10,3,weekday,517.8,52.06,46.7,27.1,3.3,11.39,0,11.39,40.67,SURPLUS,3.78,3.01,3.21,2.25
2024-11-28 11:00,11,11,3,weekday,688.3,69.8,40.9,23.5,1.6,9.28,0,9.28,60.52,SURPLUS,4.33,3.29,3.68,2.25
2024-11-28 12:00,11,12,3,weekday,774.1,78.05,38.6,26.4,4.5,9.24,0,9.24,68.8,SURPLUS,3.69,2.97,3.13,2.25
2024-11-28 13:00,11,13,3,weekday,575.5,58.0,47.3,26.5,4.3,10.97,0,10.97,47.03,SURPLUS,3.68,2.96,3.12,2.25
2024-11-28 14:00,11,14,3,weekday,548.9,55.36,41.0,26.3,3.0,9.25,0,9.25,46.11,SURPLUS,4.06,3.15,3.45,2.25
2024-11-28 15:00,11,15,3,weekday,493.2,49.99,63.7,25.1,3.6,10.2,0,10.2,39.78,SURPLUS,3.64,2.94,3.09,2.25
2024-11-28 16:00,11,16,3,weekday,283.6,28.76,35.5,23.7,1.9,13.56,0,13.56,15.19,SURPLUS,6.94,4.6,5.9,2.25
2024-11-28 17:00,11,17,3,weekday,174.8,17.73,39.4,24.1,2.0,18.5,0,18.5,-0.77,BALANCED,6.81,4.53,5.79,2.25
2024-11-28 18:00,11,18,3,weekday,36.5,3.7,50.6,21.0,2.2,21.69,16.59,38.27,-34.57,DEFICIT,6.72,4.48,5.71,2.25
2024-11-28 19:00,11,19,3,weekday,0,0,39.6,18.1,1.8,22.75,20.37,43.12,-43.12,DEFICIT,6.86,4.55,5.83,2.25
2024-11-28 20:00,11,20,3,weekday,0,0,51.4,21.2,2.1,22.54,18.98,41.52,-41.52,DEFICIT,6.8,4.53,5.78,2.25
2024-11-28 21:00,11,21,3,weekday,0,0,40.5,20.8,3.1,17.16,20.59,37.75,-37.75,DEFICIT,6.81,4.53,5.79,2.25
2024-11-28 22:00,11,22,3,weekday,0,0,52.3,20.0,1.5,13.39,12.2,25.59,-25.59,DEFICIT,4.79,3.52,4.07,2.25
2024-11-28 23:00,11,23,3,weekday,0,0,48.0,18.4,3.2,9.86,0,9.86,-9.86,DEFICIT,3.97,3.11,3.38,2.25
2024-11-29 00:00,11,0,4,weekday,0,0,39.8,18.0,2.9,6.15,3.7,9.85,-9.85,DEFICIT,4.48,3.37,3.81,2.25
2024-11-29 01:00,11,1,4,weekday,0,0,28.0,18.0,2.4,6.07,0.0,6.07,-6.07,DEFICIT,4.71,3.48,4.01,2.25
2024-11-29 02:00,11,2,4,weekday,0,0,55.9,16.9,2.8,5,3.49,8.49,-8.49,DEFICIT,4.67,3.46,3.97,2.25
2024-11-29 03:00,11,3,4,weekday,0,0,42.9,17.7,3.4,5,5.52,10.52,-10.52,DEFICIT,4.76,3.5,4.04,2.25
2024-11-29 04:00,11,4,4,weekday,0,0,42.5,15.7,1.8,5,3.55,8.55,-8.55,DEFICIT,4.72,3.48,4.01,2.25
2024-11-29 05:00,11,5,4,weekday,0,0,35.0,17.4,2.2,6.06,5.06,11.12,-11.12,DEFICIT,4.86,3.55,4.13,2.25
2024-11-29 06:00,11,6,4,weekday,31.3,3.17,46.7,19.2,3.7,12.88,0,12.88,-9.71,DEFICIT,5.06,3.65,4.3,2.25
2024-11-29 07:00,11,7,4,weekday,90.8,9.2,36.6,19.0,1.7,19.24,8.46,27.69,-18.49,DEFICIT,5.63,3.94,4.79,2.25
2024-11-29 08:00,11,8,4,weekday,225.2,22.84,32.4,19.2,2.8,18.83,5.29,24.12,-1.29,BALANCED,5.67,3.96,4.82,2.25
2024-11-29 09:00,11,9,4,weekday,365.8,37.09,32.6,21.1,2.3,8.9,0.0,8.9,28.2,SURPLUS,6.01,4.13,5.11,2.25
2024-11-29 10:00,11,10,4,weekday,496.4,50.34,25.7,24.2,2.6,10.45,0,10.45,39.89,SURPLUS,3.86,3.06,3.28,2.25
2024-11-29 11:00,11,11,4,weekday,572.5,58.05,32.5,23.9,4.3,10.05,0,10.05,48.01,SURPLUS,4.22,3.24,3.59,2.25
2024-11-29 12:00,11,12,4,weekday,619.2,62.79,24.7,24.7,2.0,10.63,0,10.63,52.16,SURPLUS,3.75,3.0,3.19,2.25
2024-11-29 13:00,11,13,4,weekday,634.4,64.02,27.8,26.2,4.8,10.04,0,10.04,53.97,SURPLUS,3.97,3.11,3.38,2.25
2024-11-29 14:00,11,14,4,weekday,463.8,46.67,36.5,26.9,3.4,9.62,0,9.62,37.05,SURPLUS,3.63,2.94,3.09,2.25
2024-11-29 15:00,11,15,4,weekday,362.3,36.4,43.0,27.3,4.0,11.54,0,11.54,24.86,SURPLUS,3.06,2.66,2.6,2.25
2024-11-29 16:00,11,16,4,weekday,262.1,26.37,42.6,27.0,2.7,12.17,0,12.17,14.2,SURPLUS,6.96,4.61,5.92,2.25
2024-11-29 17:00,11,17,4,weekday,132.7,13.45,31.2,21.9,2.3,19.07,0,19.07,-5.61,DEFICIT,6.66,4.45,5.66,2.25
2024-11-29 18:00,11,18,4,weekday,30.5,3.1,31.4,20.6,3.2,20.44,18.9,39.33,-36.23,DEFICIT,6.68,4.47,5.68,2.25
2024-11-29 19:00,11,19,4,weekday,0,0,34.2,19.6,3.8,30.25,12.86,43.11,-43.11,DEFICIT,6.25,4.25,5.31,2.25
2024-11-29 20:00,11,20,4,weekday,0,0,42.1,21.1,3.0,22.88,14.94,37.82,-37.82,DEFICIT,7.37,4.81,6.26,2.25
2024-11-29 21:00,11,21,4,weekday,0,0,33.0,19.6,2.4,20.65,9.07,29.73,-29.73,DEFICIT,6.35,4.3,5.4,2.25
2024-11-29 22:00,11,22,4,weekday,0,0,40.8,20.1,2.5,12.19,13.46,25.65,-25.65,DEFICIT,4.83,3.54,4.11,2.25
2024-11-29 23:00,11,23,4,weekday,0,0,41.5,19.9,2.6,8.64,0,8.64,-8.64,DEFICIT,4.19,3.22,3.56,2.25
2024-11-30 00:00,11,0,5,weekend,0,0,50.8,19.8,2.1,8.01,3.01,11.01,-11.01,DEFICIT,4.37,3.31,3.71,2.25
2024-11-30 01:00,11,1,5,weekend,0,0,40.1,16.8,2.8,5.33,0.0,5.33,-5.33,DEFICIT,4.6,3.42,3.91,2.25
2024-11-30 02:00,11,2,5,weekend,0,0,43.9,16.9,3.3,6.15,5.04,11.19,-11.19,DEFICIT,4.52,3.38,3.84,2.25
2024-11-30 03:00,11,3,5,weekend,0,0,60.7,16.6,3.2,5.07,4.2,9.27,-9.27,DEFICIT,4.76,3.51,4.05,2.25
2024-11-30 04:00,11,4,5,weekend,0,0,41.6,16.5,1.2,5,0.0,5.0,-5.0,BALANCED,4.61,3.43,3.92,2.25
2024-11-30 05:00,11,5,5,weekend,0,0,60.8,15.0,2.3,6.92,3.49,10.42,-10.42,DEFICIT,4.41,3.33,3.75,2.25
2024-11-30 06:00,11,6,5,weekend,34.6,3.51,36.2,17.6,4.4,16.1,0,16.1,-12.59,DEFICIT,5.72,3.98,4.86,2.25
2024-11-30 07:00,11,7,5,weekend,119.7,12.14,44.2,20.0,2.6,26.16,0.0,26.16,-14.02,DEFICIT,5.96,4.11,5.07,2.25
2024-11-30 08:00,11,8,5,weekend,260.2,26.38,44.4,18.6,2.8,19.35,4.37,23.72,2.67,BALANCED,5.7,3.98,4.85,2.25
2024-11-30 09:00,11,9,5,weekend,494.7,50.16,47.7,22.6,2.6,15.41,7.49,22.9,27.26,SURPLUS,5.74,4.0,4.88,2.25
2024-11-30 10:00,11,10,5,weekend,571.0,57.9,40.4,23.9,2.0,10.21,0,10.21,47.69,SURPLUS,3.73,2.99,3.17,2.25
2024-11-30 11:00,11,11,5,weekend,536.1,54.37,43.9,20.5,2.5,10.45,0,10.45,43.91,SURPLUS,3.52,2.88,2.99,2.25
2024-11-30 12:00,11,12,5,weekend,732.9,74.26,54.7,25.2,2.9,13.26,0,13.26,60.99,SURPLUS,3.92,3.09,3.33,2.25
2024-11-30 13:00,11,13,5,weekend,612.1,61.57,39.7,27.0,2.9,11.14,0,11.14,50.43,SURPLUS,3.92,3.09,3.33,2.25
2024-11-30 14:00,11,14,5,weekend,529.2,53.66,39.9,24.0,1.4,11.34,0,11.34,42.32,SURPLUS,3.53,2.89,3.0,2.25
2024-11-30 15:00,11,15,5,weekend,454.8,45.98,37.5,25.8,2.2,12.06,0,12.06,33.92,SURPLUS,3.84,3.05,3.27,2.25
2024-11-30 16:00,11,16,5,weekend,335.8,34.03,52.2,25.1,4.2,14.77,0,14.77,19.26,SURPLUS,6.66,4.45,5.66,2.25
2024-11-30 17:00,11,17,5,weekend,153.3,15.55,38.4,23.8,0.7,17.42,0,17.42,-1.88,BALANCED,6.74,4.5,5.73,2.25
2024-11-30 18:00,11,18,5,weekend,27.3,2.76,34.9,20.8,3.5,23.03,21.83,44.86,-42.1,DEFICIT,7.19,4.72,6.11,2.25
2024-11-30 19:00,11,19,5,weekend,0,0,47.8,19.3,0.9,27.59,0.0,27.59,-27.59,DEFICIT,6.73,4.49,5.72,2.25
2024-11-30 20:00,11,20,5,weekend,0,0,51.4,18.8,1.8,27.04,0.0,27.04,-27.04,DEFICIT,7.3,4.78,6.21,2.25
2024-11-30 21:00,11,21,5,weekend,0,0,48.0,19.2,2.3,22.63,15.16,37.79,-37.79,DEFICIT,6.57,4.41,5.58,2.25
2024-11-30 22:00,11,22,5,weekend,0,0,51.1,18.4,1.5,17.14,13.15,30.29,-30.29,DEFICIT,4.38,3.31,3.72,2.25
2024-11-30 23:00,11,23,5,weekend,0,0,62.3,16.8,3.7,11.8,0,11.8,-11.8,DEFICIT,4.84,3.55,4.12,2.25
2024-12-01 00:00,12,0,6,weekend,0,0,47.4,18.4,1.3,8.2,0.0,8.2,-8.2,DEFICIT,4.46,3.36,3.79,2.25
2024-12-01 01:00,12,1,6,weekend,0,0,24.3,13.9,1.3,5.69,0.0,5.69,-5.69,DEFICIT,4.12,3.19,3.51,2.25
2024-12-01 02:00,12,2,6,weekend,0,0,35.1,16.3,2.1,5.35,0.0,5.35,-5.35,DEFICIT,3.84,3.05,3.27,2.25
2024-12-01 03:00,12,3,6,weekend,0,0,49.4,17.0,3.1,5,0.0,5.0,-5.0,BALANCED,4.18,3.21,3.55,2.25
2024-12-01 04:00,12,4,6,weekend,0,0,35.7,14.3,2.7,5,0.0,5.0,-5.0,BALANCED,4.64,3.45,3.95,2.25
2024-12-01 05:00,12,5,6,weekend,0,0,34.3,16.6,2.6,6.28,3.22,9.5,-9.5,DEFICIT,4.27,3.26,3.63,2.25
2024-12-01 06:00,12,6,6,weekend,35.2,3.57,33.4,19.1,1.8,20.45,0,20.45,-16.88,DEFICIT,6.23,4.24,5.3,2.25
2024-12-01 07:00,12,7,6,weekend,119.5,12.12,31.0,18.2,4.8,21.87,0.0,21.87,-9.75,DEFICIT,6.08,4.17,5.17,2.25
2024-12-01 08:00,12,8,6,weekend,322.3,32.68,26.6,18.0,1.9,16.9,0.0,16.9,15.78,SURPLUS,5.68,3.97,4.83,2.25
2024-12-01 09:00,12,9,6,weekend,399.5,40.51,29.3,19.5,2.5,11.51,0.0,11.51,29.0,SURPLUS,6.13,4.19,5.21,2.25
2024-12-01 10:00,12,10,6,weekend,459.1,46.55,19.7,22.7,2.9,10.19,0,10.19,36.37,SURPLUS,3.77,3.01,3.2,2.25
2024-12-01 11:00,12,11,6,weekend,623.2,63.19,30.1,23.6,1.8,10.82,0,10.82,52.37,SURPLUS,3.31,2.78,2.81,2.25
2024-12-01 12:00,12,12,6,weekend,626.0,63.25,27.6,25.9,4.4,11.26,0,11.26,52.0,SURPLUS,3.45,2.85,2.94,2.25
2024-12-01 13:00,12,13,6,weekend,648.7,65.77,32.0,25.1,2.7,10.21,0,10.21,55.56,SURPLUS,3.65,2.95,3.1,2.25
2024-12-01 14:00,12,14,6,weekend,667.1,67.2,16.8,26.7,2.6,10.5,0,10.5,56.69,SURPLUS,3.84,3.05,3.27,2.25
2024-12-01 15:00,12,15,6,weekend,513.0,52.02,33.5,23.4,2.7,9.43,0,9.43,42.59,SURPLUS,3.72,2.98,3.16,2.25
2024-12-01 16:00,12,16,6,weekend,284.2,28.82,27.4,22.3,3.3,14.3,0,14.3,14.52,SURPLUS,7.07,4.66,6.01,2.25
2024-12-01 17:00,12,17,6,weekend,114.5,11.61,27.8,20.7,1.9,14.69,0,14.69,-3.07,BALANCED,6.58,4.42,5.6,2.25
2024-12-01 18:00,12,18,6,weekend,35.1,3.56,28.6,21.6,3.8,23.11,14.3,37.41,-33.85,DEFICIT,6.78,4.51,5.76,2.25
2024-12-01 19:00,12,19,6,weekend,0,0,37.4,18.9,2.3,32.93,0.0,32.93,-32.93,DEFICIT,6.64,4.44,5.64,2.25
2024-12-01 20:00,12,20,6,weekend,0,0,34.5,20.7,2.6,25.6,7.37,32.96,-32.96,DEFICIT,6.64,4.44,5.64,2.25
2024-12-01 21:00,12,21,6,weekend,0,0,30.7,19.3,2.2,22.52,16.23,38.75,-38.75,DEFICIT,6.47,4.36,5.5,2.25
2024-12-01 22:00,12,22,6,weekend,0,0,36.3,17.8,1.8,14.52,5.95,20.47,-20.47,DEFICIT,4.27,3.26,3.63,2.25
2024-12-01 23:00,12,23,6,weekend,0,0,45.5,17.3,2.0,11.56,0,11.56,-11.56,DEFICIT,4.64,3.44,3.94,2.25
2024-12-02 00:00,12,0,0,weekday,0,0,35.2,19.7,1.4,7.47,5.25,12.73,-12.73,DEFICIT,5.17,3.71,4.39,2.25
2024-12-02 01:00,12,1,0,weekday,0,0,36.0,19.6,3.5,6.23,0.0,6.23,-6.23,DEFICIT,4.3,3.28,3.66,2.25
2024-12-02 02:00,12,2,0,weekday,0,0,34.5,18.8,2.9,5,3.09,8.09,-8.09,DEFICIT,4.62,3.44,3.93,2.25
2024-12-02 03:00,12,3,0,weekday,0,0,37.8,17.9,2.8,5,5.02,10.02,-10.02,DEFICIT,4.86,3.56,4.13,2.25
2024-12-02 04:00,12,4,0,weekday,0,0,41.4,15.0,3.1,5,0.0,5.0,-5.0,BALANCED,4.66,3.46,3.96,2.25
2024-12-02 05:00,12,5,0,weekday,0,0,40.1,14.1,3.1,5.41,3.38,8.8,-8.8,DEFICIT,4.39,3.32,3.73,2.25
2024-12-02 06:00,12,6,0,weekday,28.9,2.93,31.9,17.8,3.3,14.5,0,14.5,-11.57,DEFICIT,5.87,4.06,4.99,2.25
2024-12-02 07:00,12,7,0,weekday,117.4,11.9,26.1,18.6,3.6,18.77,0.0,18.77,-6.87,DEFICIT,5.72,3.98,4.86,2.25
2024-12-02 08:00,12,8,0,weekday,254.5,25.8,33.1,19.4,3.5,13.21,10.13,23.34,2.46,BALANCED,6.24,4.25,5.3,2.25
2024-12-02 09:00,12,9,0,weekday,340.5,34.53,28.6,17.4,2.0,12.93,0.0,12.93,21.6,SURPLUS,5.74,4.0,4.88,2.25
2024-12-02 10:00,12,10,0,weekday,557.2,56.5,32.3,22.4,2.2,10.68,0,10.68,45.82,SURPLUS,3.77,3.01,3.21,2.25
2024-12-02 11:00,12,11,0,weekday,526.7,53.23,37.5,25.8,3.2,9.46,0,9.46,43.76,SURPLUS,3.98,3.11,3.38,2.25
2024-12-02 12:00,12,12,0,weekday,566.4,57.43,32.6,21.9,4.5,9.45,0,9.45,47.98,SURPLUS,3.28,2.77,2.79,2.25
2024-12-02 13:00,12,13,0,weekday,582.8,59.1,34.3,24.8,3.2,10.81,0,10.81,48.29,SURPLUS,3.79,3.02,3.22,2.25
2024-12-02 14:00,12,14,0,weekday,445.3,45.08,36.2,25.4,2.8,8.65,0,8.65,36.43,SURPLUS,3.46,2.85,2.94,2.25
2024-12-02 15:00,12,15,0,weekday,366.6,37.18,27.8,25.0,3.5,11.86,0,11.86,25.32,SURPLUS,3.97,3.11,3.37,2.25
2024-12-02 16:00,12,16,0,weekday,293.0,29.71,24.4,24.8,3.7,12.91,0,12.91,16.79,SURPLUS,6.84,4.55,5.82,2.25
2024-12-02 17:00,12,17,0,weekday,140.7,14.27,36.8,23.8,3.9,17.57,0,17.57,-3.3,BALANCED,6.87,4.56,5.84,2.25
2024-12-02 18:00,12,18,0,weekday,29.5,3.0,33.8,23.4,3.5,19.56,6.42,25.98,-22.98,DEFICIT,7.39,4.82,6.28,2.25
2024-12-02 19:00,12,19,0,weekday,0,0,33.0,20.6,3.4,25.92,13.42,39.34,-39.34,DEFICIT,7.05,4.65,6.0,2.25
2024-12-02 20:00,12,20,0,weekday,0,0,23.4,19.2,3.6,26.79,10.12,36.91,-36.91,DEFICIT,7.0,4.63,5.95,2.25
2024-12-02 21:00,12,21,0,weekday,0,0,27.4,17.2,2.8,17.42,6.58,23.99,-23.99,DEFICIT,6.92,4.58,5.88,2.25
2024-12-02 22:00,12,22,0,weekday,0,0,40.0,18.8,4.3,13.72,0.0,13.72,-13.72,DEFICIT,4.76,3.5,4.04,2.25
2024-12-02 23:00,12,23,0,weekday,0,0,30.5,16.2,2.5,10.42,0,10.42,-10.42,DEFICIT,4.8,3.52,4.08,2.25
2024-12-03 00:00,12,0,1,weekday,0,0,55.3,17.6,2.6,6.98,0.0,6.98,-6.98,DEFICIT,4.62,3.44,3.93,2.25
2024-12-03 01:00,12,1,1,weekday,0,0,32.9,15.5,1.0,5,4.81,9.81,-9.81,DEFICIT,4.31,3.28,3.67,2.25
2024-12-03 02:00,12,2,1,weekday,0,0,40.2,17.0,3.1,5.5,0.0,5.5,-5.5,DEFICIT,4.47,3.36,3.8,2.25
2024-12-03 03:00,12,3,1,weekday,0,0,49.8,14.0,2.1,5,5.14,10.14,-10.14,DEFICIT,4.66,3.46,3.96,2.25
2024-12-03 04:00,12,4,1,weekday,0,0,46.5,16.3,3.5,5,4.74,9.74,-9.74,DEFICIT,4.52,3.39,3.84,2.25
2024-12-03 05:00,12,5,1,weekday,0,0,35.6,18.4,1.5,5,4.18,9.18,-9.18,DEFICIT,5.04,3.65,4.29,2.25
2024-12-03 06:00,12,6,1,weekday,39.9,4.05,31.9,19.6,2.3,15.12,0,15.12,-11.08,DEFICIT,5.91,4.08,5.02,2.25
2024-12-03 07:00,12,7,1,weekday,144.8,14.69,34.1,19.3,1.6,21.27,0.0,21.27,-6.58,DEFICIT,5.75,4.0,4.89,2.25
2024-12-03 08:00,12,8,1,weekday,322.1,32.66,30.4,18.7,2.6,16.42,19.25,35.67,-3.01,BALANCED,5.93,4.09,5.04,2.25
2024-12-03 09:00,12,9,1,weekday,374.7,38.0,26.3,20.5,2.8,10.9,0.0,10.9,27.1,SURPLUS,6.0,4.12,5.1,2.25
2024-12-03 10:00,12,10,1,weekday,545.8,55.34,50.6,22.8,2.5,8.41,0,8.41,46.93,SURPLUS,3.93,3.09,3.34,2.25
2024-12-03 11:00,12,11,1,weekday,738.2,74.85,48.8,24.2,3.4,8.06,0,8.06,66.79,SURPLUS,3.97,3.11,3.38,2.25
2024-12-03 12:00,12,12,1,weekday,711.2,71.21,49.0,28.1,5.0,13.01,0,13.01,58.2,SURPLUS,3.93,3.09,3.34,2.25
2024-12-03 13:00,12,13,1,weekday,664.1,67.02,17.5,26.2,5.1,13.43,0,13.43,53.59,SURPLUS,4.14,3.2,3.52,2.25
2024-12-03 14:00,12,14,1,weekday,573.6,57.82,36.7,26.5,2.1,8.91,0,8.91,48.91,SURPLUS,3.65,2.95,3.1,2.25
2024-12-03 15:00,12,15,1,weekday,413.8,41.77,38.4,26.1,3.4,10.28,0,10.28,31.49,SURPLUS,4.01,3.13,3.41,2.25
2024-12-03 16:00,12,16,1,weekday,362.2,36.73,34.2,24.2,2.5,10.66,0,10.66,26.06,SURPLUS,6.5,4.38,5.53,2.25
2024-12-03 17:00,12,17,1,weekday,178.9,18.14,34.4,25.0,2.6,16.98,0,16.98,1.16,BALANCED,6.82,4.53,5.79,2.25
2024-12-03 18:00,12,18,1,weekday,38.8,3.93,31.0,19.6,2.5,21.52,14.42,35.94,-32.01,DEFICIT,7.0,4.62,5.95,2.25
2024-12-03 19:00,12,19,1,weekday,0,0,45.3,21.5,3.4,25.81,10.67,36.48,-36.48,DEFICIT,6.79,4.52,5.77,2.25
2024-12-03 20:00,12,20,1,weekday,0,0,23.2,18.9,1.4,24.36,8.17,32.53,-32.53,DEFICIT,6.5,4.38,5.53,2.25
2024-12-03 21:00,12,21,1,weekday,0,0,46.1,17.8,1.5,19.68,5.53,25.22,-25.22,DEFICIT,7.22,4.74,6.14,2.25
2024-12-03 22:00,12,22,1,weekday,0,0,41.4,18.3,3.4,13.23,11.06,24.29,-24.29,DEFICIT,4.5,3.37,3.82,2.25
2024-12-03 23:00,12,23,1,weekday,0,0,36.3,19.6,1.3,9.49,0,9.49,-9.49,DEFICIT,4.75,3.5,4.03,2.25
2024-12-04 00:00,12,0,2,weekday,0,0,46.2,18.9,3.7,5.97,0.0,5.97,-5.97,DEFICIT,4.36,3.31,3.71,2.25
2024-12-04 01:00,12,1,2,weekday,0,0,32.3,16.0,2.8,6.16,0.0,6.16,-6.16,DEFICIT,4.44,3.35,3.78,2.25
2024-12-04 02:00,12,2,2,weekday,0,0,34.0,20.1,2.7,5,0.0,5.0,-5.0,BALANCED,4.49,3.37,3.81,2.25
2024-12-04 03:00,12,3,2,weekday,0,0,27.6,16.5,2.9,5,2.14,7.14,-7.14,DEFICIT,4.05,3.15,3.44,2.25
2024-12-04 04:00,12,4,2,weekday,0,0,19.1,19.4,2.9,5,0.0,5.0,-5.0,BALANCED,5.01,3.63,4.26,2.25
2024-12-04 05:00,12,5,2,weekday,0,0,45.3,15.4,2.2,6.6,2.85,9.45,-9.45,DEFICIT,5.12,3.69,4.35,2.25
2024-12-04 06:00,12,6,2,weekday,29.1,2.95,23.2,16.1,2.2,15.95,0,15.95,-13.0,DEFICIT,5.85,4.05,4.97,2.25
2024-12-04 07:00,12,7,2,weekday,109.3,11.08,34.4,18.8,1.9,18.21,7.83,26.04,-14.96,DEFICIT,6.21,4.23,5.28,2.25
2024-12-04 08:00,12,8,2,weekday,232.2,23.54,26.5,19.0,1.0,15.8,0.0,15.8,7.74,SURPLUS,5.94,4.1,5.05,2.25
2024-12-04 09:00,12,9,2,weekday,315.6,32.01,27.8,22.3,2.1,11.42,4.4,15.81,16.19,SURPLUS,5.61,3.93,4.77,2.25
2024-12-04 10:00,12,10,2,weekday,563.6,57.15,24.9,23.1,3.7,8.62,0,8.62,48.53,SURPLUS,3.86,3.06,3.28,2.25
2024-12-04 11:00,12,11,2,weekday,526.4,53.37,34.9,24.2,3.0,8.93,0,8.93,44.44,SURPLUS,3.83,3.04,3.26,2.25
2024-12-04 12:00,12,12,2,weekday,663.9,67.3,32.0,25.1,2.6,10.24,0,10.24,57.07,SURPLUS,4.05,3.15,3.44,2.25
2024-12-04 13:00,12,13,2,weekday,565.9,57.36,28.2,25.1,2.5,10.84,0,10.84,46.52,SURPLUS,3.72,2.98,3.16,2.25
2024-12-04 14:00,12,14,2,weekday,544.1,55.17,43.6,23.4,3.9,10.69,0,10.69,44.48,SURPLUS,3.8,3.03,3.23,2.25
2024-12-04 15:00,12,15,2,weekday,420.7,42.43,34.4,26.3,2.9,11.45,0,11.45,30.98,SURPLUS,4.06,3.16,3.45,2.25
2024-12-04 16:00,12,16,2,weekday,288.7,29.28,26.8,23.9,3.2,13.53,0,13.53,15.74,SURPLUS,6.72,4.48,5.71,2.25
2024-12-04 17:00,12,17,2,weekday,127.4,12.92,31.0,20.6,2.5,18.22,0,18.22,-5.3,DEFICIT,6.6,4.43,5.61,2.25
2024-12-04 18:00,12,18,2,weekday,30.7,3.12,54.5,20.8,0.7,21.65,0.0,21.65,-18.54,DEFICIT,6.88,4.56,5.85,2.25
2024-12-04 19:00,12,19,2,weekday,0,0,33.5,20.0,1.8,30.05,12.04,42.09,-42.09,DEFICIT,6.48,4.36,5.51,2.25
2024-12-04 20:00,12,20,2,weekday,0,0,39.1,19.9,3.1,27.76,11.65,39.41,-39.41,DEFICIT,6.97,4.61,5.93,2.25
2024-12-04 21:00,12,21,2,weekday,0,0,24.5,18.2,3.8,18.34,0.0,18.34,-18.34,DEFICIT,6.62,4.43,5.63,2.25
2024-12-04 22:00,12,22,2,weekday,0,0,43.8,21.0,1.3,16.38,0.0,16.38,-16.38,DEFICIT,4.81,3.53,4.09,2.25
2024-12-04 23:00,12,23,2,weekday,0,0,32.9,18.8,3.0,9.41,0,9.41,-9.41,DEFICIT,4.07,3.16,3.46,2.25
2024-12-05 00:00,12,0,3,weekday,0,0,42.8,17.6,1.9,7.34,0.0,7.34,-7.34,DEFICIT,4.82,3.54,4.1,2.25
2024-12-05 01:00,12,1,3,weekday,0,0,38.4,17.2,2.7,5,3.07,8.07,-8.07,DEFICIT,4.37,3.31,3.71,2.25
2024-12-05 02:00,12,2,3,weekday,0,0,24.9,15.7,3.4,5,0.0,5.0,-5.0,BALANCED,4.25,3.25,3.62,2.25
2024-12-05 03:00,12,3,3,weekday,0,0,39.3,17.8,2.8,5,0.0,5.0,-5.0,BALANCED,4.61,3.43,3.92,2.25
2024-12-05 04:00,12,4,3,weekday,0,0,38.5,15.2,2.0,5,2.95,7.95,-7.95,DEFICIT,4.59,3.42,3.9,2.25
2024-12-05 05:00,12,5,3,weekday,0,0,38.4,14.0,4.8,5.94,0.0,5.94,-5.94,DEFICIT,4.48,3.36,3.8,2.25
2024-12-05 06:00,12,6,3,weekday,41.9,4.25,22.8,19.8,2.2,15.29,0,15.29,-11.04,DEFICIT,5.97,4.11,5.08,2.25
2024-12-05 07:00,12,7,3,weekday,135.4,13.73,40.3,17.9,3.3,20.11,8.56,28.67,-14.94,DEFICIT,5.56,3.9,4.73,2.25
2024-12-05 08:00,12,8,3,weekday,266.6,27.03,35.3,18.9,3.1,17.39,0.0,17.39,9.64,SURPLUS,6.08,4.17,5.17,2.25
2024-12-05 09:00,12,9,3,weekday,483.8,49.05,26.9,19.4,2.8,9.28,0.0,9.28,39.77,SURPLUS,6.23,4.24,5.3,2.25
2024-12-05 10:00,12,10,3,weekday,551.5,55.92,28.8,22.2,3.0,8.2,0,8.2,47.72,SURPLUS,3.87,3.06,3.29,2.25
2024-12-05 11:00,12,11,3,weekday,714.3,72.43,19.2,23.0,2.9,8.98,0,8.98,63.45,SURPLUS,4.01,3.13,3.41,2.25
2024-12-05 12:00,12,12,3,weekday,769.4,77.61,46.5,26.3,3.8,11.57,0,11.57,66.04,SURPLUS,4.22,3.24,3.59,2.25
2024-12-05 13:00,12,13,3,weekday,585.2,59.34,31.2,22.5,4.8,8.72,0,8.72,50.62,SURPLUS,3.79,3.02,3.22,2.25
2024-12-05 14:00,12,14,3,weekday,587.4,59.36,37.7,25.8,3.9,9.91,0,9.91,49.46,SURPLUS,3.9,3.08,3.32,2.25
2024-12-05 15:00,12,15,3,weekday,545.9,54.91,43.8,27.0,1.5,10.66,0,10.66,44.25,SURPLUS,3.54,2.89,3.01,2.25
2024-12-05 16:00,12,16,3,weekday,339.7,34.44,37.8,24.1,3.0,13.46,0,13.46,20.99,SURPLUS,7.02,4.64,5.97,2.25
2024-12-05 17:00,12,17,3,weekday,182.2,18.47,49.0,21.5,3.5,15.83,0,15.83,2.64,BALANCED,6.89,4.57,5.86,2.25
2024-12-05 18:00,12,18,3,weekday,33.0,3.35,31.3,23.6,2.5,21.65,12.65,34.31,-30.96,DEFICIT,6.89,4.57,5.85,2.25
2024-12-05 19:00,12,19,3,weekday,0,0,23.7,19.7,3.5,26.89,0.0,26.89,-26.89,DEFICIT,6.59,4.42,5.6,2.25
2024-12-05 20:00,12,20,3,weekday,0,0,27.9,16.6,3.2,27.53,0.0,27.53,-27.53,DEFICIT,6.6,4.42,5.61,2.25
2024-12-05 21:00,12,21,3,weekday,0,0,27.2,19.3,1.5,19.01,0.0,19.01,-19.01,DEFICIT,6.99,4.62,5.94,2.25
2024-12-05 22:00,12,22,3,weekday,0,0,43.2,15.6,3.2,14.23,18.07,32.3,-32.3,DEFICIT,4.73,3.49,4.02,2.25
2024-12-05 23:00,12,23,3,weekday,0,0,31.7,16.8,2.9,8.38,0,8.38,-8.38,DEFICIT,3.89,3.07,3.31,2.25
2024-12-06 00:00,12,0,4,weekday,0,0,29.7,19.5,1.6,6.85,3.93,10.78,-10.78,DEFICIT,4.75,3.5,4.03,2.25
2024-12-06 01:00,12,1,4,weekday,0,0,24.9,17.2,2.0,5,3.7,8.7,-8.7,DEFICIT,4.19,3.22,3.56,2.25
2024-12-06 02:00,12,2,4,weekday,0,0,28.4,14.1,3.1,5,0.0,5.0,-5.0,BALANCED,4.09,3.17,3.47,2.25
2024-12-06 03:00,12,3,4,weekday,0,0,27.9,15.5,2.3,5,0.0,5.0,-5.0,BALANCED,3.95,3.1,3.36,2.25
2024-12-06 04:00,12,4,4,weekday,0,0,16.4,14.6,2.2,5,4.66,9.66,-9.66,DEFICIT,4.35,3.3,3.7,2.25
2024-12-06 05:00,12,5,4,weekday,0,0,26.4,13.4,2.7,5.89,0.0,5.89,-5.89,DEFICIT,4.65,3.45,3.96,2.25
2024-12-06 06:00,12,6,4,weekday,25.5,2.59,24.1,19.8,1.9,15.18,0,15.18,-12.6,DEFICIT,5.78,4.02,4.91,2.25
2024-12-06 07:00,12,7,4,weekday,98.2,9.96,35.5,18.3,3.2,19.72,0.0,19.72,-9.76,DEFICIT,5.15,3.7,4.38,2.25
2024-12-06 08:00,12,8,4,weekday,194.2,19.69,12.0,20.8,4.9,16.24,15.8,32.04,-12.35,DEFICIT,6.14,4.2,5.22,2.25
2024-12-06 09:00,12,9,4,weekday,281.3,28.52,14.9,20.5,1.3,10.71,8.5,19.22,9.3,SURPLUS,5.51,3.88,4.68,2.25
2024-12-06 10:00,12,10,4,weekday,378.4,38.37,15.1,22.3,2.5,11.36,0,11.36,27.01,SURPLUS,3.78,3.01,3.21,2.25
2024-12-06 11:00,12,11,4,weekday,449.0,45.49,16.6,25.2,3.7,11.01,0,11.01,34.48,SURPLUS,3.91,3.08,3.32,2.25
2024-12-06 12:00,12,12,4,weekday,519.0,52.51,15.9,25.6,4.1,10.55,0,10.55,41.96,SURPLUS,4.19,3.22,3.56,2.25
2024-12-06 13:00,12,13,4,weekday,496.2,50.32,29.7,24.2,2.6,10.55,0,10.55,39.76,SURPLUS,3.14,2.69,2.67,2.25
2024-12-06 14:00,12,14,4,weekday,450.3,45.45,16.9,26.2,3.5,11.08,0,11.08,34.36,SURPLUS,3.95,3.1,3.36,2.25
2024-12-06 15:00,12,15,4,weekday,358.5,36.04,43.9,27.2,2.6,9.1,0,9.1,26.93,SURPLUS,4.19,3.22,3.56,2.25
2024-12-06 16:00,12,16,4,weekday,223.7,22.59,32.5,26.1,3.4,11.77,0,11.77,10.81,SURPLUS,6.61,4.43,5.62,2.25
2024-12-06 17:00,12,17,4,weekday,111.3,11.29,20.0,21.7,3.3,15.9,0,15.9,-4.62,BALANCED,6.26,4.26,5.32,2.25
2024-12-06 18:00,12,18,4,weekday,25.7,2.61,14.9,18.3,3.7,21.79,11.28,33.07,-30.46,DEFICIT,6.9,4.58,5.87,2.25
2024-12-06 19:00,12,19,4,weekday,0,0,23.0,19.5,2.6,24.77,18.57,43.34,-43.34,DEFICIT,6.58,4.42,5.59,2.25
2024-12-06 20:00,12,20,4,weekday,0,0,15.4,20.4,1.5,26.17,20.92,47.09,-47.09,DEFICIT,7.11,4.68,6.05,2.25
2024-12-06 21:00,12,21,4,weekday,0,0,36.9,20.5,2.1,18.32,10.34,28.66,-28.66,DEFICIT,6.85,4.55,5.82,2.25
2024-12-06 22:00,12,22,4,weekday,0,0,38.1,21.4,2.9,13.52,17.26,30.78,-30.78,DEFICIT,4.21,3.23,3.58,2.25
2024-12-06 23:00,12,23,4,weekday,0,0,24.1,18.5,2.4,9.51,0,9.51,-9.51,DEFICIT,4.56,3.4,3.87,2.25
2024-12-07 00:00,12,0,5,weekend,0,0,31.6,16.6,3.2,7.82,0.0,7.82,-7.82,DEFICIT,4.68,3.46,3.98,2.25
2024-12-07 01:00,12,1,5,weekend,0,0,45.8,17.4,2.4,6.52,5.5,12.02,-12.02,DEFICIT,4.33,3.29,3.68,2.25
2024-12-07 02:00,12,2,5,weekend,0,0,41.5,15.4,2.3,5.49,0.0,5.49,-5.49,DEFICIT,3.87,3.06,3.29,2.25
2024-12-07 03:00,12,3,5,weekend,0,0,44.0,18.4,3.2,5,0.0,5.0,-5.0,BALANCED,4.22,3.24,3.59,2.25
2024-12-07 04:00,12,4,5,weekend,0,0,43.7,15.4,3.1,5,3.22,8.22,-8.22,DEFICIT,4.37,3.31,3.72,2.25
2024-12-07 05:00,12,5,5,weekend,0,0,34.0,15.8,1.2,6.74,2.19,8.93,-8.93,DEFICIT,4.0,3.13,3.4,2.25
2024-12-07 06:00,12,6,5,weekend,38.3,3.89,45.3,15.7,1.9,15.69,0,15.69,-11.8,DEFICIT,5.64,3.95,4.8,2.25
2024-12-07 07:00,12,7,5,weekend,139.8,14.18,44.7,21.0,2.4,19.55,0.0,19.55,-5.37,DEFICIT,5.81,4.03,4.94,2.25
2024-12-07 08:00,12,8,5,weekend,325.4,33.0,43.5,21.1,3.0,20.49,10.55,31.03,1.96,BALANCED,5.58,3.92,4.74,2.25
2024-12-07 09:00,12,9,5,weekend,476.2,48.28,42.9,23.8,2.7,12.12,0.0,12.12,36.17,SURPLUS,6.17,4.21,5.24,2.25
2024-12-07 10:00,12,10,5,weekend,728.2,73.84,40.5,22.2,2.5,11.16,0,11.16,62.68,SURPLUS,3.92,3.08,3.33,2.25
2024-12-07 11:00,12,11,5,weekend,796.1,80.73,34.9,23.1,1.5,10.43,0,10.43,70.29,SURPLUS,4.01,3.13,3.41,2.25
2024-12-07 12:00,12,12,5,weekend,800.5,81.17,38.0,22.9,1.9,12.21,0,12.21,68.96,SURPLUS,4.2,3.23,3.57,2.25
2024-12-07 13:00,12,13,5,weekend,818.9,82.41,51.3,26.9,3.4,10.44,0,10.44,71.96,SURPLUS,3.86,3.06,3.28,2.25
2024-12-07 14:00,12,14,5,weekend,645.8,64.83,37.6,27.5,2.7,10.81,0,10.81,54.02,SURPLUS,3.64,2.94,3.09,2.25
2024-12-07 15:00,12,15,5,weekend,487.2,49.41,36.2,24.5,3.3,8.75,0,8.75,40.65,SURPLUS,4.19,3.22,3.56,2.25
2024-12-07 16:00,12,16,5,weekend,378.7,38.4,38.0,23.9,1.2,12.65,0,12.65,25.75,SURPLUS,6.74,4.5,5.73,2.25
2024-12-07 17:00,12,17,5,weekend,160.4,16.27,58.4,24.2,2.8,18.54,0,18.54,-2.27,BALANCED,6.99,4.62,5.94,2.25
2024-12-07 18:00,12,18,5,weekend,40.9,4.15,38.5,22.6,1.6,21.62,19.02,40.64,-36.49,DEFICIT,6.55,4.4,5.57,2.25
2024-12-07 19:00,12,19,5,weekend,0,0,41.4,19.1,3.2,32.14,10.69,42.82,-42.82,DEFICIT,6.26,4.25,5.32,2.25
2024-12-07 20:00,12,20,5,weekend,0,0,27.0,21.1,4.7,29.33,15.01,44.33,-44.33,DEFICIT,6.47,4.36,5.5,2.25
2024-12-07 21:00,12,21,5,weekend,0,0,37.5,20.8,0.8,21.47,0.0,21.47,-21.47,DEFICIT,7.15,4.7,6.07,2.25
2024-12-07 22:00,12,22,5,weekend,0,0,48.6,18.4,4.0,17.27,18.09,35.36,-35.36,DEFICIT,4.29,3.27,3.65,2.25
2024-12-07 23:00,12,23,5,weekend,0,0,48.5,19.0,2.3,10.67,0,10.67,-10.67,DEFICIT,4.38,3.31,3.72,2.25
2024-12-08 00:00,12,0,6,weekend,0,0,32.5,17.2,2.4,9.11,0.0,9.11,-9.11,DEFICIT,4.24,3.25,3.61,2.25
2024-12-08 01:00,12,1,6,weekend,0,0,40.7,18.6,0.7,6.58,5.53,12.11,-12.11,DEFICIT,4.67,3.46,3.97,2.25
2024-12-08 02:00,12,2,6,weekend,0,0,39.2,14.5,2.5,6.03,0.0,6.03,-6.03,DEFICIT,4.58,3.42,3.89,2.25
2024-12-08 03:00,12,3,6,weekend,0,0,32.0,17.5,0.9,5.53,0.0,5.53,-5.53,DEFICIT,4.61,3.43,3.92,2.25
2024-12-08 04:00,12,4,6,weekend,0,0,39.9,16.9,3.0,5.33,2.51,7.84,-7.84,DEFICIT,4.19,3.22,3.56,2.25
2024-12-08 05:00,12,5,6,weekend,0,0,29.9,17.1,3.0,7.09,0.0,7.09,-7.09,DEFICIT,4.84,3.55,4.12,2.25
2024-12-08 06:00,12,6,6,weekend,24.5,2.48,22.1,18.8,1.9,15.26,0,15.26,-12.77,DEFICIT,6.04,4.15,5.13,2.25
2024-12-08 07:00,12,7,6,weekend,112.1,11.37,28.8,19.5,3.1,23.91,7.07,30.98,-19.62,DEFICIT,5.54,3.89,4.71,2.25
2024-12-08 08:00,12,8,6,weekend,194.1,19.68,30.5,22.3,0.5,18.08,9.13,27.22,-7.53,DEFICIT,5.78,4.01,4.91,2.25
2024-12-08 09:00,12,9,6,weekend,344.5,34.93,34.3,22.8,2.7,11.25,0.0,11.25,23.69,SURPLUS,5.99,4.12,5.09,2.25
2024-12-08 10:00,12,10,6,weekend,409.5,41.53,4.0,20.4,1.9,10.58,0,10.58,30.94,SURPLUS,3.46,2.85,2.94,2.25
2024-12-08 11:00,12,11,6,weekend,522.2,52.95,23.5,23.6,2.8,10.63,0,10.63,42.31,SURPLUS,4.12,3.18,3.5,2.25
2024-12-08 12:00,12,12,6,weekend,564.2,57.21,37.1,21.2,2.9,10.86,0,10.86,46.35,SURPLUS,3.51,2.88,2.98,2.25
2024-12-08 13:00,12,13,6,weekend,569.7,57.32,18.7,26.9,4.7,11.45,0,11.45,45.87,SURPLUS,4.18,3.22,3.56,2.25
2024-12-08 14:00,12,14,6,weekend,531.7,53.01,26.6,29.2,1.5,9.39,0,9.39,43.61,SURPLUS,4.28,3.26,3.63,2.25
2024-12-08 15:00,12,15,6,weekend,355.8,35.99,31.0,25.6,4.9,12.22,0,12.22,23.77,SURPLUS,3.81,3.03,3.24,2.25
2024-12-08 16:00,12,16,6,weekend,247.5,25.1,29.8,23.6,2.4,14.83,0,14.83,10.27,SURPLUS,6.71,4.48,5.7,2.25
2024-12-08 17:00,12,17,6,weekend,112.8,11.44,18.7,21.3,2.7,19.23,0,19.23,-7.79,DEFICIT,7.36,4.81,6.26,2.25
2024-12-08 18:00,12,18,6,weekend,29.0,2.94,20.4,20.0,2.2,23.33,0.0,23.33,-20.39,DEFICIT,7.03,4.64,5.97,2.25
2024-12-08 19:00,12,19,6,weekend,0,0,24.9,19.2,1.6,30.79,18.58,49.36,-49.36,DEFICIT,7.22,4.73,6.13,2.25
2024-12-08 20:00,12,20,6,weekend,0,0,46.4,17.3,3.5,28.67,13.87,42.54,-42.54,DEFICIT,6.53,4.39,5.55,2.25
2024-12-08 21:00,12,21,6,weekend,0,0,15.5,19.0,2.5,24.52,0.0,24.52,-24.52,DEFICIT,6.67,4.46,5.67,2.25
2024-12-08 22:00,12,22,6,weekend,0,0,32.1,19.8,2.8,13.73,17.84,31.56,-31.56,DEFICIT,4.8,3.52,4.08,2.25
2024-12-08 23:00,12,23,6,weekend,0,0,28.1,15.6,3.2,11.11,0,11.11,-11.11,DEFICIT,4.5,3.38,3.83,2.25
2024-12-09 00:00,12,0,0,weekday,0,0,45.0,15.8,2.2,6.33,4.48,10.81,-10.81,DEFICIT,4.69,3.47,3.99,2.25
2024-12-09 01:00,12,1,0,weekday,0,0,51.8,20.0,1.5,5.25,0.0,5.25,-5.25,DEFICIT,4.6,3.42,3.91,2.25
2024-12-09 02:00,12,2,0,weekday,0,0,33.0,15.0,2.6,5.38,0.0,5.38,-5.38,DEFICIT,4.4,3.33,3.74,2.25
2024-12-09 03:00,12,3,0,weekday,0,0,38.2,20.1,2.7,5,4.89,9.89,-9.89,DEFICIT,4.4,3.32,3.74,2.25
2024-12-09 04:00,12,4,0,weekday,0,0,41.5,16.1,3.3,5,2.45,7.45,-7.45,DEFICIT,4.67,3.46,3.97,2.25
2024-12-09 05:00,12,5,0,weekday,0,0,17.1,16.8,2.2,5,0.0,5.0,-5.0,BALANCED,4.63,3.44,3.94,2.25
2024-12-09 06:00,12,6,0,weekday,35.8,3.63,44.8,17.2,1.6,14.53,0,14.53,-10.9,DEFICIT,5.9,4.08,5.02,2.25
2024-12-09 07:00,12,7,0,weekday,106.7,10.82,20.3,19.1,2.5,20.91,0.0,20.91,-10.09,DEFICIT,5.86,4.05,4.98,2.25
2024-12-09 08:00,12,8,0,weekday,268.7,27.25,28.9,19.9,2.6,13.38,5.62,19.0,8.25,SURPLUS,5.74,4.0,4.88,2.25
2024-12-09 09:00,12,9,0,weekday,442.7,44.89,31.7,20.3,3.0,11.46,17.35,28.81,16.08,SURPLUS,6.26,4.25,5.32,2.25
2024-12-09 10:00,12,10,0,weekday,541.8,54.93,38.7,21.3,3.3,8.65,0,8.65,46.29,SURPLUS,3.81,3.03,3.24,2.25
2024-12-09 11:00,12,11,0,weekday,687.9,69.76,18.4,22.4,2.5,9.41,0,9.41,60.35,SURPLUS,3.49,2.87,2.97,2.25
2024-12-09 12:00,12,12,0,weekday,632.0,63.61,27.8,26.9,2.0,9.33,0,9.33,54.28,SURPLUS,3.99,3.12,3.4,2.25
2024-12-09 13:00,12,13,0,weekday,652.9,66.2,32.5,24.7,4.4,10.56,0,10.56,55.64,SURPLUS,4.29,3.27,3.65,2.25
2024-12-09 14:00,12,14,0,weekday,532.8,53.6,32.7,27.0,3.7,9.47,0,9.47,44.13,SURPLUS,3.54,2.9,3.01,2.25
2024-12-09 15:00,12,15,0,weekday,456.3,46.26,38.1,23.1,1.9,8.61,0,8.61,37.66,SURPLUS,4.21,3.23,3.58,2.25
2024-12-09 16:00,12,16,0,weekday,283.9,28.78,35.2,24.4,2.2,14.01,0,14.01,14.78,SURPLUS,7.15,4.7,6.08,2.25
2024-12-09 17:00,12,17,0,weekday,159.0,16.12,35.7,23.2,3.8,19.83,0,19.83,-3.71,BALANCED,6.49,4.37,5.52,2.25
2024-12-09 18:00,12,18,0,weekday,33.6,3.41,34.3,20.4,2.1,27.49,7.61,35.1,-31.69,DEFICIT,7.1,4.67,6.03,2.25
2024-12-09 19:00,12,19,0,weekday,0,0,42.0,25.9,2.7,26.75,13.1,39.85,-39.85,DEFICIT,6.49,4.37,5.52,2.25
2024-12-09 20:00,12,20,0,weekday,0,0,24.2,22.1,2.6,24.05,21.41,45.46,-45.46,DEFICIT,6.84,4.55,5.82,2.25
2024-12-09 21:00,12,21,0,weekday,0,0,34.3,18.7,3.0,14.92,0.0,14.92,-14.92,DEFICIT,6.74,4.5,5.73,2.25
2024-12-09 22:00,12,22,0,weekday,0,0,26.8,18.2,3.3,10.89,6.97,17.85,-17.85,DEFICIT,4.21,3.23,3.58,2.25
2024-12-09 23:00,12,23,0,weekday,0,0,36.4,19.4,3.3,9.05,0,9.05,-9.05,DEFICIT,4.22,3.24,3.59,2.25
2024-12-10 00:00,12,0,1,weekday,0,0,31.1,19.9,2.6,6.88,4.31,11.19,-11.19,DEFICIT,4.65,3.45,3.95,2.25
2024-12-10 01:00,12,1,1,weekday,0,0,30.1,15.2,1.6,5.68,5.51,11.19,-11.19,DEFICIT,4.29,3.27,3.64,2.25
2024-12-10 02:00,12,2,1,weekday,0,0,21.3,14.7,2.7,5,0.0,5.0,-5.0,BALANCED,4.68,3.46,3.97,2.25
2024-12-10 03:00,12,3,1,weekday,0,0,35.9,15.5,3.9,5,2.35,7.35,-7.35,DEFICIT,4.16,3.21,3.54,2.25
2024-12-10 04:00,12,4,1,weekday,0,0,40.4,17.2,2.8,5,0.0,5.0,-5.0,BALANCED,4.83,3.54,4.11,2.25
2024-12-10 05:00,12,5,1,weekday,0,0,48.5,16.2,3.7,5,4.26,9.26,-9.26,DEFICIT,4.41,3.33,3.75,2.25
2024-12-10 06:00,12,6,1,weekday,37.6,3.81,45.0,19.8,1.6,15.61,0,15.61,-11.8,DEFICIT,6.04,4.15,5.14,2.25
2024-12-10 07:00,12,7,1,weekday,169.2,17.16,30.0,17.4,2.6,18.97,7.61,26.58,-9.42,DEFICIT,6.05,4.15,5.14,2.25
2024-12-10 08:00,12,8,1,weekday,304.2,30.85,39.2,19.7,1.8,16.76,0.0,16.76,14.09,SURPLUS,5.73,3.99,4.87,2.25
2024-12-10 09:00,12,9,1,weekday,484.3,49.11,43.6,21.6,2.3,9.7,8.99,18.68,30.42,SURPLUS,6.07,4.16,5.16,2.25
2024-12-10 10:00,12,10,1,weekday,632.9,64.18,43.8,22.6,3.9,9.65,0,9.65,54.53,SURPLUS,3.56,2.91,3.03,2.25
2024-12-10 11:00,12,11,1,weekday,740.3,74.69,27.1,26.3,2.7,9.37,0,9.37,65.31,SURPLUS,4.25,3.25,3.61,2.25
2024-12-10 12:00,12,12,1,weekday,730.6,74.01,52.1,25.3,2.3,9.92,0,9.92,64.09,SURPLUS,3.47,2.86,2.95,2.25
2024-12-10 13:00,12,13,1,weekday,733.3,74.36,38.2,23.7,2.8,8.45,0,8.45,65.91,SURPLUS,3.32,2.78,2.82,2.25
2024-12-10 14:00,12,14,1,weekday,647.0,65.21,34.3,26.5,3.2,8.82,0,8.82,56.39,SURPLUS,3.79,3.02,3.22,2.25
2024-12-10 15:00,12,15,1,weekday,556.7,56.45,48.4,24.3,3.7,11.34,0,11.34,45.11,SURPLUS,3.49,2.87,2.97,2.25
2024-12-10 16:00,12,16,1,weekday,354.6,35.74,30.3,26.5,4.2,13.55,0,13.55,22.19,SURPLUS,7.3,4.78,6.21,2.25
2024-12-10 17:00,12,17,1,weekday,202.2,20.5,49.8,24.7,1.2,14.5,0,14.5,6.01,SURPLUS,6.49,4.37,5.52,2.25
2024-12-10 18:00,12,18,1,weekday,38.1,3.86,30.7,19.1,1.8,19.21,0.0,19.21,-15.35,DEFICIT,6.77,4.51,5.76,2.25
2024-12-10 19:00,12,19,1,weekday,0,0,39.7,20.3,2.2,28.27,0.0,28.27,-28.27,DEFICIT,6.57,4.41,5.59,2.25
2024-12-10 20:00,12,20,1,weekday,0,0,42.9,19.6,1.2,26.23,6.29,32.52,-32.52,DEFICIT,6.98,4.62,5.93,2.25
2024-12-10 21:00,12,21,1,weekday,0,0,34.5,15.8,2.6,20.45,7.02,27.46,-27.46,DEFICIT,6.93,4.59,5.89,2.25
2024-12-10 22:00,12,22,1,weekday,0,0,49.3,21.9,2.1,14.52,8.96,23.48,-23.48,DEFICIT,4.52,3.39,3.84,2.25
2024-12-10 23:00,12,23,1,weekday,0,0,32.6,15.6,2.4,8.51,0,8.51,-8.51,DEFICIT,5.13,3.69,4.36,2.25
2024-12-11 00:00,12,0,2,weekday,0,0,36.8,17.9,2.9,7.47,5.18,12.66,-12.66,DEFICIT,4.56,3.4,3.87,2.25
2024-12-11 01:00,12,1,2,weekday,0,0,52.3,16.4,3.4,5.4,5.6,10.99,-10.99,DEFICIT,5.05,3.65,4.29,2.25
2024-12-11 02:00,12,2,2,weekday,0,0,42.8,15.2,3.1,5,0.0,5.0,-5.0,BALANCED,4.74,3.49,4.03,2.25
2024-12-11 03:00,12,3,2,weekday,0,0,27.5,16.5,3.9,5,5.41,10.41,-10.41,DEFICIT,4.24,3.24,3.6,2.25
2024-12-11 04:00,12,4,2,weekday,0,0,31.9,12.7,4.0,5,0.0,5.0,-5.0,BALANCED,5.02,3.63,4.27,2.25
2024-12-11 05:00,12,5,2,weekday,0,0,40.3,17.6,3.1,5,0.0,5.0,-5.0,BALANCED,4.25,3.25,3.61,2.25
2024-12-11 06:00,12,6,2,weekday,41.1,4.17,40.8,16.4,3.1,13.73,0,13.73,-9.56,DEFICIT,6.03,4.14,5.13,2.25
2024-12-11 07:00,12,7,2,weekday,138.5,14.04,38.9,18.4,2.6,19.73,16.5,36.23,-22.19,DEFICIT,5.8,4.03,4.93,2.25
2024-12-11 08:00,12,8,2,weekday,284.1,28.81,34.9,19.8,2.4,16.97,4.93,21.9,6.91,SURPLUS,5.52,3.89,4.69,2.25
2024-12-11 09:00,12,9,2,weekday,399.9,40.42,48.9,25.9,2.2,10.17,0.0,10.17,30.25,SURPLUS,5.85,4.05,4.97,2.25
2024-12-11 10:00,12,10,2,weekday,576.5,58.46,41.1,23.9,2.6,8.44,0,8.44,50.01,SURPLUS,3.75,3.0,3.19,2.25
2024-12-11 11:00,12,11,2,weekday,682.5,69.21,25.8,24.6,3.1,9.18,0,9.18,60.03,SURPLUS,3.9,3.07,3.31,2.25
2024-12-11 12:00,12,12,2,weekday,738.8,74.92,28.6,23.2,4.8,9.56,0,9.56,65.36,SURPLUS,4.06,3.15,3.45,2.25
2024-12-11 13:00,12,13,2,weekday,660.4,66.46,23.8,26.9,2.7,10.26,0,10.26,56.2,SURPLUS,3.86,3.06,3.28,2.25
2024-12-11 14:00,12,14,2,weekday,513.8,52.1,40.4,24.9,3.1,7.94,0,7.94,44.16,SURPLUS,4.33,3.29,3.68,2.25
2024-12-11 15:00,12,15,2,weekday,477.3,48.37,32.8,25.2,3.2,10.92,0,10.92,37.45,SURPLUS,4.08,3.17,3.47,2.25
2024-12-11 16:00,12,16,2,weekday,332.2,33.69,25.2,22.5,3.0,12.86,0,12.86,20.82,SURPLUS,6.56,4.41,5.58,2.25
2024-12-11 17:00,12,17,2,weekday,168.9,17.13,37.9,24.4,3.8,19.11,0,19.11,-1.98,BALANCED,6.31,4.28,5.37,2.25
2024-12-11 18:00,12,18,2,weekday,38.9,3.95,43.0,21.5,1.6,25.08,0.0,25.08,-21.13,DEFICIT,6.67,4.46,5.67,2.25
2024-12-11 19:00,12,19,2,weekday,0,0,36.4,21.9,2.5,26.67,14.38,41.05,-41.05,DEFICIT,6.81,4.53,5.79,2.25
2024-12-11 20:00,12,20,2,weekday,0,0,42.4,21.2,1.8,24.27,0.0,24.27,-24.27,DEFICIT,6.79,4.52,5.77,2.25
2024-12-11 21:00,12,21,2,weekday,0,0,43.6,18.6,2.4,20.55,0.0,20.55,-20.55,DEFICIT,6.71,4.48,5.7,2.25
2024-12-11 22:00,12,22,2,weekday,0,0,50.4,18.2,2.7,14.88,0.0,14.88,-14.88,DEFICIT,4.1,3.18,3.49,2.25
2024-12-11 23:00,12,23,2,weekday,0,0,33.4,16.8,0.8,9.92,0,9.92,-9.92,DEFICIT,4.38,3.32,3.73,2.25
2024-12-12 00:00,12,0,3,weekday,0,0,32.9,19.0,1.9,7.1,4.88,11.98,-11.98,DEFICIT,4.31,3.28,3.66,2.25
2024-12-12 01:00,12,1,3,weekday,0,0,37.8,17.4,2.4,5.87,3.2,9.07,-9.07,DEFICIT,4.1,3.17,3.48,2.25
2024-12-12 02:00,12,2,3,weekday,0,0,36.2,15.6,2.5,5,5.05,10.05,-10.05,DEFICIT,4.37,3.31,3.72,2.25
2024-12-12 03:00,12,3,3,weekday,0,0,39.8,16.1,1.8,5,0.0,5.0,-5.0,BALANCED,4.06,3.15,3.45,2.25
2024-12-12 04:00,12,4,3,weekday,0,0,36.9,18.2,3.2,5,2.79,7.79,-7.79,DEFICIT,3.91,3.08,3.32,2.25
2024-12-12 05:00,12,5,3,weekday,0,0,35.9,17.1,1.8,5.64,4.35,9.99,-9.99,DEFICIT,4.23,3.24,3.59,2.25
2024-12-12 06:00,12,6,3,weekday,39.3,3.98,40.0,16.3,5.0,15.36,0,15.36,-11.38,DEFICIT,5.39,3.82,4.58,2.25
2024-12-12 07:00,12,7,3,weekday,127.1,12.89,21.7,19.3,1.7,21.69,0.0,21.69,-8.8,DEFICIT,5.52,3.88,4.69,2.25
2024-12-12 08:00,12,8,3,weekday,277.8,28.17,28.4,20.5,4.1,15.59,12.66,28.24,-0.08,BALANCED,5.35,3.8,4.55,2.25
2024-12-12 09:00,12,9,3,weekday,474.6,48.13,50.6,19.5,2.2,12.78,0.0,12.78,35.35,SURPLUS,6.04,4.15,5.14,2.25
2024-12-12 10:00,12,10,3,weekday,558.5,56.63,40.0,18.7,2.5,10.63,0,10.63,46.0,SURPLUS,4.13,3.19,3.51,2.25
2024-12-12 11:00,12,11,3,weekday,784.5,79.42,31.4,25.4,2.8,7.62,0,7.62,71.79,SURPLUS,4.21,3.23,3.58,2.25
2024-12-12 12:00,12,12,3,weekday,871.3,88.35,55.6,23.2,3.5,9.95,0,9.95,78.4,SURPLUS,3.74,3.0,3.18,2.25
2024-12-12 13:00,12,13,3,weekday,817.7,82.78,39.4,25.4,3.9,10.8,0,10.8,71.98,SURPLUS,3.84,3.05,3.27,2.25
2024-12-12 14:00,12,14,3,weekday,620.7,62.93,30.3,24.1,2.2,9.92,0,9.92,53.02,SURPLUS,3.85,3.05,3.27,2.25
2024-12-12 15:00,12,15,3,weekday,472.4,47.41,36.9,27.5,3.5,9.55,0,9.55,37.87,SURPLUS,4.05,3.15,3.44,2.25
2024-12-12 16:00,12,16,3,weekday,404.9,41.06,41.4,23.5,2.8,12.11,0,12.11,28.95,SURPLUS,6.49,4.37,5.52,2.25
2024-12-12 17:00,12,17,3,weekday,183.9,18.65,45.5,22.7,2.3,16.11,0,16.11,2.54,BALANCED,6.86,4.56,5.83,2.25
2024-12-12 18:00,12,18,3,weekday,40.5,4.11,41.9,20.0,2.2,21.94,12.33,34.26,-30.16,DEFICIT,6.58,4.42,5.6,2.25
2024-12-12 19:00,12,19,3,weekday,0,0,47.2,21.8,2.9,25.75,0.0,25.75,-25.75,DEFICIT,6.27,4.26,5.33,2.25
2024-12-12 20:00,12,20,3,weekday,0,0,28.2,17.0,2.9,27.69,18.54,46.23,-46.23,DEFICIT,6.64,4.44,5.64,2.25
2024-12-12 21:00,12,21,3,weekday,0,0,35.5,22.2,3.1,17.9,0.0,17.9,-17.9,DEFICIT,6.81,4.53,5.79,2.25
2024-12-12 22:00,12,22,3,weekday,0,0,32.1,17.3,2.3,14.09,20.95,35.04,-35.04,DEFICIT,4.72,3.49,4.01,2.25
2024-12-12 23:00,12,23,3,weekday,0,0,32.7,18.6,3.5,8.45,0,8.45,-8.45,DEFICIT,4.48,3.37,3.81,2.25
2024-12-13 00:00,12,0,4,weekday,0,0,39.7,16.7,3.0,7.49,0.0,7.49,-7.49,DEFICIT,4.85,3.55,4.12,2.25
2024-12-13 01:00,12,1,4,weekday,0,0,47.3,15.2,2.4,5,4.36,9.36,-9.36,DEFICIT,4.45,3.35,3.78,2.25
2024-12-13 02:00,12,2,4,weekday,0,0,36.3,17.4,3.7,5.45,0.0,5.45,-5.45,DEFICIT,4.72,3.48,4.01,2.25
2024-12-13 03:00,12,3,4,weekday,0,0,42.2,16.0,2.0,5,5.07,10.07,-10.07,DEFICIT,4.82,3.53,4.09,2.25
2024-12-13 04:00,12,4,4,weekday,0,0,52.8,19.0,2.9,5,4.35,9.35,-9.35,DEFICIT,4.66,3.45,3.96,2.25
2024-12-13 05:00,12,5,4,weekday,0,0,39.9,18.4,2.4,5,0.0,5.0,-5.0,BALANCED,4.37,3.31,3.72,2.25
2024-12-13 06:00,12,6,4,weekday,35.4,3.59,38.5,18.6,3.1,15.45,0,15.45,-11.86,DEFICIT,5.76,4.0,4.89,2.25
2024-12-13 07:00,12,7,4,weekday,147.2,14.93,33.4,14.5,2.0,21.29,0.0,21.29,-6.37,DEFICIT,5.58,3.92,4.74,2.25
2024-12-13 08:00,12,8,4,weekday,245.3,24.87,39.0,18.9,1.4,15.42,0.0,15.42,9.45,SURPLUS,5.65,3.95,4.8,2.25
2024-12-13 09:00,12,9,4,weekday,433.5,43.96,29.8,21.8,4.1,10.49,19.9,30.39,13.56,SURPLUS,5.73,3.99,4.87,2.25
2024-12-13 10:00,12,10,4,weekday,545.3,55.29,36.0,22.7,2.5,9.2,0,9.2,46.09,SURPLUS,3.53,2.89,3.0,2.25
2024-12-13 11:00,12,11,4,weekday,647.5,65.65,44.8,23.9,2.1,9.46,0,9.46,56.2,SURPLUS,3.7,2.97,3.14,2.25
2024-12-13 12:00,12,12,4,weekday,798.8,81.0,26.8,24.2,3.2,7.65,0,7.65,73.35,SURPLUS,3.58,2.92,3.05,2.25
2024-12-13 13:00,12,13,4,weekday,676.5,68.59,34.9,25.0,3.0,8.89,0,8.89,59.71,SURPLUS,4.22,3.24,3.59,2.25
2024-12-13 14:00,12,14,4,weekday,511.9,51.85,40.5,25.2,5.1,11.03,0,11.03,40.83,SURPLUS,3.93,3.09,3.34,2.25
2024-12-13 15:00,12,15,4,weekday,440.4,44.55,31.6,25.6,4.1,9.96,0,9.96,34.59,SURPLUS,3.96,3.1,3.36,2.25
2024-12-13 16:00,12,16,4,weekday,336.1,33.92,32.9,26.2,3.5,13.14,0,13.14,20.78,SURPLUS,7.14,4.69,6.07,2.25
2024-12-13 17:00,12,17,4,weekday,172.9,17.53,27.0,24.2,2.4,16.42,0,16.42,1.12,BALANCED,6.99,4.62,5.94,2.25
2024-12-13 18:00,12,18,4,weekday,41.3,4.19,44.2,19.4,2.5,22.82,12.65,35.47,-31.28,DEFICIT,6.58,4.41,5.59,2.25
2024-12-13 19:00,12,19,4,weekday,0,0,42.9,18.7,2.1,28.03,10.15,38.18,-38.18,DEFICIT,6.87,4.56,5.84,2.25
2024-12-13 20:00,12,20,4,weekday,0,0,33.8,16.3,2.7,24.34,17.89,42.24,-42.24,DEFICIT,7.18,4.71,6.1,2.25
2024-12-13 21:00,12,21,4,weekday,0,0,32.8,20.4,2.7,20.42,5.55,25.97,-25.97,DEFICIT,6.49,4.37,5.51,2.25
2024-12-13 22:00,12,22,4,weekday,0,0,54.7,21.7,3.5,14.33,0.0,14.33,-14.33,DEFICIT,4.62,3.43,3.92,2.25
2024-12-13 23:00,12,23,4,weekday,0,0,46.8,19.1,3.1,10.02,0,10.02,-10.02,DEFICIT,4.31,3.28,3.66,2.25
2024-12-14 00:00,12,0,5,weekend,0,0,18.7,19.5,3.0,5.97,0.0,5.97,-5.97,DEFICIT,4.45,3.35,3.79,2.25
2024-12-14 01:00,12,1,5,weekend,0,0,14.8,19.0,2.9,6.37,4.92,11.29,-11.29,DEFICIT,4.14,3.2,3.52,2.25
2024-12-14 02:00,12,2,5,weekend,0,0,16.0,15.7,2.1,5.53,2.99,8.52,-8.52,DEFICIT,4.69,3.47,3.98,2.25
2024-12-14 03:00,12,3,5,weekend,0,0,15.7,16.4,2.6,5,0.0,5.0,-5.0,BALANCED,4.33,3.29,3.68,2.25
2024-12-14 04:00,12,4,5,weekend,0,0,19.0,15.6,2.8,5,4.97,9.97,-9.97,DEFICIT,4.2,3.22,3.57,2.25
2024-12-14 05:00,12,5,5,weekend,0,0,23.8,14.8,2.6,5.38,4.91,10.3,-10.3,DEFICIT,4.29,3.27,3.65,2.25
2024-12-14 06:00,12,6,5,weekend,18.0,1.83,20.4,16.9,3.0,17.36,0,17.36,-15.53,DEFICIT,5.56,3.9,4.72,2.25
2024-12-14 07:00,12,7,5,weekend,59.9,6.07,17.6,18.3,2.1,25.46,0.0,25.46,-19.39,DEFICIT,6.1,4.18,5.19,2.25
2024-12-14 08:00,12,8,5,weekend,128.0,12.98,7.4,20.8,1.6,18.34,0.0,18.34,-5.36,DEFICIT,5.86,4.05,4.98,2.25
2024-12-14 09:00,12,9,5,weekend,209.9,21.28,30.5,20.7,3.0,13.13,0.0,13.13,8.15,SURPLUS,5.7,3.97,4.84,2.25
2024-12-14 10:00,12,10,5,weekend,239.6,24.29,17.7,23.7,1.7,12.2,0,12.2,12.1,SURPLUS,3.57,2.91,3.04,2.25
2024-12-14 11:00,12,11,5,weekend,293.7,29.65,17.7,26.1,2.8,9.61,0,9.61,20.04,SURPLUS,3.58,2.91,3.04,2.25
2024-12-14 12:00,12,12,5,weekend,301.9,30.61,8.2,22.8,2.7,10.38,0,10.38,20.23,SURPLUS,4.2,3.22,3.57,2.25
2024-12-14 13:00,12,13,5,weekend,303.8,30.76,1.1,25.3,4.9,12.8,0,12.8,17.96,SURPLUS,4.04,3.14,3.43,2.25
2024-12-14 14:00,12,14,5,weekend,240.4,24.27,18.3,26.1,4.2,10.72,0,10.72,13.55,SURPLUS,3.93,3.09,3.34,2.25
2024-12-14 15:00,12,15,5,weekend,231.3,23.29,19.6,26.8,2.0,12.91,0,12.91,10.38,SURPLUS,3.95,3.1,3.36,2.25
2024-12-14 16:00,12,16,5,weekend,161.3,16.32,26.1,25.6,4.6,15.06,0,15.06,1.26,BALANCED,6.68,4.47,5.68,2.25
2024-12-14 17:00,12,17,5,weekend,74.0,7.5,15.3,23.0,2.7,19.67,0,19.67,-12.17,DEFICIT,6.87,4.56,5.84,2.25
2024-12-14 18:00,12,18,5,weekend,13.1,1.33,12.4,20.6,2.7,27.57,8.45,36.02,-34.69,DEFICIT,6.91,4.58,5.88,2.25
2024-12-14 19:00,12,19,5,weekend,0,0,23.7,19.7,2.9,35.99,0.0,35.99,-35.99,DEFICIT,6.05,4.15,5.14,2.25
2024-12-14 20:00,12,20,5,weekend,0,0,16.7,18.8,4.0,29.5,0.0,29.5,-29.5,DEFICIT,6.42,4.34,5.46,2.25
2024-12-14 21:00,12,21,5,weekend,0,0,2.5,19.7,2.4,16.72,0.0,16.72,-16.72,DEFICIT,6.67,4.46,5.67,2.25
2024-12-14 22:00,12,22,5,weekend,0,0,12.5,21.0,2.1,18.3,18.38,36.68,-36.68,DEFICIT,4.44,3.34,3.77,2.25
2024-12-14 23:00,12,23,5,weekend,0,0,16.0,18.2,2.5,12.64,0,12.64,-12.64,DEFICIT,4.29,3.27,3.65,2.25
2024-12-15 00:00,12,0,6,weekend,0,0,29.6,15.6,3.8,8.62,3.95,12.57,-12.57,DEFICIT,4.16,3.2,3.53,2.25
2024-12-15 01:00,12,1,6,weekend,0,0,37.9,16.2,3.3,5.29,0.0,5.29,-5.29,DEFICIT,3.92,3.09,3.33,2.25
2024-12-15 02:00,12,2,6,weekend,0,0,37.6,16.3,2.4,5.96,2.98,8.93,-8.93,DEFICIT,4.25,3.25,3.61,2.25
2024-12-15 03:00,12,3,6,weekend,0,0,25.8,15.6,2.1,5,2.98,7.98,-7.98,DEFICIT,4.92,3.59,4.18,2.25
2024-12-15 04:00,12,4,6,weekend,0,0,33.9,15.2,3.2,5,4.88,9.88,-9.88,DEFICIT,4.93,3.59,4.19,2.25
2024-12-15 05:00,12,5,6,weekend,0,0,31.6,16.4,2.1,6.12,0.0,6.12,-6.12,DEFICIT,5.13,3.69,4.36,2.25
2024-12-15 06:00,12,6,6,weekend,30.8,3.13,23.7,16.6,2.5,17.6,0,17.6,-14.48,DEFICIT,5.46,3.86,4.64,2.25
2024-12-15 07:00,12,7,6,weekend,103.9,10.53,16.3,19.3,1.5,24.57,17.35,41.92,-31.39,DEFICIT,5.49,3.87,4.67,2.25
2024-12-15 08:00,12,8,6,weekend,227.7,23.09,40.3,22.0,2.6,22.23,11.69,33.92,-10.83,DEFICIT,6.28,4.26,5.34,2.25
2024-12-15 09:00,12,9,6,weekend,342.8,34.76,25.4,19.3,2.9,10.88,4.76,15.64,19.13,SURPLUS,5.74,4.0,4.88,2.25
2024-12-15 10:00,12,10,6,weekend,529.2,53.66,17.4,23.5,4.4,10.98,0,10.98,42.68,SURPLUS,4.29,3.27,3.65,2.25
2024-12-15 11:00,12,11,6,weekend,537.7,54.29,46.9,26.1,1.0,10.53,0,10.53,43.76,SURPLUS,3.28,2.77,2.79,2.25
2024-12-15 12:00,12,12,6,weekend,629.5,63.84,39.5,24.3,3.5,12.31,0,12.31,51.53,SURPLUS,3.68,2.96,3.13,2.25
2024-12-15 13:00,12,13,6,weekend,580.5,58.1,26.0,28.3,2.6,10.07,0,10.07,48.03,SURPLUS,4.02,3.14,3.42,2.25
2024-12-15 14:00,12,14,6,weekend,522.4,52.49,36.5,27.3,1.8,10.87,0,10.87,41.62,SURPLUS,4.03,3.14,3.42,2.25
2024-12-15 15:00,12,15,6,weekend,385.6,39.1,24.7,24.0,4.1,9.66,0,9.66,29.44,SURPLUS,3.8,3.03,3.23,2.25
2024-12-15 16:00,12,16,6,weekend,283.5,28.75,21.3,23.7,4.5,11.19,0,11.19,17.55,SURPLUS,7.14,4.7,6.07,2.25
2024-12-15 17:00,12,17,6,weekend,137.2,13.91,38.8,23.0,5.5,17.22,0,17.22,-3.31,BALANCED,6.94,4.59,5.9,2.25
2024-12-15 18:00,12,18,6,weekend,32.8,3.33,37.4,21.5,3.4,24.78,5.84,30.62,-27.29,DEFICIT,6.63,4.44,5.63,2.25
2024-12-15 19:00,12,19,6,weekend,0,0,36.9,16.8,1.2,28.83,0.0,28.83,-28.83,DEFICIT,6.82,4.53,5.79,2.25
2024-12-15 20:00,12,20,6,weekend,0,0,32.8,18.7,1.6,27.04,6.39,33.43,-33.43,DEFICIT,6.77,4.51,5.75,2.25
2024-12-15 21:00,12,21,6,weekend,0,0,23.0,20.2,1.0,20.2,0.0,20.2,-20.2,DEFICIT,5.64,3.94,4.79,2.25
2024-12-15 22:00,12,22,6,weekend,0,0,49.3,19.2,3.8,14.4,20.98,35.38,-35.38,DEFICIT,4.57,3.41,3.89,2.25
2024-12-15 23:00,12,23,6,weekend,0,0,30.5,19.3,3.6,10.48,0,10.48,-10.48,DEFICIT,4.62,3.44,3.93,2.25
2024-12-16 00:00,12,0,0,weekday,0,0,28.3,16.4,1.5,5.46,4.89,10.35,-10.35,DEFICIT,4.51,3.38,3.83,2.25
2024-12-16 01:00,12,1,0,weekday,0,0,18.4,17.3,5.0,5,0.0,5.0,-5.0,BALANCED,4.27,3.26,3.63,2.25
2024-12-16 02:00,12,2,0,weekday,0,0,21.5,16.3,2.7,5,3.56,8.56,-8.56,DEFICIT,4.8,3.52,4.08,2.25
2024-12-16 03:00,12,3,0,weekday,0,0,22.0,17.5,2.8,5,0.0,5.0,-5.0,BALANCED,4.7,3.48,4.0,2.25
2024-12-16 04:00,12,4,0,weekday,0,0,24.4,16.1,3.4,5,4.53,9.53,-9.53,DEFICIT,4.35,3.3,3.7,2.25
2024-12-16 05:00,12,5,0,weekday,0,0,22.4,17.4,1.8,5.69,2.62,8.31,-8.31,DEFICIT,4.57,3.41,3.89,2.25
2024-12-16 06:00,12,6,0,weekday,26.6,2.7,26.5,16.3,3.9,12.12,0,12.12,-9.42,DEFICIT,5.93,4.09,5.04,2.25
2024-12-16 07:00,12,7,0,weekday,88.1,8.93,14.3,17.8,3.1,22.74,0.0,22.74,-13.81,DEFICIT,5.87,4.06,4.99,2.25
2024-12-16 08:00,12,8,0,weekday,182.8,18.53,24.3,21.6,1.6,17.13,20.25,37.37,-18.84,DEFICIT,5.9,4.08,5.02,2.25
2024-12-16 09:00,12,9,0,weekday,294.9,29.9,24.7,21.0,2.6,10.32,7.68,17.99,11.91,SURPLUS,6.26,4.25,5.32,2.25
2024-12-16 10:00,12,10,0,weekday,416.3,42.2,18.1,25.1,3.8,8.7,0,8.7,33.5,SURPLUS,4.12,3.18,3.5,2.25
2024-12-16 11:00,12,11,0,weekday,445.1,45.14,25.7,23.6,2.0,9.84,0,9.84,35.3,SURPLUS,3.29,2.77,2.8,2.25
2024-12-16 12:00,12,12,0,weekday,468.7,47.53,36.4,22.6,2.3,10.67,0,10.67,36.85,SURPLUS,3.7,2.97,3.14,2.25
2024-12-16 13:00,12,13,0,weekday,503.0,51.0,23.5,23.8,3.2,10.72,0,10.72,40.28,SURPLUS,3.86,3.05,3.28,2.25
2024-12-16 14:00,12,14,0,weekday,372.1,37.73,24.6,24.5,2.7,9.78,0,9.78,27.95,SURPLUS,4.06,3.15,3.45,2.25
2024-12-16 15:00,12,15,0,weekday,313.6,31.8,33.0,22.4,3.5,12.72,0,12.72,19.07,SURPLUS,3.3,2.78,2.81,2.25
2024-12-16 16:00,12,16,0,weekday,234.0,23.73,22.4,24.3,3.4,11.37,0,11.37,12.35,SURPLUS,6.49,4.37,5.52,2.25
2024-12-16 17:00,12,17,0,weekday,121.8,12.35,19.5,23.1,1.8,14.39,0,14.39,-2.04,BALANCED,6.94,4.6,5.9,2.25
2024-12-16 18:00,12,18,0,weekday,24.3,2.46,19.0,22.3,2.3,22.64,0.0,22.64,-20.17,DEFICIT,6.77,4.51,5.76,2.25
2024-12-16 19:00,12,19,0,weekday,0,0,14.7,21.0,2.9,24.56,0.0,24.56,-24.56,DEFICIT,7.14,4.7,6.07,2.25
2024-12-16 20:00,12,20,0,weekday,0,0,25.1,21.8,2.4,24.55,15.15,39.69,-39.69,DEFICIT,6.83,4.54,5.8,2.25
2024-12-16 21:00,12,21,0,weekday,0,0,31.3,22.4,2.7,15.12,15.44,30.56,-30.56,DEFICIT,6.49,4.37,5.52,2.25
2024-12-16 22:00,12,22,0,weekday,0,0,24.6,17.3,2.5,14.47,19.79,34.25,-34.25,DEFICIT,4.63,3.44,3.93,2.25
2024-12-16 23:00,12,23,0,weekday,0,0,29.2,17.0,3.2,8.88,0,8.88,-8.88,DEFICIT,4.62,3.43,3.92,2.25
2024-12-17 00:00,12,0,1,weekday,0,0,39.4,16.4,4.5,7.76,3.7,11.46,-11.46,DEFICIT,4.63,3.44,3.93,2.25
2024-12-17 01:00,12,1,1,weekday,0,0,44.8,16.1,3.0,5.1,0.0,5.1,-5.1,DEFICIT,4.48,3.37,3.81,2.25
2024-12-17 02:00,12,2,1,weekday,0,0,56.6,13.9,2.4,5,0.0,5.0,-5.0,BALANCED,4.1,3.17,3.48,2.25
2024-12-17 03:00,12,3,1,weekday,0,0,39.3,16.3,3.5,5,0.0,5.0,-5.0,BALANCED,4.32,3.28,3.67,2.25
2024-12-17 04:00,12,4,1,weekday,0,0,26.5,14.5,2.3,5,3.56,8.56,-8.56,DEFICIT,4.75,3.5,4.03,2.25
2024-12-17 05:00,12,5,1,weekday,0,0,42.1,15.2,2.8,5.41,4.79,10.2,-10.2,DEFICIT,4.54,3.39,3.86,2.25
2024-12-17 06:00,12,6,1,weekday,42.2,4.28,52.8,18.4,2.5,14.19,0,14.19,-9.91,DEFICIT,5.87,4.06,4.99,2.25
2024-12-17 07:00,12,7,1,weekday,163.4,16.57,29.9,19.6,2.5,23.44,0.0,23.44,-6.87,DEFICIT,5.34,3.8,4.54,2.25
2024-12-17 08:00,12,8,1,weekday,278.9,28.28,40.4,16.9,2.4,16.47,11.33,27.79,0.49,BALANCED,6.23,4.24,5.3,2.25
2024-12-17 09:00,12,9,1,weekday,404.4,40.94,35.8,25.4,3.6,9.98,8.26,18.24,22.7,SURPLUS,5.86,4.05,4.98,2.25
2024-12-17 10:00,12,10,1,weekday,648.1,65.72,40.6,21.8,1.1,8.88,0,8.88,56.84,SURPLUS,3.32,2.78,2.82,2.25
2024-12-17 11:00,12,11,1,weekday,608.1,61.66,38.1,24.9,1.5,9.32,0,9.32,52.34,SURPLUS,3.54,2.89,3.01,2.25
2024-12-17 12:00,12,12,1,weekday,792.3,80.34,33.1,23.3,2.1,11.91,0,11.91,68.42,SURPLUS,3.59,2.92,3.05,2.25
2024-12-17 13:00,12,13,1,weekday,688.5,69.82,44.3,23.5,2.1,9.74,0,9.74,60.07,SURPLUS,3.52,2.89,2.99,2.25
2024-12-17 14:00,12,14,1,weekday,630.1,63.16,28.7,27.9,3.5,10.06,0,10.06,53.1,SURPLUS,3.92,3.08,3.33,2.25
2024-12-17 15:00,12,15,1,weekday,495.3,50.22,31.6,24.9,1.6,8.83,0,8.83,41.38,SURPLUS,3.93,3.09,3.34,2.25
2024-12-17 16:00,12,16,1,weekday,341.6,34.53,37.0,25.8,1.7,10.86,0,10.86,23.67,SURPLUS,6.87,4.56,5.84,2.25
2024-12-17 17:00,12,17,1,weekday,171.4,17.38,26.8,23.2,2.6,15.65,0,15.65,1.73,BALANCED,6.73,4.49,5.72,2.25
2024-12-17 18:00,12,18,1,weekday,39.9,4.05,44.6,22.4,3.9,27.32,0.0,27.32,-23.26,DEFICIT,6.53,4.39,5.55,2.25
2024-12-17 19:00,12,19,1,weekday,0,0,30.0,20.3,2.9,27.17,10.78,37.95,-37.95,DEFICIT,6.94,4.6,5.9,2.25
2024-12-17 20:00,12,20,1,weekday,0,0,41.1,20.0,2.4,22.51,12.1,34.61,-34.61,DEFICIT,6.92,4.58,5.88,2.25
2024-12-17 21:00,12,21,1,weekday,0,0,30.3,21.6,2.6,16.8,13.3,30.1,-30.1,DEFICIT,6.63,4.44,5.64,2.25
2024-12-17 22:00,12,22,1,weekday,0,0,30.2,20.2,3.0,12.99,20.55,33.54,-33.54,DEFICIT,4.6,3.42,3.91,2.25
2024-12-17 23:00,12,23,1,weekday,0,0,38.4,17.0,1.6,9.94,0,9.94,-9.94,DEFICIT,4.66,3.46,3.96,2.25
2024-12-18 00:00,12,0,2,weekday,0,0,45.1,17.5,2.3,6.38,2.92,9.3,-9.3,DEFICIT,4.45,3.35,3.79,2.25
2024-12-18 01:00,12,1,2,weekday,0,0,38.2,19.0,1.8,5.17,0.0,5.17,-5.17,DEFICIT,4.49,3.37,3.81,2.25
2024-12-18 02:00,12,2,2,weekday,0,0,45.4,17.5,2.4,5.29,0.0,5.29,-5.29,DEFICIT,4.91,3.58,4.17,2.25
2024-12-18 03:00,12,3,2,weekday,0,0,29.7,15.3,2.6,5,4.11,9.11,-9.11,DEFICIT,4.75,3.5,4.04,2.25
2024-12-18 04:00,12,4,2,weekday,0,0,38.2,16.4,2.7,5,0.0,5.0,-5.0,BALANCED,4.33,3.29,3.68,2.25
2024-12-18 05:00,12,5,2,weekday,0,0,38.2,14.9,2.0,5.99,0.0,5.99,-5.99,DEFICIT,4.28,3.27,3.64,2.25
2024-12-18 06:00,12,6,2,weekday,36.0,3.65,37.2,14.3,3.4,13.97,0,13.97,-10.32,DEFICIT,5.7,3.98,4.85,2.25
2024-12-18 07:00,12,7,2,weekday,113.1,11.47,30.9,17.6,3.2,18.18,3.72,21.9,-10.43,DEFICIT,6.1,4.17,5.18,2.25
2024-12-18 08:00,12,8,2,weekday,302.1,30.64,65.0,19.3,2.9,17.5,8.19,25.69,4.95,BALANCED,5.73,3.99,4.87,2.25
2024-12-18 09:00,12,9,2,weekday,420.4,42.63,52.0,21.2,2.5,10.62,0.0,10.62,32.01,SURPLUS,5.81,4.03,4.94,2.25
2024-12-18 10:00,12,10,2,weekday,645.9,65.5,40.0,22.4,2.8,9.53,0,9.53,55.96,SURPLUS,3.52,2.88,2.99,2.25
2024-12-18 11:00,12,11,2,weekday,768.8,77.95,34.2,21.6,3.3,7.99,0,7.99,69.97,SURPLUS,3.78,3.02,3.22,2.25
2024-12-18 12:00,12,12,2,weekday,766.2,77.69,49.0,22.6,2.7,10.18,0,10.18,67.51,SURPLUS,3.58,2.91,3.04,2.25
2024-12-18 13:00,12,13,2,weekday,674.7,68.42,42.6,22.1,2.9,10.69,0,10.69,57.72,SURPLUS,3.73,2.99,3.17,2.25
2024-12-18 14:00,12,14,2,weekday,628.8,63.6,26.2,25.6,4.9,8.98,0,8.98,54.62,SURPLUS,3.59,2.92,3.05,2.25
2024-12-18 15:00,12,15,2,weekday,475.4,48.21,41.3,24.6,2.6,10.53,0,10.53,37.68,SURPLUS,3.82,3.04,3.25,2.25
2024-12-18 16:00,12,16,2,weekday,349.7,34.93,33.7,28.7,3.5,13.9,0,13.9,21.03,SURPLUS,6.61,4.43,5.62,2.25
2024-12-18 17:00,12,17,2,weekday,146.2,14.82,34.2,22.5,2.8,16.01,0,16.01,-1.19,BALANCED,6.47,4.36,5.5,2.25
2024-12-18 18:00,12,18,2,weekday,36.7,3.72,26.5,25.2,2.8,22.56,0.0,22.56,-18.84,DEFICIT,6.77,4.51,5.75,2.25
2024-12-18 19:00,12,19,2,weekday,0,0,26.1,18.1,2.1,21.57,17.07,38.64,-38.64,DEFICIT,6.74,4.49,5.73,2.25
2024-12-18 20:00,12,20,2,weekday,0,0,30.9,22.7,2.3,21.81,21.36,43.17,-43.17,DEFICIT,6.44,4.35,5.48,2.25
2024-12-18 21:00,12,21,2,weekday,0,0,52.6,19.1,2.0,20.65,0.0,20.65,-20.65,DEFICIT,6.68,4.46,5.68,2.25
2024-12-18 22:00,12,22,2,weekday,0,0,55.8,19.4,3.1,13.77,9.84,23.6,-23.6,DEFICIT,4.43,3.34,3.76,2.25
2024-12-18 23:00,12,23,2,weekday,0,0,42.7,17.9,2.1,9.0,0,9.0,-9.0,DEFICIT,4.65,3.45,3.96,2.25
2024-12-19 00:00,12,0,3,weekday,0,0,36.9,17.0,2.4,5.95,0.0,5.95,-5.95,DEFICIT,4.45,3.35,3.79,2.25
2024-12-19 01:00,12,1,3,weekday,0,0,38.0,16.8,3.2,5,0.0,5.0,-5.0,BALANCED,4.49,3.37,3.82,2.25
2024-12-19 02:00,12,2,3,weekday,0,0,30.5,16.5,1.9,5,4.1,9.1,-9.1,DEFICIT,5.2,3.72,4.42,2.25
2024-12-19 03:00,12,3,3,weekday,0,0,28.7,16.4,3.0,5,0.0,5.0,-5.0,BALANCED,4.87,3.56,4.14,2.25
2024-12-19 04:00,12,4,3,weekday,0,0,35.2,17.5,3.5,5,0.0,5.0,-5.0,BALANCED,4.35,3.3,3.7,2.25
2024-12-19 05:00,12,5,3,weekday,0,0,28.0,14.4,2.3,5.83,2.27,8.1,-8.1,DEFICIT,4.81,3.53,4.09,2.25
2024-12-19 06:00,12,6,3,weekday,27.9,2.83,8.5,18.8,1.4,15.23,0,15.23,-12.4,DEFICIT,5.37,3.81,4.56,2.25
2024-12-19 07:00,12,7,3,weekday,106.0,10.75,32.5,18.2,2.0,20.96,0.0,20.96,-10.21,DEFICIT,5.34,3.79,4.53,2.25
2024-12-19 08:00,12,8,3,weekday,204.6,20.75,15.0,21.2,2.5,15.46,0.0,15.46,5.29,SURPLUS,6.13,4.19,5.21,2.25
2024-12-19 09:00,12,9,3,weekday,283.9,28.79,29.0,20.8,4.1,12.22,10.58,22.81,5.98,SURPLUS,6.15,4.2,5.23,2.25
2024-12-19 10:00,12,10,3,weekday,401.1,40.67,31.3,21.7,2.9,9.81,0,9.81,30.86,SURPLUS,3.69,2.97,3.14,2.25
2024-12-19 11:00,12,11,3,weekday,509.8,51.69,29.7,21.3,2.7,9.35,0,9.35,42.34,SURPLUS,3.85,3.05,3.27,2.25
2024-12-19 12:00,12,12,3,weekday,484.0,48.84,24.6,26.2,1.6,12.25,0,12.25,36.59,SURPLUS,3.05,2.65,2.59,2.25
2024-12-19 13:00,12,13,3,weekday,504.8,51.05,31.4,25.7,2.8,10.07,0,10.07,40.98,SURPLUS,4.27,3.26,3.63,2.25
2024-12-19 14:00,12,14,3,weekday,455.7,46.05,23.2,25.9,3.8,9.51,0,9.51,36.54,SURPLUS,4.32,3.29,3.68,2.25
2024-12-19 15:00,12,15,3,weekday,350.7,35.45,16.8,25.7,3.0,10.38,0,10.38,25.08,SURPLUS,4.69,3.47,3.99,2.25
2024-12-19 16:00,12,16,3,weekday,224.2,22.67,33.8,25.7,2.0,13.57,0,13.57,9.1,SURPLUS,6.56,4.4,5.57,2.25
2024-12-19 17:00,12,17,3,weekday,114.3,11.59,27.7,23.8,1.7,16.08,0,16.08,-4.49,BALANCED,6.96,4.6,5.91,2.25
2024-12-19 18:00,12,18,3,weekday,28.6,2.9,0,21.2,1.2,23.16,5.93,29.09,-26.19,DEFICIT,6.74,4.5,5.73,2.25
2024-12-19 19:00,12,19,3,weekday,0,0,18.5,19.6,1.2,29.87,0.0,29.87,-29.87,DEFICIT,6.76,4.51,5.75,2.25
2024-12-19 20:00,12,20,3,weekday,0,0,28.6,18.1,1.9,22.01,19.35,41.36,-41.36,DEFICIT,6.63,4.44,5.63,2.25
2024-12-19 21:00,12,21,3,weekday,0,0,27.4,17.7,1.6,17.14,20.6,37.75,-37.75,DEFICIT,6.47,4.36,5.5,2.25
2024-12-19 22:00,12,22,3,weekday,0,0,16.1,17.9,3.8,15.4,11.95,27.36,-27.36,DEFICIT,4.11,3.18,3.49,2.25
2024-12-19 23:00,12,23,3,weekday,0,0,21.5,20.9,3.5,9.51,0,9.51,-9.51,DEFICIT,5.01,3.63,4.26,2.25
2024-12-20 00:00,12,0,4,weekday,0,0,41.9,18.1,2.2,6.98,0.0,6.98,-6.98,DEFICIT,5.17,3.71,4.39,2.25
2024-12-20 01:00,12,1,4,weekday,0,0,19.1,19.0,1.3,5.11,2.31,7.42,-7.42,DEFICIT,4.18,3.22,3.56,2.25
2024-12-20 02:00,12,2,4,weekday,0,0,34.6,15.3,3.3,5,0.0,5.0,-5.0,BALANCED,5.03,3.64,4.27,2.25
2024-12-20 03:00,12,3,4,weekday,0,0,39.8,15.9,2.6,5,4.09,9.09,-9.09,DEFICIT,4.5,3.38,3.83,2.25
2024-12-20 04:00,12,4,4,weekday,0,0,46.4,16.6,3.2,5,0.0,5.0,-5.0,BALANCED,4.63,3.44,3.93,2.25
2024-12-20 05:00,12,5,4,weekday,0,0,31.3,15.7,3.4,5,0.0,5.0,-5.0,BALANCED,3.77,3.01,3.21,2.25
2024-12-20 06:00,12,6,4,weekday,35.7,3.62,27.7,15.8,3.7,15.21,0,15.21,-11.59,DEFICIT,6.02,4.13,5.11,2.25
2024-12-20 07:00,12,7,4,weekday,116.3,11.8,38.5,18.8,3.7,21.42,8.77,30.19,-18.39,DEFICIT,6.02,4.14,5.12,2.25
2024-12-20 08:00,12,8,4,weekday,275.4,27.93,24.3,17.8,2.5,16.35,0.0,16.35,11.57,SURPLUS,5.67,3.96,4.82,2.25
2024-12-20 09:00,12,9,4,weekday,373.8,37.9,17.3,22.9,3.8,10.68,0.0,10.68,27.22,SURPLUS,6.12,4.19,5.21,2.25
2024-12-20 10:00,12,10,4,weekday,523.5,53.08,32.0,23.3,3.0,9.68,0,9.68,43.4,SURPLUS,3.85,3.05,3.27,2.25
2024-12-20 11:00,12,11,4,weekday,643.7,65.02,26.9,25.9,1.6,6.76,0,6.76,58.26,SURPLUS,3.83,3.04,3.26,2.25
2024-12-20 12:00,12,12,4,weekday,547.5,55.02,43.9,27.2,3.2,9.96,0,9.96,45.06,SURPLUS,3.78,3.02,3.21,2.25
2024-12-20 13:00,12,13,4,weekday,614.9,62.35,37.6,23.3,3.0,11.42,0,11.42,50.93,SURPLUS,3.55,2.9,3.01,2.25
2024-12-20 14:00,12,14,4,weekday,563.3,56.41,38.9,28.1,3.1,9.03,0,9.03,47.38,SURPLUS,3.18,2.71,2.7,2.25
2024-12-20 15:00,12,15,4,weekday,480.8,48.5,26.1,26.3,1.7,8.44,0,8.44,40.06,SURPLUS,3.84,3.05,3.27,2.25
2024-12-20 16:00,12,16,4,weekday,280.4,28.43,28.6,23.1,3.7,12.47,0,12.47,15.96,SURPLUS,6.94,4.59,5.9,2.25
2024-12-20 17:00,12,17,4,weekday,145.1,14.72,25.8,24.1,1.1,16.43,0,16.43,-1.71,BALANCED,6.93,4.59,5.89,2.25
2024-12-20 18:00,12,18,4,weekday,31.5,3.19,21.0,20.8,3.8,22.49,14.64,37.13,-33.94,DEFICIT,7.16,4.71,6.09,2.25
2024-12-20 19:00,12,19,4,weekday,0,0,31.9,20.1,1.9,23.29,0.0,23.29,-23.29,DEFICIT,7.15,4.7,6.08,2.25
2024-12-20 20:00,12,20,4,weekday,0,0,34.6,21.0,2.7,23.71,18.99,42.7,-42.7,DEFICIT,6.26,4.25,5.32,2.25
2024-12-20 21:00,12,21,4,weekday,0,0,45.6,18.9,2.7,18.64,19.37,38.01,-38.01,DEFICIT,6.97,4.61,5.93,2.25
2024-12-20 22:00,12,22,4,weekday,0,0,36.1,18.1,2.4,13.18,17.5,30.69,-30.69,DEFICIT,4.59,3.42,3.9,2.25
2024-12-20 23:00,12,23,4,weekday,0,0,33.0,16.7,1.4,9.46,0,9.46,-9.46,DEFICIT,4.64,3.44,3.94,2.25
2024-12-21 00:00,12,0,5,weekend,0,0,44.6,17.5,1.1,6.49,3.67,10.16,-10.16,DEFICIT,4.62,3.44,3.93,2.25
2024-12-21 01:00,12,1,5,weekend,0,0,44.9,17.1,2.2,5.59,2.34,7.92,-7.92,DEFICIT,4.73,3.49,4.02,2.25
2024-12-21 02:00,12,2,5,weekend,0,0,44.3,15.6,2.9,6.03,2.51,8.55,-8.55,DEFICIT,4.31,3.28,3.67,2.25
2024-12-21 03:00,12,3,5,weekend,0,0,36.6,15.4,2.9,5.2,2.61,7.81,-7.81,DEFICIT,4.16,3.21,3.54,2.25
2024-12-21 04:00,12,4,5,weekend,0,0,33.4,15.8,2.9,5,5.37,10.37,-10.37,DEFICIT,4.3,3.28,3.66,2.25
2024-12-21 05:00,12,5,5,weekend,0,0,38.1,17.4,3.6,6.26,2.41,8.67,-8.67,DEFICIT,4.09,3.17,3.47,2.25
2024-12-21 06:00,12,6,5,weekend,32.0,3.24,37.0,19.2,2.7,15.03,0,15.03,-11.78,DEFICIT,5.99,4.12,5.09,2.25
2024-12-21 07:00,12,7,5,weekend,109.7,11.12,54.8,18.1,1.9,22.42,8.03,30.45,-19.33,DEFICIT,5.55,3.9,4.71,2.25
2024-12-21 08:00,12,8,5,weekend,262.6,26.62,39.5,18.6,2.3,16.82,5.54,22.35,4.27,BALANCED,5.88,4.07,5.0,2.25
2024-12-21 09:00,12,9,5,weekend,393.4,39.89,25.9,21.9,2.4,9.18,15.23,24.41,15.47,SURPLUS,5.4,3.83,4.59,2.25
2024-12-21 10:00,12,10,5,weekend,468.2,47.47,38.7,21.2,0.6,11.47,0,11.47,36.0,SURPLUS,3.96,3.11,3.37,2.25
2024-12-21 11:00,12,11,5,weekend,543.6,55.13,26.4,22.6,3.0,10.88,0,10.88,44.25,SURPLUS,3.56,2.91,3.03,2.25
2024-12-21 12:00,12,12,5,weekend,647.3,65.51,33.0,25.5,2.9,9.8,0,9.8,55.71,SURPLUS,3.97,3.11,3.38,2.25
2024-12-21 13:00,12,13,5,weekend,616.0,62.46,30.1,23.6,4.3,11.08,0,11.08,51.38,SURPLUS,3.89,3.07,3.3,2.25
2024-12-21 14:00,12,14,5,weekend,537.7,54.52,27.2,22.6,3.0,9.74,0,9.74,44.79,SURPLUS,3.91,3.08,3.32,2.25
2024-12-21 15:00,12,15,5,weekend,404.5,41.01,23.9,22.5,4.2,10.39,0,10.39,30.62,SURPLUS,3.23,2.74,2.74,2.25
2024-12-21 16:00,12,16,5,weekend,321.1,32.56,30.1,25.0,3.4,12.13,0,12.13,20.43,SURPLUS,7.08,4.67,6.02,2.25
2024-12-21 17:00,12,17,5,weekend,145.0,14.7,32.9,22.3,3.4,16.2,0,16.2,-1.5,BALANCED,6.53,4.39,5.55,2.25
2024-12-21 18:00,12,18,5,weekend,32.2,3.27,39.1,22.4,2.2,26.77,0.0,26.77,-23.51,DEFICIT,6.03,4.14,5.12,2.25
2024-12-21 19:00,12,19,5,weekend,0,0,42.8,21.6,1.8,28.22,10.8,39.02,-39.02,DEFICIT,7.1,4.67,6.03,2.25
2024-12-21 20:00,12,20,5,weekend,0,0,41.4,19.8,2.7,32.59,21.81,54.4,-54.4,DEFICIT,7.09,4.67,6.03,2.25
2024-12-21 21:00,12,21,5,weekend,0,0,47.3,16.4,2.2,21.42,17.17,38.59,-38.59,DEFICIT,6.8,4.52,5.78,2.25
2024-12-21 22:00,12,22,5,weekend,0,0,39.1,19.4,3.2,16.6,0.0,16.6,-16.6,DEFICIT,4.22,3.24,3.59,2.25
2024-12-21 23:00,12,23,5,weekend,0,0,38.3,17.5,3.1,9.39,0,9.39,-9.39,DEFICIT,4.64,3.44,3.94,2.25
2024-12-22 00:00,12,0,6,weekend,0,0,58.2,18.7,3.3,8.09,0.0,8.09,-8.09,DEFICIT,4.35,3.3,3.7,2.25
2024-12-22 01:00,12,1,6,weekend,0,0,33.7,17.3,3.8,6.19,0.0,6.19,-6.19,DEFICIT,4.16,3.2,3.54,2.25
2024-12-22 02:00,12,2,6,weekend,0,0,48.6,15.8,1.9,5.7,3.77,9.47,-9.47,DEFICIT,3.79,3.02,3.22,2.25
2024-12-22 03:00,12,3,6,weekend,0,0,37.1,17.0,3.2,5.3,0.0,5.3,-5.3,DEFICIT,4.47,3.36,3.8,2.25
2024-12-22 04:00,12,4,6,weekend,0,0,46.1,16.6,2.4,5,0.0,5.0,-5.0,BALANCED,4.26,3.25,3.62,2.25
2024-12-22 05:00,12,5,6,weekend,0,0,50.4,16.5,2.2,5.78,0.0,5.78,-5.78,DEFICIT,4.69,3.47,3.99,2.25
2024-12-22 06:00,12,6,6,weekend,45.7,4.63,27.9,18.2,2.5,18.97,0,18.97,-14.34,DEFICIT,5.9,4.07,5.01,2.25
2024-12-22 07:00,12,7,6,weekend,133.4,13.52,48.6,21.0,3.8,18.74,0.0,18.74,-5.22,DEFICIT,5.79,4.02,4.92,2.25
2024-12-22 08:00,12,8,6,weekend,316.2,32.07,40.4,19.0,1.6,17.93,0.0,17.93,14.14,SURPLUS,6.25,4.25,5.32,2.25
2024-12-22 09:00,12,9,6,weekend,447.7,45.4,40.3,21.6,3.3,11.18,16.41,27.58,17.81,SURPLUS,5.64,3.95,4.79,2.25
2024-12-22 10:00,12,10,6,weekend,573.6,58.16,31.1,23.2,1.9,11.82,0,11.82,46.34,SURPLUS,3.51,2.88,2.98,2.25
2024-12-22 11:00,12,11,6,weekend,711.8,72.18,38.1,21.4,2.8,9.72,0,9.72,62.46,SURPLUS,3.45,2.85,2.93,2.25
2024-12-22 12:00,12,12,6,weekend,847.1,85.81,42.9,25.2,3.4,11.15,0,11.15,74.66,SURPLUS,3.98,3.12,3.38,2.25
2024-12-22 13:00,12,13,6,weekend,774.4,78.53,44.4,24.6,2.9,13.02,0,13.02,65.51,SURPLUS,4.71,3.48,4.01,2.25
2024-12-22 14:00,12,14,6,weekend,595.0,60.21,24.7,25.5,2.9,11.84,0,11.84,48.37,SURPLUS,3.95,3.1,3.36,2.25
2024-12-22 15:00,12,15,6,weekend,481.9,48.63,34.5,26.2,5.7,12.86,0,12.86,35.77,SURPLUS,3.68,2.97,3.13,2.25
2024-12-22 16:00,12,16,6,weekend,372.3,37.75,44.5,25.0,4.0,14.64,0,14.64,23.11,SURPLUS,6.93,4.59,5.89,2.25
2024-12-22 17:00,12,17,6,weekend,181.2,18.37,32.5,23.6,2.8,17.79,0,17.79,0.59,BALANCED,6.67,4.46,5.67,2.25
2024-12-22 18:00,12,18,6,weekend,40.3,4.09,43.3,20.3,2.8,27.34,17.71,45.05,-40.97,DEFICIT,6.95,4.6,5.91,2.25
2024-12-22 19:00,12,19,6,weekend,0,0,42.1,20.2,2.2,27.66,0.0,27.66,-27.66,DEFICIT,6.67,4.46,5.67,2.25
2024-12-22 20:00,12,20,6,weekend,0,0,44.5,19.3,2.1,32.44,7.05,39.49,-39.49,DEFICIT,6.89,4.57,5.86,2.25
2024-12-22 21:00,12,21,6,weekend,0,0,42.0,21.1,0.1,23.6,20.44,44.04,-44.04,DEFICIT,6.81,4.53,5.79,2.25
2024-12-22 22:00,12,22,6,weekend,0,0,36.2,18.3,4.0,14.56,0.0,14.56,-14.56,DEFICIT,3.99,3.12,3.39,2.25
2024-12-22 23:00,12,23,6,weekend,0,0,45.9,18.3,1.3,11.3,0,11.3,-11.3,DEFICIT,4.41,3.33,3.75,2.25
2024-12-23 00:00,12,0,0,weekday,0,0,17.3,17.8,2.4,6.0,0.0,6.0,-6.0,DEFICIT,4.52,3.38,3.84,2.25
2024-12-23 01:00,12,1,0,weekday,0,0,28.3,17.0,0.9,5.81,3.76,9.57,-9.57,DEFICIT,4.39,3.32,3.74,2.25
2024-12-23 02:00,12,2,0,weekday,0,0,19.0,16.4,3.0,5,0.0,5.0,-5.0,BALANCED,4.67,3.46,3.97,2.25
2024-12-23 03:00,12,3,0,weekday,0,0,26.3,16.9,3.8,5,0.0,5.0,-5.0,BALANCED,4.93,3.59,4.19,2.25
2024-12-23 04:00,12,4,0,weekday,0,0,32.0,15.5,1.6,5,0.0,5.0,-5.0,BALANCED,4.46,3.36,3.79,2.25
2024-12-23 05:00,12,5,0,weekday,0,0,13.0,17.3,2.4,5.95,0.0,5.95,-5.95,DEFICIT,4.72,3.48,4.01,2.25
2024-12-23 06:00,12,6,0,weekday,28.2,2.86,33.5,14.4,2.1,13.12,0,13.12,-10.25,DEFICIT,5.91,4.08,5.02,2.25
2024-12-23 07:00,12,7,0,weekday,97.6,9.9,11.4,17.8,2.7,18.04,3.68,21.72,-11.82,DEFICIT,6.38,4.31,5.42,2.25
2024-12-23 08:00,12,8,0,weekday,205.6,20.85,17.9,22.1,2.3,16.85,0.0,16.85,4.0,BALANCED,5.46,3.85,4.64,2.25
2024-12-23 09:00,12,9,0,weekday,272.8,27.66,17.2,23.6,2.2,11.44,9.96,21.4,6.26,SURPLUS,5.25,3.75,4.47,2.25
2024-12-23 10:00,12,10,0,weekday,417.8,42.37,25.8,23.3,2.6,9.12,0,9.12,33.25,SURPLUS,3.87,3.06,3.29,2.25
2024-12-23 11:00,12,11,0,weekday,519.3,52.65,22.5,25.0,1.5,8.7,0,8.7,43.95,SURPLUS,3.5,2.88,2.98,2.25
2024-12-23 12:00,12,12,0,weekday,487.7,49.46,32.3,24.1,2.6,11.43,0,11.43,38.03,SURPLUS,3.61,2.93,3.07,2.25
2024-12-23 13:00,12,13,0,weekday,460.7,46.71,30.1,23.9,3.1,11.54,0,11.54,35.17,SURPLUS,4.01,3.13,3.41,2.25
2024-12-23 14:00,12,14,0,weekday,447.9,45.42,24.4,24.2,0.7,8.02,0,8.02,37.4,SURPLUS,3.76,3.01,3.2,2.25
2024-12-23 15:00,12,15,0,weekday,320.4,32.34,25.2,26.1,3.2,9.61,0,9.61,22.73,SURPLUS,3.39,2.82,2.88,2.25
2024-12-23 16:00,12,16,0,weekday,250.6,25.41,19.5,24.2,4.1,13.46,0,13.46,11.96,SURPLUS,6.76,4.5,5.74,2.25
2024-12-23 17:00,12,17,0,weekday,108.3,10.99,21.8,22.7,2.5,16.27,0,16.27,-5.28,DEFICIT,6.72,4.49,5.71,2.25
2024-12-23 18:00,12,18,0,weekday,28.8,2.92,35.1,20.9,3.0,21.06,0.0,21.06,-18.14,DEFICIT,6.99,4.62,5.94,2.25
2024-12-23 19:00,12,19,0,weekday,0,0,18.3,20.4,3.6,26.1,0.0,26.1,-26.1,DEFICIT,6.86,4.56,5.83,2.25
2024-12-23 20:00,12,20,0,weekday,0,0,35.5,19.9,2.8,26.73,0.0,26.73,-26.73,DEFICIT,6.44,4.34,5.47,2.25
2024-12-23 21:00,12,21,0,weekday,0,0,27.7,19.7,2.3,16.67,0.0,16.67,-16.67,DEFICIT,6.71,4.48,5.7,2.25
2024-12-23 22:00,12,22,0,weekday,0,0,25.9,18.3,3.1,13.05,14.0,27.05,-27.05,DEFICIT,4.64,3.45,3.95,2.25
2024-12-23 23:00,12,23,0,weekday,0,0,46.0,18.0,1.4,10.87,0,10.87,-10.87,DEFICIT,4.61,3.43,3.92,2.25
2024-12-24 00:00,12,0,1,weekday,0,0,32.0,16.9,2.5,7.12,4.15,11.27,-11.27,DEFICIT,4.1,3.17,3.48,2.25
2024-12-24 01:00,12,1,1,weekday,0,0,27.7,18.2,2.7,5.08,0.0,5.08,-5.08,DEFICIT,4.74,3.49,4.03,2.25
2024-12-24 02:00,12,2,1,weekday,0,0,14.3,15.9,1.4,5,2.35,7.35,-7.35,DEFICIT,4.88,3.57,4.15,2.25
2024-12-24 03:00,12,3,1,weekday,0,0,23.9,16.0,2.1,5,0.0,5.0,-5.0,BALANCED,4.86,3.56,4.13,2.25
2024-12-24 04:00,12,4,1,weekday,0,0,34.6,16.5,3.2,5,0.0,5.0,-5.0,BALANCED,4.5,3.38,3.83,2.25
2024-12-24 05:00,12,5,1,weekday,0,0,33.7,17.0,1.8,5.24,3.04,8.28,-8.28,DEFICIT,4.72,3.48,4.01,2.25
2024-12-24 06:00,12,6,1,weekday,23.6,2.39,32.3,18.6,3.1,12.84,0,12.84,-10.45,DEFICIT,5.66,3.96,4.81,2.25
2024-12-24 07:00,12,7,1,weekday,101.2,10.26,17.3,19.9,2.9,19.49,10.21,29.7,-19.44,DEFICIT,5.5,3.88,4.68,2.25
2024-12-24 08:00,12,8,1,weekday,212.0,21.5,28.6,20.5,1.7,16.18,0.0,16.18,5.31,SURPLUS,5.94,4.1,5.05,2.25
2024-12-24 09:00,12,9,1,weekday,352.9,35.78,20.2,22.7,3.1,9.98,20.87,30.85,4.93,BALANCED,5.83,4.04,4.96,2.25
2024-12-24 10:00,12,10,1,weekday,435.8,44.19,27.6,23.3,3.1,7.78,0,7.78,36.4,SURPLUS,4.23,3.24,3.59,2.25
2024-12-24 11:00,12,11,1,weekday,516.5,52.38,19.7,24.5,2.6,10.79,0,10.79,41.59,SURPLUS,3.58,2.92,3.05,2.25
2024-12-24 12:00,12,12,1,weekday,559.7,56.74,21.6,25.0,3.6,12.32,0,12.32,44.42,SURPLUS,3.67,2.96,3.12,2.25
2024-12-24 13:00,12,13,1,weekday,521.9,52.92,34.3,24.2,3.8,9.98,0,9.98,42.94,SURPLUS,3.8,3.03,3.23,2.25
2024-12-24 14:00,12,14,1,weekday,432.9,43.66,19.5,26.4,2.9,7.96,0,7.96,35.7,SURPLUS,4.28,3.26,3.64,2.25
2024-12-24 15:00,12,15,1,weekday,347.6,35.24,21.5,23.3,2.7,12.54,0,12.54,22.71,SURPLUS,3.51,2.88,2.98,2.25
2024-12-24 16:00,12,16,1,weekday,257.9,26.15,26.4,23.7,2.0,12.27,0,12.27,13.88,SURPLUS,7.31,4.78,6.22,2.25
2024-12-24 17:00,12,17,1,weekday,108.1,10.97,30.5,23.6,3.2,15.82,0,15.82,-4.85,BALANCED,6.42,4.34,5.46,2.25
2024-12-24 18:00,12,18,1,weekday,27.8,2.82,28.4,23.2,2.7,23.18,0.0,23.18,-20.36,DEFICIT,6.63,4.44,5.64,2.25
2024-12-24 19:00,12,19,1,weekday,0,0,40.3,21.9,4.2,26.55,17.14,43.7,-43.7,DEFICIT,7.29,4.77,6.2,2.25
2024-12-24 20:00,12,20,1,weekday,0,0,24.4,22.9,2.7,23.2,10.41,33.6,-33.6,DEFICIT,6.58,4.42,5.59,2.25
2024-12-24 21:00,12,21,1,weekday,0,0,27.1,16.9,2.6,17.67,5.73,23.4,-23.4,DEFICIT,7.09,4.67,6.03,2.25
2024-12-24 22:00,12,22,1,weekday,0,0,24.7,18.7,3.3,12.13,15.25,27.38,-27.38,DEFICIT,4.58,3.42,3.9,2.25
2024-12-24 23:00,12,23,1,weekday,0,0,23.3,16.8,2.9,9.95,0,9.95,-9.95,DEFICIT,4.39,3.32,3.73,2.25
2024-12-25 00:00,12,0,2,weekday,0,0,30.5,16.8,3.5,6.73,3.27,10.0,-10.0,DEFICIT,4.88,3.56,4.14,2.25
2024-12-25 01:00,12,1,2,weekday,0,0,26.5,16.5,2.9,5.48,0.0,5.48,-5.48,DEFICIT,4.15,3.2,3.52,2.25
2024-12-25 02:00,12,2,2,weekday,0,0,25.5,18.9,0.9,5,5.55,10.55,-10.55,DEFICIT,4.73,3.49,4.02,2.25
2024-12-25 03:00,12,3,2,weekday,0,0,25.3,13.7,3.4,5,0.0,5.0,-5.0,BALANCED,4.71,3.48,4.01,2.25
2024-12-25 04:00,12,4,2,weekday,0,0,16.0,15.0,1.6,5,3.09,8.09,-8.09,DEFICIT,4.51,3.38,3.83,2.25
2024-12-25 05:00,12,5,2,weekday,0,0,30.6,13.0,1.9,5.82,0.0,5.82,-5.82,DEFICIT,3.68,2.97,3.13,2.25
2024-12-25 06:00,12,6,2,weekday,25.3,2.56,36.9,18.8,2.8,13.65,0,13.65,-11.08,DEFICIT,5.78,4.02,4.92,2.25
2024-12-25 07:00,12,7,2,weekday,74.2,7.52,30.9,18.9,3.6,20.84,4.96,25.79,-18.27,DEFICIT,5.46,3.86,4.64,2.25
2024-12-25 08:00,12,8,2,weekday,180.8,18.34,38.7,20.7,3.6,15.24,0.0,15.24,3.1,BALANCED,5.99,4.12,5.09,2.25
2024-12-25 09:00,12,9,2,weekday,312.5,31.69,22.7,20.9,1.8,9.74,6.92,16.67,15.02,SURPLUS,5.69,3.97,4.83,2.25
2024-12-25 10:00,12,10,2,weekday,358.9,36.39,18.5,22.0,3.0,7.75,0,7.75,28.64,SURPLUS,3.4,2.83,2.89,2.25
2024-12-25 11:00,12,11,2,weekday,492.1,49.9,9.0,24.7,2.0,8.23,0,8.23,41.67,SURPLUS,4.0,3.12,3.4,2.25
2024-12-25 12:00,12,12,2,weekday,462.5,46.9,23.5,21.9,2.7,11.27,0,11.27,35.63,SURPLUS,3.47,2.86,2.95,2.25
2024-12-25 13:00,12,13,2,weekday,450.3,45.66,32.8,24.5,3.4,9.63,0,9.63,36.04,SURPLUS,3.64,2.95,3.09,2.25
2024-12-25 14:00,12,14,2,weekday,393.0,39.54,22.7,26.9,4.1,7.68,0,7.68,31.86,SURPLUS,3.65,2.95,3.1,2.25
2024-12-25 15:00,12,15,2,weekday,331.8,33.64,16.5,25.1,4.3,10.91,0,10.91,22.73,SURPLUS,3.52,2.88,2.99,2.25
2024-12-25 16:00,12,16,2,weekday,210.4,21.25,32.1,26.0,2.5,12.7,0,12.7,8.55,SURPLUS,6.63,4.44,5.64,2.25
2024-12-25 17:00,12,17,2,weekday,113.0,11.45,29.6,24.7,4.2,16.06,0,16.06,-4.61,BALANCED,7.3,4.77,6.2,2.25
2024-12-25 18:00,12,18,2,weekday,26.2,2.66,15.5,22.2,2.3,20.07,5.98,26.06,-23.4,DEFICIT,6.56,4.4,5.57,2.25
2024-12-25 19:00,12,19,2,weekday,0,0,21.9,19.9,2.7,23.49,18.56,42.05,-42.05,DEFICIT,6.77,4.51,5.76,2.25
2024-12-25 20:00,12,20,2,weekday,0,0,23.8,20.5,2.2,24.6,0.0,24.6,-24.6,DEFICIT,6.48,4.36,5.51,2.25
2024-12-25 21:00,12,21,2,weekday,0,0,44.3,22.3,2.3,20.52,12.27,32.8,-32.8,DEFICIT,6.5,4.37,5.52,2.25
2024-12-25 22:00,12,22,2,weekday,0,0,35.8,20.9,4.3,13.27,19.92,33.19,-33.19,DEFICIT,5.18,3.72,4.41,2.25
2024-12-25 23:00,12,23,2,weekday,0,0,26.3,16.6,1.3,9.02,0,9.02,-9.02,DEFICIT,4.6,3.42,3.91,2.25
2024-12-26 00:00,12,0,3,weekday,0,0,11.9,17.6,2.7,7.1,4.77,11.87,-11.87,DEFICIT,4.55,3.4,3.87,2.25
2024-12-26 01:00,12,1,3,weekday,0,0,14.6,16.7,4.0,5.5,0.0,5.5,-5.5,DEFICIT,4.54,3.39,3.85,2.25
2024-12-26 02:00,12,2,3,weekday,0,0,38.6,16.7,1.6,5.41,0.0,5.41,-5.41,DEFICIT,4.46,3.36,3.79,2.25
2024-12-26 03:00,12,3,3,weekday,0,0,13.6,18.1,0.4,5,2.39,7.39,-7.39,DEFICIT,4.77,3.51,4.05,2.25
2024-12-26 04:00,12,4,3,weekday,0,0,15.0,11.2,1.8,5,0.0,5.0,-5.0,BALANCED,4.71,3.48,4.01,2.25
2024-12-26 05:00,12,5,3,weekday,0,0,25.7,15.0,2.0,5.45,4.18,9.64,-9.64,DEFICIT,4.6,3.42,3.91,2.25
2024-12-26 06:00,12,6,3,weekday,16.1,1.63,8.6,16.3,1.9,14.63,0,14.63,-13.0,DEFICIT,5.96,4.1,5.06,2.25
2024-12-26 07:00,12,7,3,weekday,63.1,6.39,21.0,19.1,1.3,21.47,0.0,21.47,-15.07,DEFICIT,5.47,3.86,4.65,2.25
2024-12-26 08:00,12,8,3,weekday,128.8,13.06,28.4,18.5,3.9,14.51,0.0,14.51,-1.45,BALANCED,6.04,4.15,5.14,2.25
2024-12-26 09:00,12,9,3,weekday,210.5,21.35,15.1,24.1,2.1,10.94,0.0,10.94,10.41,SURPLUS,5.34,3.8,4.54,2.25
2024-12-26 10:00,12,10,3,weekday,277.9,28.18,9.5,22.1,2.7,10.76,0,10.76,17.42,SURPLUS,3.6,2.92,3.06,2.25
2024-12-26 11:00,12,11,3,weekday,292.9,29.7,21.1,20.9,2.1,9.68,0,9.68,20.02,SURPLUS,3.81,3.03,3.24,2.25
2024-12-26 12:00,12,12,3,weekday,359.6,36.43,18.4,25.3,4.7,10.47,0,10.47,25.96,SURPLUS,4.08,3.16,3.46,2.25
2024-12-26 13:00,12,13,3,weekday,334.1,33.68,4.4,26.5,3.6,11.48,0,11.48,22.2,SURPLUS,3.4,2.83,2.89,2.25
2024-12-26 14:00,12,14,3,weekday,324.4,32.89,22.0,24.5,3.9,9.77,0,9.77,23.12,SURPLUS,3.28,2.77,2.79,2.25
2024-12-26 15:00,12,15,3,weekday,249.0,25.25,19.3,22.6,3.1,9.51,0,9.51,15.73,SURPLUS,3.73,2.99,3.17,2.25
2024-12-26 16:00,12,16,3,weekday,175.4,17.79,18.3,24.2,2.5,12.55,0,12.55,5.24,SURPLUS,7.0,4.62,5.95,2.25
2024-12-26 17:00,12,17,3,weekday,73.5,7.45,12.9,23.0,2.0,14.84,0,14.84,-7.4,DEFICIT,7.05,4.65,5.99,2.25
2024-12-26 18:00,12,18,3,weekday,18.9,1.92,14.4,22.8,3.3,22.35,0.0,22.35,-20.43,DEFICIT,6.54,4.4,5.56,2.25
2024-12-26 19:00,12,19,3,weekday,0,0,16.2,20.3,3.1,23.84,0.0,23.84,-23.84,DEFICIT,6.77,4.51,5.75,2.25
2024-12-26 20:00,12,20,3,weekday,0,0,22.5,16.7,3.2,24.81,11.99,36.8,-36.8,DEFICIT,6.85,4.55,5.82,2.25
2024-12-26 21:00,12,21,3,weekday,0,0,28.1,16.2,2.2,19.48,7.55,27.04,-27.04,DEFICIT,6.49,4.37,5.52,2.25
2024-12-26 22:00,12,22,3,weekday,0,0,20.1,16.7,2.4,15.64,13.84,29.48,-29.48,DEFICIT,5.27,3.76,4.48,2.25
2024-12-26 23:00,12,23,3,weekday,0,0,27.6,18.6,2.7,7.34,0,7.34,-7.34,DEFICIT,4.82,3.54,4.1,2.25
2024-12-27 00:00,12,0,4,weekday,0,0,44.5,17.7,2.4,7.67,2.9,10.57,-10.57,DEFICIT,4.49,3.37,3.81,2.25
2024-12-27 01:00,12,1,4,weekday,0,0,43.7,16.8,3.9,5.96,4.29,10.26,-10.26,DEFICIT,4.75,3.5,4.04,2.25
2024-12-27 02:00,12,2,4,weekday,0,0,25.9,19.5,1.6,5.42,0.0,5.42,-5.42,DEFICIT,4.38,3.31,3.72,2.25
2024-12-27 03:00,12,3,4,weekday,0,0,37.9,15.8,2.6,5,0.0,5.0,-5.0,BALANCED,4.54,3.4,3.86,2.25
2024-12-27 04:00,12,4,4,weekday,0,0,25.5,16.5,3.1,5,0.0,5.0,-5.0,BALANCED,4.07,3.16,3.46,2.25
2024-12-27 05:00,12,5,4,weekday,0,0,47.6,18.4,3.1,5.32,4.87,10.2,-10.2,DEFICIT,5.02,3.63,4.27,2.25
2024-12-27 06:00,12,6,4,weekday,36.0,3.65,31.6,16.9,2.9,13.15,0,13.15,-9.5,DEFICIT,6.24,4.24,5.3,2.25
2024-12-27 07:00,12,7,4,weekday,130.9,13.27,47.9,19.3,2.7,18.17,6.79,24.96,-11.69,DEFICIT,6.23,4.24,5.3,2.25
2024-12-27 08:00,12,8,4,weekday,230.5,23.37,33.2,20.0,3.3,16.59,0.0,16.59,6.78,SURPLUS,5.73,3.99,4.87,2.25
2024-12-27 09:00,12,9,4,weekday,426.8,43.27,35.4,22.6,2.0,10.47,0.0,10.47,32.81,SURPLUS,5.79,4.02,4.92,2.25
2024-12-27 10:00,12,10,4,weekday,522.9,53.02,28.0,21.8,4.7,7.85,0,7.85,45.17,SURPLUS,4.22,3.24,3.59,2.25
2024-12-27 11:00,12,11,4,weekday,570.9,57.89,35.7,23.4,2.8,9.89,0,9.89,48.0,SURPLUS,3.76,3.01,3.2,2.25
2024-12-27 12:00,12,12,4,weekday,711.5,71.9,28.1,25.9,3.9,12.03,0,12.03,59.87,SURPLUS,4.0,3.12,3.4,2.25
2024-12-27 13:00,12,13,4,weekday,670.7,67.98,39.1,25.1,1.0,9.44,0,9.44,58.54,SURPLUS,4.11,3.18,3.5,2.25
2024-12-27 14:00,12,14,4,weekday,618.3,62.7,25.8,22.9,2.2,10.17,0,10.17,52.52,SURPLUS,3.94,3.09,3.35,2.25
2024-12-27 15:00,12,15,4,weekday,530.5,53.64,37.7,25.7,3.8,12.72,0,12.72,40.92,SURPLUS,3.56,2.9,3.02,2.25
2024-12-27 16:00,12,16,4,weekday,281.1,28.5,22.6,24.6,1.8,13.13,0,13.13,15.37,SURPLUS,6.25,4.25,5.31,2.25
2024-12-27 17:00,12,17,4,weekday,165.1,16.74,27.9,22.2,1.7,17.38,0,17.38,-0.63,BALANCED,6.79,4.52,5.77,2.25
2024-12-27 18:00,12,18,4,weekday,35.2,3.57,28.9,20.9,3.3,23.9,14.63,38.53,-34.96,DEFICIT,7.42,4.83,6.31,2.25
2024-12-27 19:00,12,19,4,weekday,0,0,36.1,23.1,3.9,30.26,17.78,48.05,-48.05,DEFICIT,6.4,4.32,5.44,2.25
2024-12-27 20:00,12,20,4,weekday,0,0,36.0,21.9,1.9,23.46,13.75,37.22,-37.22,DEFICIT,6.74,4.49,5.73,2.25
2024-12-27 21:00,12,21,4,weekday,0,0,40.6,18.8,1.2,19.01,12.26,31.27,-31.27,DEFICIT,7.14,4.7,6.07,2.25
2024-12-27 22:00,12,22,4,weekday,0,0,35.5,20.0,2.1,14.21,0.0,14.21,-14.21,DEFICIT,4.42,3.34,3.76,2.25
2024-12-27 23:00,12,23,4,weekday,0,0,22.2,17.4,3.3,10.52,0,10.52,-10.52,DEFICIT,4.5,3.37,3.82,2.25
2024-12-28 00:00,12,0,5,weekend,0,0,20.3,18.7,2.6,9.21,0.0,9.21,-9.21,DEFICIT,4.78,3.52,4.07,2.25
2024-12-28 01:00,12,1,5,weekend,0,0,9.2,17.3,3.0,6.28,3.71,9.98,-9.98,DEFICIT,4.07,3.16,3.46,2.25
2024-12-28 02:00,12,2,5,weekend,0,0,15.9,16.6,4.0,5.52,0.0,5.52,-5.52,DEFICIT,5.09,3.67,4.33,2.25
2024-12-28 03:00,12,3,5,weekend,0,0,14.7,16.6,2.2,5,0.0,5.0,-5.0,BALANCED,4.53,3.39,3.85,2.25
2024-12-28 04:00,12,4,5,weekend,0,0,19.0,15.4,2.5,5,0.0,5.0,-5.0,BALANCED,4.98,3.61,4.23,2.25
2024-12-28 05:00,12,5,5,weekend,0,0,12.5,17.7,2.9,6.08,3.35,9.43,-9.43,DEFICIT,4.4,3.33,3.74,2.25
2024-12-28 06:00,12,6,5,weekend,19.0,1.93,2.1,15.9,2.7,16.82,0,16.82,-14.89,DEFICIT,6.17,4.21,5.25,2.25
2024-12-28 07:00,12,7,5,weekend,63.3,6.42,13.8,14.7,1.8,23.59,0.0,23.59,-17.17,DEFICIT,5.49,3.87,4.66,2.25
2024-12-28 08:00,12,8,5,weekend,136.7,13.86,24.7,21.2,1.7,22.58,0.0,22.58,-8.72,DEFICIT,5.81,4.03,4.94,2.25
2024-12-28 09:00,12,9,5,weekend,183.0,18.55,24.5,20.6,2.8,12.52,9.69,22.21,-3.65,BALANCED,5.22,3.73,4.44,2.25
2024-12-28 10:00,12,10,5,weekend,284.3,28.77,11.0,25.4,0.7,9.16,0,9.16,19.61,SURPLUS,3.76,3.01,3.2,2.25
2024-12-28 11:00,12,11,5,weekend,304.8,30.87,14.3,25.3,2.7,10.89,0,10.89,19.99,SURPLUS,4.07,3.16,3.46,2.25
2024-12-28 12:00,12,12,5,weekend,398.4,40.39,11.7,24.3,1.8,12.86,0,12.86,27.53,SURPLUS,4.05,3.15,3.44,2.25
2024-12-28 13:00,12,13,5,weekend,306.7,30.96,34.9,26.1,2.5,13.4,0,13.4,17.56,SURPLUS,3.74,2.99,3.18,2.25
2024-12-28 14:00,12,14,5,weekend,295.5,29.92,22.8,25.4,2.5,9.72,0,9.72,20.2,SURPLUS,4.08,3.17,3.47,2.25
2024-12-28 15:00,12,15,5,weekend,219.5,22.2,13.1,25.7,1.7,10.68,0,10.68,11.52,SURPLUS,4.07,3.16,3.46,2.25
2024-12-28 16:00,12,16,5,weekend,130.8,13.26,13.7,20.2,5.1,16.12,0,16.12,-2.85,BALANCED,7.11,4.68,6.04,2.25
2024-12-28 17:00,12,17,5,weekend,85.6,8.68,14.1,23.2,1.6,20.74,0,20.74,-12.07,DEFICIT,6.69,4.47,5.69,2.25
2024-12-28 18:00,12,18,5,weekend,16.5,1.67,15.3,23.7,2.1,27.99,21.94,49.92,-48.25,DEFICIT,6.96,4.61,5.92,2.25
2024-12-28 19:00,12,19,5,weekend,0,0,19.7,20.9,3.4,26.82,16.26,43.08,-43.08,DEFICIT,6.88,4.56,5.85,2.25
2024-12-28 20:00,12,20,5,weekend,0,0,33.6,19.7,3.4,25.4,11.33,36.73,-36.73,DEFICIT,6.94,4.6,5.9,2.25
2024-12-28 21:00,12,21,5,weekend,0,0,28.3,17.6,2.6,16.37,20.23,36.6,-36.6,DEFICIT,6.94,4.6,5.9,2.25
2024-12-28 22:00,12,22,5,weekend,0,0,20.1,18.8,0.5,16.6,0.0,16.6,-16.6,DEFICIT,4.93,3.59,4.19,2.25
2024-12-28 23:00,12,23,5,weekend,0,0,25.2,14.9,2.1,9.52,0,9.52,-9.52,DEFICIT,4.23,3.24,3.6,2.25
2024-12-29 00:00,12,0,6,weekend,0,0,20.8,19.1,1.8,7.63,0.0,7.63,-7.63,DEFICIT,4.86,3.56,4.13,2.25
2024-12-29 01:00,12,1,6,weekend,0,0,32.2,17.1,2.0,7.01,3.48,10.49,-10.49,DEFICIT,4.94,3.59,4.2,2.25
2024-12-29 02:00,12,2,6,weekend,0,0,21.7,16.7,1.5,6.24,5.38,11.62,-11.62,DEFICIT,4.49,3.37,3.82,2.25
2024-12-29 03:00,12,3,6,weekend,0,0,22.3,18.2,4.2,5,0.0,5.0,-5.0,BALANCED,4.24,3.24,3.6,2.25
2024-12-29 04:00,12,4,6,weekend,0,0,25.9,13.6,3.9,5,0.0,5.0,-5.0,BALANCED,4.38,3.32,3.72,2.25
2024-12-29 05:00,12,5,6,weekend,0,0,29.1,15.7,3.6,5.98,3.56,9.53,-9.53,DEFICIT,4.84,3.55,4.11,2.25
2024-12-29 06:00,12,6,6,weekend,21.0,2.13,30.1,16.9,2.5,20.33,0,20.33,-18.19,DEFICIT,5.61,3.93,4.77,2.25
2024-12-29 07:00,12,7,6,weekend,94.5,9.58,19.7,19.9,3.3,21.76,0.0,21.76,-12.17,DEFICIT,5.72,3.99,4.87,2.25
2024-12-29 08:00,12,8,6,weekend,154.9,15.7,8.3,20.2,2.5,19.33,0.0,19.33,-3.63,BALANCED,5.86,4.05,4.98,2.25
2024-12-29 09:00,12,9,6,weekend,293.2,29.63,24.2,25.8,3.1,11.7,0.0,11.7,17.93,SURPLUS,5.8,4.02,4.93,2.25
2024-12-29 10:00,12,10,6,weekend,355.2,36.02,10.7,23.4,4.2,11.1,0,11.1,24.92,SURPLUS,3.8,3.03,3.23,2.25
2024-12-29 11:00,12,11,6,weekend,420.8,42.67,10.1,25.0,1.0,12.01,0,12.01,30.66,SURPLUS,3.81,3.03,3.24,2.25
2024-12-29 12:00,12,12,6,weekend,406.1,41.18,18.9,24.4,2.0,12.37,0,12.37,28.81,SURPLUS,3.75,3.0,3.19,2.25
2024-12-29 13:00,12,13,6,weekend,442.4,44.74,16.0,25.6,4.2,11.33,0,11.33,33.42,SURPLUS,3.87,3.06,3.29,2.25
2024-12-29 14:00,12,14,6,weekend,459.8,46.62,17.4,23.6,3.5,10.37,0,10.37,36.25,SURPLUS,3.51,2.88,2.98,2.25
2024-12-29 15:00,12,15,6,weekend,325.4,32.9,4.4,25.7,3.7,11.38,0,11.38,21.52,SURPLUS,3.34,2.79,2.84,2.25
2024-12-29 16:00,12,16,6,weekend,185.7,18.83,19.2,20.4,2.8,14.09,0,14.09,4.74,BALANCED,6.76,4.51,5.75,2.25
2024-12-29 17:00,12,17,6,weekend,89.6,9.08,24.2,24.6,1.3,17.46,0,17.46,-8.38,DEFICIT,6.38,4.31,5.42,2.25
2024-12-29 18:00,12,18,6,weekend,22.0,2.23,15.1,21.2,1.7,27.44,10.78,38.21,-35.99,DEFICIT,6.87,4.56,5.84,2.25
2024-12-29 19:00,12,19,6,weekend,0,0,11.7,21.1,1.7,31.74,0.0,31.74,-31.74,DEFICIT,6.9,4.58,5.87,2.25
2024-12-29 20:00,12,20,6,weekend,0,0,26.4,17.5,2.1,28.67,12.54,41.21,-41.21,DEFICIT,6.91,4.58,5.87,2.25
2024-12-29 21:00,12,21,6,weekend,0,0,15.0,19.3,3.0,25.28,11.86,37.14,-37.14,DEFICIT,6.3,4.28,5.36,2.25
2024-12-29 22:00,12,22,6,weekend,0,0,35.8,19.1,1.4,14.64,13.3,27.94,-27.94,DEFICIT,4.38,3.31,3.72,2.25
2024-12-29 23:00,12,23,6,weekend,0,0,26.4,18.0,2.6,9.64,0,9.64,-9.64,DEFICIT,3.81,3.03,3.24,2.25
2024-12-30 00:00,12,0,0,weekday,0,0,57.0,15.6,2.4,6.46,2.96,9.42,-9.42,DEFICIT,4.59,3.42,3.9,2.25
2024-12-30 01:00,12,1,0,weekday,0,0,32.7,17.2,3.0,5.07,4.05,9.12,-9.12,DEFICIT,5.17,3.71,4.4,2.25
2024-12-30 02:00,12,2,0,weekday,0,0,37.8,15.7,2.6,5,3.42,8.42,-8.42,DEFICIT,4.49,3.37,3.81,2.25
2024-12-30 03:00,12,3,0,weekday,0,0,46.1,16.7,1.5,5,0.0,5.0,-5.0,BALANCED,4.48,3.36,3.8,2.25
2024-12-30 04:00,12,4,0,weekday,0,0,46.6,13.0,2.3,5,3.23,8.23,-8.23,DEFICIT,4.19,3.22,3.56,2.25
2024-12-30 05:00,12,5,0,weekday,0,0,45.2,20.8,2.7,5,0.0,5.0,-5.0,BALANCED,4.14,3.19,3.52,2.25
2024-12-30 06:00,12,6,0,weekday,42.4,4.3,35.6,14.4,4.0,14.11,0,14.11,-9.8,DEFICIT,5.65,3.95,4.8,2.25
2024-12-30 07:00,12,7,0,weekday,177.0,17.95,43.6,18.3,2.3,21.53,20.08,41.61,-23.66,DEFICIT,6.46,4.35,5.49,2.25
2024-12-30 08:00,12,8,0,weekday,320.3,32.47,38.8,22.4,2.8,16.54,0.0,16.54,15.94,SURPLUS,6.18,4.22,5.25,2.25
2024-12-30 09:00,12,9,0,weekday,538.0,54.56,37.3,20.9,2.9,9.47,0.0,9.47,45.09,SURPLUS,5.77,4.01,4.9,2.25
2024-12-30 10:00,12,10,0,weekday,670.8,68.02,46.2,22.8,3.5,8.93,0,8.93,59.09,SURPLUS,3.31,2.78,2.81,2.25
2024-12-30 11:00,12,11,0,weekday,846.8,85.86,23.3,22.4,2.8,10.93,0,10.93,74.93,SURPLUS,3.49,2.87,2.97,2.25
2024-12-30 12:00,12,12,0,weekday,896.0,90.85,29.2,24.6,2.6,10.08,0,10.08,80.77,SURPLUS,4.1,3.18,3.49,2.25
2024-12-30 13:00,12,13,0,weekday,884.9,89.34,35.5,26.1,3.6,10.31,0,10.31,79.03,SURPLUS,3.86,3.05,3.28,2.25
2024-12-30 14:00,12,14,0,weekday,641.8,64.91,42.4,25.7,2.4,9.42,0,9.42,55.49,SURPLUS,3.76,3.01,3.2,2.25
2024-12-30 15:00,12,15,0,weekday,588.4,58.78,39.1,28.7,4.2,9.72,0,9.72,49.06,SURPLUS,3.97,3.11,3.38,2.25
2024-12-30 16:00,12,16,0,weekday,379.2,38.45,45.7,23.8,4.7,10.97,0,10.97,27.48,SURPLUS,6.46,4.36,5.49,2.25
2024-12-30 17:00,12,17,0,weekday,228.0,23.12,37.2,22.4,3.3,17.47,0,17.47,5.65,SURPLUS,7.48,4.86,6.36,2.25
2024-12-30 18:00,12,18,0,weekday,43.8,4.44,58.4,21.5,2.6,19.1,7.43,26.53,-22.09,DEFICIT,6.59,4.42,5.6,2.25
2024-12-30 19:00,12,19,0,weekday,0,0,49.3,23.1,2.1,26.25,5.56,31.81,-31.81,DEFICIT,6.12,4.18,5.2,2.25
2024-12-30 20:00,12,20,0,weekday,0,0,52.0,17.3,2.2,22.91,0.0,22.91,-22.91,DEFICIT,6.68,4.46,5.67,2.25
2024-12-30 21:00,12,21,0,weekday,0,0,49.1,18.3,3.0,22.32,18.89,41.21,-41.21,DEFICIT,6.75,4.5,5.74,2.25
2024-12-30 22:00,12,22,0,weekday,0,0,39.1,17.4,2.6,12.73,9.58,22.31,-22.31,DEFICIT,4.21,3.23,3.58,2.25
2024-12-30 23:00,12,23,0,weekday,0,0,45.3,19.7,2.1,9.54,0,9.54,-9.54,DEFICIT,4.39,3.32,3.73,2.25
